r,t,f,y,UseByTechnologyAnnual
RE1,COMENEFFDP,ELC003,2025,182.2389
RE1,COMENEFFDP,ELC003,2026,187.4184
RE1,COMENEFFDP,ELC003,2027,192.5978
RE1,COMENEFFDP,ELC003,2028,196.9748
RE1,COMENEFFDP,ELC003,2029,198.2214
RE1,COMENEFFDP,ELC003,2030,209.8079
RE1,COMENEFFDP,ELC003,2031,215.7755
RE1,COMENEFFDP,ELC003,2032,222.825
RE1,COMENEFFDP,ELC003,2033,228.8217
RE1,COMENEFFDP,ELC003,2034,234.8184
RE1,COMENEFFDP,ELC003,2035,239.646
RE1,COMENEFFDP,ELC003,2036,244.4503
RE1,COMENEFFDP,ELC003,2037,249.2547
RE1,COMENEFFDP,ELC003,2038,254.059
RE1,COMENEFFDP,ELC003,2039,258.8633
RE1,COMENEFFDP,ELC003,2040,263.6677
RE1,COMENEFFDP,ELC003,2041,268.3723
RE1,COMENEFFDP,ELC003,2042,273.0768
RE1,COMENEFFDP,ELC003,2043,277.7815
RE1,COMENEFFDP,ELC003,2044,282.486
RE1,COMENEFFDP,ELC003,2045,288.5917
RE1,COMENEFFDP,ELC003,2046,290.4665
RE1,COMENEFFDP,ELC003,2047,293.7424
RE1,COMENEFFDP,ELC003,2048,298.4672
RE1,COMENEFFDP,ELC003,2049,301.759
RE1,COMENEFFDP,ELC003,2050,288.6277
RE1,COMENEFFDP,ELC003,2051,278.3923
RE1,COMENEFFDP,ELC003,2052,265.3737
RE1,COMENEFFDP,ELC003,2053,254.4605
RE1,COMENEFFDP,ELC003,2054,243.5473
RE1,COMENEFFDP,ELC003,2055,47.6639
RE1,COMENEFFDP,ELC003,2056,109.2975
RE1,COMENEFFDP,ELC003,2057,95.835
RE1,COMENEFFDP,ELC003,2058,80.5443
RE1,COMENEFFDP,ELC003,2059,72.2938
RE1,COMENEFFDP,ELC003,2060,317.6424
RE1,COMENEFFDP,ELC003,2061,317.6424
RE1,COMENEFFDP,ELC003,2062,317.6424
RE1,COMENEFFDP,ELC003,2063,339.7512
RE1,COMENEFFDP,ELC003,2064,354.5732
RE1,COMENEFFDP,ELC003,2065,358.5284
RE1,COMENEFFDP,ELC003,2066,362.5278
RE1,COMENEFFDP,ELC003,2067,366.5717
RE1,COMENEFFDP,ELC003,2068,370.6607
RE1,COMENEFFDP,ELC003,2069,374.7954
RE1,COMENEFFDP,ELC003,2070,135.8648
RE1,DEMCOMELC,ELC003,2015,169.2528
RE1,DEMCOMELC,ELC003,2016,179.0399
RE1,DEMCOMELC,ELC003,2017,187.428
RE1,DEMCOMELC,ELC003,2018,195.8162
RE1,DEMCOMELC,ELC003,2019,204.2043
RE1,DEMCOMELC,ELC003,2020,212.5924
RE1,DEMCOMELC,ELC003,2021,219.0306
RE1,DEMCOMELC,ELC003,2022,225.4689
RE1,DEMCOMELC,ELC003,2023,231.9071
RE1,DEMCOMELC,ELC003,2024,238.3453
RE1,DEMCOMELC,ELC003,2025,7.8731
RE1,DEMCOMELC,ELC003,2026,8.0968
RE1,DEMCOMELC,ELC003,2027,8.3206
RE1,DEMCOMELC,ELC003,2028,9.5874
RE1,DEMCOMELC,ELC003,2029,14.924
RE1,DEMCOMELC,ELC003,2030,6.8186
RE1,DEMCOMELC,ELC003,2031,7.0126
RE1,DEMCOMELC,ELC003,2032,5.8002
RE1,DEMCOMELC,ELC003,2033,5.9563
RE1,DEMCOMELC,ELC003,2034,6.1123
RE1,DEMCOMELC,ELC003,2035,7.7883
RE1,DEMCOMELC,ELC003,2036,7.9445
RE1,DEMCOMELC,ELC003,2037,8.1006
RE1,DEMCOMELC,ELC003,2038,8.2568
RE1,DEMCOMELC,ELC003,2039,8.4129
RE1,DEMCOMELC,ELC003,2040,8.569
RE1,DEMCOMELC,ELC003,2041,8.7219
RE1,DEMCOMELC,ELC003,2042,8.8748
RE1,DEMCOMELC,ELC003,2043,9.0277
RE1,DEMCOMELC,ELC003,2044,9.1806
RE1,DEMCOMELC,ELC003,2045,7.5121
RE1,DEMCOMELC,ELC003,2046,9.44
RE1,DEMCOMELC,ELC003,2047,9.5464
RE1,DEMCOMELC,ELC003,2048,7.7691
RE1,DEMCOMELC,ELC003,2049,7.8548
RE1,DEMCOMELC,ELC003,2050,29.2907
RE1,DEMCOMELC,ELC003,2051,47.1088
RE1,DEMCOMELC,ELC003,2052,68.5955
RE1,DEMCOMELC,ELC003,2053,87.3961
RE1,DEMCOMELC,ELC003,2054,106.2481
RE1,DEMCOMELC,ELC003,2055,365.6135
RE1,DEMCOMELC,ELC003,2056,290.2594
RE1,DEMCOMELC,ELC003,2057,312.5834
RE1,DEMCOMELC,ELC003,2058,337.3379
RE1,DEMCOMELC,ELC003,2059,352.9945
RE1,DEMCOMELC,ELC003,2060,39.0272
RE1,DEMCOMELC,ELC003,2061,44.0688
RE1,DEMCOMELC,ELC003,2062,49.1666
RE1,DEMCOMELC,ELC003,2063,25.5798
RE1,DEMCOMELC,ELC003,2064,11.5234
RE1,DEMCOMELC,ELC003,2065,11.652
RE1,DEMCOMELC,ELC003,2066,11.7819
RE1,DEMCOMELC,ELC003,2067,11.9134
RE1,DEMCOMELC,ELC003,2068,12.0463
RE1,DEMCOMELC,ELC003,2069,12.1806
RE1,DEMCOMELC,ELC003,2070,328.3613
RE1,DEMCOMHEBIO,BIO,2015,45.3768
RE1,DEMCOMHEBIO,BIO,2016,47.6848
RE1,DEMCOMHEBIO,BIO,2017,48.8357
RE1,DEMCOMHEBIO,BIO,2018,49.9867
RE1,DEMCOMHEBIO,BIO,2019,51.1378
RE1,DEMCOMHEBIO,BIO,2020,52.2888
RE1,DEMCOMHEBIO,BIO,2021,53.226
RE1,DEMCOMHEBIO,BIO,2022,54.1632
RE1,DEMCOMHEBIO,BIO,2023,55.1005
RE1,DEMCOMHEBIO,BIO,2024,56.0377
RE1,DEMCOMHEBIO,BIO,2025,56.9749
RE1,DEMCOMHEBIO,BIO,2026,58.0376
RE1,DEMCOMHEBIO,BIO,2027,59.1002
RE1,DEMCOMHEBIO,BIO,2028,60.1628
RE1,DEMCOMHEBIO,BIO,2029,61.2255
RE1,DEMCOMHEBIO,BIO,2030,60.9885
RE1,DEMCOMHEBIO,BIO,2031,58.6806
RE1,DEMCOMHEBIO,BIO,2032,57.5296
RE1,DEMCOMHEBIO,BIO,2033,56.3787
RE1,DEMCOMHEBIO,BIO,2034,40.6019
RE1,DEMCOMHEBIO,BIO,2035,40.8359
RE1,DEMCOMHEBIO,BIO,2036,39.9779
RE1,DEMCOMHEBIO,BIO,2037,38.232
RE1,DEMCOMHEBIO,BIO,2038,39.0374
RE1,DEMCOMHEBIO,BIO,2039,39.8428
RE1,DEMCOMHEBIO,BIO,2040,28.1411
RE1,DEMCOMHEBIO,BIO,2041,27.7999
RE1,DEMCOMHEBIO,BIO,2042,28.556
RE1,DEMCOMHEBIO,BIO,2043,27.7261
RE1,DEMCOMHEBIO,BIO,2044,21.0579
RE1,DEMCOMHEEL,ELC003,2030,1.0657
RE1,DEMCOMHEEL,ELC003,2031,3.6753
RE1,DEMCOMHEEL,ELC003,2032,5.3362
RE1,DEMCOMHEEL,ELC003,2033,6.9971
RE1,DEMCOMHEEL,ELC003,2034,20.6511
RE1,DEMCOMHEEL,ELC003,2035,21.1764
RE1,DEMCOMHEEL,ELC003,2036,22.5403
RE1,DEMCOMHEEL,ELC003,2037,24.6323
RE1,DEMCOMHEEL,ELC003,2038,24.6323
RE1,DEMCOMHEEL,ELC003,2039,24.6323
RE1,DEMCOMHEEL,ELC003,2040,34.888
RE1,DEMCOMHEEL,ELC003,2041,35.7878
RE1,DEMCOMHEEL,ELC003,2042,35.7878
RE1,DEMCOMHEEL,ELC003,2043,37.0883
RE1,DEMCOMHEEL,ELC003,2044,43.1763
RE1,DEMCOMHEEL,ELC003,2045,61.0638
RE1,DEMCOMHEEL,ELC003,2046,61.5521
RE1,DEMCOMHEEL,ELC003,2047,62.0404
RE1,DEMCOMHEEL,ELC003,2048,62.5287
RE1,DEMCOMHEEL,ELC003,2049,63.017
RE1,DEMCOMHEEL,ELC003,2050,63.5053
RE1,DEMCOMHEEL,ELC003,2051,64.0052
RE1,DEMCOMHEEL,ELC003,2052,64.5091
RE1,DEMCOMHEEL,ELC003,2053,65.0169
RE1,DEMCOMHEEL,ELC003,2054,65.5287
RE1,DEMCOMHEEL,ELC003,2055,66.0446
RE1,DEMCOMHEEL,ELC003,2056,66.5645
RE1,DEMCOMHEEL,ELC003,2057,67.0884
RE1,DEMCOMHEEL,ELC003,2058,67.6166
RE1,DEMCOMHEEL,ELC003,2059,68.1488
RE1,DEMCOMHEEL,ELC003,2060,68.6853
RE1,DEMCOMHEEL,ELC003,2061,69.2259
RE1,DEMCOMHEEL,ELC003,2062,69.7709
RE1,DEMCOMHEEL,ELC003,2063,70.3202
RE1,DEMCOMHEEL,ELC003,2064,70.8737
RE1,DEMCOMHEEL,ELC003,2065,71.4316
RE1,DEMCOMHEEL,ELC003,2066,71.9939
RE1,DEMCOMHEEL,ELC003,2067,72.5607
RE1,DEMCOMHEEL,ELC003,2068,73.1319
RE1,DEMCOMHEEL,ELC003,2069,73.7075
RE1,DEMCOMHEEL,ELC003,2070,74.2878
RE1,DEMINDELC,ELC003,2015,328.0418
RE1,DEMINDELC,ELC003,2016,347.0108
RE1,DEMINDELC,ELC003,2017,363.2685
RE1,DEMINDELC,ELC003,2018,379.5262
RE1,DEMINDELC,ELC003,2019,395.7839
RE1,DEMINDELC,ELC003,2020,412.0416
RE1,DEMINDELC,ELC003,2021,424.52
RE1,DEMINDELC,ELC003,2022,436.9984
RE1,DEMINDELC,ELC003,2023,449.4769
RE1,DEMINDELC,ELC003,2024,461.9553
RE1,DEMINDELC,ELC003,2025,15.2594
RE1,DEMINDELC,ELC003,2026,15.6931
RE1,DEMINDELC,ELC003,2027,16.1268
RE1,DEMINDELC,ELC003,2028,18.5822
RE1,DEMINDELC,ELC003,2029,28.9254
RE1,DEMINDELC,ELC003,2030,13.2157
RE1,DEMINDELC,ELC003,2031,13.5916
RE1,DEMINDELC,ELC003,2032,11.2417
RE1,DEMINDELC,ELC003,2033,11.5443
RE1,DEMINDELC,ELC003,2034,11.8468
RE1,DEMINDELC,ELC003,2035,15.0952
RE1,DEMINDELC,ELC003,2036,15.3978
RE1,DEMINDELC,ELC003,2037,15.7005
RE1,DEMINDELC,ELC003,2038,16.0031
RE1,DEMINDELC,ELC003,2039,16.3057
RE1,DEMINDELC,ELC003,2040,16.6083
RE1,DEMINDELC,ELC003,2041,16.9047
RE1,DEMINDELC,ELC003,2042,17.201
RE1,DEMINDELC,ELC003,2043,17.4973
RE1,DEMINDELC,ELC003,2044,17.7937
RE1,DEMINDELC,ELC003,2045,14.5597
RE1,DEMINDELC,ELC003,2046,18.2964
RE1,DEMINDELC,ELC003,2047,18.5027
RE1,DEMINDELC,ELC003,2048,15.0579
RE1,DEMINDELC,ELC003,2049,15.224
RE1,DEMINDELC,ELC003,2050,56.7705
RE1,DEMINDELC,ELC003,2051,91.3051
RE1,DEMINDELC,ELC003,2052,132.9502
RE1,DEMINDELC,ELC003,2053,169.389
RE1,DEMINDELC,ELC003,2054,205.9276
RE1,DEMINDELC,ELC003,2055,708.6235
RE1,DEMINDELC,ELC003,2056,699.1127
RE1,DEMINDELC,ELC003,2057,587.5056
RE1,DEMINDELC,ELC003,2058,479.4672
RE1,DEMINDELC,ELC003,2059,509.8125
RE1,DEMINDELC,ELC003,2060,75.6417
RE1,DEMINDELC,ELC003,2061,85.4131
RE1,DEMINDELC,ELC003,2062,95.2936
RE1,DEMINDELC,ELC003,2063,49.5781
RE1,DEMINDELC,ELC003,2064,22.3344
RE1,DEMINDELC,ELC003,2065,22.5836
RE1,DEMINDELC,ELC003,2066,22.8355
RE1,DEMINDELC,ELC003,2067,23.0902
RE1,DEMINDELC,ELC003,2068,23.3478
RE1,DEMINDELC,ELC003,2069,23.6082
RE1,DEMINDELC,ELC003,2070,462.069
RE1,DEMINDHEBIO,BIO,2015,520.2667
RE1,DEMINDHEBIO,BIO,2016,466.5755
RE1,DEMINDHEBIO,BIO,2017,474.6554
RE1,DEMINDHEBIO,BIO,2018,488.1075
RE1,DEMINDHEBIO,BIO,2019,499.0635
RE1,DEMINDHEBIO,BIO,2020,510.0028
RE1,DEMINDHEBIO,BIO,2021,517.5933
RE1,DEMINDHEBIO,BIO,2022,525.1725
RE1,DEMINDHEBIO,BIO,2023,532.741
RE1,DEMINDHEBIO,BIO,2024,540.2994
RE1,DEMINDHEBIO,BIO,2025,547.8484
RE1,DEMINDHEBIO,BIO,2026,556.1827
RE1,DEMINDHEBIO,BIO,2027,564.5065
RE1,DEMINDHEBIO,BIO,2028,572.8203
RE1,DEMINDHEBIO,BIO,2029,581.1247
RE1,DEMINDHEBIO,BIO,2030,459.3115
RE1,DEMINDHEBIO,BIO,2031,459.3115
RE1,DEMINDHEBIO,BIO,2032,459.3115
RE1,DEMINDHEBIO,BIO,2033,453.4607
RE1,DEMINDHEBIO,BIO,2034,440.7675
RE1,DEMINDHEBIO,BIO,2035,411.5807
RE1,DEMINDHEBIO,BIO,2036,365.4686
RE1,DEMINDHEBIO,BIO,2037,355.0596
RE1,DEMINDHEBIO,BIO,2038,319.2289
RE1,DEMINDHEBIO,BIO,2039,277.0288
RE1,DEMINDHEBIO,BIO,2040,261.4769
RE1,DEMINDHEBIO,BIO,2041,221.4475
RE1,DEMINDHEBIO,BIO,2042,181.9612
RE1,DEMINDHEBIO,BIO,2043,142.7319
RE1,DEMINDHEBIO,BIO,2044,114.6781
RE1,DEMINDHEBIO,BIO,2045,102.5887
RE1,DEMINDHEBIO,BIO,2046,102.5887
RE1,DEMINDHEBIO,BIO,2047,77.6729
RE1,DEMINDHEBIO,BIO,2048,45.1062
RE1,DEMINDHECOA,COA,2015,790.0347
RE1,DEMINDHECOA,COA,2016,708.5035
RE1,DEMINDHECOA,COA,2017,720.773
RE1,DEMINDHECOA,COA,2018,741.2003
RE1,DEMINDHECOA,COA,2019,757.8371
RE1,DEMINDHECOA,COA,2020,774.4487
RE1,DEMINDHECOA,COA,2021,785.975
RE1,DEMINDHECOA,COA,2022,797.4842
RE1,DEMINDHECOA,COA,2023,808.9771
RE1,DEMINDHECOA,COA,2024,820.4548
RE1,DEMINDHECOA,COA,2025,831.918
RE1,DEMINDHECOA,COA,2026,844.5738
RE1,DEMINDHECOA,COA,2027,857.2136
RE1,DEMINDHECOA,COA,2028,869.8382
RE1,DEMINDHECOA,COA,2029,882.4485
RE1,DEMINDHECOA,COA,2030,895.0453
RE1,DEMINDHECOA,COA,2031,906.4024
RE1,DEMINDHECOA,COA,2032,917.7378
RE1,DEMINDHECOA,COA,2033,923.1985
RE1,DEMINDHECOA,COA,2034,923.1985
RE1,DEMINDHECOA,COA,2035,923.1985
RE1,DEMINDHECOA,COA,2036,897.1659
RE1,DEMINDHECOA,COA,2037,865.9561
RE1,DEMINDHECOA,COA,2038,771.6514
RE1,DEMINDHECOA,COA,2039,602.0136
RE1,DEMINDHECOA,COA,2040,431.454
RE1,DEMINDHECOA,COA,2041,284.7947
RE1,DEMINDHECOA,COA,2042,156.7038
RE1,DEMINDHECOA,COA,2045,28.1532
RE1,DEMINDHECOA,COA,2046,0.9915
RE1,DEMINDHEEH,ELC003,2033,4.7415
RE1,DEMINDHEEH,ELC003,2034,13.8904
RE1,DEMINDHEEH,ELC003,2035,23.0243
RE1,DEMINDHEEH,ELC003,2036,52.1297
RE1,DEMINDHEEH,ELC003,2037,85.4202
RE1,DEMINDHEEH,ELC003,2038,169.8091
RE1,DEMINDHEEH,ELC003,2039,315.21
RE1,DEMINDHEEH,ELC003,2040,461.35
RE1,DEMINDHEEH,ELC003,2041,588.4656
RE1,DEMINDHEEH,ELC003,2042,700.5352
RE1,DEMINDHEEH,ELC003,2043,835.7759
RE1,DEMINDHEEH,ELC003,2044,844.0812
RE1,DEMINDHEEH,ELC003,2045,829.5774
RE1,DEMINDHEEH,ELC003,2046,857.9596
RE1,DEMINDHEEH,ELC003,2047,865.1418
RE1,DEMINDHEEH,ELC003,2048,871.5186
RE1,DEMINDHEEH,ELC003,2049,877.8933
RE1,DEMINDHEEH,ELC003,2050,884.2658
RE1,DEMINDHEEH,ELC003,2051,890.7889
RE1,DEMINDHEEH,ELC003,2052,897.3615
RE1,DEMINDHEEH,ELC003,2053,903.9841
RE1,DEMINDHEEH,ELC003,2054,910.6572
RE1,DEMINDHEEH,ELC003,2055,917.3809
RE1,DEMINDHEEH,ELC003,2056,924.1559
RE1,DEMINDHEEH,ELC003,2057,930.9824
RE1,DEMINDHEEH,ELC003,2058,937.8608
RE1,DEMINDHEEH,ELC003,2059,944.7916
RE1,DEMINDHEEH,ELC003,2060,951.7752
RE1,DEMINDHEEH,ELC003,2061,958.8119
RE1,DEMINDHEEH,ELC003,2062,965.9022
RE1,DEMINDHEEH,ELC003,2063,973.0465
RE1,DEMINDHEEH,ELC003,2064,980.2451
RE1,DEMINDHEEH,ELC003,2065,987.4987
RE1,DEMINDHEEH,ELC003,2066,994.8075
RE1,DEMINDHEEH,ELC003,2067,1002.1719
RE1,DEMINDHEEH,ELC003,2068,1009.5925
RE1,DEMINDHEEH,ELC003,2069,1017.0697
RE1,DEMINDHEEH,ELC003,2070,1024.6038
RE1,DEMINDHEEL,ELC003,2030,106.6891
RE1,DEMINDHEEL,ELC003,2031,112.8219
RE1,DEMINDHEEL,ELC003,2032,118.943
RE1,DEMINDHEEL,ELC003,2033,129.8504
RE1,DEMINDHEEL,ELC003,2034,146.3581
RE1,DEMINDHEEL,ELC003,2035,176.3805
RE1,DEMINDHEEL,ELC003,2036,219.5385
RE1,DEMINDHEEL,ELC003,2037,233.4141
RE1,DEMINDHEEL,ELC003,2038,268.1302
RE1,DEMINDHEEL,ELC003,2039,308.0637
RE1,DEMINDHEEL,ELC003,2040,326.1408
RE1,DEMINDHEEL,ELC003,2041,364.5126
RE1,DEMINDHEEL,ELC003,2042,402.4353
RE1,DEMINDHEEL,ELC003,2043,440.1438
RE1,DEMINDHEEL,ELC003,2044,468.6847
RE1,DEMINDHEEL,ELC003,2045,484.1316
RE1,DEMINDHEEL,ELC003,2046,488.3858
RE1,DEMINDHEEL,ELC003,2047,513.0694
RE1,DEMINDHEEL,ELC003,2048,544.0253
RE1,DEMINDHEEL,ELC003,2049,585.2622
RE1,DEMINDHEEL,ELC003,2050,589.5105
RE1,DEMINDHEEL,ELC003,2051,593.8592
RE1,DEMINDHEEL,ELC003,2052,598.241
RE1,DEMINDHEEL,ELC003,2053,602.6561
RE1,DEMINDHEEL,ELC003,2054,607.1048
RE1,DEMINDHEEL,ELC003,2055,611.5873
RE1,DEMINDHEEL,ELC003,2056,616.1039
RE1,DEMINDHEEL,ELC003,2057,620.6549
RE1,DEMINDHEEL,ELC003,2058,625.2405
RE1,DEMINDHEEL,ELC003,2059,629.8611
RE1,DEMINDHEEL,ELC003,2060,634.5168
RE1,DEMINDHEEL,ELC003,2061,639.2079
RE1,DEMINDHEEL,ELC003,2062,643.9348
RE1,DEMINDHEEL,ELC003,2063,648.6976
RE1,DEMINDHEEL,ELC003,2064,653.4968
RE1,DEMINDHEEL,ELC003,2065,658.3325
RE1,DEMINDHEEL,ELC003,2066,663.205
RE1,DEMINDHEEL,ELC003,2067,668.1146
RE1,DEMINDHEEL,ELC003,2068,673.0617
RE1,DEMINDHEEL,ELC003,2069,678.0464
RE1,DEMINDHEEL,ELC003,2070,683.0692
RE1,DEMRESCKNBIO,BIO,2015,242.4683
RE1,DEMRESCKNBIO,BIO,2016,230.4988
RE1,DEMRESCKNBIO,BIO,2017,233.8928
RE1,DEMRESCKNBIO,BIO,2018,242.2783
RE1,DEMRESCKNBIO,BIO,2019,248.3442
RE1,DEMRESCKNBIO,BIO,2020,254.3949
RE1,DEMRESCKNBIO,BIO,2021,258.8946
RE1,DEMRESCKNBIO,BIO,2022,263.3837
RE1,DEMRESCKNBIO,BIO,2023,267.8629
RE1,DEMRESCKNBIO,BIO,2024,272.3327
RE1,DEMRESCKNBIO,BIO,2025,196.2094
RE1,DEMRESCKNBIO,BIO,2026,155.9161
RE1,DEMRESCKNBIO,BIO,2027,114.5278
RE1,DEMRESCKNBIO,BIO,2028,72.047
RE1,DEMRESCKNBIO,BIO,2030,18.5053
RE1,DEMRESCKNBIO,BIO,2031,27.0316
RE1,DEMRESCKNBIO,BIO,2070,0.0
RE1,DEMRESCKNELC,ELC003,2015,7.3604
RE1,DEMRESCKNELC,ELC003,2016,6.9971
RE1,DEMRESCKNELC,ELC003,2017,7.1001
RE1,DEMRESCKNELC,ELC003,2018,7.3546
RE1,DEMRESCKNELC,ELC003,2019,6.9869
RE1,DEMRESCKNELC,ELC003,2020,6.6192
RE1,DEMRESCKNELC,ELC003,2021,6.2515
RE1,DEMRESCKNELC,ELC003,2022,5.8837
RE1,DEMRESCKNELC,ELC003,2023,5.516
RE1,DEMRESCKNELC,ELC003,2024,5.1483
RE1,DEMRESCKNELC,ELC003,2025,174.656
RE1,DEMRESCKNELC,ELC003,2026,191.5387
RE1,DEMRESCKNELC,ELC003,2027,208.7583
RE1,DEMRESCKNELC,ELC003,2028,226.3144
RE1,DEMRESCKNELC,ELC003,2029,253.1858
RE1,DEMRESCKNELC,ELC003,2030,251.4975
RE1,DEMRESCKNELC,ELC003,2031,252.6067
RE1,DEMRESCKNELC,ELC003,2032,264.9164
RE1,DEMRESCKNELC,ELC003,2033,268.6917
RE1,DEMRESCKNELC,ELC003,2034,272.4568
RE1,DEMRESCKNELC,ELC003,2035,276.2122
RE1,DEMRESCKNELC,ELC003,2036,279.4804
RE1,DEMRESCKNELC,ELC003,2037,282.7431
RE1,DEMRESCKNELC,ELC003,2038,286.0005
RE1,DEMRESCKNELC,ELC003,2039,289.2527
RE1,DEMRESCKNELC,ELC003,2040,292.5
RE1,DEMRESCKNELC,ELC003,2041,295.7422
RE1,DEMRESCKNELC,ELC003,2042,298.9807
RE1,DEMRESCKNELC,ELC003,2043,302.2158
RE1,DEMRESCKNELC,ELC003,2044,305.4474
RE1,DEMRESCKNELC,ELC003,2045,308.6758
RE1,DEMRESCKNELC,ELC003,2046,311.1223
RE1,DEMRESCKNELC,ELC003,2047,313.5672
RE1,DEMRESCKNELC,ELC003,2048,316.0108
RE1,DEMRESCKNELC,ELC003,2049,318.453
RE1,DEMRESCKNELC,ELC003,2050,320.8938
RE1,DEMRESCKNELC,ELC003,2051,323.3948
RE1,DEMRESCKNELC,ELC003,2052,325.9154
RE1,DEMRESCKNELC,ELC003,2053,328.4555
RE1,DEMRESCKNELC,ELC003,2054,331.0155
RE1,DEMRESCKNELC,ELC003,2055,333.5954
RE1,DEMRESCKNELC,ELC003,2056,336.1955
RE1,DEMRESCKNELC,ELC003,2057,338.8158
RE1,DEMRESCKNELC,ELC003,2058,341.4565
RE1,DEMRESCKNELC,ELC003,2059,344.1178
RE1,DEMRESCKNELC,ELC003,2060,346.7998
RE1,DEMRESCKNELC,ELC003,2061,349.5028
RE1,DEMRESCKNELC,ELC003,2062,352.2268
RE1,DEMRESCKNELC,ELC003,2063,354.9721
RE1,DEMRESCKNELC,ELC003,2064,357.7387
RE1,DEMRESCKNELC,ELC003,2065,360.5269
RE1,DEMRESCKNELC,ELC003,2066,363.3369
RE1,DEMRESCKNELC,ELC003,2067,366.1687
RE1,DEMRESCKNELC,ELC003,2068,369.0226
RE1,DEMRESCKNELC,ELC003,2069,371.8988
RE1,DEMRESCKNELC,ELC003,2070,374.7974
RE1,DEMRESCKNOIL,LFO,2015,235.0056
RE1,DEMRESCKNOIL,LFO,2016,223.4045
RE1,DEMRESCKNOIL,LFO,2017,226.6938
RE1,DEMRESCKNOIL,LFO,2018,234.8212
RE1,DEMRESCKNOIL,LFO,2019,241.7519
RE1,DEMRESCKNOIL,LFO,2020,248.6667
RE1,DEMRESCKNOIL,LFO,2021,253.9884
RE1,DEMRESCKNOIL,LFO,2022,259.2993
RE1,DEMRESCKNOIL,LFO,2023,264.6001
RE1,DEMRESCKNOIL,LFO,2024,269.8912
RE1,DEMRESELC,ELC003,2015,163.7593
RE1,DEMRESELC,ELC003,2016,173.2287
RE1,DEMRESELC,ELC003,2017,181.3445
RE1,DEMRESELC,ELC003,2018,189.4604
RE1,DEMRESELC,ELC003,2019,197.5763
RE1,DEMRESELC,ELC003,2020,205.6922
RE1,DEMRESELC,ELC003,2021,211.9215
RE1,DEMRESELC,ELC003,2022,218.1507
RE1,DEMRESELC,ELC003,2023,224.38
RE1,DEMRESELC,ELC003,2024,230.6092
RE1,DEMRESELC,ELC003,2025,7.6175
RE1,DEMRESELC,ELC003,2026,7.834
RE1,DEMRESELC,ELC003,2027,8.0505
RE1,DEMRESELC,ELC003,2028,9.2763
RE1,DEMRESELC,ELC003,2029,14.4396
RE1,DEMRESELC,ELC003,2030,6.5973
RE1,DEMRESELC,ELC003,2031,6.785
RE1,DEMRESELC,ELC003,2032,5.6119
RE1,DEMRESELC,ELC003,2033,5.7629
RE1,DEMRESELC,ELC003,2034,5.914
RE1,DEMRESELC,ELC003,2035,7.5356
RE1,DEMRESELC,ELC003,2036,7.6866
RE1,DEMRESELC,ELC003,2037,7.8377
RE1,DEMRESELC,ELC003,2038,7.9888
RE1,DEMRESELC,ELC003,2039,8.1398
RE1,DEMRESELC,ELC003,2040,8.2909
RE1,DEMRESELC,ELC003,2041,8.4388
RE1,DEMRESELC,ELC003,2042,8.5868
RE1,DEMRESELC,ELC003,2043,8.7347
RE1,DEMRESELC,ELC003,2044,8.8826
RE1,DEMRESELC,ELC003,2045,7.2682
RE1,DEMRESELC,ELC003,2046,9.1336
RE1,DEMRESELC,ELC003,2047,9.2366
RE1,DEMRESELC,ELC003,2048,7.517
RE1,DEMRESELC,ELC003,2049,7.5999
RE1,DEMRESELC,ELC003,2050,28.34
RE1,DEMRESELC,ELC003,2051,45.5798
RE1,DEMRESELC,ELC003,2052,66.3691
RE1,DEMRESELC,ELC003,2053,84.5594
RE1,DEMRESELC,ELC003,2054,102.7996
RE1,DEMRESELC,ELC003,2055,218.4672
RE1,DEMRESELC,ELC003,2056,213.7195
RE1,DEMRESELC,ELC003,2057,212.4924
RE1,DEMRESELC,ELC003,2058,204.3592
RE1,DEMRESELC,ELC003,2059,66.0241
RE1,DEMRESELC,ELC003,2060,37.7605
RE1,DEMRESELC,ELC003,2061,42.6384
RE1,DEMRESELC,ELC003,2062,47.5708
RE1,DEMRESELC,ELC003,2063,34.3999
RE1,DEMRESELC,ELC003,2064,11.1494
RE1,DEMRESELC,ELC003,2065,11.2738
RE1,DEMRESELC,ELC003,2066,11.3995
RE1,DEMRESELC,ELC003,2067,11.5267
RE1,DEMRESELC,ELC003,2068,11.6553
RE1,DEMRESELC,ELC003,2069,11.7853
RE1,DEMRESELC,ELC003,2070,42.1905
RE1,DEMRESHEBIO,BIO,2015,103.0512
RE1,DEMRESHEBIO,BIO,2016,98.041
RE1,DEMRESHEBIO,BIO,2017,99.4845
RE1,DEMRESHEBIO,BIO,2018,103.0512
RE1,DEMRESHEBIO,BIO,2019,105.6313
RE1,DEMRESHEBIO,BIO,2020,108.205
RE1,DEMRESHEBIO,BIO,2021,110.1189
RE1,DEMRESHEBIO,BIO,2022,112.0283
RE1,DEMRESHEBIO,BIO,2023,113.9334
RE1,DEMRESHEBIO,BIO,2024,115.8346
RE1,DEMRESHEBIO,BIO,2025,117.7321
RE1,DEMRESHEBIO,BIO,2026,119.8116
RE1,DEMRESHEBIO,BIO,2027,121.8868
RE1,DEMRESHEBIO,BIO,2028,123.9582
RE1,DEMRESHEBIO,BIO,2029,126.0257
RE1,DEMRESHEBIO,BIO,2030,128.0899
RE1,DEMRESHEBIO,BIO,2031,128.0899
RE1,DEMRESHEBIO,BIO,2032,128.0899
RE1,DEMRESHEBIO,BIO,2033,107.9373
RE1,DEMRESHEBIO,BIO,2034,103.9489
RE1,DEMRESHEBIO,BIO,2035,99.3335
RE1,DEMRESHEBIO,BIO,2036,97.2722
RE1,DEMRESHEBIO,BIO,2037,76.609
RE1,DEMRESHEBIO,BIO,2038,78.2303
RE1,DEMRESHEBIO,BIO,2039,79.8491
RE1,DEMRESHEBIO,BIO,2040,67.3342
RE1,DEMRESHEBIO,BIO,2041,68.948
RE1,DEMRESHEBIO,BIO,2042,70.56
RE1,DEMRESHEBIO,BIO,2043,70.2551
RE1,DEMRESHEBIO,BIO,2044,63.6524
RE1,DEMRESHEBIO,BIO,2045,8.243
RE1,DEMRESHEBIO,BIO,2046,8.243
RE1,DEMRESHEBIO,BIO,2047,6.0106
RE1,DEMRESHEBIO,BIO,2048,0.7728
RE1,DEMRESHEEL,ELC003,2031,1.5501
RE1,DEMRESHEEL,ELC003,2032,3.0955
RE1,DEMRESHEEL,ELC003,2033,21.1615
RE1,DEMRESHEEL,ELC003,2034,25.9688
RE1,DEMRESHEEL,ELC003,2035,31.2862
RE1,DEMRESHEEL,ELC003,2036,34.3105
RE1,DEMRESHEEL,ELC003,2037,52.586
RE1,DEMRESHEEL,ELC003,2038,52.586
RE1,DEMRESHEEL,ELC003,2039,52.586
RE1,DEMRESHEEL,ELC003,2040,64.1738
RE1,DEMRESHEEL,ELC003,2041,64.1738
RE1,DEMRESHEEL,ELC003,2042,64.1738
RE1,DEMRESHEEL,ELC003,2043,65.7442
RE1,DEMRESHEEL,ELC003,2044,72.4775
RE1,DEMRESHEEL,ELC003,2045,119.2309
RE1,DEMRESHEEL,ELC003,2046,120.2294
RE1,DEMRESHEEL,ELC003,2047,123.058
RE1,DEMRESHEEL,ELC003,2048,128.3503
RE1,DEMRESHEEL,ELC003,2049,129.9808
RE1,DEMRESHEEL,ELC003,2050,130.9771
RE1,DEMRESHEEL,ELC003,2051,131.9979
RE1,DEMRESHEEL,ELC003,2052,133.0267
RE1,DEMRESHEEL,ELC003,2053,134.0635
RE1,DEMRESHEEL,ELC003,2054,135.1084
RE1,DEMRESHEEL,ELC003,2055,136.1614
RE1,DEMRESHEEL,ELC003,2056,137.2227
RE1,DEMRESHEEL,ELC003,2057,138.2922
RE1,DEMRESHEEL,ELC003,2058,139.37
RE1,DEMRESHEEL,ELC003,2059,140.4563
RE1,DEMRESHEEL,ELC003,2060,141.551
RE1,DEMRESHEEL,ELC003,2061,142.6542
RE1,DEMRESHEEL,ELC003,2062,143.7661
RE1,DEMRESHEEL,ELC003,2063,144.8866
RE1,DEMRESHEEL,ELC003,2064,146.0158
RE1,DEMRESHEEL,ELC003,2065,147.1539
RE1,DEMRESHEEL,ELC003,2066,148.3008
RE1,DEMRESHEEL,ELC003,2067,149.4566
RE1,DEMRESHEEL,ELC003,2068,150.6215
RE1,DEMRESHEEL,ELC003,2069,151.7954
RE1,DEMRESHEEL,ELC003,2070,152.9785
RE1,DEMRESHEOIL,LFO,2015,0.0705
RE1,DEMTRABUSELC,ELCEV,2028,37.9571
RE1,DEMTRABUSELC,ELCEV,2029,106.3789
RE1,DEMTRABUSELC,ELCEV,2030,177.0803
RE1,DEMTRABUSELC,ELCEV,2031,249.2864
RE1,DEMTRABUSELC,ELCEV,2032,323.3891
RE1,DEMTRABUSELC,ELCEV,2033,399.387
RE1,DEMTRABUSELC,ELCEV,2034,477.2794
RE1,DEMTRABUSELC,ELCEV,2035,557.065
RE1,DEMTRABUSELC,ELCEV,2036,638.0635
RE1,DEMTRABUSELC,ELCEV,2037,638.0635
RE1,DEMTRABUSELC,ELCEV,2038,638.0635
RE1,DEMTRABUSELC,ELCEV,2039,638.0635
RE1,DEMTRABUSELC,ELCEV,2040,638.0635
RE1,DEMTRABUSELC,ELCEV,2041,638.0635
RE1,DEMTRABUSELC,ELCEV,2042,638.0635
RE1,DEMTRABUSELC,ELCEV,2043,638.0635
RE1,DEMTRABUSELC,ELCEV,2044,638.0635
RE1,DEMTRABUSELC,ELCEV,2045,638.0635
RE1,DEMTRABUSELC,ELCEV,2046,638.0635
RE1,DEMTRABUSELC,ELCEV,2047,638.0635
RE1,DEMTRABUSELC,ELCEV,2048,604.4146
RE1,DEMTRABUSELC,ELCEV,2049,693.6907
RE1,DEMTRABUSELC,ELCEV,2050,784.2379
RE1,DEMTRABUSELC,ELCEV,2051,790.2102
RE1,DEMTRABUSELC,ELCEV,2052,796.2287
RE1,DEMTRABUSELC,ELCEV,2053,802.2937
RE1,DEMTRABUSELC,ELCEV,2054,808.4057
RE1,DEMTRABUSELC,ELCEV,2055,814.5649
RE1,DEMTRABUSELC,ELCEV,2056,820.7718
RE1,DEMTRABUSELC,ELCEV,2057,827.0266
RE1,DEMTRABUSELC,ELCEV,2058,833.33
RE1,DEMTRABUSELC,ELCEV,2059,839.6821
RE1,DEMTRABUSELC,ELCEV,2060,846.0832
RE1,DEMTRABUSELC,ELCEV,2061,852.534
RE1,DEMTRABUSELC,ELCEV,2062,859.0347
RE1,DEMTRABUSELC,ELCEV,2063,865.5857
RE1,DEMTRABUSELC,ELCEV,2064,872.1874
RE1,DEMTRABUSELC,ELCEV,2065,878.8402
RE1,DEMTRABUSELC,ELCEV,2066,885.5446
RE1,DEMTRABUSELC,ELCEV,2067,892.3007
RE1,DEMTRABUSELC,ELCEV,2068,899.1092
RE1,DEMTRABUSELC,ELCEV,2069,905.9705
RE1,DEMTRABUSELC,ELCEV,2070,912.8849
RE1,DEMTRABUSGSL,LFO,2015,1699.2138
RE1,DEMTRABUSGSL,LFO,2016,1764.3435
RE1,DEMTRABUSGSL,LFO,2017,1804.9054
RE1,DEMTRABUSGSL,LFO,2018,1848.6493
RE1,DEMTRABUSGSL,LFO,2019,1890.9145
RE1,DEMTRABUSGSL,LFO,2020,1933.1701
RE1,DEMTRABUSGSL,LFO,2021,1966.9271
RE1,DEMTRABUSGSL,LFO,2022,2000.6776
RE1,DEMTRABUSGSL,LFO,2023,2034.4218
RE1,DEMTRABUSGSL,LFO,2024,2068.16
RE1,DEMTRABUSGSL,LFO,2025,2101.8927
RE1,DEMTRABUSGSL,LFO,2026,2139.4639
RE1,DEMTRABUSGSL,LFO,2027,2177.0289
RE1,DEMTRABUSGSL,LFO,2028,2077.8054
RE1,DEMTRABUSGSL,LFO,2029,1868.7943
RE1,DEMTRABUSGSL,LFO,2030,1651.5626
RE1,DEMTRABUSGSL,LFO,2031,1422.4309
RE1,DEMTRABUSGSL,LFO,2032,1186.4563
RE1,DEMTRABUSGSL,LFO,2033,943.6435
RE1,DEMTRABUSGSL,LFO,2034,693.9967
RE1,DEMTRABUSGSL,LFO,2035,437.5198
RE1,DEMTRABUSGSL,LFO,2036,173.9292
RE1,DEMTRABUSGSL,LFO,2037,202.2212
RE1,DEMTRABUSGSL,LFO,2038,230.5092
RE1,DEMTRABUSGSL,LFO,2039,258.7936
RE1,DEMTRABUSGSL,LFO,2040,287.074
RE1,DEMTRABUSGSL,LFO,2041,313.984
RE1,DEMTRABUSGSL,LFO,2042,340.8912
RE1,DEMTRABUSGSL,LFO,2043,367.796
RE1,DEMTRABUSGSL,LFO,2044,394.6984
RE1,DEMTRABUSGSL,LFO,2045,421.598
RE1,DEMTRABUSGSL,LFO,2046,442.6316
RE1,DEMTRABUSGSL,LFO,2047,463.6636
RE1,DEMTRABUSGSL,LFO,2048,605.9528
RE1,DEMTRABUSGSL,LFO,2049,305.2672
RE1,DEMTRACARELC,ELCEV,2037,66.1772
RE1,DEMTRACARELC,ELCEV,2038,133.7321
RE1,DEMTRACARELC,ELCEV,2039,202.7216
RE1,DEMTRACARELC,ELCEV,2040,273.0778
RE1,DEMTRACARELC,ELCEV,2041,344.3409
RE1,DEMTRACARELC,ELCEV,2042,416.9067
RE1,DEMTRACARELC,ELCEV,2043,490.7753
RE1,DEMTRACARELC,ELCEV,2044,565.9462
RE1,DEMTRACARELC,ELCEV,2045,642.4193
RE1,DEMTRACARELC,ELCEV,2046,717.5721
RE1,DEMTRACARELC,ELCEV,2047,793.7418
RE1,DEMTRACARELC,ELCEV,2048,897.8475
RE1,DEMTRACARELC,ELCEV,2049,904.6297
RE1,DEMTRACARELC,ELCEV,2050,911.4116
RE1,DEMTRACARELC,ELCEV,2051,918.3524
RE1,DEMTRACARELC,ELCEV,2052,925.3469
RE1,DEMTRACARELC,ELCEV,2053,932.3954
RE1,DEMTRACARELC,ELCEV,2054,939.4985
RE1,DEMTRACARELC,ELCEV,2055,946.6565
RE1,DEMTRACARELC,ELCEV,2056,953.8699
RE1,DEMTRACARELC,ELCEV,2057,961.1391
RE1,DEMTRACARELC,ELCEV,2058,968.4645
RE1,DEMTRACARELC,ELCEV,2059,975.8467
RE1,DEMTRACARELC,ELCEV,2060,983.2859
RE1,DEMTRACARELC,ELCEV,2061,990.7828
RE1,DEMTRACARELC,ELCEV,2062,998.3376
RE1,DEMTRACARELC,ELCEV,2063,1005.951
RE1,DEMTRACARELC,ELCEV,2064,1013.6232
RE1,DEMTRACARELC,ELCEV,2065,1021.3549
RE1,DEMTRACARELC,ELCEV,2066,1029.1464
RE1,DEMTRACARELC,ELCEV,2067,1036.9982
RE1,DEMTRACARELC,ELCEV,2068,1044.9108
RE1,DEMTRACARELC,ELCEV,2069,1052.8847
RE1,DEMTRACARELC,ELCEV,2070,1060.9203
RE1,DEMTRACARGSL,LFO,2015,2468.4525
RE1,DEMTRACARGSL,LFO,2016,2563.0666
RE1,DEMTRACARGSL,LFO,2017,2621.991
RE1,DEMTRACARGSL,LFO,2018,2685.5377
RE1,DEMTRACARGSL,LFO,2019,2746.9364
RE1,DEMTRACARGSL,LFO,2020,2808.3212
RE1,DEMTRACARGSL,LFO,2021,2857.3606
RE1,DEMTRACARGSL,LFO,2022,2906.3901
RE1,DEMTRACARGSL,LFO,2023,2955.4101
RE1,DEMTRACARGSL,LFO,2024,3004.4221
RE1,DEMTRACARGSL,LFO,2025,3053.4253
RE1,DEMTRACARGSL,LFO,2026,3108.0051
RE1,DEMTRACARGSL,LFO,2027,3162.5761
RE1,DEMTRACARGSL,LFO,2028,3217.1381
RE1,DEMTRACARGSL,LFO,2029,3271.6923
RE1,DEMTRACARGSL,LFO,2030,3326.2385
RE1,DEMTRACARGSL,LFO,2031,3371.3747
RE1,DEMTRACARGSL,LFO,2032,3416.4983
RE1,DEMTRACARGSL,LFO,2033,3461.6103
RE1,DEMTRACARGSL,LFO,2034,3506.7111
RE1,DEMTRACARGSL,LFO,2035,3551.8014
RE1,DEMTRACARGSL,LFO,2036,3592.9076
RE1,DEMTRACARGSL,LFO,2037,3335.9121
RE1,DEMTRACARGSL,LFO,2038,3072.7046
RE1,DEMTRACARGSL,LFO,2039,2803.0296
RE1,DEMTRACARGSL,LFO,2040,2527.1931
RE1,DEMTRACARGSL,LFO,2041,2245.2811
RE1,DEMTRACARGSL,LFO,2042,1957.4961
RE1,DEMTRACARGSL,LFO,2043,1663.8391
RE1,DEMTRACARGSL,LFO,2044,1364.3125
RE1,DEMTRACARGSL,LFO,2045,1058.916
RE1,DEMTRACARGSL,LFO,2046,750.9455
RE1,DEMTRACARGSL,LFO,2047,438.3925
RE1,DEMTRAEVC,ELC003,2025,349.9651
RE1,DEMTRAEVC,ELC003,2026,356.2208
RE1,DEMTRAEVC,ELC003,2027,362.4754
RE1,DEMTRAEVC,ELC003,2028,410.8614
RE1,DEMTRAEVC,ELC003,2029,493.0621
RE1,DEMTRAEVC,ELC003,2030,577.7925
RE1,DEMTRAEVC,ELC003,2031,663.1145
RE1,DEMTRAEVC,ELC003,2032,750.5402
RE1,DEMTRAEVC,ELC003,2033,840.0684
RE1,DEMTRAEVC,ELC003,2034,931.6981
RE1,DEMTRAEVC,ELC003,2035,1025.4281
RE1,DEMTRAEVC,ELC003,2036,1120.0479
RE1,DEMTRAEVC,ELC003,2037,1198.2152
RE1,DEMTRAEVC,ELC003,2038,1277.9112
RE1,DEMTRAEVC,ELC003,2039,1359.1988
RE1,DEMTRAEVC,ELC003,2040,1442.0029
RE1,DEMTRAEVC,ELC003,2041,1525.5854
RE1,DEMTRAEVC,ELC003,2042,1610.6136
RE1,DEMTRAEVC,ELC003,2043,1697.0873
RE1,DEMTRAEVC,ELC003,2044,1785.0063
RE1,DEMTRAEVC,ELC003,2045,1874.3702
RE1,DEMTRAEVC,ELC003,2046,1961.2919
RE1,DEMTRAEVC,ELC003,2047,2049.3421
RE1,DEMTRAEVC,ELC003,2048,2131.0507
RE1,DEMTRAEVC,ELC003,2049,2241.1771
RE1,DEMTRAEVC,ELC003,2050,2352.7138
RE1,DEMTRAEVC,ELC003,2051,2370.6307
RE1,DEMTRAEVC,ELC003,2052,2388.6861
RE1,DEMTRAEVC,ELC003,2053,2406.8812
RE1,DEMTRAEVC,ELC003,2054,2425.217
RE1,DEMTRAEVC,ELC003,2055,2443.6947
RE1,DEMTRAEVC,ELC003,2056,2462.3153
RE1,DEMTRAEVC,ELC003,2057,2481.08
RE1,DEMTRAEVC,ELC003,2058,2499.9899
RE1,DEMTRAEVC,ELC003,2059,2519.0461
RE1,DEMTRAEVC,ELC003,2060,2538.2498
RE1,DEMTRAEVC,ELC003,2061,2557.6021
RE1,DEMTRAEVC,ELC003,2062,2577.1042
RE1,DEMTRAEVC,ELC003,2063,2596.7572
RE1,DEMTRAEVC,ELC003,2064,2616.5623
RE1,DEMTRAEVC,ELC003,2065,2636.5207
RE1,DEMTRAEVC,ELC003,2066,2656.6336
RE1,DEMTRAEVC,ELC003,2067,2676.9023
RE1,DEMTRAEVC,ELC003,2068,2697.3279
RE1,DEMTRAEVC,ELC003,2069,2717.9116
RE1,DEMTRAEVC,ELC003,2070,2738.6547
RE1,DEMTRAMCYELC,ELCEV,2025,315.284
RE1,DEMTRAMCYELC,ELCEV,2026,320.9197
RE1,DEMTRAMCYELC,ELCEV,2027,326.5544
RE1,DEMTRAMCYELC,ELCEV,2028,332.1882
RE1,DEMTRAMCYELC,ELCEV,2029,337.8213
RE1,DEMTRAMCYELC,ELCEV,2030,343.4535
RE1,DEMTRAMCYELC,ELCEV,2031,348.114
RE1,DEMTRAMCYELC,ELCEV,2032,352.7733
RE1,DEMTRAMCYELC,ELCEV,2033,357.4314
RE1,DEMTRAMCYELC,ELCEV,2034,362.0883
RE1,DEMTRAMCYELC,ELCEV,2035,366.7442
RE1,DEMTRAMCYELC,ELCEV,2036,370.9886
RE1,DEMTRAMCYELC,ELCEV,2037,375.2324
RE1,DEMTRAMCYELC,ELCEV,2038,379.4756
RE1,DEMTRAMCYELC,ELCEV,2039,383.7182
RE1,DEMTRAMCYELC,ELCEV,2040,387.9603
RE1,DEMTRAMCYELC,ELCEV,2041,391.9968
RE1,DEMTRAMCYELC,ELCEV,2042,396.0329
RE1,DEMTRAMCYELC,ELCEV,2043,400.0687
RE1,DEMTRAMCYELC,ELCEV,2044,404.1039
RE1,DEMTRAMCYELC,ELCEV,2045,408.139
RE1,DEMTRAMCYELC,ELCEV,2046,411.294
RE1,DEMTRAMCYELC,ELCEV,2047,414.4488
RE1,DEMTRAMCYELC,ELCEV,2048,417.6035
RE1,DEMTRAMCYELC,ELCEV,2049,420.758
RE1,DEMTRAMCYELC,ELCEV,2050,423.9124
RE1,DEMTRAMCYELC,ELCEV,2051,427.1407
RE1,DEMTRAMCYELC,ELCEV,2052,430.3939
RE1,DEMTRAMCYELC,ELCEV,2053,433.6723
RE1,DEMTRAMCYELC,ELCEV,2054,436.976
RE1,DEMTRAMCYELC,ELCEV,2055,440.3054
RE1,DEMTRAMCYELC,ELCEV,2056,443.6604
RE1,DEMTRAMCYELC,ELCEV,2057,447.0414
RE1,DEMTRAMCYELC,ELCEV,2058,450.4486
RE1,DEMTRAMCYELC,ELCEV,2059,453.8822
RE1,DEMTRAMCYELC,ELCEV,2060,457.3423
RE1,DEMTRAMCYELC,ELCEV,2061,460.8292
RE1,DEMTRAMCYELC,ELCEV,2062,464.3431
RE1,DEMTRAMCYELC,ELCEV,2063,467.8842
RE1,DEMTRAMCYELC,ELCEV,2064,471.4526
RE1,DEMTRAMCYELC,ELCEV,2065,475.0488
RE1,DEMTRAMCYELC,ELCEV,2066,478.6728
RE1,DEMTRAMCYELC,ELCEV,2067,482.3248
RE1,DEMTRAMCYELC,ELCEV,2068,486.005
RE1,DEMTRAMCYELC,ELCEV,2069,489.7138
RE1,DEMTRAMCYELC,ELCEV,2070,493.4513
RE1,DEMTRAMCYGSL,LFO,2015,1148.1175
RE1,DEMTRAMCYGSL,LFO,2016,1192.124
RE1,DEMTRAMCYGSL,LFO,2017,1219.5305
RE1,DEMTRAMCYGSL,LFO,2018,1249.087
RE1,DEMTRAMCYGSL,LFO,2019,1277.645
RE1,DEMTRAMCYGSL,LFO,2020,1306.196
RE1,DEMTRAMCYGSL,LFO,2021,1329.005
RE1,DEMTRAMCYGSL,LFO,2022,1351.809
RE1,DEMTRAMCYGSL,LFO,2023,1374.6095
RE1,DEMTRAMCYGSL,LFO,2024,1397.4055
RE1,INDENEFFDP,ELC003,2025,353.211
RE1,INDENEFFDP,ELC003,2026,363.2497
RE1,INDENEFFDP,ELC003,2027,373.2884
RE1,INDENEFFDP,ELC003,2028,381.772
RE1,INDENEFFDP,ELC003,2029,384.188
RE1,INDENEFFDP,ELC003,2030,406.6446
RE1,INDENEFFDP,ELC003,2031,418.211
RE1,INDENEFFDP,ELC003,2032,431.874
RE1,INDENEFFDP,ELC003,2033,443.4968
RE1,INDENEFFDP,ELC003,2034,455.1195
RE1,INDENEFFDP,ELC003,2035,464.4761
RE1,INDENEFFDP,ELC003,2036,473.7878
RE1,INDENEFFDP,ELC003,2037,483.0995
RE1,INDENEFFDP,ELC003,2038,492.4112
RE1,INDENEFFDP,ELC003,2039,501.7228
RE1,INDENEFFDP,ELC003,2040,511.0345
RE1,INDENEFFDP,ELC003,2041,520.1528
RE1,INDENEFFDP,ELC003,2042,529.2711
RE1,INDENEFFDP,ELC003,2043,538.3894
RE1,INDENEFFDP,ELC003,2044,547.5078
RE1,INDENEFFDP,ELC003,2045,559.3417
RE1,INDENEFFDP,ELC003,2046,562.9752
RE1,INDENEFFDP,ELC003,2047,569.3244
RE1,INDENEFFDP,ELC003,2048,578.482
RE1,INDENEFFDP,ELC003,2049,584.8622
RE1,INDENEFFDP,ELC003,2050,559.4112
RE1,INDENEFFDP,ELC003,2051,539.5734
RE1,INDENEFFDP,ELC003,2052,514.341
RE1,INDENEFFDP,ELC003,2053,493.1893
RE1,INDENEFFDP,ELC003,2054,472.0376
RE1,INDENEFFDP,ELC003,2055,92.381
RE1,INDENEFFDP,ELC003,2056,106.8079
RE1,INDENEFFDP,ELC003,2057,199.8499
RE1,INDENEFFDP,ELC003,2058,290.2268
RE1,INDENEFFDP,ELC003,2059,274.2359
RE1,INDENEFFDP,ELC003,2060,615.6469
RE1,INDENEFFDP,ELC003,2061,615.6469
RE1,INDENEFFDP,ELC003,2062,615.6469
RE1,INDENEFFDP,ELC003,2063,658.4978
RE1,INDENEFFDP,ELC003,2064,687.2254
RE1,INDENEFFDP,ELC003,2065,694.8913
RE1,INDENEFFDP,ELC003,2066,702.6427
RE1,INDENEFFDP,ELC003,2067,710.4805
RE1,INDENEFFDP,ELC003,2068,718.4058
RE1,INDENEFFDP,ELC003,2069,726.4196
RE1,INDENEFFDP,ELC003,2070,397.4476
RE1,INDENEFFGD,ELC003,2056,0.0
RE1,PWRBIO001,BIO,2015,171.9092
RE1,PWRBIO001,BIO,2016,196.5007
RE1,PWRBIO001,BIO,2017,221.0344
RE1,PWRBIO001,BIO,2018,233.2147
RE1,PWRBIO001,BIO,2019,233.2147
RE1,PWRBIO001,BIO,2020,245.6257
RE1,PWRBIO001,BIO,2021,257.9215
RE1,PWRBIO001,BIO,2022,257.9215
RE1,PWRBIO001,BIO,2023,257.9215
RE1,PWRBIO001,BIO,2024,257.9215
RE1,PWRBIO001,BIO,2025,128.9607
RE1,PWRBIO001,BIO,2026,128.9607
RE1,PWRBIO001,BIO,2027,128.9607
RE1,PWRBIO001,BIO,2028,128.9607
RE1,PWRBIO001,BIO,2029,157.4369
RE1,PWRBIO001,BIO,2030,225.6813
RE1,PWRBIO001,BIO,2031,75.2608
RE1,PWRBIO001,BIO,2032,72.848
RE1,PWRBIO001,BIO,2033,68.412
RE1,PWRBIO001,BIO,2034,68.2892
RE1,PWRBIO001,BIO,2035,68.2892
RE1,PWRBIO001,BIO,2036,81.947
RE1,PWRBIO001,BIO,2037,78.5325
RE1,PWRBIO001,BIO,2038,74.8472
RE1,PWRBIO001,BIO,2039,76.6786
RE1,PWRBIO001,BIO,2040,77.6492
RE1,PWRBIO001,BIO,2041,76.8247
RE1,PWRBIO001,BIO,2042,73.4968
RE1,PWRBIO001,BIO,2043,72.5512
RE1,PWRBIO001,BIO,2044,71.7036
RE1,PWRBIO001,BIO,2045,117.2265
RE1,PWRBIO001,BIO,2046,69.6513
RE1,PWRBIO001,BIO,2047,50.2114
RE1,PWRBIO001,BIO,2048,42.7453
RE1,PWRBIO001,BIO,2049,44.8825
RE1,PWRCOA001,COA,2015,411.8408
RE1,PWRCOA001,COA,2016,411.8408
RE1,PWRCOA001,COA,2017,411.8408
RE1,PWRCOA001,COA,2018,411.8408
RE1,PWRCOA001,COA,2019,2063.2065
RE1,PWRCOA001,COA,2020,2161.2243
RE1,PWRCOA001,COA,2021,2230.1877
RE1,PWRCOA001,COA,2022,2316.8396
RE1,PWRCOA001,COA,2023,2403.4349
RE1,PWRCOA001,COA,2024,2489.9733
RE1,PWRCOA001,COA,2025,2008.3929
RE1,PWRCOA001,COA,2026,1967.1165
RE1,PWRCOA001,COA,2027,1918.7143
RE1,PWRCOA001,COA,2028,1863.1938
RE1,PWRCOA001,COA,2029,1800.5624
RE1,PWRCOA001,COA,2030,1730.8275
RE1,PWRCOA001,COA,2031,1800.9793
RE1,PWRCOA001,COA,2032,1718.0989
RE1,PWRCOA001,COA,2033,1633.1585
RE1,PWRCOA001,COA,2034,1545.7541
RE1,PWRCOA001,COA,2035,1464.5938
RE1,PWRCOA001,COA,2036,1387.6877
RE1,PWRCOA001,COA,2037,1299.1027
RE1,PWRCOA001,COA,2038,1267.02
RE1,PWRCOA001,COA,2039,1270.3873
RE1,PWRCOA001,COA,2040,1274.0153
RE1,PWRCOA001,COA,2041,1275.8672
RE1,PWRCOA001,COA,2042,1255.8089
RE1,PWRCOA001,COA,2043,1258.0348
RE1,PWRCOA001,COA,2044,1115.6297
RE1,PWRCOA001,COA,2045,932.6078
RE1,PWRCOA001,COA,2046,780.5703
RE1,PWRCOA001,COA,2047,597.1535
RE1,PWRCOA001,COA,2048,403.645
RE1,PWRCOA001,COA,2049,204.0188
RE1,PWRCSP002,SOL,2015,0.0274
RE1,PWRCSP002,SOL,2016,0.0274
RE1,PWRCSP002,SOL,2017,0.0274
RE1,PWRCSP002,SOL,2018,0.0274
RE1,PWRCSP002,SOL,2019,0.0274
RE1,PWRCSP002,SOL,2020,0.0274
RE1,PWRCSP002,SOL,2021,0.0274
RE1,PWRCSP002,SOL,2022,0.0274
RE1,PWRCSP002,SOL,2023,0.0274
RE1,PWRCSP002,SOL,2024,0.0274
RE1,PWRCSP002,SOL,2025,0.0274
RE1,PWRCSP002,SOL,2026,0.0274
RE1,PWRCSP002,SOL,2027,0.0274
RE1,PWRCSP002,SOL,2028,0.0274
RE1,PWRCSP002,SOL,2029,0.0274
RE1,PWRCSP002,SOL,2030,0.0274
RE1,PWRCSP002,SOL,2031,0.0274
RE1,PWRCSP002,SOL,2032,0.0274
RE1,PWRCSP002,SOL,2033,0.0274
RE1,PWRCSP002,SOL,2034,0.0274
RE1,PWRCSP002,SOL,2035,0.0274
RE1,PWRCSP002,SOL,2036,0.0274
RE1,PWRCSP002,SOL,2037,0.0274
RE1,PWRCSP002,SOL,2038,0.0274
RE1,PWRCSP002,SOL,2039,0.0274
RE1,PWRCSP002,SOL,2040,0.0274
RE1,PWRCSP002,SOL,2041,0.0274
RE1,PWRCSP002,SOL,2042,0.0274
RE1,PWRCSP002,SOL,2043,0.0274
RE1,PWRDIST,ELC002,2015,668.4143
RE1,PWRDIST,ELC002,2016,706.2764
RE1,PWRDIST,ELC002,2017,739.1412
RE1,PWRDIST,ELC002,2018,772.1574
RE1,PWRDIST,ELC002,2019,804.5514
RE1,PWRDIST,ELC002,2020,836.9454
RE1,PWRDIST,ELC002,2021,861.7236
RE1,PWRDIST,ELC002,2022,886.5018
RE1,PWRDIST,ELC002,2023,911.2799
RE1,PWRDIST,ELC002,2024,936.0581
RE1,PWRDIST,ELC002,2025,1267.1449
RE1,PWRDIST,ELC002,2026,1311.3866
RE1,PWRDIST,ELC002,2027,1355.9642
RE1,PWRDIST,ELC002,2028,1443.9501
RE1,PWRDIST,ELC002,2029,1578.7339
RE1,PWRDIST,ELC002,2030,1783.127
RE1,PWRDIST,ELC002,2031,1903.916
RE1,PWRDIST,ELC002,2032,2035.2314
RE1,PWRDIST,ELC002,2033,2187.9421
RE1,PWRDIST,ELC002,2034,2351.4859
RE1,PWRDIST,ELC002,2035,2519.3714
RE1,PWRDIST,ELC002,2036,2713.2853
RE1,PWRDIST,ELC002,2037,2881.6231
RE1,PWRDIST,ELC002,2038,3103.0557
RE1,PWRDIST,ELC002,2039,3392.3043
RE1,PWRDIST,ELC002,2040,3683.7904
RE1,PWRDIST,ELC002,2041,3955.9743
RE1,PWRDIST,ELC002,2042,4213.2053
RE1,PWRDIST,ELC002,2043,4497.7062
RE1,PWRDIST,ELC002,2044,4657.4962
RE1,PWRDIST,ELC002,2045,4833.0027
RE1,PWRDIST,ELC002,2046,4971.3461
RE1,PWRDIST,ELC002,2047,5110.2343
RE1,PWRDIST,ELC002,2048,5249.0123
RE1,PWRDIST,ELC002,2049,5424.5027
RE1,PWRDIST,ELC002,2050,5583.0207
RE1,PWRDIST,ELC002,2051,5645.4474
RE1,PWRDIST,ELC002,2052,5711.5845
RE1,PWRDIST,ELC002,2053,5775.708
RE1,PWRDIST,ELC002,2054,5840.2892
RE1,PWRDIST,ELC002,2055,6090.8463
RE1,PWRDIST,ELC002,2056,6118.5894
RE1,PWRDIST,ELC002,2057,6146.5479
RE1,PWRDIST,ELC002,2058,6174.7234
RE1,PWRDIST,ELC002,2059,6203.1176
RE1,PWRDIST,ELC002,2060,6074.0839
RE1,PWRDIST,ELC002,2061,6129.2019
RE1,PWRDIST,ELC002,2062,6184.8126
RE1,PWRDIST,ELC002,2063,6217.2421
RE1,PWRDIST,ELC002,2064,6254.2578
RE1,PWRDIST,ELC002,2065,6306.7396
RE1,PWRDIST,ELC002,2066,6359.6808
RE1,PWRDIST,ELC002,2067,6413.086
RE1,PWRDIST,ELC002,2068,6466.9588
RE1,PWRDIST,ELC002,2069,6521.3039
RE1,PWRDIST,ELC002,2070,6757.1676
RE1,PWRGEO,GEO,2025,1.449
RE1,PWRGEO,GEO,2026,1.449
RE1,PWRGEO,GEO,2027,1.449
RE1,PWRGEO,GEO,2028,1.449
RE1,PWRGEO,GEO,2029,1.449
RE1,PWRGEO,GEO,2030,1.449
RE1,PWRGEO,GEO,2031,1.449
RE1,PWRGEO,GEO,2032,1.449
RE1,PWRGEO,GEO,2033,1.449
RE1,PWRGEO,GEO,2034,1.449
RE1,PWRGEO,GEO,2035,1.449
RE1,PWRGEO,GEO,2036,1.449
RE1,PWRGEO,GEO,2037,1.449
RE1,PWRGEO,GEO,2038,1.449
RE1,PWRGEO,GEO,2039,1.449
RE1,PWRGEO,GEO,2040,1.449
RE1,PWRGEO,GEO,2041,1.449
RE1,PWRGEO,GEO,2042,1.449
RE1,PWRGEO,GEO,2043,1.449
RE1,PWRGEO,GEO,2044,1.449
RE1,PWRGEO,GEO,2045,1.449
RE1,PWRGEO,GEO,2046,1.2679
RE1,PWRGEO,GEO,2047,1.2679
RE1,PWRGEO,GEO,2048,1.2679
RE1,PWRGEO,GEO,2049,1.449
RE1,PWRGEO,GEO,2050,1.449
RE1,PWRGEO,GEO,2051,1.449
RE1,PWRGEO,GEO,2052,1.449
RE1,PWRGEO,GEO,2053,1.449
RE1,PWRGEO,GEO,2054,1.449
RE1,PWRGEO,GEO,2055,1.449
RE1,PWRGEO,GEO,2056,1.449
RE1,PWRGEO,GEO,2057,1.2679
RE1,PWRGEO,GEO,2058,1.2679
RE1,PWRGEO,GEO,2059,1.2679
RE1,PWRGEO,GEO,2060,1.449
RE1,PWRGEO,GEO,2061,1.449
RE1,PWRGEO,GEO,2062,1.449
RE1,PWRGEO,GEO,2063,1.449
RE1,PWRGEO,GEO,2064,1.449
RE1,PWRGEO,GEO,2065,1.449
RE1,PWRGEO,GEO,2066,1.449
RE1,PWRGEO,GEO,2067,1.449
RE1,PWRGEO,GEO,2068,1.449
RE1,PWRGEO,GEO,2069,1.449
RE1,PWRHYD001,HYD,2015,28.3385
RE1,PWRHYD001,HYD,2016,28.3385
RE1,PWRHYD001,HYD,2017,28.3385
RE1,PWRHYD001,HYD,2018,28.3385
RE1,PWRHYD001,HYD,2019,28.3385
RE1,PWRHYD001,HYD,2020,28.3385
RE1,PWRHYD001,HYD,2021,28.3385
RE1,PWRHYD001,HYD,2022,28.3385
RE1,PWRHYD001,HYD,2023,28.3385
RE1,PWRHYD001,HYD,2024,28.3385
RE1,PWRHYD001,HYD,2025,28.3385
RE1,PWRHYD001,HYD,2026,28.3385
RE1,PWRHYD001,HYD,2027,28.3385
RE1,PWRHYD001,HYD,2028,28.3385
RE1,PWRHYD001,HYD,2029,28.3385
RE1,PWRHYD001,HYD,2030,33.9883
RE1,PWRHYD001,HYD,2031,33.9883
RE1,PWRHYD001,HYD,2032,33.9883
RE1,PWRHYD001,HYD,2033,33.9883
RE1,PWRHYD001,HYD,2034,33.9883
RE1,PWRHYD001,HYD,2035,33.9883
RE1,PWRHYD001,HYD,2036,33.9883
RE1,PWRHYD001,HYD,2037,33.9883
RE1,PWRHYD001,HYD,2038,33.9883
RE1,PWRHYD001,HYD,2039,33.9883
RE1,PWRHYD001,HYD,2040,33.9883
RE1,PWRHYD001,HYD,2041,33.9883
RE1,PWRHYD001,HYD,2042,33.9883
RE1,PWRHYD001,HYD,2043,33.9883
RE1,PWRHYD001,HYD,2044,33.9883
RE1,PWRHYD001,HYD,2045,33.9883
RE1,PWRHYD001,HYD,2046,33.9883
RE1,PWRHYD001,HYD,2047,33.9883
RE1,PWRHYD001,HYD,2048,33.1399
RE1,PWRHYD001,HYD,2049,33.9883
RE1,PWRHYD001,HYD,2050,33.9883
RE1,PWRHYD001,HYD,2051,5.6497
RE1,PWRHYD001,HYD,2052,5.6497
RE1,PWRHYD001,HYD,2053,5.6497
RE1,PWRHYD001,HYD,2054,5.6497
RE1,PWRHYD001,HYD,2055,5.6497
RE1,PWRHYD001,HYD,2056,5.6497
RE1,PWRHYD001,HYD,2057,5.6497
RE1,PWRHYD001,HYD,2058,5.6497
RE1,PWRHYD001,HYD,2059,5.6497
RE1,PWRHYD001,HYD,2060,5.6497
RE1,PWRHYD001,HYD,2061,5.6497
RE1,PWRHYD001,HYD,2062,5.6497
RE1,PWRHYD001,HYD,2063,5.6497
RE1,PWRHYD001,HYD,2064,33.9883
RE1,PWRHYD001,HYD,2065,33.9883
RE1,PWRHYD001,HYD,2066,33.9883
RE1,PWRHYD001,HYD,2067,33.9883
RE1,PWRHYD001,HYD,2068,33.9883
RE1,PWRHYD001,HYD,2069,33.9883
RE1,PWRHYD001,HYD,2070,15.8016
RE1,PWRHYD002,HYD,2015,1.1526
RE1,PWRHYD002,HYD,2016,1.1526
RE1,PWRHYD002,HYD,2017,1.1526
RE1,PWRHYD002,HYD,2018,1.1526
RE1,PWRHYD002,HYD,2019,1.1526
RE1,PWRHYD002,HYD,2020,1.1526
RE1,PWRHYD002,HYD,2021,1.1526
RE1,PWRHYD002,HYD,2022,1.1526
RE1,PWRHYD002,HYD,2023,1.1526
RE1,PWRHYD002,HYD,2024,1.1526
RE1,PWRHYD002,HYD,2025,1.1526
RE1,PWRHYD002,HYD,2026,1.1526
RE1,PWRHYD002,HYD,2027,1.1526
RE1,PWRHYD002,HYD,2028,1.1526
RE1,PWRHYD002,HYD,2029,1.1526
RE1,PWRHYD002,HYD,2030,1.3823
RE1,PWRHYD002,HYD,2031,1.3823
RE1,PWRHYD002,HYD,2032,1.3823
RE1,PWRHYD002,HYD,2033,1.3823
RE1,PWRHYD002,HYD,2034,1.3823
RE1,PWRHYD002,HYD,2035,1.3823
RE1,PWRHYD002,HYD,2036,1.3823
RE1,PWRHYD002,HYD,2037,1.3823
RE1,PWRHYD002,HYD,2038,1.3823
RE1,PWRHYD002,HYD,2039,1.3823
RE1,PWRHYD002,HYD,2040,1.3823
RE1,PWRHYD002,HYD,2041,1.3823
RE1,PWRHYD002,HYD,2042,1.3823
RE1,PWRHYD002,HYD,2043,1.3823
RE1,PWRHYD002,HYD,2044,1.3823
RE1,PWRHYD002,HYD,2045,1.3823
RE1,PWRHYD002,HYD,2046,1.3823
RE1,PWRHYD002,HYD,2047,1.3823
RE1,PWRHYD002,HYD,2048,1.3517
RE1,PWRHYD002,HYD,2049,1.3823
RE1,PWRHYD002,HYD,2050,1.3823
RE1,PWRHYD002,HYD,2051,0.2298
RE1,PWRHYD002,HYD,2052,0.2298
RE1,PWRHYD002,HYD,2053,0.2298
RE1,PWRHYD002,HYD,2054,0.2298
RE1,PWRHYD002,HYD,2055,0.2298
RE1,PWRHYD002,HYD,2056,0.2298
RE1,PWRHYD002,HYD,2057,0.2298
RE1,PWRHYD002,HYD,2058,0.2298
RE1,PWRHYD002,HYD,2059,0.2298
RE1,PWRHYD002,HYD,2060,0.2298
RE1,PWRHYD002,HYD,2061,0.2298
RE1,PWRHYD002,HYD,2062,0.2298
RE1,PWRHYD002,HYD,2063,0.2298
RE1,PWRHYD002,HYD,2064,1.3823
RE1,PWRHYD002,HYD,2065,1.3823
RE1,PWRHYD002,HYD,2066,1.3823
RE1,PWRHYD002,HYD,2067,1.3823
RE1,PWRHYD002,HYD,2068,1.3823
RE1,PWRHYD002,HYD,2069,1.3823
RE1,PWRHYD002,HYD,2070,0.6337
RE1,PWRHYD003,HYD,2032,4.9061
RE1,PWRHYD003,HYD,2033,4.9061
RE1,PWRHYD003,HYD,2034,4.9061
RE1,PWRHYD003,HYD,2035,4.9061
RE1,PWRHYD003,HYD,2036,4.9061
RE1,PWRHYD003,HYD,2037,4.9061
RE1,PWRHYD003,HYD,2038,4.9061
RE1,PWRHYD003,HYD,2039,4.9061
RE1,PWRHYD003,HYD,2040,4.9061
RE1,PWRHYD003,HYD,2041,4.9061
RE1,PWRHYD003,HYD,2042,4.9061
RE1,PWRHYD003,HYD,2043,4.9061
RE1,PWRHYD003,HYD,2044,4.9061
RE1,PWRHYD003,HYD,2045,4.9061
RE1,PWRHYD003,HYD,2046,4.9061
RE1,PWRHYD003,HYD,2047,4.9061
RE1,PWRHYD003,HYD,2048,4.7972
RE1,PWRHYD003,HYD,2049,4.9061
RE1,PWRHYD003,HYD,2050,4.9061
RE1,PWRHYD003,HYD,2051,4.9061
RE1,PWRHYD003,HYD,2052,4.9061
RE1,PWRHYD003,HYD,2053,4.9061
RE1,PWRHYD003,HYD,2054,4.9061
RE1,PWRHYD003,HYD,2055,4.9061
RE1,PWRHYD003,HYD,2056,4.9061
RE1,PWRHYD003,HYD,2057,4.9061
RE1,PWRHYD003,HYD,2058,4.9061
RE1,PWRHYD003,HYD,2059,4.9061
RE1,PWRHYD003,HYD,2060,4.9061
RE1,PWRHYD003,HYD,2061,4.9061
RE1,PWRHYD003,HYD,2062,4.9061
RE1,PWRHYD003,HYD,2063,4.9061
RE1,PWRHYD003,HYD,2064,4.9061
RE1,PWRHYD003,HYD,2065,4.9061
RE1,PWRHYD003,HYD,2066,4.9061
RE1,PWRHYD003,HYD,2067,4.9061
RE1,PWRHYD003,HYD,2068,4.9061
RE1,PWRHYD003,HYD,2069,4.9061
RE1,PWRHYD003,HYD,2070,2.2922
RE1,PWRHYD004,HYD,2032,0.5451
RE1,PWRHYD004,HYD,2033,0.5451
RE1,PWRHYD004,HYD,2034,0.5451
RE1,PWRHYD004,HYD,2035,0.5451
RE1,PWRHYD004,HYD,2036,0.5451
RE1,PWRHYD004,HYD,2037,0.5451
RE1,PWRHYD004,HYD,2038,0.5451
RE1,PWRHYD004,HYD,2039,0.5451
RE1,PWRHYD004,HYD,2040,0.5451
RE1,PWRHYD004,HYD,2041,0.5451
RE1,PWRHYD004,HYD,2042,0.5451
RE1,PWRHYD004,HYD,2043,0.5451
RE1,PWRHYD004,HYD,2044,0.5451
RE1,PWRHYD004,HYD,2045,0.5451
RE1,PWRHYD004,HYD,2046,0.5451
RE1,PWRHYD004,HYD,2047,0.5451
RE1,PWRHYD004,HYD,2048,0.5451
RE1,PWRHYD004,HYD,2049,0.5451
RE1,PWRHYD004,HYD,2050,0.5451
RE1,PWRHYD004,HYD,2051,0.5451
RE1,PWRHYD004,HYD,2052,0.5451
RE1,PWRHYD004,HYD,2053,0.5451
RE1,PWRHYD004,HYD,2054,0.5451
RE1,PWRHYD004,HYD,2055,0.5451
RE1,PWRHYD004,HYD,2056,0.5451
RE1,PWRHYD004,HYD,2057,0.5451
RE1,PWRHYD004,HYD,2058,0.5451
RE1,PWRHYD004,HYD,2059,0.5451
RE1,PWRHYD004,HYD,2060,0.5451
RE1,PWRHYD004,HYD,2061,0.5451
RE1,PWRHYD004,HYD,2062,0.5451
RE1,PWRHYD004,HYD,2063,0.5451
RE1,PWRHYD004,HYD,2064,0.5451
RE1,PWRHYD004,HYD,2065,0.5451
RE1,PWRHYD004,HYD,2066,0.5451
RE1,PWRHYD004,HYD,2067,0.5451
RE1,PWRHYD004,HYD,2068,0.5451
RE1,PWRHYD004,HYD,2069,0.5451
RE1,PWRHYD004,HYD,2070,0.5451
RE1,PWRNGS001,NGS,2015,794.6633
RE1,PWRNGS001,NGS,2016,796.9506
RE1,PWRNGS001,NGS,2017,806.5936
RE1,PWRNGS001,NGS,2018,839.6295
RE1,PWRNGS001,NGS,2039,17.3117
RE1,PWRNGS001,NGS,2040,31.3895
RE1,PWRNGS001,NGS,2041,29.9663
RE1,PWRNGS001,NGS,2042,26.6367
RE1,PWRNGS001,NGS,2043,23.3071
RE1,PWRNGS001,NGS,2044,9.9888
RE1,PWRNUC,URN,2070,0.0
RE1,PWRSOL001,SOL,2015,8.5041
RE1,PWRSOL001,SOL,2016,14.7357
RE1,PWRSOL001,SOL,2017,16.2447
RE1,PWRSOL001,SOL,2018,17.8379
RE1,PWRSOL001,SOL,2019,17.9642
RE1,PWRSOL001,SOL,2020,17.9642
RE1,PWRSOL001,SOL,2021,18.4271
RE1,PWRSOL001,SOL,2022,18.4271
RE1,PWRSOL001,SOL,2023,18.4271
RE1,PWRSOL001,SOL,2024,18.4271
RE1,PWRSOL001,SOL,2025,562.9737
RE1,PWRSOL001,SOL,2026,621.865
RE1,PWRSOL001,SOL,2027,683.2219
RE1,PWRSOL001,SOL,2028,792.7074
RE1,PWRSOL001,SOL,2029,943.0392
RE1,PWRSOL001,SOL,2030,1148.1625
RE1,PWRSOL001,SOL,2031,1296.2751
RE1,PWRSOL001,SOL,2032,1296.2751
RE1,PWRSOL001,SOL,2033,1360.572
RE1,PWRSOL001,SOL,2034,1383.3887
RE1,PWRSOL001,SOL,2035,1374.8845
RE1,PWRSOL001,SOL,2036,1368.653
RE1,PWRSOL001,SOL,2037,1367.1439
RE1,PWRSOL001,SOL,2038,1411.6188
RE1,PWRSOL001,SOL,2039,1635.4448
RE1,PWRSOL001,SOL,2040,1858.2156
RE1,PWRSOL001,SOL,2041,2051.1135
RE1,PWRSOL001,SOL,2042,2219.0281
RE1,PWRSOL001,SOL,2043,2420.6273
RE1,PWRSOL001,SOL,2044,2435.5151
RE1,PWRSOL001,SOL,2045,2437.2804
RE1,PWRSOL001,SOL,2046,2430.2819
RE1,PWRSOL001,SOL,2047,2400.3063
RE1,PWRSOL001,SOL,2048,2379.6816
RE1,PWRSOL001,SOL,2049,2467.139
RE1,PWRSOL001,SOL,2050,2712.4867
RE1,PWRSOL001,SOL,2051,2807.69
RE1,PWRSOL001,SOL,2052,2877.308
RE1,PWRSOL001,SOL,2053,2944.8064
RE1,PWRSOL001,SOL,2054,3012.7865
RE1,PWRSOL001,SOL,2055,3276.5309
RE1,PWRSOL001,SOL,2056,3305.7342
RE1,PWRSOL001,SOL,2057,3335.1823
RE1,PWRSOL001,SOL,2058,3364.8407
RE1,PWRSOL001,SOL,2059,3394.7294
RE1,PWRSOL001,SOL,2060,3258.8864
RE1,PWRSOL001,SOL,2061,3332.2385
RE1,PWRSOL001,SOL,2062,3550.0569
RE1,PWRSOL001,SOL,2063,3708.0274
RE1,PWRSOL001,SOL,2064,3811.9527
RE1,PWRSOL001,SOL,2065,3940.6088
RE1,PWRSOL001,SOL,2066,4076.8273
RE1,PWRSOL001,SOL,2067,4123.43
RE1,PWRSOL001,SOL,2068,4166.2691
RE1,PWRSOL001,SOL,2069,4191.1192
RE1,PWRSOL001,SOL,2070,699.9029
RE1,PWRTRN,ELC001,2015,711.6784
RE1,PWRTRN,ELC001,2016,751.7444
RE1,PWRTRN,ELC001,2017,786.4668
RE1,PWRTRN,ELC001,2018,821.3276
RE1,PWRTRN,ELC001,2019,855.5038
RE1,PWRTRN,ELC001,2020,889.6576
RE1,PWRTRN,ELC001,2021,915.6962
RE1,PWRTRN,ELC001,2022,941.7178
RE1,PWRTRN,ELC001,2023,967.7223
RE1,PWRTRN,ELC001,2024,993.7099
RE1,PWRTRN,ELC001,2025,1344.748
RE1,PWRTRN,ELC001,2026,1391.2441
RE1,PWRTRN,ELC001,2027,1438.0658
RE1,PWRTRN,ELC001,2028,1530.8784
RE1,PWRTRN,ELC001,2029,1673.2295
RE1,PWRTRN,ELC001,2030,1889.2393
RE1,PWRTRN,ELC001,2031,2016.5575
RE1,PWRTRN,ELC001,2032,2154.9382
RE1,PWRTRN,ELC001,2033,2315.8749
RE1,PWRTRN,ELC001,2034,2488.1693
RE1,PWRTRN,ELC001,2035,2664.944
RE1,PWRTRN,ELC001,2036,2869.1267
RE1,PWRTRN,ELC001,2037,3046.1401
RE1,PWRTRN,ELC001,2038,3279.1459
RE1,PWRTRN,ELC001,2039,3583.6409
RE1,PWRTRN,ELC001,2040,3890.3005
RE1,PWRTRN,ELC001,2041,4176.3829
RE1,PWRTRN,ELC001,2042,4446.4983
RE1,PWRTRN,ELC001,2043,4745.2083
RE1,PWRTRN,ELC001,2044,4912.1935
RE1,PWRTRN,ELC001,2045,5095.6405
RE1,PWRTRN,ELC001,2046,5239.7985
RE1,PWRTRN,ELC001,2047,5384.4367
RE1,PWRTRN,ELC001,2048,5528.865
RE1,PWRTRN,ELC001,2049,5711.8567
RE1,PWRTRN,ELC001,2050,5876.8639
RE1,PWRTRN,ELC001,2051,5942.5761
RE1,PWRTRN,ELC001,2052,6012.1942
RE1,PWRTRN,ELC001,2053,6079.6926
RE1,PWRTRN,ELC001,2054,6147.6727
RE1,PWRTRN,ELC001,2055,6411.4171
RE1,PWRTRN,ELC001,2056,6440.6205
RE1,PWRTRN,ELC001,2057,6470.0504
RE1,PWRTRN,ELC001,2058,6499.7088
RE1,PWRTRN,ELC001,2059,6529.5974
RE1,PWRTRN,ELC001,2060,6393.7725
RE1,PWRTRN,ELC001,2061,6451.7915
RE1,PWRTRN,ELC001,2062,6510.329
RE1,PWRTRN,ELC001,2063,6544.4655
RE1,PWRTRN,ELC001,2064,6583.4291
RE1,PWRTRN,ELC001,2065,6638.6731
RE1,PWRTRN,ELC001,2066,6694.4009
RE1,PWRTRN,ELC001,2067,6750.6168
RE1,PWRTRN,ELC001,2068,6807.3252
RE1,PWRTRN,ELC001,2069,6864.5305
RE1,PWRTRN,ELC001,2070,7112.808
RE1,PWRTRNEXP,ELC001,2015,7.6
RE1,PWRTRNEXP,ELC001,2016,4.75
RE1,PWRTRNEXP,ELC001,2017,3.8
RE1,PWRTRNEXP,ELC001,2018,3.8
RE1,PWRTRNEXP,ELC001,2019,3.8
RE1,PWRTRNEXP,ELC001,2020,3.8
RE1,PWRTRNEXP,ELC001,2021,3.8
RE1,PWRTRNEXP,ELC001,2022,3.8
RE1,PWRTRNEXP,ELC001,2023,3.8
RE1,PWRTRNEXP,ELC001,2024,3.8
RE1,PWRTRNEXP,ELC001,2025,3.8
RE1,PWRTRNEXP,ELC001,2026,3.8
RE1,PWRTRNEXP,ELC001,2027,3.8
RE1,PWRTRNEXP,ELC001,2028,3.8
RE1,PWRTRNEXP,ELC001,2029,3.8
RE1,PWRTRNEXP,ELC001,2030,3.8
RE1,PWRTRNEXP,ELC001,2031,3.8
RE1,PWRTRNEXP,ELC001,2032,3.8
RE1,PWRTRNEXP,ELC001,2033,3.8
RE1,PWRTRNEXP,ELC001,2034,3.8
RE1,PWRTRNEXP,ELC001,2035,3.8
RE1,PWRTRNEXP,ELC001,2036,3.8
RE1,PWRTRNEXP,ELC001,2037,3.8
RE1,PWRTRNEXP,ELC001,2038,3.8
RE1,PWRTRNEXP,ELC001,2039,3.8
RE1,PWRTRNEXP,ELC001,2040,3.8
RE1,PWRTRNEXP,ELC001,2041,3.8
RE1,PWRTRNEXP,ELC001,2042,3.8
RE1,PWRTRNEXP,ELC001,2043,3.8
RE1,PWRTRNEXP,ELC001,2044,3.8
RE1,PWRTRNEXP,ELC001,2045,3.8
RE1,PWRTRNEXP,ELC001,2046,3.8
RE1,PWRTRNEXP,ELC001,2047,3.8
RE1,PWRTRNEXP,ELC001,2048,3.8
RE1,PWRTRNEXP,ELC001,2049,3.8
RE1,PWRTRNEXP,ELC001,2050,3.8
RE1,PWRTRNEXP,ELC001,2051,3.8
RE1,PWRTRNEXP,ELC001,2052,3.8
RE1,PWRTRNEXP,ELC001,2053,3.8
RE1,PWRTRNEXP,ELC001,2054,3.8
RE1,PWRTRNEXP,ELC001,2055,3.8
RE1,PWRTRNEXP,ELC001,2056,3.8
RE1,PWRTRNEXP,ELC001,2057,3.8
RE1,PWRTRNEXP,ELC001,2058,3.8
RE1,PWRTRNEXP,ELC001,2059,3.8
RE1,PWRTRNEXP,ELC001,2060,3.8
RE1,PWRTRNEXP,ELC001,2061,3.8
RE1,PWRTRNEXP,ELC001,2062,3.8
RE1,PWRTRNEXP,ELC001,2063,3.8
RE1,PWRTRNEXP,ELC001,2064,3.8
RE1,PWRTRNEXP,ELC001,2065,3.8
RE1,PWRTRNEXP,ELC001,2066,3.8
RE1,PWRTRNEXP,ELC001,2067,3.8
RE1,PWRTRNEXP,ELC001,2068,3.8
RE1,PWRTRNEXP,ELC001,2069,3.8
RE1,PWRTRNEXP,ELC001,2070,3.8
RE1,PWRWND001,WND,2015,1.1747
RE1,PWRWND001,WND,2016,2.545
RE1,PWRWND001,WND,2017,3.1524
RE1,PWRWND001,WND,2018,5.5368
RE1,PWRWND001,WND,2019,7.5648
RE1,PWRWND001,WND,2020,7.5648
RE1,PWRWND001,WND,2021,7.7555
RE1,PWRWND001,WND,2022,7.7555
RE1,PWRWND001,WND,2023,7.7555
RE1,PWRWND001,WND,2024,7.7555
RE1,PWRWND001,WND,2025,7.7555
RE1,PWRWND001,WND,2026,7.7555
RE1,PWRWND001,WND,2027,7.7555
RE1,PWRWND001,WND,2028,7.7555
RE1,PWRWND001,WND,2029,7.7555
RE1,PWRWND001,WND,2030,7.7555
RE1,PWRWND001,WND,2031,7.7555
RE1,PWRWND001,WND,2032,16.762
RE1,PWRWND001,WND,2033,118.9432
RE1,PWRWND001,WND,2034,223.0651
RE1,PWRWND001,WND,2035,329.7783
RE1,PWRWND001,WND,2036,432.7815
RE1,PWRWND001,WND,2037,548.5642
RE1,PWRWND001,WND,2038,637.2112
RE1,PWRWND001,WND,2039,706.6082
RE1,PWRWND001,WND,2040,781.2607
RE1,PWRWND001,WND,2041,874.9888
RE1,PWRWND001,WND,2042,986.3181
RE1,PWRWND001,WND,2043,1084.9596
RE1,PWRWND001,WND,2044,1287.5292
RE1,PWRWND001,WND,2045,1512.382
RE1,PWRWND001,WND,2046,1512.382
RE1,PWRWND001,WND,2047,1508.5419
RE1,PWRWND001,WND,2048,1501.9556
RE1,PWRWND001,WND,2049,1508.0048
RE1,PWRWND001,WND,2050,1505.9969
RE1,PWRWND001,WND,2051,1505.9969
RE1,PWRWND001,WND,2052,1505.9969
RE1,PWRWND001,WND,2053,1505.9969
RE1,PWRWND001,WND,2054,1505.9969
RE1,PWRWND001,WND,2055,1505.9969
RE1,PWRWND001,WND,2056,1505.9969
RE1,PWRWND001,WND,2057,1505.9969
RE1,PWRWND001,WND,2058,1505.9969
RE1,PWRWND001,WND,2059,1505.9969
RE1,PWRWND001,WND,2060,1505.9969
RE1,PWRWND001,WND,2061,1505.9969
RE1,PWRWND001,WND,2062,1496.9905
RE1,PWRWND001,WND,2063,1394.8092
RE1,PWRWND001,WND,2064,1290.6873
RE1,PWRWND001,WND,2065,1183.9741
RE1,PWRWND001,WND,2066,1079.6005
RE1,PWRWND001,WND,2067,963.8178
RE1,PWRWND001,WND,2068,875.1708
RE1,PWRWND001,WND,2069,805.7738
RE1,PWRWND001,WND,2070,4566.9618
RE1,PWRWND002,WND,2046,214.9209
RE1,PWRWND002,WND,2047,455.8466
RE1,PWRWND002,WND,2048,689.4233
RE1,PWRWND002,WND,2049,691.4944
RE1,PWRWND002,WND,2050,691.4944
RE1,PWRWND002,WND,2051,691.4944
RE1,PWRWND002,WND,2052,691.4944
RE1,PWRWND002,WND,2053,691.4944
RE1,PWRWND002,WND,2054,691.4944
RE1,PWRWND002,WND,2055,691.4944
RE1,PWRWND002,WND,2056,691.4944
RE1,PWRWND002,WND,2057,691.4944
RE1,PWRWND002,WND,2058,691.4944
RE1,PWRWND002,WND,2059,691.4944
RE1,PWRWND002,WND,2060,691.4944
RE1,PWRWND002,WND,2061,691.4944
RE1,PWRWND002,WND,2062,691.4944
RE1,PWRWND002,WND,2063,691.4944
RE1,PWRWND002,WND,2064,772.8139
RE1,PWRWND002,WND,2065,909.0531
RE1,PWRWND002,WND,2066,1043.0774
RE1,PWRWND002,WND,2067,1193.7475
RE1,PWRWND002,WND,2068,1316.5893
RE1,PWRWND002,WND,2069,1418.3415
RE1,PWRWND002,WND,2070,1418.3415
RE1,RESENEFFDP,ELC003,2025,176.3238
RE1,RESENEFFDP,ELC003,2026,181.3352
RE1,RESENEFFDP,ELC003,2027,186.3465
RE1,RESENEFFDP,ELC003,2028,190.5815
RE1,RESENEFFDP,ELC003,2029,191.7876
RE1,RESENEFFDP,ELC003,2030,202.9981
RE1,RESENEFFDP,ELC003,2031,208.772
RE1,RESENEFFDP,ELC003,2032,215.5926
RE1,RESENEFFDP,ELC003,2033,221.3947
RE1,RESENEFFDP,ELC003,2034,227.1968
RE1,RESENEFFDP,ELC003,2035,231.8677
RE1,RESENEFFDP,ELC003,2036,236.5161
RE1,RESENEFFDP,ELC003,2037,241.1645
RE1,RESENEFFDP,ELC003,2038,245.8129
RE1,RESENEFFDP,ELC003,2039,250.4613
RE1,RESENEFFDP,ELC003,2040,255.1097
RE1,RESENEFFDP,ELC003,2041,259.6616
RE1,RESENEFFDP,ELC003,2042,264.2135
RE1,RESENEFFDP,ELC003,2043,268.7654
RE1,RESENEFFDP,ELC003,2044,273.3173
RE1,RESENEFFDP,ELC003,2045,279.2248
RE1,RESENEFFDP,ELC003,2046,281.0387
RE1,RESENEFFDP,ELC003,2047,284.2082
RE1,RESENEFFDP,ELC003,2048,288.7797
RE1,RESENEFFDP,ELC003,2049,291.9647
RE1,RESENEFFDP,ELC003,2050,279.2595
RE1,RESENEFFDP,ELC003,2051,269.3564
RE1,RESENEFFDP,ELC003,2052,256.7603
RE1,RESENEFFDP,ELC003,2053,246.2014
RE1,RESENEFFDP,ELC003,2054,235.6424
RE1,RESENEFFDP,ELC003,2055,150.1779
RE1,RESENEFFDP,ELC003,2056,157.3799
RE1,RESENEFFDP,ELC003,2057,161.9132
RE1,RESENEFFDP,ELC003,2058,171.7989
RE1,RESENEFFDP,ELC003,2059,281.8804
RE1,RESENEFFDP,ELC003,2060,307.3325
RE1,RESENEFFDP,ELC003,2061,307.3325
RE1,RESENEFFDP,ELC003,2062,307.3325
RE1,RESENEFFDP,ELC003,2063,321.3005
RE1,RESENEFFDP,ELC003,2064,343.0647
RE1,RESENEFFDP,ELC003,2065,346.8915
RE1,RESENEFFDP,ELC003,2066,350.761
RE1,RESENEFFDP,ELC003,2067,354.6737
RE1,RESENEFFDP,ELC003,2068,358.63
RE1,RESENEFFDP,ELC003,2069,362.6305
RE1,RESENEFFDP,ELC003,2070,343.3881
RE1,UPSREF001,OIL,2024,2141.65
