r,t,y,CapitalInvestment
RE1,MINOIL,2024,0.2142
RE1,MINBIO,2015,0.1083
RE1,MINBIO,2016,0.1039
RE1,MINBIO,2017,0.1078
RE1,MINBIO,2018,0.1117
RE1,MINBIO,2019,0.1137
RE1,MINBIO,2020,0.1171
RE1,MINBIO,2021,0.1198
RE1,MINBIO,2022,0.1213
RE1,MINBIO,2023,0.1228
RE1,MINBIO,2024,0.1242
RE1,MINBIO,2025,0.1257
RE1,MINBIO,2026,0.1274
RE1,MINBIO,2027,0.129
RE1,MINBIO,2028,0.1306
RE1,MINBIO,2029,0.1323
RE1,MINBIO,2030,0.1339
RE1,MINBIO,2031,0.1182
RE1,MINBIO,2032,0.1196
RE1,MINBIO,2033,0.1211
RE1,MINBIO,2034,0.1226
RE1,MINBIO,2035,0.1313
RE1,MINBIO,2036,0.1389
RE1,MINBIO,2037,0.1545
RE1,MINBIO,2038,0.1682
RE1,MINBIO,2039,0.1755
RE1,MINBIO,2040,0.1828
RE1,MINBIO,2041,0.1923
RE1,MINBIO,2042,0.2035
RE1,MINBIO,2043,0.2106
RE1,MINBIO,2044,0.2218
RE1,MINBIO,2045,0.236
RE1,MINBIO,2046,0.2412
RE1,MINBIO,2047,0.2473
RE1,MINBIO,2048,0.2526
RE1,MINBIO,2049,0.2578
RE1,MINBIO,2050,0.7224
RE1,MINBIO,2051,0.7382
RE1,MINBIO,2052,0.7473
RE1,MINBIO,2053,0.7564
RE1,MINBIO,2054,0.7656
RE1,MINBIO,2055,0.7749
RE1,MINBIO,2056,0.7843
RE1,MINBIO,2057,0.7938
RE1,MINBIO,2058,0.8033
RE1,MINBIO,2059,0.8117
RE1,MINBIO,2060,0.8249
RE1,MINBIO,2061,0.8325
RE1,MINBIO,2062,0.8424
RE1,MINBIO,2063,0.8524
RE1,MINBIO,2064,0.8625
RE1,MINBIO,2065,0.8726
RE1,MINBIO,2066,0.8829
RE1,MINBIO,2067,0.8933
RE1,MINBIO,2068,0.9037
RE1,MINBIO,2069,0.9105
RE1,MINBIO,2070,0.8987
RE1,IMPCOA,2027,0.3585
RE1,IMPCOA,2028,0.4132
RE1,IMPCOA,2029,0.4119
RE1,IMPCOA,2030,0.4132
RE1,IMPCOA,2031,0.4342
RE1,IMPCOA,2032,0.4446
RE1,IMPCOA,2033,0.4574
RE1,IMPCOA,2034,0.4665
RE1,IMPCOA,2035,0.4677
RE1,IMPCOA,2036,0.4686
RE1,IMPCOA,2037,0.4591
RE1,IMPCOA,2038,0.4601
RE1,IMPCOA,2039,0.4611
RE1,IMPCOA,2040,0.4621
RE1,IMPCOA,2041,0.4631
RE1,IMPCOA,2042,0.4589
RE1,IMPCOA,2043,0.46
RE1,IMPCOA,2044,0.461
RE1,IMPCOA,2045,0.462
RE1,IMPCOA,2046,0.4628
RE1,IMPCOA,2047,0.4636
RE1,IMPCOA,2048,0.4644
RE1,IMPCOA,2049,0.4652
RE1,IMPCOA,2050,0.466
RE1,IMPCOA,2051,0.4668
RE1,IMPCOA,2052,0.4676
RE1,IMPCOA,2053,0.4684
RE1,IMPCOA,2054,0.4692
RE1,IMPCOA,2055,0.47
RE1,IMPCOA,2056,0.4709
RE1,IMPCOA,2057,0.4717
RE1,IMPCOA,2058,0.4726
RE1,IMPCOA,2059,0.4734
RE1,IMPCOA,2060,0.4743
RE1,IMPCOA,2061,0.4752
RE1,IMPCOA,2062,0.476
RE1,IMPCOA,2063,0.4769
RE1,IMPCOA,2064,0.4778
RE1,IMPCOA,2065,0.4787
RE1,IMPCOA,2066,0.4796
RE1,IMPCOA,2067,0.4805
RE1,IMPCOA,2068,0.4814
RE1,IMPCOA,2069,0.4824
RE1,IMPCOA,2070,0.4045
RE1,MINCOA,2015,0.1202
RE1,MINCOA,2016,0.112
RE1,MINCOA,2017,0.1133
RE1,MINCOA,2018,0.1153
RE1,MINCOA,2019,0.1263
RE1,MINCOA,2020,0.2936
RE1,MINCOA,2021,0.3016
RE1,MINCOA,2022,0.3114
RE1,MINCOA,2023,0.3212
RE1,MINCOA,2024,0.4271
RE1,MINCOA,2025,0.4095
RE1,MINCOA,2026,0.4107
RE1,MINCOA,2027,0.0535
RE1,IMPLFO,2015,0.5551
RE1,IMPLFO,2016,0.5743
RE1,IMPLFO,2017,0.5873
RE1,IMPLFO,2018,0.6018
RE1,IMPLFO,2019,0.6157
RE1,IMPLFO,2020,0.6296
RE1,IMPLFO,2021,0.6407
RE1,IMPLFO,2022,0.6518
RE1,IMPLFO,2023,0.6629
RE1,IMPLFO,2024,0.3145
RE1,IMPLFO,2025,0.5155
RE1,IMPLFO,2026,0.5247
RE1,IMPLFO,2027,0.534
RE1,IMPLFO,2028,0.5432
RE1,IMPLFO,2029,0.5524
RE1,IMPLFO,2030,0.5616
RE1,IMPLFO,2031,0.5692
RE1,IMPLFO,2032,0.5768
RE1,IMPLFO,2033,0.5844
RE1,IMPLFO,2034,0.5921
RE1,IMPLFO,2035,0.5997
RE1,IMPLFO,2036,0.6066
RE1,IMPLFO,2037,0.6136
RE1,IMPLFO,2038,0.6205
RE1,IMPLFO,2039,0.6274
RE1,IMPLFO,2040,0.6344
RE1,IMPLFO,2041,0.641
RE1,IMPLFO,2042,0.6476
RE1,IMPLFO,2043,0.6542
RE1,IMPLFO,2044,0.6608
RE1,IMPLFO,2045,0.6674
RE1,IMPLFO,2046,0.6725
RE1,IMPLFO,2047,0.6777
RE1,IMPLFO,2048,0.6828
RE1,IMPLFO,2049,0.688
RE1,MINNGS,2015,0.0795
RE1,MINNGS,2016,0.0797
RE1,MINNGS,2017,0.0807
RE1,MINNGS,2018,0.084
RE1,MINNGS,2019,0.0847
RE1,MINNGS,2024,0.0012
RE1,MINNGS,2025,0.0011
RE1,MINNGS,2026,0.0066
RE1,MINNGS,2027,0.0118
RE1,MINNGS,2028,0.0169
RE1,MINNGS,2029,0.0251
RE1,MINNGS,2030,0.0142
RE1,MINNGS,2031,0.0261
RE1,MINNGS,2032,0.0261
RE1,MINNGS,2033,0.0235
RE1,MINNGS,2034,0.0224
RE1,MINNGS,2035,0.0224
RE1,MINNGS,2036,0.0224
RE1,MINNGS,2037,0.0224
RE1,MINNGS,2038,0.0135
RE1,MINNGS,2039,0.0135
RE1,MINNGS,2040,0.0113
RE1,MINNGS,2041,0.01
RE1,MINNGS,2042,0.01
RE1,MINNGS,2043,0.01
RE1,MINNGS,2044,0.005
RE1,MINSOL,2015,0.0019
RE1,MINSOL,2016,0.0033
RE1,MINSOL,2017,0.0037
RE1,MINSOL,2018,0.004
RE1,MINSOL,2019,0.0041
RE1,MINSOL,2020,0.0041
RE1,MINSOL,2021,0.0042
RE1,MINSOL,2022,0.0042
RE1,MINSOL,2023,0.0042
RE1,MINSOL,2024,0.0042
RE1,MINSOL,2025,0.0235
RE1,MINSOL,2026,0.0238
RE1,MINSOL,2027,0.0243
RE1,MINSOL,2028,0.025
RE1,MINSOL,2029,0.0255
RE1,MINSOL,2030,0.026
RE1,MINSOL,2031,0.0266
RE1,MINSOL,2032,0.0271
RE1,MINSOL,2033,0.0276
RE1,MINSOL,2034,0.0288
RE1,MINSOL,2035,0.0293
RE1,MINSOL,2036,0.0298
RE1,MINSOL,2037,0.0302
RE1,MINSOL,2038,0.0307
RE1,MINSOL,2039,0.0311
RE1,MINSOL,2040,0.0321
RE1,MINSOL,2041,0.032
RE1,MINSOL,2042,0.0324
RE1,MINSOL,2043,0.0329
RE1,MINSOL,2044,0.0333
RE1,MINSOL,2045,0.0337
RE1,MINSOL,2046,0.034
RE1,MINSOL,2047,0.0344
RE1,MINSOL,2048,0.0347
RE1,MINSOL,2049,0.035
RE1,MINSOL,2050,0.0622
RE1,MINSOL,2051,0.0636
RE1,MINSOL,2052,0.0642
RE1,MINSOL,2053,0.0647
RE1,MINSOL,2054,0.0653
RE1,MINSOL,2055,0.0658
RE1,MINSOL,2056,0.0664
RE1,MINSOL,2057,0.067
RE1,MINSOL,2058,0.0675
RE1,MINSOL,2059,0.0678
RE1,MINSOL,2060,0.0673
RE1,MINSOL,2061,0.0693
RE1,MINSOL,2062,0.0699
RE1,MINSOL,2063,0.0705
RE1,MINSOL,2064,0.0711
RE1,MINSOL,2065,0.0717
RE1,MINSOL,2066,0.0723
RE1,MINSOL,2067,0.0729
RE1,MINSOL,2068,0.0735
RE1,MINSOL,2069,0.0742
RE1,MINSOL,2070,0.084
RE1,MINWND,2015,0.0002
RE1,MINWND,2016,0.0003
RE1,MINWND,2017,0.0004
RE1,MINWND,2018,0.0007
RE1,MINWND,2019,0.001
RE1,MINWND,2020,0.001
RE1,MINWND,2021,0.001
RE1,MINWND,2022,0.001
RE1,MINWND,2023,0.001
RE1,MINWND,2024,0.001
RE1,MINWND,2025,0.001
RE1,MINWND,2026,0.001
RE1,MINWND,2027,0.001
RE1,MINWND,2028,0.001
RE1,MINWND,2029,0.001
RE1,MINWND,2030,0.001
RE1,MINWND,2031,0.001
RE1,MINWND,2032,0.001
RE1,MINWND,2033,0.001
RE1,MINWND,2034,0.001
RE1,MINWND,2035,0.001
RE1,MINWND,2036,0.0008
RE1,MINWND,2037,0.0008
RE1,MINWND,2038,0.0008
RE1,MINWND,2039,0.0008
RE1,MINWND,2040,0.0008
RE1,MINWND,2041,0.0008
RE1,MINWND,2042,0.0008
RE1,MINWND,2043,0.0008
RE1,MINWND,2044,0.0008
RE1,MINWND,2045,0.0008
RE1,MINWND,2046,0.0008
RE1,MINWND,2047,0.0003
RE1,MINWND,2048,0.0003
RE1,MINWND,2049,0.0003
RE1,MINWND,2070,0.0373
RE1,MINGEO,2024,0.0001
RE1,MINGEO,2025,0.0001
RE1,MINGEO,2026,0.0001
RE1,MINGEO,2027,0.0001
RE1,MINGEO,2028,0.0001
RE1,MINGEO,2029,0.0001
RE1,MINGEO,2030,0.0001
RE1,MINGEO,2031,0.0001
RE1,MINGEO,2032,0.0001
RE1,MINGEO,2033,0.0001
RE1,MINGEO,2034,0.0001
RE1,MINGEO,2035,0.0001
RE1,MINGEO,2036,0.0001
RE1,MINGEO,2037,0.0001
RE1,MINGEO,2038,0.0001
RE1,MINGEO,2039,0.0001
RE1,MINGEO,2040,0.0001
RE1,MINGEO,2041,0.0001
RE1,MINGEO,2042,0.0001
RE1,MINGEO,2043,0.0001
RE1,MINGEO,2044,0.0001
RE1,MINGEO,2045,0.0001
RE1,MINGEO,2046,0.0001
RE1,MINGEO,2047,0.0001
RE1,MINGEO,2048,0.0001
RE1,MINGEO,2049,0.0001
RE1,MINGEO,2050,0.0001
RE1,MINGEO,2051,0.0001
RE1,MINGEO,2052,0.0001
RE1,MINGEO,2053,0.0001
RE1,MINGEO,2054,0.0001
RE1,MINGEO,2055,0.0001
RE1,MINGEO,2056,0.0001
RE1,MINGEO,2057,0.0001
RE1,MINGEO,2058,0.0001
RE1,MINGEO,2059,0.0001
RE1,MINGEO,2060,0.0001
RE1,MINGEO,2061,0.0001
RE1,MINGEO,2062,0.0001
RE1,MINGEO,2063,0.0001
RE1,MINGEO,2064,0.0001
RE1,MINGEO,2065,0.0001
RE1,MINGEO,2066,0.0001
RE1,MINGEO,2067,0.0001
RE1,MINGEO,2068,0.0001
RE1,MINGEO,2069,0.0001
RE1,MINGEO,2070,0.0001
RE1,MINHYD,2015,0.0052
RE1,MINHYD,2016,0.0052
RE1,MINHYD,2017,0.0052
RE1,MINHYD,2018,0.0052
RE1,MINHYD,2019,0.0052
RE1,MINHYD,2020,0.0052
RE1,MINHYD,2021,0.0052
RE1,MINHYD,2022,0.0052
RE1,MINHYD,2023,0.0052
RE1,MINHYD,2024,0.0052
RE1,MINHYD,2025,0.0052
RE1,MINHYD,2026,0.0052
RE1,MINHYD,2027,0.0052
RE1,MINHYD,2028,0.0052
RE1,MINHYD,2029,0.0052
RE1,MINHYD,2030,0.0052
RE1,MINHYD,2031,0.0052
RE1,MINHYD,2032,0.0052
RE1,MINHYD,2033,0.0052
RE1,MINHYD,2034,0.0052
RE1,MINHYD,2035,0.0052
RE1,MINHYD,2036,0.0052
RE1,MINHYD,2037,0.0052
RE1,MINHYD,2038,0.0052
RE1,MINHYD,2039,0.0052
RE1,MINHYD,2040,0.0052
RE1,MINHYD,2041,0.0052
RE1,MINHYD,2042,0.0052
RE1,MINHYD,2043,0.0052
RE1,MINHYD,2044,0.0052
RE1,MINHYD,2045,0.0052
RE1,MINHYD,2046,0.0052
RE1,MINHYD,2047,0.0052
RE1,MINHYD,2048,0.0052
RE1,MINHYD,2049,0.0052
RE1,MINHYD,2050,0.0052
RE1,PWRBIO001,2035,4232.7517
RE1,PWRBIO001,2036,3694.38
RE1,PWRBIO001,2037,8301.6312
RE1,PWRBIO001,2038,7244.3611
RE1,PWRBIO001,2039,3463.0848
RE1,PWRBIO001,2040,3531.332
RE1,PWRBIO001,2041,4771.2438
RE1,PWRBIO001,2042,5740.7485
RE1,PWRBIO001,2043,3394.0682
RE1,PWRBIO001,2044,5732.3801
RE1,PWRBIO001,2045,7525.9874
RE1,PWRBIO001,2046,3858.2582
RE1,PWRBIO001,2047,4407.6157
RE1,PWRBIO001,2048,3210.9401
RE1,PWRBIO001,2049,2423.8412
RE1,PWRBIO001,2050,270038.93
RE1,PWRBIO001,2051,9323.5928
RE1,PWRBIO001,2052,4666.179
RE1,PWRBIO001,2053,4709.0756
RE1,PWRBIO001,2054,4752.4009
RE1,PWRBIO001,2055,4796.1189
RE1,PWRBIO001,2056,4840.2699
RE1,PWRBIO001,2057,4884.8356
RE1,PWRBIO001,2058,4929.8205
RE1,PWRBIO001,2059,4220.9886
RE1,PWRBIO001,2060,11285.824
RE1,PWRBIO001,2061,7484.0541
RE1,PWRBIO001,2062,13415.76
RE1,PWRBIO001,2063,12405.671
RE1,PWRBIO001,2064,8672.0174
RE1,PWRBIO001,2065,8788.3616
RE1,PWRBIO001,2066,10076.822
RE1,PWRBIO001,2067,11095.333
RE1,PWRBIO001,2068,8798.1421
RE1,PWRBIO001,2069,8999.5506
RE1,PWRCOA001,2019,1886.8484
RE1,PWRCOA001,2020,33523.867
RE1,PWRCOA001,2021,1395.9482
RE1,PWRCOA001,2022,1753.9919
RE1,PWRCOA001,2023,1752.8433
RE1,PWRCOA001,2024,21195.306
RE1,PWRCOA001,2031,4846.8597
RE1,PWRCOA001,2032,1884.8739
RE1,PWRCOA001,2033,2363.0987
RE1,PWRCOA001,2034,1616.6424
RE1,PWRGEO,2024,20.1194
RE1,PWRSOL001,2025,11800.454
RE1,PWRSOL001,2026,192.5972
RE1,PWRSOL001,2027,298.2833
RE1,PWRSOL001,2028,408.588
RE1,PWRSOL001,2029,288.6882
RE1,PWRSOL001,2030,282.3508
RE1,PWRSOL001,2031,276.9185
RE1,PWRSOL001,2032,271.2877
RE1,PWRSOL001,2033,265.6788
RE1,PWRSOL001,2034,610.7411
RE1,PWRSOL001,2035,1215.8354
RE1,PWRSOL001,2036,902.2336
RE1,PWRSOL001,2037,375.8421
RE1,PWRSOL001,2038,377.141
RE1,PWRSOL001,2039,217.7119
RE1,PWRSOL001,2040,442.3444
RE1,PWRSOL001,2042,195.101
RE1,PWRSOL001,2043,195.0645
RE1,PWRSOL001,2044,195.0281
RE1,PWRSOL001,2045,194.9932
RE1,PWRSOL001,2046,142.312
RE1,PWRSOL001,2047,142.2968
RE1,PWRSOL001,2048,142.2801
RE1,PWRSOL001,2049,142.268
RE1,PWRSOL001,2050,12207.406
RE1,PWRSOL001,2051,644.3847
RE1,PWRSOL001,2052,243.4919
RE1,PWRSOL001,2053,245.6541
RE1,PWRSOL001,2054,247.8296
RE1,PWRSOL001,2055,8920.4874
RE1,PWRSOL001,2056,396.6372
RE1,PWRSOL001,2057,482.7477
RE1,PWRSOL001,2058,576.0436
RE1,PWRSOL001,2059,375.9161
RE1,PWRSOL001,2061,1099.4381
RE1,PWRSOL001,2062,496.3221
RE1,PWRSOL001,2063,498.5765
RE1,PWRSOL001,2064,811.0998
RE1,PWRSOL001,2065,1371.9786
RE1,PWRSOL001,2066,1106.9978
RE1,PWRSOL001,2067,631.3255
RE1,PWRSOL001,2068,642.2638
RE1,PWRSOL001,2069,496.2061
RE1,PWRSOL001,2070,4870.7523
RE1,PWRWND001,2070,16528.37
RE1,PWRSOL001S,2030,17775.82
RE1,PWRSOL001S,2031,343.8098
RE1,PWRSOL001S,2032,336.6546
RE1,PWRSOL001S,2033,329.8509
RE1,PWRSOL001S,2034,757.874
RE1,PWRSOL001S,2035,326.8364
RE1,PWRSOL001S,2036,269.8821
RE1,PWRSOL001S,2037,264.4496
RE1,PWRSOL001S,2038,258.7378
RE1,PWRSOL001S,2039,253.3134
RE1,PWRSOL001S,2040,488.808
RE1,PWRSOL001S,2042,237.5699
RE1,PWRSOL001S,2043,235.6025
RE1,PWRSOL001S,2044,233.9105
RE1,PWRSOL001S,2045,231.9463
RE1,PWRSOL001S,2046,168.079
RE1,PWRSOL001S,2047,166.6583
RE1,PWRSOL001S,2048,165.4364
RE1,PWRSOL001S,2049,164.0198
RE1,PWRSOL001S,2050,13970.682
RE1,PWRSOL001S,2051,737.4616
RE1,PWRSOL001S,2052,278.6626
RE1,PWRSOL001S,2053,281.1372
RE1,PWRSOL001S,2054,283.6268
RE1,PWRSOL001S,2055,286.1473
RE1,PWRSOL001S,2056,288.6848
RE1,PWRSOL001S,2057,291.2482
RE1,PWRSOL001S,2058,293.8375
RE1,PWRSOL001S,2059,1009.8159
RE1,PWRSOL001S,2060,12270.0
RE1,PWRSOL001S,2061,1258.2444
RE1,PWRSOL001S,2062,568.0124
RE1,PWRSOL001S,2063,570.5925
RE1,PWRSOL001S,2064,928.2576
RE1,PWRSOL001S,2065,584.9059
RE1,PWRSOL001S,2066,544.9399
RE1,PWRSOL001S,2067,547.6864
RE1,PWRSOL001S,2068,550.4532
RE1,PWRSOL001S,2069,1810.3884
RE1,PWRSOL001S,2070,4263.5301
RE1,PWRTRNIMP,2015,0.0003
RE1,PWRTRNIMP,2016,0.0004
RE1,PWRTRNIMP,2017,0.0004
RE1,PWRTRNIMP,2018,0.0005
RE1,PWRTRNIMP,2019,0.0005
RE1,PWRTRNIMP,2020,0.0005
RE1,PWRTRNIMP,2021,0.0005
RE1,PWRTRNIMP,2022,0.0005
RE1,PWRTRNIMP,2023,0.0005
RE1,PWRTRNIMP,2024,0.0005
RE1,PWRTRNIMP,2025,0.0007
RE1,PWRTRNIMP,2026,0.0007
RE1,PWRTRNIMP,2027,0.0007
RE1,PWRTRNIMP,2028,0.0007
RE1,PWRTRNIMP,2029,0.0007
RE1,PWRTRNIMP,2030,0.0007
RE1,PWRTRNIMP,2031,0.0007
RE1,PWRTRNIMP,2032,0.0007
RE1,PWRTRNIMP,2033,0.0007
RE1,PWRTRNIMP,2034,0.0007
RE1,PWRTRNIMP,2035,0.0007
RE1,PWRTRNIMP,2036,0.0007
RE1,PWRTRNIMP,2037,0.0007
RE1,PWRTRNIMP,2038,0.0006
RE1,PWRTRNIMP,2039,0.0006
RE1,PWRTRNIMP,2040,0.0006
RE1,PWRTRNIMP,2041,0.0006
RE1,PWRTRNIMP,2042,0.0006
RE1,PWRTRNIMP,2043,0.0006
RE1,PWRTRNIMP,2044,0.0006
RE1,PWRTRNIMP,2045,0.0006
RE1,PWRTRNIMP,2046,0.0006
RE1,PWRTRNIMP,2047,0.0006
RE1,PWRTRNIMP,2048,0.0006
RE1,PWRTRNIMP,2049,0.0006
RE1,PWRTRNIMP,2050,0.0007
RE1,PWRTRNIMP,2051,0.0007
RE1,PWRTRNIMP,2052,0.0007
RE1,PWRTRNIMP,2053,0.0007
RE1,PWRTRNIMP,2054,0.0007
RE1,PWRTRNIMP,2055,0.0007
RE1,PWRTRNIMP,2056,0.0007
RE1,PWRTRNIMP,2057,0.0007
RE1,PWRTRNIMP,2058,0.0007
RE1,PWRTRNIMP,2059,0.0007
RE1,PWRTRNIMP,2060,0.0007
RE1,PWRTRNIMP,2061,0.0007
RE1,PWRTRNIMP,2062,0.0007
RE1,PWRTRNIMP,2063,0.0007
RE1,PWRTRNIMP,2064,0.0007
RE1,PWRTRNIMP,2065,0.0007
RE1,PWRTRNIMP,2066,0.0007
RE1,PWRTRNIMP,2067,0.0007
RE1,PWRTRNIMP,2068,0.0007
RE1,PWRTRNIMP,2069,0.0007
RE1,PWRTRNIMP,2070,0.0007
RE1,PWRTRN,2026,114.9337
RE1,PWRTRN,2027,254.3712
RE1,PWRTRN,2028,254.1539
RE1,PWRTRN,2029,201.3883
RE1,PWRTRN,2030,722.4293
RE1,PWRTRN,2031,48.3359
RE1,PWRTRN,2032,301.5494
RE1,PWRTRN,2033,358.5737
RE1,PWRTRN,2034,372.7123
RE1,PWRTRN,2035,302.0091
RE1,PWRTRN,2036,250.0961
RE1,PWRTRN,2037,249.3707
RE1,PWRTRN,2038,448.0876
RE1,PWRTRN,2039,249.0018
RE1,PWRTRN,2040,325.9144
RE1,PWRTRN,2041,242.787
RE1,PWRTRN,2042,242.3163
RE1,PWRTRN,2043,243.5961
RE1,PWRTRN,2044,366.3072
RE1,PWRTRN,2045,351.2305
RE1,PWRTRN,2046,171.3057
RE1,PWRTRN,2047,182.649
RE1,PWRTRN,2048,172.6895
RE1,PWRTRN,2049,170.9797
RE1,PWRTRN,2050,17890.955
RE1,PWRTRN,2051,11310.234
RE1,PWRTRN,2052,319.8904
RE1,PWRTRN,2053,322.8079
RE1,PWRTRN,2054,325.7521
RE1,PWRTRN,2055,328.7251
RE1,PWRTRN,2056,331.7255
RE1,PWRTRN,2057,334.7545
RE1,PWRTRN,2058,337.8126
RE1,PWRTRN,2059,370.2553
RE1,PWRTRN,2060,197.3676
RE1,PWRTRN,2061,464.4518
RE1,PWRTRN,2062,350.3358
RE1,PWRTRN,2063,353.5412
RE1,PWRTRN,2064,356.7775
RE1,PWRTRN,2065,360.0436
RE1,PWRTRN,2066,363.3411
RE1,PWRTRN,2067,366.6703
RE1,PWRTRN,2068,370.0304
RE1,PWRTRN,2069,412.8674
RE1,PWRDIST,2029,83.8839
RE1,PWRDIST,2030,343.1692
RE1,PWRDIST,2031,24.756
RE1,PWRDIST,2032,144.5011
RE1,PWRDIST,2033,171.5666
RE1,PWRDIST,2034,178.367
RE1,PWRDIST,2035,145.0178
RE1,PWRDIST,2036,120.5323
RE1,PWRDIST,2037,120.266
RE1,PWRDIST,2038,214.4889
RE1,PWRDIST,2039,120.2758
RE1,PWRDIST,2040,156.8152
RE1,PWRDIST,2041,117.4941
RE1,PWRDIST,2042,117.3458
RE1,PWRDIST,2043,118.0279
RE1,PWRDIST,2044,176.3536
RE1,PWRDIST,2045,169.3074
RE1,PWRDIST,2046,83.9509
RE1,PWRDIST,2047,89.3936
RE1,PWRDIST,2048,84.7162
RE1,PWRDIST,2049,83.9565
RE1,PWRDIST,2050,8512.0117
RE1,PWRDIST,2051,5650.0924
RE1,PWRDIST,2052,152.1468
RE1,PWRDIST,2053,153.5344
RE1,PWRDIST,2054,154.9347
RE1,PWRDIST,2055,156.3487
RE1,PWRDIST,2056,157.7758
RE1,PWRDIST,2057,159.2165
RE1,PWRDIST,2058,160.671
RE1,PWRDIST,2059,176.1014
RE1,PWRDIST,2060,93.8723
RE1,PWRDIST,2061,220.9033
RE1,PWRDIST,2062,166.6272
RE1,PWRDIST,2063,168.1518
RE1,PWRDIST,2064,169.6911
RE1,PWRDIST,2065,171.2445
RE1,PWRDIST,2066,172.8129
RE1,PWRDIST,2067,174.3963
RE1,PWRDIST,2068,175.9944
RE1,PWRDIST,2069,196.3686
RE1,PWRTRNEXP,2015,0.0
RE1,PWRTRNEXP,2016,0.0
RE1,PWRTRNEXP,2017,0.0
RE1,PWRTRNEXP,2018,0.0
RE1,PWRTRNEXP,2019,0.0
RE1,PWRTRNEXP,2020,0.0
RE1,PWRTRNEXP,2021,0.0
RE1,PWRTRNEXP,2022,0.0
RE1,PWRTRNEXP,2023,0.0
RE1,PWRTRNEXP,2024,0.0
RE1,PWRTRNEXP,2025,0.0001
RE1,PWRTRNEXP,2026,0.0
RE1,PWRTRNEXP,2027,0.0
RE1,PWRTRNEXP,2028,0.0
RE1,PWRTRNEXP,2029,0.0
RE1,PWRTRNEXP,2030,0.0001
RE1,PWRTRNEXP,2031,0.0001
RE1,PWRTRNEXP,2032,0.0001
RE1,PWRTRNEXP,2033,0.0001
RE1,PWRTRNEXP,2034,0.0001
RE1,PWRTRNEXP,2035,0.0001
RE1,PWRTRNEXP,2036,0.0001
RE1,PWRTRNEXP,2037,0.0001
RE1,PWRTRNEXP,2038,0.0001
RE1,PWRTRNEXP,2039,0.0001
RE1,PWRTRNEXP,2040,0.0001
RE1,PWRTRNEXP,2041,0.0001
RE1,PWRTRNEXP,2042,0.0001
RE1,PWRTRNEXP,2043,0.0001
RE1,PWRTRNEXP,2044,0.0001
RE1,PWRTRNEXP,2045,0.0001
RE1,PWRTRNEXP,2046,0.0001
RE1,PWRTRNEXP,2047,0.0001
RE1,PWRTRNEXP,2048,0.0001
RE1,PWRTRNEXP,2049,0.0001
RE1,PWRTRNEXP,2050,0.0001
RE1,PWRTRNEXP,2051,0.0001
RE1,PWRTRNEXP,2052,0.0001
RE1,PWRTRNEXP,2053,0.0001
RE1,PWRTRNEXP,2054,0.0001
RE1,PWRTRNEXP,2055,0.0001
RE1,PWRTRNEXP,2056,0.0001
RE1,PWRTRNEXP,2057,0.0001
RE1,PWRTRNEXP,2058,0.0001
RE1,PWRTRNEXP,2059,0.0001
RE1,PWRTRNEXP,2060,0.0001
RE1,PWRTRNEXP,2061,0.0001
RE1,PWRTRNEXP,2062,0.0001
RE1,PWRTRNEXP,2063,0.0001
RE1,PWRTRNEXP,2064,0.0001
RE1,PWRTRNEXP,2065,0.0001
RE1,PWRTRNEXP,2066,0.0001
RE1,PWRTRNEXP,2067,0.0001
RE1,PWRTRNEXP,2068,0.0001
RE1,PWRTRNEXP,2069,0.0001
RE1,PWRTRNEXP,2070,0.0
RE1,DEMTRAEVC,2024,4946.8048
RE1,DEMTRAEVC,2025,80.6846
RE1,DEMTRAEVC,2026,89.8661
RE1,DEMTRAEVC,2027,89.8512
RE1,DEMTRAEVC,2028,89.837
RE1,DEMTRAEVC,2029,89.8237
RE1,DEMTRAEVC,2030,89.811
RE1,DEMTRAEVC,2031,74.317
RE1,DEMTRAEVC,2032,74.2965
RE1,DEMTRAEVC,2033,74.2772
RE1,DEMTRAEVC,2034,74.2589
RE1,DEMTRAEVC,2035,74.2416
RE1,DEMTRAEVC,2036,67.6812
RE1,DEMTRAEVC,2037,67.6714
RE1,DEMTRAEVC,2038,67.6619
RE1,DEMTRAEVC,2039,67.6528
RE1,DEMTRAEVC,2040,67.644
RE1,DEMTRAEVC,2041,64.3658
RE1,DEMTRAEVC,2042,64.3593
RE1,DEMTRAEVC,2043,64.353
RE1,DEMTRAEVC,2044,64.347
RE1,DEMTRAEVC,2045,64.3412
RE1,DEMTRAEVC,2046,50.3095
RE1,DEMTRAEVC,2047,50.3069
RE1,DEMTRAEVC,2048,50.3044
RE1,DEMTRAEVC,2049,50.3019
RE1,DEMTRAEVC,2050,28501.753
RE1,DEMTRAEVC,2051,351.9099
RE1,DEMTRAEVC,2052,283.6555
RE1,DEMTRAEVC,2053,285.8836
RE1,DEMTRAEVC,2054,288.128
RE1,DEMTRAEVC,2055,290.3917
RE1,DEMTRAEVC,2056,292.6724
RE1,DEMTRAEVC,2057,294.9717
RE1,DEMTRAEVC,2058,297.2898
RE1,DEMTRAEVC,2059,345.0632
RE1,DEMTRAEVC,2060,134.9056
RE1,DEMTRAEVC,2061,425.9912
RE1,DEMTRAEVC,2062,306.7462
RE1,DEMTRAEVC,2063,309.1578
RE1,DEMTRAEVC,2064,311.5892
RE1,DEMTRAEVC,2065,314.0387
RE1,DEMTRAEVC,2066,316.5084
RE1,DEMTRAEVC,2067,318.9983
RE1,DEMTRAEVC,2068,321.507
RE1,DEMTRAEVC,2069,435.9909
RE1,DEMTRAMCYELC,2024,15759.78
RE1,DEMTRAMCYELC,2025,230.5345
RE1,DEMTRAMCYELC,2026,227.2362
RE1,DEMTRAMCYELC,2027,197.6713
RE1,DEMTRAMCYELC,2028,168.1178
RE1,DEMTRAMCYELC,2029,138.5748
RE1,DEMTRAMCYELC,2030,109.0414
RE1,DEMTRAMCYELC,2031,65.8076
RE1,DEMTRAMCYELC,2032,41.3741
RE1,DEMTRAMCYELC,2033,16.9542
RE1,DEMTRAMCYELC,2034,0.0
RE1,DEMTRAMCYELC,2035,0.0
RE1,DEMTRAMCYELC,2036,0.0
RE1,DEMTRAMCYELC,2037,0.0
RE1,DEMTRAMCYELC,2038,0.0
RE1,DEMTRAMCYELC,2039,0.0009
RE1,DEMTRAMCYELC,2040,0.0
RE1,DEMTRAMCYELC,2041,0.0
RE1,DEMTRAMCYELC,2042,0.0
RE1,DEMTRAMCYELC,2043,0.0
RE1,DEMTRAMCYELC,2044,0.0
RE1,DEMTRAMCYELC,2045,0.0
RE1,DEMTRAMCYELC,2046,0.0
RE1,DEMTRAMCYELC,2047,0.0
RE1,DEMTRAMCYELC,2048,0.0
RE1,DEMTRAMCYELC,2049,0.0
RE1,DEMTRAMCYELC,2050,0.0002
RE1,DEMTRAMCYELC,2051,0.0
RE1,DEMTRAMCYELC,2052,0.0
RE1,DEMTRAMCYELC,2053,0.0
RE1,DEMTRAMCYELC,2054,0.0009
RE1,DEMTRAMCYELC,2055,0.0
RE1,DEMTRAMCYELC,2056,0.0
RE1,DEMTRAMCYELC,2057,0.0001
RE1,DEMTRAMCYELC,2058,0.0
RE1,DEMTRAMCYELC,2060,0.0
RE1,DEMTRAMCYELC,2061,0.0001
RE1,DEMTRAMCYELC,2062,0.0001
RE1,DEMTRAMCYELC,2063,0.0
RE1,DEMTRAMCYELC,2064,0.0
RE1,DEMTRAMCYELC,2065,0.0002
RE1,DEMTRAMCYELC,2066,0.0001
RE1,DEMTRAMCYELC,2067,0.0
RE1,DEMTRAMCYELC,2068,0.0001
RE1,DEMTRAMCYELC,2069,0.0009
RE1,DEMTRAMCYELC,2070,0.0
RE1,DEMTRACARELC,2050,0.0027
RE1,DEMTRACARELC,2051,0.0
RE1,DEMTRACARELC,2052,0.0
RE1,DEMTRACARELC,2053,0.0
RE1,DEMTRACARELC,2054,0.0
RE1,DEMTRACARELC,2055,0.0
RE1,DEMTRACARELC,2056,0.0
RE1,DEMTRACARELC,2059,0.0001
RE1,DEMTRACARELC,2060,0.0
RE1,DEMTRACARELC,2061,0.0
RE1,DEMTRACARELC,2063,0.0
RE1,DEMTRACARELC,2064,0.0
RE1,DEMTRACARELC,2065,0.0001
RE1,DEMTRACARELC,2066,0.0
RE1,DEMTRACARELC,2067,0.0
RE1,DEMTRACARELC,2068,0.0
RE1,DEMTRACARELC,2069,0.0
RE1,DEMTRACARELC,2070,0.0027
RE1,DEMTRABUSELC,2050,598806.95
RE1,DEMTRABUSELC,2051,4560.1498
RE1,DEMTRABUSELC,2052,4595.4208
RE1,DEMTRABUSELC,2053,4630.9669
RE1,DEMTRABUSELC,2054,4666.79
RE1,DEMTRABUSELC,2055,4702.8926
RE1,DEMTRABUSELC,2056,4739.2767
RE1,DEMTRABUSELC,2057,4775.9446
RE1,DEMTRABUSELC,2058,4812.8985
RE1,DEMTRABUSELC,2059,4850.1406
RE1,DEMTRABUSELC,2060,4887.6732
RE1,DEMTRABUSELC,2061,4925.4986
RE1,DEMTRABUSELC,2062,4963.6189
RE1,DEMTRABUSELC,2063,5002.0366
RE1,DEMTRABUSELC,2064,5040.754
RE1,DEMTRABUSELC,2065,5079.7735
RE1,DEMTRABUSELC,2066,5119.0974
RE1,DEMTRABUSELC,2067,5158.728
RE1,DEMTRABUSELC,2068,5198.6678
RE1,DEMTRABUSELC,2069,5238.9194
RE1,DEMTRABUSELC,2070,604086.43
RE1,DEMTRAMCYGSL,2015,0.0007
RE1,DEMTRAMCYGSL,2016,0.0
RE1,DEMTRAMCYGSL,2017,0.0
RE1,DEMTRAMCYGSL,2018,0.0
RE1,DEMTRAMCYGSL,2019,0.0
RE1,DEMTRAMCYGSL,2020,0.0
RE1,DEMTRAMCYGSL,2021,0.0
RE1,DEMTRAMCYGSL,2022,0.0
RE1,DEMTRAMCYGSL,2023,0.0
RE1,DEMTRACARGSL,2015,0.0016
RE1,DEMTRACARGSL,2016,0.0004
RE1,DEMTRACARGSL,2030,0.0026
RE1,DEMTRABUSGSL,2015,0.0014
RE1,DEMTRABUSGSL,2018,0.0
RE1,DEMTRABUSGSL,2019,0.0
RE1,DEMTRABUSGSL,2020,0.0
RE1,DEMTRABUSGSL,2021,0.0003
RE1,DEMTRABUSGSL,2030,0.0022
RE1,DEMINDELC,2015,0.0011
RE1,DEMINDELC,2016,0.0001
RE1,DEMINDELC,2017,0.0001
RE1,DEMINDELC,2018,0.0001
RE1,DEMINDELC,2019,0.0001
RE1,DEMINDELC,2020,0.0001
RE1,DEMINDELC,2021,0.0
RE1,DEMINDELC,2022,0.0
RE1,DEMINDELC,2023,0.0
RE1,DEMINDELC,2030,0.0
RE1,DEMINDELC,2031,0.0
RE1,DEMINDELC,2032,0.0
RE1,DEMINDELC,2033,0.0
RE1,DEMINDELC,2034,0.0
RE1,DEMINDELC,2035,0.0
RE1,DEMINDELC,2036,0.0
RE1,DEMINDELC,2037,0.0
RE1,DEMINDELC,2038,0.0
RE1,DEMINDELC,2039,0.0
RE1,DEMINDELC,2040,0.0
RE1,DEMINDELC,2041,0.0001
RE1,DEMINDELC,2042,0.0001
RE1,DEMINDELC,2043,0.0001
RE1,DEMINDELC,2045,0.0
RE1,DEMINDELC,2046,0.0
RE1,DEMINDELC,2047,0.0
RE1,DEMINDELC,2048,0.0
RE1,DEMINDELC,2049,0.0
RE1,DEMINDELC,2050,0.0
RE1,DEMINDELC,2051,0.0001
RE1,DEMINDELC,2052,0.0001
RE1,DEMINDELC,2053,0.0001
RE1,DEMINDELC,2054,0.0
RE1,DEMINDELC,2055,0.0
RE1,DEMINDELC,2056,0.0
RE1,DEMINDELC,2057,0.0
RE1,DEMINDELC,2058,0.0
RE1,DEMINDELC,2059,0.0
RE1,DEMINDELC,2061,0.0001
RE1,DEMINDELC,2062,0.0001
RE1,DEMINDELC,2063,0.0001
RE1,DEMINDELC,2064,0.0
RE1,DEMINDELC,2065,0.0
RE1,DEMINDELC,2066,0.0
RE1,DEMINDELC,2067,0.0
RE1,DEMINDELC,2068,0.0
RE1,DEMINDELC,2070,0.0002
RE1,INDENEFFDP,2024,10586.147
RE1,INDENEFFDP,2025,285.9551
RE1,INDENEFFDP,2026,308.9991
RE1,INDENEFFDP,2027,308.9991
RE1,INDENEFFDP,2028,308.9991
RE1,INDENEFFDP,2029,308.9991
RE1,INDENEFFDP,2030,308.9991
RE1,INDENEFFDP,2031,353.1826
RE1,INDENEFFDP,2032,353.1826
RE1,INDENEFFDP,2033,353.1826
RE1,INDENEFFDP,2034,10939.329
RE1,INDENEFFDP,2035,639.1377
RE1,INDENEFFDP,2036,593.3354
RE1,INDENEFFDP,2037,593.3354
RE1,INDENEFFDP,2038,593.3354
RE1,INDENEFFDP,2039,593.3354
RE1,INDENEFFDP,2040,651.9133
RE1,INDENEFFDP,2041,573.0372
RE1,INDENEFFDP,2042,631.6151
RE1,INDENEFFDP,2043,631.6151
RE1,INDENEFFDP,2044,11429.97
RE1,INDENEFFDP,2045,705.3622
RE1,INDENEFFDP,2046,787.2097
RE1,INDENEFFDP,2047,787.2097
RE1,INDENEFFDP,2048,787.2097
RE1,INDENEFFDP,2049,787.2097
RE1,INDENEFFDP,2050,1073.834
RE1,INDENEFFDP,2051,545.4012
RE1,INDENEFFDP,2052,834.2611
RE1,INDENEFFDP,2053,836.5216
RE1,INDENEFFDP,2054,11637.162
RE1,INDENEFFDP,2055,914.8656
RE1,INDENEFFDP,2056,999.05
RE1,INDENEFFDP,2057,1001.4131
RE1,INDENEFFDP,2058,1003.8025
RE1,INDENEFFDP,2059,1006.2186
RE1,INDENEFFDP,2060,1550.0862
RE1,INDENEFFDP,2061,514.5231
RE1,INDENEFFDP,2062,1060.6811
RE1,INDENEFFDP,2063,1065.4672
RE1,INDENEFFDP,2064,11868.661
RE1,INDENEFFDP,2065,1148.9474
RE1,INDENEFFDP,2066,1235.743
RE1,INDENEFFDP,2067,1240.7464
RE1,INDENEFFDP,2068,1245.8055
RE1,INDENEFFDP,2069,1532.4733
RE1,DEMINDHEBIO,2015,6118.9699
RE1,DEMINDHEBIO,2022,57.5756
RE1,DEMINDHEBIO,2023,88.7996
RE1,DEMINDHEBIO,2024,88.6422
RE1,DEMINDHEBIO,2025,88.5041
RE1,DEMINDHEBIO,2026,97.6675
RE1,DEMINDHEBIO,2027,97.5138
RE1,DEMINDHEBIO,2028,97.3534
RE1,DEMINDHEBIO,2029,97.1969
RE1,DEMINDHEBIO,2030,6183.8783
RE1,DEMINDHEBIO,2031,87.4671
RE1,DEMINDHEBIO,2032,87.252
RE1,DEMINDHEBIO,2033,87.0463
RE1,DEMINDHEBIO,2034,86.8614
RE1,DEMINDHEBIO,2035,86.67
RE1,DEMINDHEBIO,2036,76.0489
RE1,DEMINDHEBIO,2037,133.1175
RE1,DEMINDHEBIO,2038,163.9906
RE1,DEMINDHEBIO,2039,163.7066
RE1,DEMINDHEBIO,2040,163.4278
RE1,DEMINDHEBIO,2041,175.6184
RE1,DEMINDHEBIO,2042,175.314
RE1,DEMINDHEBIO,2043,175.0434
RE1,DEMINDHEBIO,2044,174.7515
RE1,DEMINDHEBIO,2045,6209.1069
RE1,DEMINDHEBIO,2046,146.8111
RE1,DEMINDHEBIO,2047,146.5275
RE1,DEMINDHEBIO,2048,146.2291
RE1,DEMINDHEBIO,2049,145.9357
RE1,DEMINDHEBIO,2050,145.6674
RE1,DEMINDHEBIO,2051,136.4768
RE1,DEMINDHEBIO,2052,193.3326
RE1,DEMINDHEBIO,2053,224.2393
RE1,DEMINDHEBIO,2054,224.3238
RE1,DEMINDHEBIO,2055,224.3763
RE1,DEMINDHEBIO,2056,236.7966
RE1,DEMINDHEBIO,2057,236.8816
RE1,DEMINDHEBIO,2058,236.9311
RE1,DEMINDHEBIO,2059,237.0187
RE1,DEMINDHEBIO,2060,6190.4313
RE1,DEMINDHEBIO,2061,210.2188
RE1,DEMINDHEBIO,2062,210.4286
RE1,DEMINDHEBIO,2063,210.6393
RE1,DEMINDHEBIO,2064,210.8926
RE1,DEMINDHEBIO,2065,211.2242
RE1,DEMINDHEBIO,2066,202.7408
RE1,DEMINDHEBIO,2067,259.5801
RE1,DEMINDHEBIO,2068,290.8464
RE1,DEMINDHEBIO,2069,291.6
RE1,DEMINDHEBIO,2070,292.4206
RE1,DEMRESELC,2015,0.0006
RE1,DEMRESELC,2016,0.0
RE1,DEMRESELC,2017,0.0
RE1,DEMRESELC,2018,0.0
RE1,DEMRESELC,2019,0.0
RE1,DEMRESELC,2020,0.0
RE1,DEMRESELC,2021,0.0
RE1,DEMRESELC,2022,0.0
RE1,DEMRESELC,2023,0.0
RE1,DEMRESELC,2030,0.0
RE1,DEMRESELC,2031,0.0
RE1,DEMRESELC,2032,0.0
RE1,DEMRESELC,2033,0.0
RE1,DEMRESELC,2034,0.0
RE1,DEMRESELC,2035,0.0
RE1,DEMRESELC,2036,0.0
RE1,DEMRESELC,2037,0.0
RE1,DEMRESELC,2038,0.0
RE1,DEMRESELC,2039,0.0
RE1,DEMRESELC,2040,0.0
RE1,DEMRESELC,2041,0.0
RE1,DEMRESELC,2042,0.0
RE1,DEMRESELC,2043,0.0
RE1,DEMRESELC,2045,0.0
RE1,DEMRESELC,2046,0.0
RE1,DEMRESELC,2047,0.0
RE1,DEMRESELC,2048,0.0
RE1,DEMRESELC,2049,0.0
RE1,DEMRESELC,2050,0.0
RE1,DEMRESELC,2051,0.0
RE1,DEMRESELC,2052,0.0
RE1,DEMRESELC,2053,0.0
RE1,DEMRESELC,2054,0.0
RE1,DEMRESELC,2055,0.0
RE1,DEMRESELC,2056,0.0
RE1,DEMRESELC,2057,0.0
RE1,DEMRESELC,2058,0.0
RE1,DEMRESELC,2059,0.0
RE1,DEMRESELC,2061,0.0001
RE1,DEMRESELC,2062,0.0
RE1,DEMRESELC,2063,0.0
RE1,DEMRESELC,2064,0.0
RE1,DEMRESELC,2065,0.0
RE1,DEMRESELC,2066,0.0
RE1,DEMRESELC,2067,0.0
RE1,DEMRESELC,2068,0.0
RE1,DEMRESELC,2070,0.0001
RE1,RESENEFFDP,2024,5284.6314
RE1,RESENEFFDP,2025,142.7495
RE1,RESENEFFDP,2026,154.2531
RE1,RESENEFFDP,2027,154.2531
RE1,RESENEFFDP,2028,154.2531
RE1,RESENEFFDP,2029,154.2531
RE1,RESENEFFDP,2030,154.2531
RE1,RESENEFFDP,2031,176.3097
RE1,RESENEFFDP,2032,176.3097
RE1,RESENEFFDP,2033,176.3097
RE1,RESENEFFDP,2034,5460.9411
RE1,RESENEFFDP,2035,319.0592
RE1,RESENEFFDP,2036,296.1945
RE1,RESENEFFDP,2037,296.1945
RE1,RESENEFFDP,2038,296.1945
RE1,RESENEFFDP,2039,296.1945
RE1,RESENEFFDP,2040,325.4368
RE1,RESENEFFDP,2041,286.0616
RE1,RESENEFFDP,2042,315.3039
RE1,RESENEFFDP,2043,315.3039
RE1,RESENEFFDP,2044,5705.87
RE1,RESENEFFDP,2045,352.1186
RE1,RESENEFFDP,2046,392.9771
RE1,RESENEFFDP,2047,392.9771
RE1,RESENEFFDP,2048,392.9771
RE1,RESENEFFDP,2049,392.9771
RE1,RESENEFFDP,2050,536.0607
RE1,RESENEFFDP,2051,272.2657
RE1,RESENEFFDP,2052,416.4653
RE1,RESENEFFDP,2053,417.5937
RE1,RESENEFFDP,2054,5809.3009
RE1,RESENEFFDP,2055,456.7032
RE1,RESENEFFDP,2056,498.7283
RE1,RESENEFFDP,2057,499.908
RE1,RESENEFFDP,2058,501.1008
RE1,RESENEFFDP,2059,502.3069
RE1,RESENEFFDP,2060,773.807
RE1,RESENEFFDP,2061,256.8512
RE1,RESENEFFDP,2062,529.4947
RE1,RESENEFFDP,2063,531.884
RE1,RESENEFFDP,2064,5924.8661
RE1,RESENEFFDP,2065,573.5575
RE1,RESENEFFDP,2066,616.8861
RE1,RESENEFFDP,2067,619.3838
RE1,RESENEFFDP,2068,621.9093
RE1,RESENEFFDP,2069,765.0146
RE1,DEMRESCKNELC,2024,427.6184
RE1,DEMRESCKNELC,2025,36.2268
RE1,DEMRESCKNELC,2026,58.3605
RE1,DEMRESCKNELC,2027,11.2914
RE1,DEMRESCKNELC,2028,11.2768
RE1,DEMRESCKNELC,2029,65.1908
RE1,DEMRESCKNELC,2030,99.7188
RE1,DEMRESCKNELC,2034,46.9017
RE1,DEMRESCKNELC,2035,22.7561
RE1,DEMRESCKNELC,2036,19.6628
RE1,DEMRESCKNELC,2037,19.4719
RE1,DEMRESCKNELC,2038,87.7034
RE1,DEMRESCKNELC,2039,18.4105
RE1,DEMRESCKNELC,2040,44.8716
RE1,DEMRESCKNELC,2041,18.2044
RE1,DEMRESCKNELC,2042,18.0983
RE1,DEMRESCKNELC,2043,18.5936
RE1,DEMRESCKNELC,2044,60.8301
RE1,DEMRESCKNELC,2045,55.729
RE1,DEMRESCKNELC,2046,13.1102
RE1,DEMRESCKNELC,2047,17.052
RE1,DEMRESCKNELC,2048,13.6654
RE1,DEMRESCKNELC,2049,13.1158
RE1,DEMRESCKNELC,2050,341.2862
RE1,DEMRESCKNELC,2051,60.78
RE1,DEMRESCKNELC,2052,13.435
RE1,DEMRESCKNELC,2053,13.5507
RE1,DEMRESCKNELC,2054,441.2858
RE1,DEMRESCKNELC,2055,50.0119
RE1,DEMRESCKNELC,2056,72.2645
RE1,DEMRESCKNELC,2057,25.3152
RE1,DEMRESCKNELC,2058,25.4216
RE1,DEMRESCKNELC,2059,80.3456
RE1,DEMRESCKNELC,2060,97.5129
RE1,DEMRESCKNELC,2061,30.2215
RE1,DEMRESCKNELC,2062,14.6392
RE1,DEMRESCKNELC,2063,14.7656
RE1,DEMRESCKNELC,2064,61.7948
RE1,DEMRESCKNELC,2065,37.7778
RE1,DEMRESCKNELC,2066,34.8143
RE1,DEMRESCKNELC,2067,34.7543
RE1,DEMRESCKNELC,2068,103.1179
RE1,DEMRESCKNELC,2069,24.8199
RE1,DEMRESCKNBIO,2030,13.6067
RE1,DEMRESCKNBIO,2031,46.6683
RE1,DEMRESCKNBIO,2032,46.6529
RE1,DEMRESCKNBIO,2033,46.6383
RE1,DEMRESCKNBIO,2034,46.6245
RE1,DEMRESCKNBIO,2035,46.6115
RE1,DEMRESCKNBIO,2036,45.9562
RE1,DEMRESCKNBIO,2037,45.9488
RE1,DEMRESCKNBIO,2038,45.9416
RE1,DEMRESCKNBIO,2039,4.374
RE1,DEMRESCKNBIO,2040,4.3674
RE1,DEMRESCKNBIO,2041,4.3605
RE1,DEMRESCKNBIO,2042,4.3556
RE1,DEMRESCKNBIO,2043,4.3509
RE1,DEMRESCKNBIO,2044,4.3463
RE1,DEMRESCKNBIO,2045,4.3419
RE1,DEMRESCKNBIO,2046,3.2903
RE1,DEMRESCKNBIO,2047,3.2883
RE1,DEMRESCKNBIO,2048,3.2864
RE1,DEMRESCKNBIO,2049,3.2845
RE1,DEMRESCKNBIO,2050,16.8894
RE1,DEMRESCKNBIO,2051,50.032
RE1,DEMRESCKNBIO,2052,50.0428
RE1,DEMRESCKNBIO,2053,50.0546
RE1,DEMRESCKNBIO,2054,50.0675
RE1,DEMRESCKNBIO,2055,50.0813
RE1,DEMRESCKNBIO,2056,49.4531
RE1,DEMRESCKNBIO,2057,49.4729
RE1,DEMRESCKNBIO,2058,49.4932
RE1,DEMRESCKNBIO,2059,7.9533
RE1,DEMRESCKNBIO,2060,7.9745
RE1,DEMRESCKNBIO,2061,7.9958
RE1,DEMRESCKNBIO,2062,8.0192
RE1,DEMRESCKNBIO,2063,8.043
RE1,DEMRESCKNBIO,2064,8.0673
RE1,DEMRESCKNBIO,2065,8.0919
RE1,DEMRESCKNBIO,2066,7.0694
RE1,DEMRESCKNBIO,2067,7.0969
RE1,DEMRESCKNBIO,2068,7.1247
RE1,DEMRESCKNBIO,2069,7.1528
RE1,DEMRESCKNBIO,2070,20.7878
RE1,DEMRESHEBIO,2015,1212.9588
RE1,DEMRESHEBIO,2019,29.3623
RE1,DEMRESHEBIO,2020,30.2233
RE1,DEMRESHEBIO,2021,22.4702
RE1,DEMRESHEBIO,2022,22.4093
RE1,DEMRESHEBIO,2023,22.353
RE1,DEMRESHEBIO,2024,22.2965
RE1,DEMRESHEBIO,2025,22.2458
RE1,DEMRESHEBIO,2026,24.3684
RE1,DEMRESHEBIO,2027,24.3121
RE1,DEMRESHEBIO,2028,24.255
RE1,DEMRESHEBIO,2029,24.1999
RE1,DEMRESHEBIO,2030,1230.7356
RE1,DEMRESHEBIO,2031,22.107
RE1,DEMRESHEBIO,2032,22.0286
RE1,DEMRESHEBIO,2033,21.9539
RE1,DEMRESHEBIO,2034,51.0724
RE1,DEMRESHEBIO,2035,51.8545
RE1,DEMRESHEBIO,2036,41.301
RE1,DEMRESHEBIO,2037,41.1935
RE1,DEMRESHEBIO,2038,41.0904
RE1,DEMRESHEBIO,2039,40.9915
RE1,DEMRESHEBIO,2040,40.8953
RE1,DEMRESHEBIO,2041,42.9545
RE1,DEMRESHEBIO,2042,42.8535
RE1,DEMRESHEBIO,2043,42.7622
RE1,DEMRESHEBIO,2044,42.6669
RE1,DEMRESHEBIO,2045,1238.8179
RE1,DEMRESHEBIO,2046,36.0222
RE1,DEMRESHEBIO,2047,35.9244
RE1,DEMRESHEBIO,2048,35.8244
RE1,DEMRESHEBIO,2049,64.6269
RE1,DEMRESHEBIO,2050,65.3742
RE1,DEMRESHEBIO,2051,55.2423
RE1,DEMRESHEBIO,2052,55.2254
RE1,DEMRESHEBIO,2053,55.2104
RE1,DEMRESHEBIO,2054,55.2004
RE1,DEMRESHEBIO,2055,55.1838
RE1,DEMRESHEBIO,2056,57.3088
RE1,DEMRESHEBIO,2057,57.302
RE1,DEMRESHEBIO,2058,57.2881
RE1,DEMRESHEBIO,2059,57.2847
RE1,DEMRESHEBIO,2060,1237.4058
RE1,DEMRESHEBIO,2061,50.9138
RE1,DEMRESHEBIO,2062,50.9355
RE1,DEMRESHEBIO,2063,50.9588
RE1,DEMRESHEBIO,2064,79.5261
RE1,DEMRESHEBIO,2065,80.427
RE1,DEMRESHEBIO,2066,70.5773
RE1,DEMRESHEBIO,2067,70.7177
RE1,DEMRESHEBIO,2068,70.8702
RE1,DEMRESHEBIO,2069,71.0225
RE1,DEMRESHEBIO,2070,71.1924
RE1,DEMCOMELC,2015,0.0006
RE1,DEMCOMELC,2016,0.0
RE1,DEMCOMELC,2017,0.0
RE1,DEMCOMELC,2018,0.0
RE1,DEMCOMELC,2019,0.0
RE1,DEMCOMELC,2020,0.0
RE1,DEMCOMELC,2021,0.0
RE1,DEMCOMELC,2022,0.0
RE1,DEMCOMELC,2023,0.0
RE1,DEMCOMELC,2030,0.0
RE1,DEMCOMELC,2031,0.0
RE1,DEMCOMELC,2032,0.0
RE1,DEMCOMELC,2033,0.0
RE1,DEMCOMELC,2034,0.0
RE1,DEMCOMELC,2035,0.0
RE1,DEMCOMELC,2036,0.0
RE1,DEMCOMELC,2037,0.0
RE1,DEMCOMELC,2038,0.0
RE1,DEMCOMELC,2039,0.0
RE1,DEMCOMELC,2040,0.0
RE1,DEMCOMELC,2041,0.0
RE1,DEMCOMELC,2042,0.0
RE1,DEMCOMELC,2043,0.0
RE1,DEMCOMELC,2045,0.0
RE1,DEMCOMELC,2046,0.0
RE1,DEMCOMELC,2047,0.0
RE1,DEMCOMELC,2048,0.0
RE1,DEMCOMELC,2049,0.0
RE1,DEMCOMELC,2050,0.0
RE1,DEMCOMELC,2051,0.0
RE1,DEMCOMELC,2052,0.0
RE1,DEMCOMELC,2053,0.0
RE1,DEMCOMELC,2054,0.0
RE1,DEMCOMELC,2055,0.0
RE1,DEMCOMELC,2056,0.0
RE1,DEMCOMELC,2057,0.0
RE1,DEMCOMELC,2058,0.0
RE1,DEMCOMELC,2059,0.0
RE1,DEMCOMELC,2061,0.0001
RE1,DEMCOMELC,2062,0.0
RE1,DEMCOMELC,2063,0.0
RE1,DEMCOMELC,2064,0.0
RE1,DEMCOMELC,2065,0.0
RE1,DEMCOMELC,2066,0.0
RE1,DEMCOMELC,2067,0.0
RE1,DEMCOMELC,2068,0.0
RE1,DEMCOMELC,2070,0.0001
RE1,COMENEFFDP,2024,5461.9114
RE1,COMENEFFDP,2025,147.5382
RE1,COMENEFFDP,2026,159.4278
RE1,COMENEFFDP,2027,159.4278
RE1,COMENEFFDP,2028,159.4278
RE1,COMENEFFDP,2029,159.4278
RE1,COMENEFFDP,2030,159.4278
RE1,COMENEFFDP,2031,182.2242
RE1,COMENEFFDP,2032,182.2242
RE1,COMENEFFDP,2033,182.2242
RE1,COMENEFFDP,2034,5644.1356
RE1,COMENEFFDP,2035,329.7624
RE1,COMENEFFDP,2036,306.1308
RE1,COMENEFFDP,2037,306.1308
RE1,COMENEFFDP,2038,306.1308
RE1,COMENEFFDP,2039,306.1308
RE1,COMENEFFDP,2040,336.354
RE1,COMENEFFDP,2041,295.6579
RE1,COMENEFFDP,2042,325.8811
RE1,COMENEFFDP,2043,325.8811
RE1,COMENEFFDP,2044,5897.281
RE1,COMENEFFDP,2045,363.9309
RE1,COMENEFFDP,2046,406.16
RE1,COMENEFFDP,2047,406.16
RE1,COMENEFFDP,2048,406.16
RE1,COMENEFFDP,2049,406.16
RE1,COMENEFFDP,2050,554.0435
RE1,COMENEFFDP,2051,281.3992
RE1,COMENEFFDP,2052,430.4361
RE1,COMENEFFDP,2053,431.6024
RE1,COMENEFFDP,2054,6004.1816
RE1,COMENEFFDP,2055,472.024
RE1,COMENEFFDP,2056,515.4588
RE1,COMENEFFDP,2057,516.678
RE1,COMENEFFDP,2058,517.9109
RE1,COMENEFFDP,2059,519.1574
RE1,COMENEFFDP,2060,799.7654
RE1,COMENEFFDP,2061,265.4676
RE1,COMENEFFDP,2062,547.2573
RE1,COMENEFFDP,2063,549.7267
RE1,COMENEFFDP,2064,6123.6236
RE1,COMENEFFDP,2065,592.7982
RE1,COMENEFFDP,2066,637.5803
RE1,COMENEFFDP,2067,640.1618
RE1,COMENEFFDP,2068,642.7721
RE1,COMENEFFDP,2069,790.678
RE1,DEMCOMHEBIO,2015,533.6865
RE1,DEMCOMHEBIO,2016,27.1383
RE1,DEMCOMHEBIO,2017,13.5298
RE1,DEMCOMHEBIO,2018,13.5264
RE1,DEMCOMHEBIO,2019,13.5223
RE1,DEMCOMHEBIO,2020,13.517
RE1,DEMCOMHEBIO,2021,11.0036
RE1,DEMCOMHEBIO,2022,10.9996
RE1,DEMCOMHEBIO,2023,10.9962
RE1,DEMCOMHEBIO,2024,10.9913
RE1,DEMCOMHEBIO,2025,10.988
RE1,DEMCOMHEBIO,2026,12.453
RE1,DEMCOMHEBIO,2027,12.4491
RE1,DEMCOMHEBIO,2028,12.4436
RE1,DEMCOMHEBIO,2029,12.4377
RE1,DEMCOMHEBIO,2030,543.3155
RE1,DEMCOMHEBIO,2031,37.2177
RE1,DEMCOMHEBIO,2032,23.6756
RE1,DEMCOMHEBIO,2033,23.663
RE1,DEMCOMHEBIO,2034,23.6538
RE1,DEMCOMHEBIO,2035,23.6405
RE1,DEMCOMHEBIO,2036,20.3267
RE1,DEMCOMHEBIO,2037,20.3153
RE1,DEMCOMHEBIO,2038,20.3039
RE1,DEMCOMHEBIO,2039,20.2925
RE1,DEMCOMHEBIO,2040,20.2805
RE1,DEMCOMHEBIO,2041,21.1531
RE1,DEMCOMHEBIO,2042,21.1376
RE1,DEMCOMHEBIO,2043,21.1251
RE1,DEMCOMHEBIO,2044,21.1091
RE1,DEMCOMHEBIO,2045,547.4252
RE1,DEMCOMHEBIO,2046,43.7857
RE1,DEMCOMHEBIO,2047,30.3579
RE1,DEMCOMHEBIO,2048,30.333
RE1,DEMCOMHEBIO,2049,30.3073
RE1,DEMCOMHEBIO,2050,30.285
RE1,DEMCOMHEBIO,2051,27.1528
RE1,DEMCOMHEBIO,2052,27.1859
RE1,DEMCOMHEBIO,2053,27.2177
RE1,DEMCOMHEBIO,2054,27.2499
RE1,DEMCOMHEBIO,2055,27.277
RE1,DEMCOMHEBIO,2056,28.1839
RE1,DEMCOMHEBIO,2057,28.2147
RE1,DEMCOMHEBIO,2058,28.2403
RE1,DEMCOMHEBIO,2059,28.2694
RE1,DEMCOMHEBIO,2060,547.5369
RE1,DEMCOMHEBIO,2061,50.7286
RE1,DEMCOMHEBIO,2062,37.5439
RE1,DEMCOMHEBIO,2063,37.5832
RE1,DEMCOMHEBIO,2064,37.6283
RE1,DEMCOMHEBIO,2065,37.6858
RE1,DEMCOMHEBIO,2066,34.6704
RE1,DEMCOMHEBIO,2067,34.7808
RE1,DEMCOMHEBIO,2068,34.8951
RE1,DEMCOMHEBIO,2069,35.0072
RE1,DEMCOMHEBIO,2070,35.1263
RE1,DEMINDHECOA,2015,11403.233
RE1,DEMINDHECOA,2022,107.5244
RE1,DEMINDHECOA,2023,165.8868
RE1,DEMINDHECOA,2024,165.6668
RE1,DEMINDHECOA,2025,165.4594
RE1,DEMINDHECOA,2026,182.6719
RE1,DEMINDHECOA,2027,182.4404
RE1,DEMINDHECOA,2028,182.2218
RE1,DEMINDHECOA,2029,182.0151
RE1,DEMINDHECOA,2030,11585.053
RE1,DEMINDHECOA,2031,163.9275
RE1,DEMINDHECOA,2032,163.6112
RE1,DEMINDHECOA,2033,163.3122
RE1,DEMINDHECOA,2034,163.0293
RE1,DEMINDHECOA,2035,162.7612
RE1,DEMINDHECOA,2036,142.8954
RE1,DEMINDHECOA,2037,250.2672
RE1,DEMINDHECOA,2038,308.483
RE1,DEMINDHECOA,2039,308.1217
RE1,DEMINDHECOA,2040,307.7783
RE1,DEMINDHECOA,2041,330.9596
RE1,DEMINDHECOA,2042,330.6277
RE1,DEMINDHECOA,2043,330.3123
RE1,DEMINDHECOA,2044,330.0123
RE1,DEMINDHECOA,2045,11732.96
RE1,DEMINDHECOA,2046,277.6388
RE1,DEMINDHECOA,2047,277.2824
RE1,DEMINDHECOA,2048,276.9444
RE1,DEMINDHECOA,2049,276.6231
RE1,DEMINDHECOA,2050,276.3175
RE1,DEMINDHECOA,2051,259.1332
RE1,DEMINDHECOA,2052,367.3889
RE1,DEMINDHECOA,2053,426.4954
RE1,DEMINDHECOA,2054,427.0318
RE1,DEMINDHECOA,2055,427.593
RE1,DEMINDHECOA,2056,451.686
RE1,DEMINDHECOA,2057,452.2727
RE1,DEMINDHECOA,2058,452.883
RE1,DEMINDHECOA,2059,453.516
RE1,DEMINDHECOA,2060,11857.404
RE1,DEMINDHECOA,2061,403.03
RE1,DEMINDHECOA,2062,403.6284
RE1,DEMINDHECOA,2063,404.2524
RE1,DEMINDHECOA,2064,404.9008
RE1,DEMINDHECOA,2065,405.5722
RE1,DEMINDHECOA,2066,389.3725
RE1,DEMINDHECOA,2067,498.6205
RE1,DEMINDHECOA,2068,558.727
RE1,DEMINDHECOA,2069,560.271
RE1,DEMINDHECOA,2070,561.8477
