r,t,y,NewCapacity
RE1,MINOIL,2024,2141.6499
RE1,MINBIO,2015,1083.1531
RE1,MINBIO,2016,1039.3006
RE1,MINBIO,2017,1077.9026
RE1,MINBIO,2018,1116.6381
RE1,MINBIO,2019,1137.3915
RE1,MINBIO,2020,1170.5173
RE1,MINBIO,2021,1197.7543
RE1,MINBIO,2022,1212.6691
RE1,MINBIO,2023,1227.5592
RE1,MINBIO,2024,1242.4259
RE1,MINBIO,2025,1257.2706
RE1,MINBIO,2026,1273.6359
RE1,MINBIO,2027,1289.9767
RE1,MINBIO,2028,1306.2942
RE1,MINBIO,2029,1322.5898
RE1,MINBIO,2030,1338.8647
RE1,MINBIO,2031,1181.6437
RE1,MINBIO,2032,1196.2983
RE1,MINBIO,2033,1210.9212
RE1,MINBIO,2034,1225.5141
RE1,MINBIO,2035,1312.9459
RE1,MINBIO,2036,1389.3213
RE1,MINBIO,2037,1544.9949
RE1,MINBIO,2038,1682.452
RE1,MINBIO,2039,1754.7989
RE1,MINBIO,2040,1828.3063
RE1,MINBIO,2041,1923.3735
RE1,MINBIO,2042,2035.1201
RE1,MINBIO,2043,2106.4582
RE1,MINBIO,2044,2218.0406
RE1,MINBIO,2045,2360.4906
RE1,MINBIO,2046,2412.1837
RE1,MINBIO,2047,2473.3876
RE1,MINBIO,2048,2526.3398
RE1,MINBIO,2049,2577.9183
RE1,MINBIO,2050,7224.1047
RE1,MINBIO,2051,7382.4004
RE1,MINBIO,2052,7472.8915
RE1,MINBIO,2053,7564.1994
RE1,MINBIO,2054,7656.3319
RE1,MINBIO,2055,7749.2965
RE1,MINBIO,2056,7843.1013
RE1,MINBIO,2057,7937.754
RE1,MINBIO,2058,8033.2625
RE1,MINBIO,2059,8116.6502
RE1,MINBIO,2060,8248.8753
RE1,MINBIO,2061,8325.0038
RE1,MINBIO,2062,8424.0168
RE1,MINBIO,2063,8523.9266
RE1,MINBIO,2064,8624.7415
RE1,MINBIO,2065,8726.4702
RE1,MINBIO,2066,8829.1212
RE1,MINBIO,2067,8932.703
RE1,MINBIO,2068,9037.2247
RE1,MINBIO,2069,9105.0479
RE1,MINBIO,2070,8987.155
RE1,IMPCOA,2027,3585.2828
RE1,IMPCOA,2028,4132.4295
RE1,IMPCOA,2029,4119.3536
RE1,IMPCOA,2030,4131.9503
RE1,IMPCOA,2031,4341.5633
RE1,IMPCOA,2032,4446.0163
RE1,IMPCOA,2033,4574.0742
RE1,IMPCOA,2034,4665.2356
RE1,IMPCOA,2035,4676.512
RE1,IMPCOA,2036,4686.412
RE1,IMPCOA,2037,4590.9723
RE1,IMPCOA,2038,4600.8516
RE1,IMPCOA,2039,4610.7211
RE1,IMPCOA,2040,4620.5812
RE1,IMPCOA,2041,4630.8548
RE1,IMPCOA,2042,4589.4358
RE1,IMPCOA,2043,4599.6958
RE1,IMPCOA,2044,4609.9493
RE1,IMPCOA,2045,4620.1965
RE1,IMPCOA,2046,4628.0746
RE1,IMPCOA,2047,4635.95
RE1,IMPCOA,2048,4643.8226
RE1,IMPCOA,2049,4651.6926
RE1,IMPCOA,2050,4659.5599
RE1,IMPCOA,2051,4667.6131
RE1,IMPCOA,2052,4675.7274
RE1,IMPCOA,2053,4683.9035
RE1,IMPCOA,2054,4692.1418
RE1,IMPCOA,2055,4700.4428
RE1,IMPCOA,2056,4708.8069
RE1,IMPCOA,2057,4717.2347
RE1,IMPCOA,2058,4725.7266
RE1,IMPCOA,2059,4734.2831
RE1,IMPCOA,2060,4742.9048
RE1,IMPCOA,2061,4751.5921
RE1,IMPCOA,2062,4760.3455
RE1,IMPCOA,2063,4769.1656
RE1,IMPCOA,2064,4778.0529
RE1,IMPCOA,2065,4787.0079
RE1,IMPCOA,2066,4796.0311
RE1,IMPCOA,2067,4805.123
RE1,IMPCOA,2068,4814.2843
RE1,IMPCOA,2069,4823.5153
RE1,IMPCOA,2070,4044.572
RE1,MINCOA,2015,1201.8754
RE1,MINCOA,2016,1120.3443
RE1,MINCOA,2017,1132.6138
RE1,MINCOA,2018,1153.041
RE1,MINCOA,2019,1262.8932
RE1,MINCOA,2020,2935.6728
RE1,MINCOA,2021,3016.1627
RE1,MINCOA,2022,3114.3237
RE1,MINCOA,2023,3212.4117
RE1,MINCOA,2024,4270.9938
RE1,MINCOA,2025,4094.5093
RE1,MINCOA,2026,4107.1651
RE1,MINCOA,2027,534.5221
RE1,IMPLFO,2015,5550.7897
RE1,IMPLFO,2016,5742.9384
RE1,IMPLFO,2017,5873.1206
RE1,IMPLFO,2018,6018.0952
RE1,IMPLFO,2019,6157.2479
RE1,IMPLFO,2020,6296.3538
RE1,IMPLFO,2021,6407.281
RE1,IMPLFO,2022,6518.1763
RE1,IMPLFO,2023,6629.0416
RE1,IMPLFO,2024,3145.097
RE1,IMPLFO,2025,5155.3181
RE1,IMPLFO,2026,5247.4691
RE1,IMPLFO,2027,5339.6049
RE1,IMPLFO,2028,5431.7261
RE1,IMPLFO,2029,5523.8336
RE1,IMPLFO,2030,5615.9282
RE1,IMPLFO,2031,5692.1347
RE1,IMPLFO,2032,5768.3203
RE1,IMPLFO,2033,5844.4861
RE1,IMPLFO,2034,5920.6331
RE1,IMPLFO,2035,5996.7624
RE1,IMPLFO,2036,6066.1645
RE1,IMPLFO,2037,6135.5564
RE1,IMPLFO,2038,6204.9387
RE1,IMPLFO,2039,6274.3116
RE1,IMPLFO,2040,6343.6755
RE1,IMPLFO,2041,6409.6778
RE1,IMPLFO,2042,6475.6735
RE1,IMPLFO,2043,6541.6628
RE1,IMPLFO,2044,6607.6459
RE1,IMPLFO,2045,6673.623
RE1,IMPLFO,2046,6725.2117
RE1,IMPLFO,2047,6776.7977
RE1,IMPLFO,2048,6828.3811
RE1,IMPLFO,2049,6879.962
RE1,MINNGS,2015,794.6634
RE1,MINNGS,2016,796.9507
RE1,MINNGS,2017,806.5935
RE1,MINNGS,2018,839.6294
RE1,MINNGS,2019,846.9226
RE1,MINNGS,2024,12.0407
RE1,MINNGS,2025,11.3331
RE1,MINNGS,2026,65.5686
RE1,MINNGS,2027,118.2552
RE1,MINNGS,2028,169.4467
RE1,MINNGS,2029,251.4291
RE1,MINNGS,2030,142.386
RE1,MINNGS,2031,260.6444
RE1,MINNGS,2032,260.6444
RE1,MINNGS,2033,234.8609
RE1,MINNGS,2034,224.2478
RE1,MINNGS,2035,224.2478
RE1,MINNGS,2036,224.2478
RE1,MINNGS,2037,224.2478
RE1,MINNGS,2038,134.7235
RE1,MINNGS,2039,134.7235
RE1,MINNGS,2040,112.7482
RE1,MINNGS,2041,99.8877
RE1,MINNGS,2042,99.8877
RE1,MINNGS,2043,99.8877
RE1,MINNGS,2044,49.9438
RE1,MINSOL,2015,19.2273
RE1,MINSOL,2016,33.282
RE1,MINSOL,2017,36.6855
RE1,MINSOL,2018,40.2789
RE1,MINSOL,2019,40.5636
RE1,MINSOL,2020,40.5636
RE1,MINSOL,2021,41.6077
RE1,MINSOL,2022,41.6077
RE1,MINSOL,2023,41.6077
RE1,MINSOL,2024,41.6077
RE1,MINSOL,2025,234.781
RE1,MINSOL,2026,237.9979
RE1,MINSOL,2027,243.0834
RE1,MINSOL,2028,250.1971
RE1,MINSOL,2029,255.332
RE1,MINSOL,2030,260.4653
RE1,MINSOL,2031,265.5996
RE1,MINSOL,2032,270.731
RE1,MINSOL,2033,275.8599
RE1,MINSOL,2034,287.8984
RE1,MINSOL,2035,293.1991
RE1,MINSOL,2036,297.6675
RE1,MINSOL,2037,302.1346
RE1,MINSOL,2038,306.6005
RE1,MINSOL,2039,311.065
RE1,MINSOL,2040,320.9202
RE1,MINSOL,2041,319.8762
RE1,MINSOL,2042,324.2229
RE1,MINSOL,2043,328.5688
RE1,MINSOL,2044,332.8669
RE1,MINSOL,2045,337.2113
RE1,MINSOL,2046,340.3819
RE1,MINSOL,2047,343.5522
RE1,MINSOL,2048,346.7221
RE1,MINSOL,2049,349.8918
RE1,MINSOL,2050,621.8665
RE1,MINSOL,2051,636.2231
RE1,MINSOL,2052,641.6479
RE1,MINSOL,2053,647.121
RE1,MINSOL,2054,652.6425
RE1,MINSOL,2055,658.2131
RE1,MINSOL,2056,663.8331
RE1,MINSOL,2057,669.503
RE1,MINSOL,2058,675.2232
RE1,MINSOL,2059,678.4635
RE1,MINSOL,2060,673.3302
RE1,MINSOL,2061,692.6909
RE1,MINSOL,2062,698.6172
RE1,MINSOL,2063,704.5964
RE1,MINSOL,2064,710.6287
RE1,MINSOL,2065,716.7148
RE1,MINSOL,2066,722.855
RE1,MINSOL,2067,729.05
RE1,MINSOL,2068,735.3001
RE1,MINSOL,2069,741.606
RE1,MINSOL,2070,840.2686
RE1,MINWND,2015,1.5132
RE1,MINWND,2016,3.2785
RE1,MINWND,2017,4.061
RE1,MINWND,2018,7.1325
RE1,MINWND,2019,9.745
RE1,MINWND,2020,9.745
RE1,MINWND,2021,9.9907
RE1,MINWND,2022,9.9907
RE1,MINWND,2023,9.9907
RE1,MINWND,2024,9.9907
RE1,MINWND,2025,9.9907
RE1,MINWND,2026,9.9907
RE1,MINWND,2027,9.9907
RE1,MINWND,2028,9.9907
RE1,MINWND,2029,9.9907
RE1,MINWND,2030,9.9907
RE1,MINWND,2031,9.9907
RE1,MINWND,2032,9.9907
RE1,MINWND,2033,9.9907
RE1,MINWND,2034,9.9907
RE1,MINWND,2035,9.9907
RE1,MINWND,2036,8.2254
RE1,MINWND,2037,8.2254
RE1,MINWND,2038,8.2254
RE1,MINWND,2039,8.2254
RE1,MINWND,2040,8.2254
RE1,MINWND,2041,8.2254
RE1,MINWND,2042,8.2254
RE1,MINWND,2043,8.2254
RE1,MINWND,2044,8.2254
RE1,MINWND,2045,8.2254
RE1,MINWND,2046,8.2254
RE1,MINWND,2047,3.2785
RE1,MINWND,2048,2.5866
RE1,MINWND,2049,2.5866
RE1,MINWND,2070,372.5568
RE1,MINGEO,2024,1.4486
RE1,MINGEO,2025,1.4486
RE1,MINGEO,2026,1.4486
RE1,MINGEO,2027,1.4486
RE1,MINGEO,2028,1.4486
RE1,MINGEO,2029,1.4486
RE1,MINGEO,2030,1.4486
RE1,MINGEO,2031,1.4486
RE1,MINGEO,2032,1.4486
RE1,MINGEO,2033,1.4486
RE1,MINGEO,2034,1.4486
RE1,MINGEO,2035,1.4486
RE1,MINGEO,2036,1.4486
RE1,MINGEO,2037,1.4486
RE1,MINGEO,2038,1.4486
RE1,MINGEO,2039,1.4486
RE1,MINGEO,2040,1.4486
RE1,MINGEO,2041,1.4486
RE1,MINGEO,2042,1.4486
RE1,MINGEO,2043,1.4486
RE1,MINGEO,2044,1.4486
RE1,MINGEO,2045,1.4486
RE1,MINGEO,2046,1.4486
RE1,MINGEO,2047,1.4486
RE1,MINGEO,2048,1.4486
RE1,MINGEO,2049,1.4486
RE1,MINGEO,2050,1.4486
RE1,MINGEO,2051,1.4486
RE1,MINGEO,2052,1.4486
RE1,MINGEO,2053,1.4486
RE1,MINGEO,2054,1.4486
RE1,MINGEO,2055,1.4486
RE1,MINGEO,2056,1.4486
RE1,MINGEO,2057,1.4486
RE1,MINGEO,2058,1.4486
RE1,MINGEO,2059,1.4486
RE1,MINGEO,2060,1.4486
RE1,MINGEO,2061,1.4486
RE1,MINGEO,2062,1.4486
RE1,MINGEO,2063,1.4486
RE1,MINGEO,2064,1.4486
RE1,MINGEO,2065,1.4486
RE1,MINGEO,2066,1.4486
RE1,MINGEO,2067,1.4486
RE1,MINGEO,2068,1.4486
RE1,MINGEO,2069,1.4486
RE1,MINGEO,2070,1.4486
RE1,MINHYD,2015,51.7481
RE1,MINHYD,2016,51.7481
RE1,MINHYD,2017,51.7481
RE1,MINHYD,2018,51.7481
RE1,MINHYD,2019,51.7481
RE1,MINHYD,2020,51.7481
RE1,MINHYD,2021,51.7481
RE1,MINHYD,2022,51.7481
RE1,MINHYD,2023,51.7481
RE1,MINHYD,2024,51.7481
RE1,MINHYD,2025,51.7481
RE1,MINHYD,2026,51.7481
RE1,MINHYD,2027,51.7481
RE1,MINHYD,2028,51.7481
RE1,MINHYD,2029,51.7481
RE1,MINHYD,2030,51.7481
RE1,MINHYD,2031,51.7481
RE1,MINHYD,2032,51.7481
RE1,MINHYD,2033,51.7481
RE1,MINHYD,2034,51.7481
RE1,MINHYD,2035,51.7481
RE1,MINHYD,2036,51.7481
RE1,MINHYD,2037,51.7481
RE1,MINHYD,2038,51.7481
RE1,MINHYD,2039,51.7481
RE1,MINHYD,2040,51.7481
RE1,MINHYD,2041,51.7481
RE1,MINHYD,2042,51.7481
RE1,MINHYD,2043,51.7481
RE1,MINHYD,2044,51.7481
RE1,MINHYD,2045,51.7481
RE1,MINHYD,2046,51.7481
RE1,MINHYD,2047,51.7481
RE1,MINHYD,2048,51.7481
RE1,MINHYD,2049,51.7481
RE1,MINHYD,2050,51.7481
RE1,PWRBIO001,2035,1.2623
RE1,PWRBIO001,2036,1.1017
RE1,PWRBIO001,2037,2.4757
RE1,PWRBIO001,2038,2.1604
RE1,PWRBIO001,2039,1.0328
RE1,PWRBIO001,2040,1.0531
RE1,PWRBIO001,2041,1.4229
RE1,PWRBIO001,2042,1.712
RE1,PWRBIO001,2043,1.0122
RE1,PWRBIO001,2044,1.7095
RE1,PWRBIO001,2045,2.2444
RE1,PWRBIO001,2046,1.1506
RE1,PWRBIO001,2047,1.3144
RE1,PWRBIO001,2048,0.9576
RE1,PWRBIO001,2049,0.7228
RE1,PWRBIO001,2050,80.5307
RE1,PWRBIO001,2051,2.7805
RE1,PWRBIO001,2052,1.3915
RE1,PWRBIO001,2053,1.4043
RE1,PWRBIO001,2054,1.4173
RE1,PWRBIO001,2055,1.4303
RE1,PWRBIO001,2056,1.4435
RE1,PWRBIO001,2057,1.4568
RE1,PWRBIO001,2058,1.4702
RE1,PWRBIO001,2059,1.2588
RE1,PWRBIO001,2060,3.3656
RE1,PWRBIO001,2061,2.2319
RE1,PWRBIO001,2062,4.0008
RE1,PWRBIO001,2063,3.6996
RE1,PWRBIO001,2064,2.5862
RE1,PWRBIO001,2065,2.6209
RE1,PWRBIO001,2066,3.0051
RE1,PWRBIO001,2067,3.3088
RE1,PWRBIO001,2068,2.6238
RE1,PWRBIO001,2069,2.6838
RE1,PWRCOA001,2019,1.1903
RE1,PWRCOA001,2020,21.1484
RE1,PWRCOA001,2021,0.8806
RE1,PWRCOA001,2022,1.1065
RE1,PWRCOA001,2023,1.1058
RE1,PWRCOA001,2024,13.371
RE1,PWRCOA001,2031,3.0576
RE1,PWRCOA001,2032,1.1891
RE1,PWRCOA001,2033,1.4908
RE1,PWRCOA001,2034,1.0199
RE1,PWRGEO,2024,0.0066
RE1,PWRSOL001,2025,14.2461
RE1,PWRSOL001,2026,0.2372
RE1,PWRSOL001,2027,0.375
RE1,PWRSOL001,2028,0.5246
RE1,PWRSOL001,2029,0.3787
RE1,PWRSOL001,2030,0.3786
RE1,PWRSOL001,2031,0.3786
RE1,PWRSOL001,2032,0.3784
RE1,PWRSOL001,2033,0.3782
RE1,PWRSOL001,2034,0.8878
RE1,PWRSOL001,2035,1.8054
RE1,PWRSOL001,2036,1.366
RE1,PWRSOL001,2037,0.5804
RE1,PWRSOL001,2038,0.5943
RE1,PWRSOL001,2039,0.3503
RE1,PWRSOL001,2040,0.7268
RE1,PWRSOL001,2042,0.3206
RE1,PWRSOL001,2043,0.3205
RE1,PWRSOL001,2044,0.3204
RE1,PWRSOL001,2045,0.3204
RE1,PWRSOL001,2046,0.2338
RE1,PWRSOL001,2047,0.2338
RE1,PWRSOL001,2048,0.2338
RE1,PWRSOL001,2049,0.2338
RE1,PWRSOL001,2050,20.0575
RE1,PWRSOL001,2051,1.0588
RE1,PWRSOL001,2052,0.4001
RE1,PWRSOL001,2053,0.4036
RE1,PWRSOL001,2054,0.4072
RE1,PWRSOL001,2055,14.6569
RE1,PWRSOL001,2056,0.6517
RE1,PWRSOL001,2057,0.7932
RE1,PWRSOL001,2058,0.9465
RE1,PWRSOL001,2059,0.6177
RE1,PWRSOL001,2061,1.8064
RE1,PWRSOL001,2062,0.8155
RE1,PWRSOL001,2063,0.8192
RE1,PWRSOL001,2064,1.3327
RE1,PWRSOL001,2065,2.2542
RE1,PWRSOL001,2066,1.8189
RE1,PWRSOL001,2067,1.0373
RE1,PWRSOL001,2068,1.0553
RE1,PWRSOL001,2069,0.8153
RE1,PWRSOL001,2070,8.0029
RE1,PWRWND001,2070,11.8815
RE1,PWRSOL001S,2030,16.4616
RE1,PWRSOL001S,2031,0.3245
RE1,PWRSOL001S,2032,0.3244
RE1,PWRSOL001S,2033,0.3242
RE1,PWRSOL001S,2034,0.761
RE1,PWRSOL001S,2035,0.3351
RE1,PWRSOL001S,2036,0.2825
RE1,PWRSOL001S,2037,0.2824
RE1,PWRSOL001S,2038,0.2823
RE1,PWRSOL001S,2039,0.2822
RE1,PWRSOL001S,2040,0.557
RE1,PWRSOL001S,2042,0.2748
RE1,PWRSOL001S,2043,0.2747
RE1,PWRSOL001S,2044,0.2747
RE1,PWRSOL001S,2045,0.2746
RE1,PWRSOL001S,2046,0.2004
RE1,PWRSOL001S,2047,0.2004
RE1,PWRSOL001S,2048,0.2004
RE1,PWRSOL001S,2049,0.2004
RE1,PWRSOL001S,2050,17.1921
RE1,PWRSOL001S,2051,0.9075
RE1,PWRSOL001S,2052,0.3429
RE1,PWRSOL001S,2053,0.346
RE1,PWRSOL001S,2054,0.349
RE1,PWRSOL001S,2055,0.3521
RE1,PWRSOL001S,2056,0.3553
RE1,PWRSOL001S,2057,0.3584
RE1,PWRSOL001S,2058,0.3616
RE1,PWRSOL001S,2059,1.2427
RE1,PWRSOL001S,2060,15.0993
RE1,PWRSOL001S,2061,1.5484
RE1,PWRSOL001S,2062,0.699
RE1,PWRSOL001S,2063,0.7022
RE1,PWRSOL001S,2064,1.1423
RE1,PWRSOL001S,2065,0.7198
RE1,PWRSOL001S,2066,0.6706
RE1,PWRSOL001S,2067,0.674
RE1,PWRSOL001S,2068,0.6774
RE1,PWRSOL001S,2069,2.2278
RE1,PWRSOL001S,2070,5.2466
RE1,PWRTRNIMP,2015,3.135
RE1,PWRTRNIMP,2016,3.7339
RE1,PWRTRNIMP,2017,4.3449
RE1,PWRTRNIMP,2018,4.6598
RE1,PWRTRNIMP,2019,4.7646
RE1,PWRTRNIMP,2020,4.8461
RE1,PWRTRNIMP,2021,4.8953
RE1,PWRTRNIMP,2022,4.9576
RE1,PWRTRNIMP,2023,5.0199
RE1,PWRTRNIMP,2024,4.5232
RE1,PWRTRNIMP,2025,6.7171
RE1,PWRTRNIMP,2026,6.9147
RE1,PWRTRNIMP,2027,6.995
RE1,PWRTRNIMP,2028,7.1008
RE1,PWRTRNIMP,2029,6.7009
RE1,PWRTRNIMP,2030,6.5155
RE1,PWRTRNIMP,2031,6.8109
RE1,PWRTRNIMP,2032,6.8048
RE1,PWRTRNIMP,2033,6.7305
RE1,PWRTRNIMP,2034,6.6127
RE1,PWRTRNIMP,2035,6.5794
RE1,PWRTRNIMP,2036,6.5504
RE1,PWRTRNIMP,2037,6.5222
RE1,PWRTRNIMP,2038,6.2329
RE1,PWRTRNIMP,2039,6.2219
RE1,PWRTRNIMP,2040,6.1778
RE1,PWRTRNIMP,2041,6.1712
RE1,PWRTRNIMP,2042,6.167
RE1,PWRTRNIMP,2043,6.1508
RE1,PWRTRNIMP,2044,5.8272
RE1,PWRTRNIMP,2045,5.6535
RE1,PWRTRNIMP,2046,5.6856
RE1,PWRTRNIMP,2047,5.7402
RE1,PWRTRNIMP,2048,5.7755
RE1,PWRTRNIMP,2049,5.8078
RE1,PWRTRNIMP,2050,7.1654
RE1,PWRTRNIMP,2051,7.1171
RE1,PWRTRNIMP,2052,7.1147
RE1,PWRTRNIMP,2053,7.1123
RE1,PWRTRNIMP,2054,7.1098
RE1,PWRTRNIMP,2055,7.1074
RE1,PWRTRNIMP,2056,7.1048
RE1,PWRTRNIMP,2057,7.1023
RE1,PWRTRNIMP,2058,7.0997
RE1,PWRTRNIMP,2059,7.1059
RE1,PWRTRNIMP,2060,7.1406
RE1,PWRTRNIMP,2061,7.0918
RE1,PWRTRNIMP,2062,7.0891
RE1,PWRTRNIMP,2063,7.0864
RE1,PWRTRNIMP,2064,7.0836
RE1,PWRTRNIMP,2065,7.0808
RE1,PWRTRNIMP,2066,7.078
RE1,PWRTRNIMP,2067,7.0751
RE1,PWRTRNIMP,2068,7.0722
RE1,PWRTRNIMP,2069,7.0656
RE1,PWRTRNIMP,2070,7.2567
RE1,PWRTRN,2026,0.4557
RE1,PWRTRN,2027,1.0086
RE1,PWRTRN,2028,1.0078
RE1,PWRTRN,2029,0.7986
RE1,PWRTRN,2030,2.8646
RE1,PWRTRN,2031,0.1917
RE1,PWRTRN,2032,1.1957
RE1,PWRTRN,2033,1.4218
RE1,PWRTRN,2034,1.4779
RE1,PWRTRN,2035,1.1975
RE1,PWRTRN,2036,0.9917
RE1,PWRTRN,2037,0.9888
RE1,PWRTRN,2038,1.7768
RE1,PWRTRN,2039,0.9874
RE1,PWRTRN,2040,1.2923
RE1,PWRTRN,2041,0.9627
RE1,PWRTRN,2042,0.9608
RE1,PWRTRN,2043,0.9659
RE1,PWRTRN,2044,1.4525
RE1,PWRTRN,2045,1.3927
RE1,PWRTRN,2046,0.6793
RE1,PWRTRN,2047,0.7243
RE1,PWRTRN,2048,0.6848
RE1,PWRTRN,2049,0.678
RE1,PWRTRN,2050,70.9424
RE1,PWRTRN,2051,44.8481
RE1,PWRTRN,2052,1.2684
RE1,PWRTRN,2053,1.28
RE1,PWRTRN,2054,1.2917
RE1,PWRTRN,2055,1.3035
RE1,PWRTRN,2056,1.3154
RE1,PWRTRN,2057,1.3274
RE1,PWRTRN,2058,1.3395
RE1,PWRTRN,2059,1.4682
RE1,PWRTRN,2060,0.7826
RE1,PWRTRN,2061,1.8417
RE1,PWRTRN,2062,1.3892
RE1,PWRTRN,2063,1.4019
RE1,PWRTRN,2064,1.4147
RE1,PWRTRN,2065,1.4277
RE1,PWRTRN,2066,1.4407
RE1,PWRTRN,2067,1.4539
RE1,PWRTRN,2068,1.4673
RE1,PWRTRN,2069,1.6371
RE1,PWRDIST,2029,0.6644
RE1,PWRDIST,2030,2.718
RE1,PWRDIST,2031,0.1961
RE1,PWRDIST,2032,1.1445
RE1,PWRDIST,2033,1.3588
RE1,PWRDIST,2034,1.4127
RE1,PWRDIST,2035,1.1486
RE1,PWRDIST,2036,0.9546
RE1,PWRDIST,2037,0.9525
RE1,PWRDIST,2038,1.6988
RE1,PWRDIST,2039,0.9526
RE1,PWRDIST,2040,1.242
RE1,PWRDIST,2041,0.9306
RE1,PWRDIST,2042,0.9294
RE1,PWRDIST,2043,0.9348
RE1,PWRDIST,2044,1.3967
RE1,PWRDIST,2045,1.3409
RE1,PWRDIST,2046,0.6649
RE1,PWRDIST,2047,0.708
RE1,PWRDIST,2048,0.671
RE1,PWRDIST,2049,0.6649
RE1,PWRDIST,2050,67.4165
RE1,PWRDIST,2051,44.7497
RE1,PWRDIST,2052,1.205
RE1,PWRDIST,2053,1.216
RE1,PWRDIST,2054,1.2271
RE1,PWRDIST,2055,1.2383
RE1,PWRDIST,2056,1.2496
RE1,PWRDIST,2057,1.261
RE1,PWRDIST,2058,1.2725
RE1,PWRDIST,2059,1.3948
RE1,PWRDIST,2060,0.7435
RE1,PWRDIST,2061,1.7496
RE1,PWRDIST,2062,1.3197
RE1,PWRDIST,2063,1.3318
RE1,PWRDIST,2064,1.344
RE1,PWRDIST,2065,1.3563
RE1,PWRDIST,2066,1.3687
RE1,PWRDIST,2067,1.3812
RE1,PWRDIST,2068,1.3939
RE1,PWRDIST,2069,1.5553
RE1,PWRTRNEXP,2015,0.277
RE1,PWRTRNEXP,2016,0.1731
RE1,PWRTRNEXP,2017,0.1385
RE1,PWRTRNEXP,2018,0.1385
RE1,PWRTRNEXP,2019,0.1385
RE1,PWRTRNEXP,2020,0.1385
RE1,PWRTRNEXP,2021,0.1385
RE1,PWRTRNEXP,2022,0.1385
RE1,PWRTRNEXP,2023,0.1385
RE1,PWRTRNEXP,2024,0.1385
RE1,PWRTRNEXP,2025,0.7861
RE1,PWRTRNEXP,2026,0.2886
RE1,PWRTRNEXP,2027,0.3705
RE1,PWRTRNEXP,2028,0.466
RE1,PWRTRNEXP,2029,0.2424
RE1,PWRTRNEXP,2030,0.9695
RE1,PWRTRNEXP,2031,0.9695
RE1,PWRTRNEXP,2032,0.9695
RE1,PWRTRNEXP,2033,0.9695
RE1,PWRTRNEXP,2034,0.9695
RE1,PWRTRNEXP,2035,0.9695
RE1,PWRTRNEXP,2036,0.9695
RE1,PWRTRNEXP,2037,0.9695
RE1,PWRTRNEXP,2038,0.9695
RE1,PWRTRNEXP,2039,0.9695
RE1,PWRTRNEXP,2040,0.9695
RE1,PWRTRNEXP,2041,0.9695
RE1,PWRTRNEXP,2042,0.9695
RE1,PWRTRNEXP,2043,0.9695
RE1,PWRTRNEXP,2044,0.9695
RE1,PWRTRNEXP,2045,0.9695
RE1,PWRTRNEXP,2046,0.9695
RE1,PWRTRNEXP,2047,0.9695
RE1,PWRTRNEXP,2048,0.9695
RE1,PWRTRNEXP,2049,0.9695
RE1,PWRTRNEXP,2050,0.9695
RE1,PWRTRNEXP,2051,0.9695
RE1,PWRTRNEXP,2052,0.9695
RE1,PWRTRNEXP,2053,0.9695
RE1,PWRTRNEXP,2054,0.9695
RE1,PWRTRNEXP,2055,0.9695
RE1,PWRTRNEXP,2056,0.9695
RE1,PWRTRNEXP,2057,0.9695
RE1,PWRTRNEXP,2058,0.9695
RE1,PWRTRNEXP,2059,0.9695
RE1,PWRTRNEXP,2060,0.9695
RE1,PWRTRNEXP,2061,0.9695
RE1,PWRTRNEXP,2062,0.9695
RE1,PWRTRNEXP,2063,0.9695
RE1,PWRTRNEXP,2064,0.9695
RE1,PWRTRNEXP,2065,0.9695
RE1,PWRTRNEXP,2066,0.9695
RE1,PWRTRNEXP,2067,0.9695
RE1,PWRTRNEXP,2068,0.9695
RE1,PWRTRNEXP,2069,0.9695
RE1,PWRTRNEXP,2070,0.2154
RE1,DEMTRAEVC,2024,9.8936
RE1,DEMTRAEVC,2025,0.1614
RE1,DEMTRAEVC,2026,0.1797
RE1,DEMTRAEVC,2027,0.1797
RE1,DEMTRAEVC,2028,0.1797
RE1,DEMTRAEVC,2029,0.1796
RE1,DEMTRAEVC,2030,0.1796
RE1,DEMTRAEVC,2031,0.1486
RE1,DEMTRAEVC,2032,0.1486
RE1,DEMTRAEVC,2033,0.1486
RE1,DEMTRAEVC,2034,0.1485
RE1,DEMTRAEVC,2035,0.1485
RE1,DEMTRAEVC,2036,0.1354
RE1,DEMTRAEVC,2037,0.1353
RE1,DEMTRAEVC,2038,0.1353
RE1,DEMTRAEVC,2039,0.1353
RE1,DEMTRAEVC,2040,0.1353
RE1,DEMTRAEVC,2041,0.1287
RE1,DEMTRAEVC,2042,0.1287
RE1,DEMTRAEVC,2043,0.1287
RE1,DEMTRAEVC,2044,0.1287
RE1,DEMTRAEVC,2045,0.1287
RE1,DEMTRAEVC,2046,0.1006
RE1,DEMTRAEVC,2047,0.1006
RE1,DEMTRAEVC,2048,0.1006
RE1,DEMTRAEVC,2049,0.1006
RE1,DEMTRAEVC,2050,57.0035
RE1,DEMTRAEVC,2051,0.7038
RE1,DEMTRAEVC,2052,0.5673
RE1,DEMTRAEVC,2053,0.5718
RE1,DEMTRAEVC,2054,0.5763
RE1,DEMTRAEVC,2055,0.5808
RE1,DEMTRAEVC,2056,0.5853
RE1,DEMTRAEVC,2057,0.5899
RE1,DEMTRAEVC,2058,0.5946
RE1,DEMTRAEVC,2059,0.6901
RE1,DEMTRAEVC,2060,0.2698
RE1,DEMTRAEVC,2061,0.852
RE1,DEMTRAEVC,2062,0.6135
RE1,DEMTRAEVC,2063,0.6183
RE1,DEMTRAEVC,2064,0.6232
RE1,DEMTRAEVC,2065,0.6281
RE1,DEMTRAEVC,2066,0.633
RE1,DEMTRAEVC,2067,0.638
RE1,DEMTRAEVC,2068,0.643
RE1,DEMTRAEVC,2069,0.872
RE1,DEMTRAMCYELC,2024,8.9132
RE1,DEMTRAMCYELC,2025,0.1454
RE1,DEMTRAMCYELC,2026,0.1619
RE1,DEMTRAMCYELC,2027,0.1619
RE1,DEMTRAMCYELC,2028,0.1619
RE1,DEMTRAMCYELC,2029,0.1618
RE1,DEMTRAMCYELC,2030,0.1618
RE1,DEMTRAMCYELC,2031,0.1339
RE1,DEMTRAMCYELC,2032,0.1339
RE1,DEMTRAMCYELC,2033,0.1338
RE1,DEMTRAMCYELC,2034,0.1338
RE1,DEMTRAMCYELC,2035,0.1338
RE1,DEMTRAMCYELC,2036,0.1219
RE1,DEMTRAMCYELC,2037,0.1219
RE1,DEMTRAMCYELC,2038,0.1219
RE1,DEMTRAMCYELC,2039,9.0351
RE1,DEMTRAMCYELC,2040,0.2673
RE1,DEMTRAMCYELC,2041,0.2779
RE1,DEMTRAMCYELC,2042,0.2779
RE1,DEMTRAMCYELC,2043,0.2778
RE1,DEMTRAMCYELC,2044,0.2778
RE1,DEMTRAMCYELC,2045,0.2778
RE1,DEMTRAMCYELC,2046,0.2246
RE1,DEMTRAMCYELC,2047,0.2245
RE1,DEMTRAMCYELC,2048,0.2245
RE1,DEMTRAMCYELC,2049,0.2244
RE1,DEMTRAMCYELC,2050,1.9491
RE1,DEMTRAMCYELC,2051,0.4488
RE1,DEMTRAMCYELC,2052,0.1054
RE1,DEMTRAMCYELC,2053,0.2293
RE1,DEMTRAMCYELC,2054,8.9889
RE1,DEMTRAMCYELC,2055,0.3569
RE1,DEMTRAMCYELC,2056,0.3926
RE1,DEMTRAMCYELC,2057,0.8667
RE1,DEMTRAMCYELC,2058,0.4279
RE1,DEMTRAMCYELC,2060,0.2778
RE1,DEMTRAMCYELC,2061,0.515
RE1,DEMTRAMCYELC,2062,0.8131
RE1,DEMTRAMCYELC,2063,0.1973
RE1,DEMTRAMCYELC,2064,0.1323
RE1,DEMTRAMCYELC,2065,1.7803
RE1,DEMTRAMCYELC,2066,0.751
RE1,DEMTRAMCYELC,2067,0.0061
RE1,DEMTRAMCYELC,2068,0.5674
RE1,DEMTRAMCYELC,2069,9.1349
RE1,DEMTRAMCYELC,2070,0.3274
RE1,DEMTRACARELC,2050,27.0069
RE1,DEMTRACARELC,2051,0.1356
RE1,DEMTRACARELC,2052,0.3547
RE1,DEMTRACARELC,2053,0.2335
RE1,DEMTRACARELC,2054,0.3897
RE1,DEMTRACARELC,2055,0.2567
RE1,DEMTRACARELC,2056,0.2343
RE1,DEMTRACARELC,2059,0.6844
RE1,DEMTRACARELC,2060,0.0591
RE1,DEMTRACARELC,2061,0.2918
RE1,DEMTRACARELC,2063,0.1733
RE1,DEMTRACARELC,2064,0.4639
RE1,DEMTRACARELC,2065,0.5435
RE1,DEMTRACARELC,2066,0.0755
RE1,DEMTRACARELC,2067,0.48
RE1,DEMTRACARELC,2068,0.0455
RE1,DEMTRACARELC,2069,0.4425
RE1,DEMTRACARELC,2070,26.8378
RE1,DEMTRABUSELC,2050,22.5322
RE1,DEMTRABUSELC,2051,0.1716
RE1,DEMTRABUSELC,2052,0.1729
RE1,DEMTRABUSELC,2053,0.1743
RE1,DEMTRABUSELC,2054,0.1756
RE1,DEMTRABUSELC,2055,0.177
RE1,DEMTRABUSELC,2056,0.1783
RE1,DEMTRABUSELC,2057,0.1797
RE1,DEMTRABUSELC,2058,0.1811
RE1,DEMTRABUSELC,2059,0.1825
RE1,DEMTRABUSELC,2060,0.1839
RE1,DEMTRABUSELC,2061,0.1853
RE1,DEMTRABUSELC,2062,0.1868
RE1,DEMTRABUSELC,2063,0.1882
RE1,DEMTRABUSELC,2064,0.1897
RE1,DEMTRABUSELC,2065,0.1911
RE1,DEMTRABUSELC,2066,0.1926
RE1,DEMTRABUSELC,2067,0.1941
RE1,DEMTRABUSELC,2068,0.1956
RE1,DEMTRABUSELC,2069,0.1971
RE1,DEMTRABUSELC,2070,22.7309
RE1,DEMTRAMCYGSL,2015,7.3231
RE1,DEMTRAMCYGSL,2016,0.2807
RE1,DEMTRAMCYGSL,2017,0.1748
RE1,DEMTRAMCYGSL,2018,0.1885
RE1,DEMTRAMCYGSL,2019,0.1822
RE1,DEMTRAMCYGSL,2020,0.1821
RE1,DEMTRAMCYGSL,2021,0.1455
RE1,DEMTRAMCYGSL,2022,0.1455
RE1,DEMTRAMCYGSL,2023,0.1454
RE1,DEMTRACARGSL,2015,16.4763
RE1,DEMTRACARGSL,2016,4.3917
RE1,DEMTRACARGSL,2030,25.9913
RE1,DEMTRABUSGSL,2015,14.498
RE1,DEMTRABUSGSL,2018,0.2412
RE1,DEMTRABUSGSL,2019,0.337
RE1,DEMTRABUSGSL,2020,0.3369
RE1,DEMTRABUSGSL,2021,2.5431
RE1,DEMTRABUSGSL,2030,22.3646
RE1,DEMINDELC,2015,11.2574
RE1,DEMINDELC,2016,0.651
RE1,DEMINDELC,2017,0.5579
RE1,DEMINDELC,2018,0.5579
RE1,DEMINDELC,2019,0.5579
RE1,DEMINDELC,2020,0.5579
RE1,DEMINDELC,2021,0.4282
RE1,DEMINDELC,2022,0.4282
RE1,DEMINDELC,2023,0.4282
RE1,DEMINDELC,2030,0.3771
RE1,DEMINDELC,2031,0.4755
RE1,DEMINDELC,2032,0.4755
RE1,DEMINDELC,2033,0.4755
RE1,DEMINDELC,2034,0.0473
RE1,DEMINDELC,2035,0.0473
RE1,DEMINDELC,2036,0.0381
RE1,DEMINDELC,2037,0.0381
RE1,DEMINDELC,2038,0.0381
RE1,DEMINDELC,2039,0.0381
RE1,DEMINDELC,2040,0.3353
RE1,DEMINDELC,2041,0.5926
RE1,DEMINDELC,2042,0.5128
RE1,DEMINDELC,2043,0.5128
RE1,DEMINDELC,2045,0.1691
RE1,DEMINDELC,2046,0.064
RE1,DEMINDELC,2047,0.064
RE1,DEMINDELC,2048,0.064
RE1,DEMINDELC,2049,0.064
RE1,DEMINDELC,2050,0.0502
RE1,DEMINDELC,2051,0.9304
RE1,DEMINDELC,2052,0.5399
RE1,DEMINDELC,2053,0.5402
RE1,DEMINDELC,2054,0.0277
RE1,DEMINDELC,2055,0.1971
RE1,DEMINDELC,2056,0.0923
RE1,DEMINDELC,2057,0.0927
RE1,DEMINDELC,2058,0.093
RE1,DEMINDELC,2059,0.0933
RE1,DEMINDELC,2061,1.0403
RE1,DEMINDELC,2062,0.5702
RE1,DEMINDELC,2063,0.5708
RE1,DEMINDELC,2064,0.0587
RE1,DEMINDELC,2065,0.2284
RE1,DEMINDELC,2066,0.124
RE1,DEMINDELC,2067,0.1247
RE1,DEMINDELC,2068,0.1254
RE1,DEMINDELC,2070,2.2265
RE1,INDENEFFDP,2024,11.1047
RE1,INDENEFFDP,2025,0.3
RE1,INDENEFFDP,2026,0.3241
RE1,INDENEFFDP,2027,0.3241
RE1,INDENEFFDP,2028,0.3241
RE1,INDENEFFDP,2029,0.3241
RE1,INDENEFFDP,2030,0.3241
RE1,INDENEFFDP,2031,0.3705
RE1,INDENEFFDP,2032,0.3705
RE1,INDENEFFDP,2033,0.3705
RE1,INDENEFFDP,2034,11.4752
RE1,INDENEFFDP,2035,0.6704
RE1,INDENEFFDP,2036,0.6224
RE1,INDENEFFDP,2037,0.6224
RE1,INDENEFFDP,2038,0.6224
RE1,INDENEFFDP,2039,0.6224
RE1,INDENEFFDP,2040,0.6838
RE1,INDENEFFDP,2041,0.6011
RE1,INDENEFFDP,2042,0.6626
RE1,INDENEFFDP,2043,0.6626
RE1,INDENEFFDP,2044,11.9899
RE1,INDENEFFDP,2045,0.7399
RE1,INDENEFFDP,2046,0.8258
RE1,INDENEFFDP,2047,0.8258
RE1,INDENEFFDP,2048,0.8258
RE1,INDENEFFDP,2049,0.8258
RE1,INDENEFFDP,2050,1.1264
RE1,INDENEFFDP,2051,0.5721
RE1,INDENEFFDP,2052,0.8751
RE1,INDENEFFDP,2053,0.8775
RE1,INDENEFFDP,2054,12.2072
RE1,INDENEFFDP,2055,0.9597
RE1,INDENEFFDP,2056,1.048
RE1,INDENEFFDP,2057,1.0505
RE1,INDENEFFDP,2058,1.053
RE1,INDENEFFDP,2059,1.0555
RE1,INDENEFFDP,2060,1.626
RE1,INDENEFFDP,2061,0.5397
RE1,INDENEFFDP,2062,1.1126
RE1,INDENEFFDP,2063,1.1177
RE1,INDENEFFDP,2064,12.4501
RE1,INDENEFFDP,2065,1.2052
RE1,INDENEFFDP,2066,1.2963
RE1,INDENEFFDP,2067,1.3015
RE1,INDENEFFDP,2068,1.3068
RE1,INDENEFFDP,2069,1.6075
RE1,DEMINDHEBIO,2015,17.0071
RE1,DEMINDHEBIO,2022,0.1604
RE1,DEMINDHEBIO,2023,0.2474
RE1,DEMINDHEBIO,2024,0.2471
RE1,DEMINDHEBIO,2025,0.2468
RE1,DEMINDHEBIO,2026,0.2724
RE1,DEMINDHEBIO,2027,0.2721
RE1,DEMINDHEBIO,2028,0.2718
RE1,DEMINDHEBIO,2029,0.2715
RE1,DEMINDHEBIO,2030,17.2782
RE1,DEMINDHEBIO,2031,0.2445
RE1,DEMINDHEBIO,2032,0.244
RE1,DEMINDHEBIO,2033,0.2436
RE1,DEMINDHEBIO,2034,0.2431
RE1,DEMINDHEBIO,2035,0.2427
RE1,DEMINDHEBIO,2036,0.2131
RE1,DEMINDHEBIO,2037,0.3733
RE1,DEMINDHEBIO,2038,0.4601
RE1,DEMINDHEBIO,2039,0.4595
RE1,DEMINDHEBIO,2040,0.459
RE1,DEMINDHEBIO,2041,0.4936
RE1,DEMINDHEBIO,2042,0.4931
RE1,DEMINDHEBIO,2043,0.4926
RE1,DEMINDHEBIO,2044,0.4922
RE1,DEMINDHEBIO,2045,17.4988
RE1,DEMINDHEBIO,2046,0.4141
RE1,DEMINDHEBIO,2047,0.4135
RE1,DEMINDHEBIO,2048,0.413
RE1,DEMINDHEBIO,2049,0.4126
RE1,DEMINDHEBIO,2050,0.4121
RE1,DEMINDHEBIO,2051,0.3865
RE1,DEMINDHEBIO,2052,0.5479
RE1,DEMINDHEBIO,2053,0.6361
RE1,DEMINDHEBIO,2054,0.6369
RE1,DEMINDHEBIO,2055,0.6377
RE1,DEMINDHEBIO,2056,0.6737
RE1,DEMINDHEBIO,2057,0.6745
RE1,DEMINDHEBIO,2058,0.6754
RE1,DEMINDHEBIO,2059,0.6764
RE1,DEMINDHEBIO,2060,17.6844
RE1,DEMINDHEBIO,2061,0.6011
RE1,DEMINDHEBIO,2062,0.602
RE1,DEMINDHEBIO,2063,0.6029
RE1,DEMINDHEBIO,2064,0.6039
RE1,DEMINDHEBIO,2065,0.6049
RE1,DEMINDHEBIO,2066,0.5807
RE1,DEMINDHEBIO,2067,0.7437
RE1,DEMINDHEBIO,2068,0.8333
RE1,DEMINDHEBIO,2069,0.8356
RE1,DEMINDHEBIO,2070,0.838
RE1,DEMRESELC,2015,5.6197
RE1,DEMRESELC,2016,0.325
RE1,DEMRESELC,2017,0.2785
RE1,DEMRESELC,2018,0.2785
RE1,DEMRESELC,2019,0.2785
RE1,DEMRESELC,2020,0.2785
RE1,DEMRESELC,2021,0.2138
RE1,DEMRESELC,2022,0.2138
RE1,DEMRESELC,2023,0.2138
RE1,DEMRESELC,2030,0.1883
RE1,DEMRESELC,2031,0.2374
RE1,DEMRESELC,2032,0.2374
RE1,DEMRESELC,2033,0.2374
RE1,DEMRESELC,2034,0.0236
RE1,DEMRESELC,2035,0.0236
RE1,DEMRESELC,2036,0.019
RE1,DEMRESELC,2037,0.019
RE1,DEMRESELC,2038,0.019
RE1,DEMRESELC,2039,0.019
RE1,DEMRESELC,2040,0.1674
RE1,DEMRESELC,2041,0.2958
RE1,DEMRESELC,2042,0.256
RE1,DEMRESELC,2043,0.256
RE1,DEMRESELC,2045,0.0844
RE1,DEMRESELC,2046,0.0319
RE1,DEMRESELC,2047,0.0319
RE1,DEMRESELC,2048,0.0319
RE1,DEMRESELC,2049,0.0319
RE1,DEMRESELC,2050,0.0251
RE1,DEMRESELC,2051,0.4645
RE1,DEMRESELC,2052,0.2695
RE1,DEMRESELC,2053,0.2697
RE1,DEMRESELC,2054,0.0138
RE1,DEMRESELC,2055,0.0984
RE1,DEMRESELC,2056,0.0461
RE1,DEMRESELC,2057,0.0463
RE1,DEMRESELC,2058,0.0464
RE1,DEMRESELC,2059,0.0466
RE1,DEMRESELC,2061,0.5193
RE1,DEMRESELC,2062,0.2846
RE1,DEMRESELC,2063,0.285
RE1,DEMRESELC,2064,0.0293
RE1,DEMRESELC,2065,0.114
RE1,DEMRESELC,2066,0.0619
RE1,DEMRESELC,2067,0.0622
RE1,DEMRESELC,2068,0.0626
RE1,DEMRESELC,2070,1.1115
RE1,RESENEFFDP,2024,5.5435
RE1,RESENEFFDP,2025,0.1497
RE1,RESENEFFDP,2026,0.1618
RE1,RESENEFFDP,2027,0.1618
RE1,RESENEFFDP,2028,0.1618
RE1,RESENEFFDP,2029,0.1618
RE1,RESENEFFDP,2030,0.1618
RE1,RESENEFFDP,2031,0.1849
RE1,RESENEFFDP,2032,0.1849
RE1,RESENEFFDP,2033,0.1849
RE1,RESENEFFDP,2034,5.7285
RE1,RESENEFFDP,2035,0.3347
RE1,RESENEFFDP,2036,0.3107
RE1,RESENEFFDP,2037,0.3107
RE1,RESENEFFDP,2038,0.3107
RE1,RESENEFFDP,2039,0.3107
RE1,RESENEFFDP,2040,0.3414
RE1,RESENEFFDP,2041,0.3001
RE1,RESENEFFDP,2042,0.3307
RE1,RESENEFFDP,2043,0.3307
RE1,RESENEFFDP,2044,5.9854
RE1,RESENEFFDP,2045,0.3694
RE1,RESENEFFDP,2046,0.4122
RE1,RESENEFFDP,2047,0.4122
RE1,RESENEFFDP,2048,0.4122
RE1,RESENEFFDP,2049,0.4122
RE1,RESENEFFDP,2050,0.5623
RE1,RESENEFFDP,2051,0.2856
RE1,RESENEFFDP,2052,0.4369
RE1,RESENEFFDP,2053,0.4381
RE1,RESENEFFDP,2054,6.0939
RE1,RESENEFFDP,2055,0.4791
RE1,RESENEFFDP,2056,0.5232
RE1,RESENEFFDP,2057,0.5244
RE1,RESENEFFDP,2058,0.5256
RE1,RESENEFFDP,2059,0.5269
RE1,RESENEFFDP,2060,0.8117
RE1,RESENEFFDP,2061,0.2694
RE1,RESENEFFDP,2062,0.5554
RE1,RESENEFFDP,2063,0.5579
RE1,RESENEFFDP,2064,6.2151
RE1,RESENEFFDP,2065,0.6017
RE1,RESENEFFDP,2066,0.6471
RE1,RESENEFFDP,2067,0.6497
RE1,RESENEFFDP,2068,0.6524
RE1,RESENEFFDP,2069,0.8025
RE1,DEMRESCKNELC,2024,35.6349
RE1,DEMRESCKNELC,2025,3.0189
RE1,DEMRESCKNELC,2026,4.8634
RE1,DEMRESCKNELC,2027,0.941
RE1,DEMRESCKNELC,2028,0.9397
RE1,DEMRESCKNELC,2029,5.4326
RE1,DEMRESCKNELC,2030,8.3099
RE1,DEMRESCKNELC,2034,3.9085
RE1,DEMRESCKNELC,2035,1.8963
RE1,DEMRESCKNELC,2036,1.6386
RE1,DEMRESCKNELC,2037,1.6227
RE1,DEMRESCKNELC,2038,7.3086
RE1,DEMRESCKNELC,2039,1.5342
RE1,DEMRESCKNELC,2040,3.7393
RE1,DEMRESCKNELC,2041,1.517
RE1,DEMRESCKNELC,2042,1.5082
RE1,DEMRESCKNELC,2043,1.5495
RE1,DEMRESCKNELC,2044,5.0692
RE1,DEMRESCKNELC,2045,4.6441
RE1,DEMRESCKNELC,2046,1.0925
RE1,DEMRESCKNELC,2047,1.421
RE1,DEMRESCKNELC,2048,1.1388
RE1,DEMRESCKNELC,2049,1.093
RE1,DEMRESCKNELC,2050,28.4405
RE1,DEMRESCKNELC,2051,5.065
RE1,DEMRESCKNELC,2052,1.1196
RE1,DEMRESCKNELC,2053,1.1292
RE1,DEMRESCKNELC,2054,36.7738
RE1,DEMRESCKNELC,2055,4.1677
RE1,DEMRESCKNELC,2056,6.022
RE1,DEMRESCKNELC,2057,2.1096
RE1,DEMRESCKNELC,2058,2.1185
RE1,DEMRESCKNELC,2059,6.6955
RE1,DEMRESCKNELC,2060,8.1261
RE1,DEMRESCKNELC,2061,2.5185
RE1,DEMRESCKNELC,2062,1.2199
RE1,DEMRESCKNELC,2063,1.2305
RE1,DEMRESCKNELC,2064,5.1496
RE1,DEMRESCKNELC,2065,3.1482
RE1,DEMRESCKNELC,2066,2.9012
RE1,DEMRESCKNELC,2067,2.8962
RE1,DEMRESCKNELC,2068,8.5932
RE1,DEMRESCKNELC,2069,2.0683
RE1,DEMRESCKNBIO,2030,0.9071
RE1,DEMRESCKNBIO,2031,3.1112
RE1,DEMRESCKNBIO,2032,3.1102
RE1,DEMRESCKNBIO,2033,3.1092
RE1,DEMRESCKNBIO,2034,3.1083
RE1,DEMRESCKNBIO,2035,3.1074
RE1,DEMRESCKNBIO,2036,3.0637
RE1,DEMRESCKNBIO,2037,3.0633
RE1,DEMRESCKNBIO,2038,3.0628
RE1,DEMRESCKNBIO,2039,0.2916
RE1,DEMRESCKNBIO,2040,0.2912
RE1,DEMRESCKNBIO,2041,0.2907
RE1,DEMRESCKNBIO,2042,0.2904
RE1,DEMRESCKNBIO,2043,0.2901
RE1,DEMRESCKNBIO,2044,0.2898
RE1,DEMRESCKNBIO,2045,0.2895
RE1,DEMRESCKNBIO,2046,0.2194
RE1,DEMRESCKNBIO,2047,0.2192
RE1,DEMRESCKNBIO,2048,0.2191
RE1,DEMRESCKNBIO,2049,0.219
RE1,DEMRESCKNBIO,2050,1.126
RE1,DEMRESCKNBIO,2051,3.3355
RE1,DEMRESCKNBIO,2052,3.3362
RE1,DEMRESCKNBIO,2053,3.337
RE1,DEMRESCKNBIO,2054,3.3378
RE1,DEMRESCKNBIO,2055,3.3388
RE1,DEMRESCKNBIO,2056,3.2969
RE1,DEMRESCKNBIO,2057,3.2982
RE1,DEMRESCKNBIO,2058,3.2995
RE1,DEMRESCKNBIO,2059,0.5302
RE1,DEMRESCKNBIO,2060,0.5316
RE1,DEMRESCKNBIO,2061,0.5331
RE1,DEMRESCKNBIO,2062,0.5346
RE1,DEMRESCKNBIO,2063,0.5362
RE1,DEMRESCKNBIO,2064,0.5378
RE1,DEMRESCKNBIO,2065,0.5395
RE1,DEMRESCKNBIO,2066,0.4713
RE1,DEMRESCKNBIO,2067,0.4731
RE1,DEMRESCKNBIO,2068,0.475
RE1,DEMRESCKNBIO,2069,0.4769
RE1,DEMRESCKNBIO,2070,1.3859
RE1,DEMRESHEBIO,2015,3.3713
RE1,DEMRESHEBIO,2019,0.0817
RE1,DEMRESHEBIO,2020,0.0841
RE1,DEMRESHEBIO,2021,0.0626
RE1,DEMRESHEBIO,2022,0.0624
RE1,DEMRESHEBIO,2023,0.0623
RE1,DEMRESHEBIO,2024,0.0621
RE1,DEMRESHEBIO,2025,0.062
RE1,DEMRESHEBIO,2026,0.068
RE1,DEMRESHEBIO,2027,0.0678
RE1,DEMRESHEBIO,2028,0.0677
RE1,DEMRESHEBIO,2029,0.0676
RE1,DEMRESHEBIO,2030,3.4388
RE1,DEMRESHEBIO,2031,0.0618
RE1,DEMRESHEBIO,2032,0.0616
RE1,DEMRESHEBIO,2033,0.0614
RE1,DEMRESHEBIO,2034,0.143
RE1,DEMRESHEBIO,2035,0.1452
RE1,DEMRESHEBIO,2036,0.1157
RE1,DEMRESHEBIO,2037,0.1155
RE1,DEMRESHEBIO,2038,0.1153
RE1,DEMRESHEBIO,2039,0.1151
RE1,DEMRESHEBIO,2040,0.1149
RE1,DEMRESHEBIO,2041,0.1207
RE1,DEMRESHEBIO,2042,0.1205
RE1,DEMRESHEBIO,2043,0.1203
RE1,DEMRESHEBIO,2044,0.1202
RE1,DEMRESHEBIO,2045,3.4913
RE1,DEMRESHEBIO,2046,0.1016
RE1,DEMRESHEBIO,2047,0.1014
RE1,DEMRESHEBIO,2048,0.1012
RE1,DEMRESHEBIO,2049,0.1827
RE1,DEMRESHEBIO,2050,0.1849
RE1,DEMRESHEBIO,2051,0.1564
RE1,DEMRESHEBIO,2052,0.1565
RE1,DEMRESHEBIO,2053,0.1566
RE1,DEMRESHEBIO,2054,0.1567
RE1,DEMRESHEBIO,2055,0.1568
RE1,DEMRESHEBIO,2056,0.163
RE1,DEMRESHEBIO,2057,0.1632
RE1,DEMRESHEBIO,2058,0.1633
RE1,DEMRESHEBIO,2059,0.1635
RE1,DEMRESHEBIO,2060,3.5349
RE1,DEMRESHEBIO,2061,0.1456
RE1,DEMRESHEBIO,2062,0.1457
RE1,DEMRESHEBIO,2063,0.1459
RE1,DEMRESHEBIO,2064,0.2277
RE1,DEMRESHEBIO,2065,0.2303
RE1,DEMRESHEBIO,2066,0.2022
RE1,DEMRESHEBIO,2067,0.2026
RE1,DEMRESHEBIO,2068,0.203
RE1,DEMRESHEBIO,2069,0.2035
RE1,DEMRESHEBIO,2070,0.204
RE1,DEMCOMELC,2015,5.8082
RE1,DEMCOMELC,2016,0.3359
RE1,DEMCOMELC,2017,0.2879
RE1,DEMCOMELC,2018,0.2879
RE1,DEMCOMELC,2019,0.2879
RE1,DEMCOMELC,2020,0.2879
RE1,DEMCOMELC,2021,0.2209
RE1,DEMCOMELC,2022,0.2209
RE1,DEMCOMELC,2023,0.2209
RE1,DEMCOMELC,2030,0.1946
RE1,DEMCOMELC,2031,0.2453
RE1,DEMCOMELC,2032,0.2453
RE1,DEMCOMELC,2033,0.2453
RE1,DEMCOMELC,2034,0.0244
RE1,DEMCOMELC,2035,0.0244
RE1,DEMCOMELC,2036,0.0196
RE1,DEMCOMELC,2037,0.0196
RE1,DEMCOMELC,2038,0.0196
RE1,DEMCOMELC,2039,0.0196
RE1,DEMCOMELC,2040,0.173
RE1,DEMCOMELC,2041,0.3058
RE1,DEMCOMELC,2042,0.2646
RE1,DEMCOMELC,2043,0.2646
RE1,DEMCOMELC,2045,0.0872
RE1,DEMCOMELC,2046,0.033
RE1,DEMCOMELC,2047,0.033
RE1,DEMCOMELC,2048,0.033
RE1,DEMCOMELC,2049,0.033
RE1,DEMCOMELC,2050,0.0259
RE1,DEMCOMELC,2051,0.4801
RE1,DEMCOMELC,2052,0.2785
RE1,DEMCOMELC,2053,0.2787
RE1,DEMCOMELC,2054,0.0143
RE1,DEMCOMELC,2055,0.1017
RE1,DEMCOMELC,2056,0.0476
RE1,DEMCOMELC,2057,0.0478
RE1,DEMCOMELC,2058,0.048
RE1,DEMCOMELC,2059,0.0481
RE1,DEMCOMELC,2061,0.5367
RE1,DEMCOMELC,2062,0.2942
RE1,DEMCOMELC,2063,0.2945
RE1,DEMCOMELC,2064,0.0303
RE1,DEMCOMELC,2065,0.1179
RE1,DEMCOMELC,2066,0.064
RE1,DEMCOMELC,2067,0.0643
RE1,DEMCOMELC,2068,0.0647
RE1,DEMCOMELC,2070,1.1487
RE1,COMENEFFDP,2024,5.7295
RE1,COMENEFFDP,2025,0.1548
RE1,COMENEFFDP,2026,0.1672
RE1,COMENEFFDP,2027,0.1672
RE1,COMENEFFDP,2028,0.1672
RE1,COMENEFFDP,2029,0.1672
RE1,COMENEFFDP,2030,0.1672
RE1,COMENEFFDP,2031,0.1912
RE1,COMENEFFDP,2032,0.1912
RE1,COMENEFFDP,2033,0.1912
RE1,COMENEFFDP,2034,5.9206
RE1,COMENEFFDP,2035,0.3459
RE1,COMENEFFDP,2036,0.3211
RE1,COMENEFFDP,2037,0.3211
RE1,COMENEFFDP,2038,0.3211
RE1,COMENEFFDP,2039,0.3211
RE1,COMENEFFDP,2040,0.3528
RE1,COMENEFFDP,2041,0.3101
RE1,COMENEFFDP,2042,0.3418
RE1,COMENEFFDP,2043,0.3418
RE1,COMENEFFDP,2044,6.1862
RE1,COMENEFFDP,2045,0.3818
RE1,COMENEFFDP,2046,0.4261
RE1,COMENEFFDP,2047,0.4261
RE1,COMENEFFDP,2048,0.4261
RE1,COMENEFFDP,2049,0.4261
RE1,COMENEFFDP,2050,0.5812
RE1,COMENEFFDP,2051,0.2952
RE1,COMENEFFDP,2052,0.4515
RE1,COMENEFFDP,2053,0.4527
RE1,COMENEFFDP,2054,6.2983
RE1,COMENEFFDP,2055,0.4951
RE1,COMENEFFDP,2056,0.5407
RE1,COMENEFFDP,2057,0.542
RE1,COMENEFFDP,2058,0.5433
RE1,COMENEFFDP,2059,0.5446
RE1,COMENEFFDP,2060,0.8389
RE1,COMENEFFDP,2061,0.2785
RE1,COMENEFFDP,2062,0.5741
RE1,COMENEFFDP,2063,0.5767
RE1,COMENEFFDP,2064,6.4236
RE1,COMENEFFDP,2065,0.6218
RE1,COMENEFFDP,2066,0.6688
RE1,COMENEFFDP,2067,0.6715
RE1,COMENEFFDP,2068,0.6743
RE1,COMENEFFDP,2069,0.8294
RE1,DEMCOMHEBIO,2015,1.4833
RE1,DEMCOMHEBIO,2016,0.0754
RE1,DEMCOMHEBIO,2017,0.0376
RE1,DEMCOMHEBIO,2018,0.0376
RE1,DEMCOMHEBIO,2019,0.0376
RE1,DEMCOMHEBIO,2020,0.0376
RE1,DEMCOMHEBIO,2021,0.0306
RE1,DEMCOMHEBIO,2022,0.0306
RE1,DEMCOMHEBIO,2023,0.0306
RE1,DEMCOMHEBIO,2024,0.0306
RE1,DEMCOMHEBIO,2025,0.0306
RE1,DEMCOMHEBIO,2026,0.0347
RE1,DEMCOMHEBIO,2027,0.0347
RE1,DEMCOMHEBIO,2028,0.0347
RE1,DEMCOMHEBIO,2029,0.0347
RE1,DEMCOMHEBIO,2030,1.5181
RE1,DEMCOMHEBIO,2031,0.104
RE1,DEMCOMHEBIO,2032,0.0662
RE1,DEMCOMHEBIO,2033,0.0662
RE1,DEMCOMHEBIO,2034,0.0662
RE1,DEMCOMHEBIO,2035,0.0662
RE1,DEMCOMHEBIO,2036,0.057
RE1,DEMCOMHEBIO,2037,0.057
RE1,DEMCOMHEBIO,2038,0.057
RE1,DEMCOMHEBIO,2039,0.057
RE1,DEMCOMHEBIO,2040,0.057
RE1,DEMCOMHEBIO,2041,0.0595
RE1,DEMCOMHEBIO,2042,0.0595
RE1,DEMCOMHEBIO,2043,0.0595
RE1,DEMCOMHEBIO,2044,0.0595
RE1,DEMCOMHEBIO,2045,1.5428
RE1,DEMCOMHEBIO,2046,0.1235
RE1,DEMCOMHEBIO,2047,0.0857
RE1,DEMCOMHEBIO,2048,0.0857
RE1,DEMCOMHEBIO,2049,0.0857
RE1,DEMCOMHEBIO,2050,0.0857
RE1,DEMCOMHEBIO,2051,0.0769
RE1,DEMCOMHEBIO,2052,0.077
RE1,DEMCOMHEBIO,2053,0.0772
RE1,DEMCOMHEBIO,2054,0.0774
RE1,DEMCOMHEBIO,2055,0.0775
RE1,DEMCOMHEBIO,2056,0.0802
RE1,DEMCOMHEBIO,2057,0.0803
RE1,DEMCOMHEBIO,2058,0.0805
RE1,DEMCOMHEBIO,2059,0.0807
RE1,DEMCOMHEBIO,2060,1.5642
RE1,DEMCOMHEBIO,2061,0.1451
RE1,DEMCOMHEBIO,2062,0.1074
RE1,DEMCOMHEBIO,2063,0.1076
RE1,DEMCOMHEBIO,2064,0.1077
RE1,DEMCOMHEBIO,2065,0.1079
RE1,DEMCOMHEBIO,2066,0.0993
RE1,DEMCOMHEBIO,2067,0.0996
RE1,DEMCOMHEBIO,2068,0.1
RE1,DEMCOMHEBIO,2069,0.1003
RE1,DEMCOMHEBIO,2070,0.1007
RE1,DEMINDHECOA,2015,25.5106
RE1,DEMINDHECOA,2022,0.2405
RE1,DEMINDHECOA,2023,0.3711
RE1,DEMINDHECOA,2024,0.3706
RE1,DEMINDHECOA,2025,0.3702
RE1,DEMINDHECOA,2026,0.4087
RE1,DEMINDHECOA,2027,0.4081
RE1,DEMINDHECOA,2028,0.4077
RE1,DEMINDHECOA,2029,0.4072
RE1,DEMINDHECOA,2030,25.9173
RE1,DEMINDHECOA,2031,0.3667
RE1,DEMINDHECOA,2032,0.366
RE1,DEMINDHECOA,2033,0.3654
RE1,DEMINDHECOA,2034,0.3647
RE1,DEMINDHECOA,2035,0.3641
RE1,DEMINDHECOA,2036,0.3197
RE1,DEMINDHECOA,2037,0.5599
RE1,DEMINDHECOA,2038,0.6901
RE1,DEMINDHECOA,2039,0.6893
RE1,DEMINDHECOA,2040,0.6885
RE1,DEMINDHECOA,2041,0.7404
RE1,DEMINDHECOA,2042,0.7397
RE1,DEMINDHECOA,2043,0.739
RE1,DEMINDHECOA,2044,0.7383
RE1,DEMINDHECOA,2045,26.2482
RE1,DEMINDHECOA,2046,0.6211
RE1,DEMINDHECOA,2047,0.6203
RE1,DEMINDHECOA,2048,0.6196
RE1,DEMINDHECOA,2049,0.6188
RE1,DEMINDHECOA,2050,0.6182
RE1,DEMINDHECOA,2051,0.5797
RE1,DEMINDHECOA,2052,0.8219
RE1,DEMINDHECOA,2053,0.9541
RE1,DEMINDHECOA,2054,0.9553
RE1,DEMINDHECOA,2055,0.9566
RE1,DEMINDHECOA,2056,1.0105
RE1,DEMINDHECOA,2057,1.0118
RE1,DEMINDHECOA,2058,1.0132
RE1,DEMINDHECOA,2059,1.0146
RE1,DEMINDHECOA,2060,26.5266
RE1,DEMINDHECOA,2061,0.9016
RE1,DEMINDHECOA,2062,0.903
RE1,DEMINDHECOA,2063,0.9044
RE1,DEMINDHECOA,2064,0.9058
RE1,DEMINDHECOA,2065,0.9073
RE1,DEMINDHECOA,2066,0.8711
RE1,DEMINDHECOA,2067,1.1155
RE1,DEMINDHECOA,2068,1.2499
RE1,DEMINDHECOA,2069,1.2534
RE1,DEMINDHECOA,2070,1.2569
