r,t,y,AnnualVariableOperatingCost
RE1,MINOIL,2024,28982.968
RE1,MINBIO,2015,1451.4252
RE1,MINBIO,2016,1392.6629
RE1,MINBIO,2017,1444.3895
RE1,MINBIO,2018,1496.2951
RE1,MINBIO,2019,1524.1047
RE1,MINBIO,2020,1568.4932
RE1,MINBIO,2021,1604.9908
RE1,MINBIO,2022,1624.9767
RE1,MINBIO,2023,1644.9294
RE1,MINBIO,2024,1664.8508
RE1,MINBIO,2025,1684.7427
RE1,MINBIO,2026,1706.6722
RE1,MINBIO,2027,1728.5688
RE1,MINBIO,2028,1750.4343
RE1,MINBIO,2029,1772.2704
RE1,MINBIO,2030,1794.0788
RE1,MINBIO,2031,1583.4026
RE1,MINBIO,2032,1603.0398
RE1,MINBIO,2033,1622.6345
RE1,MINBIO,2034,1642.189
RE1,MINBIO,2035,1661.7054
RE1,MINBIO,2036,1678.8256
RE1,MINBIO,2037,1695.9242
RE1,MINBIO,2038,1713.0018
RE1,MINBIO,2039,1730.0595
RE1,MINBIO,2040,1747.0977
RE1,MINBIO,2041,1764.4235
RE1,MINBIO,2042,1781.735
RE1,MINBIO,2043,1799.0328
RE1,MINBIO,2044,1816.3172
RE1,MINBIO,2045,1833.5889
RE1,MINBIO,2046,1813.8544
RE1,MINBIO,2047,1794.1916
RE1,MINBIO,2048,1791.0769
RE1,MINBIO,2049,1804.2782
RE1,MINBIO,2050,1800.8433
RE1,MINBIO,2051,1797.8805
RE1,MINBIO,2052,1811.4981
RE1,MINBIO,2053,1825.2205
RE1,MINBIO,2054,1839.0485
RE1,MINBIO,2055,1852.9831
RE1,MINBIO,2056,1867.0249
RE1,MINBIO,2057,1881.1749
RE1,MINBIO,2058,1895.4339
RE1,MINBIO,2059,1909.8028
RE1,MINBIO,2060,1924.2823
RE1,MINBIO,2061,1938.8733
RE1,MINBIO,2062,1953.5768
RE1,MINBIO,2063,1968.3936
RE1,MINBIO,2064,1983.3245
RE1,MINBIO,2065,1998.3705
RE1,MINBIO,2066,2013.5325
RE1,MINBIO,2067,2028.8113
RE1,MINBIO,2068,2044.2078
RE1,MINBIO,2069,2059.723
RE1,MINBIO,2070,2075.3578
RE1,IMPCOA,2027,2640.0436
RE1,IMPCOA,2028,11660.908
RE1,IMPCOA,2029,12038.377
RE1,IMPCOA,2030,12418.143
RE1,IMPCOA,2031,13640.849
RE1,IMPCOA,2032,13979.619
RE1,IMPCOA,2033,14182.028
RE1,IMPCOA,2034,14385.236
RE1,IMPCOA,2035,14589.246
RE1,IMPCOA,2036,15163.62
RE1,IMPCOA,2037,15677.585
RE1,IMPCOA,2038,16769.578
RE1,IMPCOA,2039,17293.123
RE1,IMPCOA,2040,17965.257
RE1,IMPCOA,2041,18426.655
RE1,IMPCOA,2042,18800.103
RE1,IMPCOA,2043,19174.69
RE1,IMPCOA,2044,19878.182
RE1,IMPCOA,2045,20583.803
RE1,IMPCOA,2046,20972.692
RE1,IMPCOA,2047,21408.411
RE1,IMPCOA,2048,21749.858
RE1,IMPCOA,2049,22030.404
RE1,IMPCOA,2050,22392.539
RE1,IMPCOA,2051,23054.711
RE1,IMPCOA,2052,23309.256
RE1,IMPCOA,2053,23566.537
RE1,IMPCOA,2054,23826.583
RE1,IMPCOA,2055,24089.425
RE1,IMPCOA,2056,24355.092
RE1,IMPCOA,2057,24623.616
RE1,IMPCOA,2058,24895.028
RE1,IMPCOA,2059,25169.358
RE1,IMPCOA,2060,25446.64
RE1,IMPCOA,2061,25726.904
RE1,IMPCOA,2062,26010.184
RE1,IMPCOA,2063,26296.511
RE1,IMPCOA,2064,26585.92
RE1,IMPCOA,2065,26878.445
RE1,IMPCOA,2066,27174.117
RE1,IMPCOA,2067,27472.973
RE1,IMPCOA,2068,27775.047
RE1,IMPCOA,2069,28080.374
RE1,IMPCOA,2070,28388.989
RE1,MINCOA,2015,2590.7438
RE1,MINCOA,2016,2542.1017
RE1,MINCOA,2017,2698.4387
RE1,MINCOA,2018,2877.9208
RE1,MINCOA,2019,3295.3828
RE1,MINCOA,2020,7993.3771
RE1,MINCOA,2021,8241.3544
RE1,MINCOA,2022,8539.323
RE1,MINCOA,2023,8838.9664
RE1,MINCOA,2024,9140.2854
RE1,MINCOA,2025,9443.2806
RE1,MINCOA,2026,9771.2082
RE1,MINCOA,2027,7738.0607
RE1,IMPLFO,2015,37884.26
RE1,IMPLFO,2016,48831.712
RE1,IMPLFO,2017,59793.105
RE1,IMPLFO,2018,71366.78
RE1,IMPLFO,2019,83348.151
RE1,IMPLFO,2020,95795.775
RE1,IMPLFO,2021,99120.952
RE1,IMPLFO,2022,102502.33
RE1,IMPLFO,2023,105939.9
RE1,IMPLFO,2024,78137.608
RE1,IMPLFO,2025,112983.69
RE1,IMPLFO,2026,116798.8
RE1,IMPLFO,2027,120676.42
RE1,IMPLFO,2028,124616.53
RE1,IMPLFO,2029,128619.16
RE1,IMPLFO,2030,132684.29
RE1,IMPLFO,2031,137433.85
RE1,IMPLFO,2032,142261.95
RE1,IMPLFO,2033,147168.59
RE1,IMPLFO,2034,152153.75
RE1,IMPLFO,2035,157217.45
RE1,IMPLFO,2036,162176.17
RE1,IMPLFO,2037,167206.57
RE1,IMPLFO,2038,172308.64
RE1,IMPLFO,2039,177467.51
RE1,IMPLFO,2040,182697.49
RE1,IMPLFO,2041,185989.07
RE1,IMPLFO,2042,189308.98
RE1,IMPLFO,2043,192657.23
RE1,IMPLFO,2044,196033.81
RE1,IMPLFO,2045,199438.73
RE1,IMPLFO,2046,202435.98
RE1,IMPLFO,2047,205455.44
RE1,IMPLFO,2048,208497.11
RE1,IMPLFO,2049,211560.99
RE1,IMPLFO,2050,214647.09
RE1,IMPLFO,2051,216283.32
RE1,IMPLFO,2052,217932.2
RE1,IMPLFO,2053,219593.84
RE1,IMPLFO,2054,221268.34
RE1,IMPLFO,2055,222955.8
RE1,IMPLFO,2056,224656.32
RE1,IMPLFO,2057,226370.0
RE1,IMPLFO,2058,228096.94
RE1,IMPLFO,2059,229837.25
RE1,IMPLFO,2060,231591.03
RE1,IMPLFO,2061,233358.39
RE1,IMPLFO,2062,235139.43
RE1,IMPLFO,2063,236934.26
RE1,IMPLFO,2064,238742.98
RE1,IMPLFO,2065,240565.71
RE1,IMPLFO,2066,242402.56
RE1,IMPLFO,2067,244253.63
RE1,IMPLFO,2068,246119.03
RE1,IMPLFO,2069,247998.89
RE1,IMPLFO,2070,249893.3
RE1,UPSREF001,2024,1537.1693
RE1,MINNGS,2015,4099.725
RE1,MINNGS,2016,4720.6405
RE1,MINNGS,2017,5394.2435
RE1,MINNGS,2018,6256.9119
RE1,MINNGS,2019,6958.5695
RE1,MINNGS,2032,326.6652
RE1,MINNGS,2033,875.4963
RE1,MINNGS,2034,1427.5753
RE1,MINNGS,2035,2129.0368
RE1,MINNGS,2036,2135.9997
RE1,MINNGS,2037,2142.9626
RE1,MINNGS,2038,1291.6312
RE1,MINNGS,2039,1295.8143
RE1,MINNGS,2040,1087.9497
RE1,MINNGS,2041,964.0922
RE1,MINNGS,2042,964.3307
RE1,MINNGS,2043,964.5693
RE1,MINNGS,2044,482.4039
RE1,MINSOL,2015,0.0009
RE1,MINSOL,2016,0.0015
RE1,MINSOL,2017,0.0016
RE1,MINSOL,2018,0.0018
RE1,MINSOL,2019,0.0018
RE1,MINSOL,2020,0.0018
RE1,MINSOL,2021,0.0018
RE1,MINSOL,2022,0.0018
RE1,MINSOL,2023,0.0018
RE1,MINSOL,2024,0.0018
RE1,MINSOL,2025,0.0018
RE1,MINSOL,2026,0.0018
RE1,MINSOL,2027,0.0018
RE1,MINSOL,2028,0.0018
RE1,MINSOL,2029,0.0018
RE1,MINSOL,2030,0.0018
RE1,MINSOL,2031,0.0018
RE1,MINSOL,2032,0.0018
RE1,MINSOL,2033,0.0018
RE1,MINSOL,2034,0.0018
RE1,MINSOL,2035,0.001
RE1,MINSOL,2036,0.0004
RE1,MINSOL,2037,0.0002
RE1,MINSOL,2038,0.0001
RE1,MINSOL,2039,0.0
RE1,MINSOL,2040,0.0
RE1,MINSOL,2041,0.0
RE1,MINSOL,2042,0.0
RE1,MINSOL,2043,0.0
RE1,MINWND,2015,0.0001
RE1,MINWND,2016,0.0003
RE1,MINWND,2017,0.0003
RE1,MINWND,2018,0.0006
RE1,MINWND,2019,0.0008
RE1,MINWND,2020,0.0008
RE1,MINWND,2021,0.0008
RE1,MINWND,2022,0.0008
RE1,MINWND,2023,0.0008
RE1,MINWND,2024,0.0008
RE1,MINWND,2025,0.0008
RE1,MINWND,2026,0.0008
RE1,MINWND,2027,0.0008
RE1,MINWND,2028,0.0008
RE1,MINWND,2029,0.0008
RE1,MINWND,2030,0.0008
RE1,MINWND,2031,0.0008
RE1,MINWND,2032,0.0008
RE1,MINWND,2033,0.0008
RE1,MINWND,2034,0.0008
RE1,MINWND,2035,0.0008
RE1,MINWND,2036,0.0006
RE1,MINWND,2037,0.0006
RE1,MINWND,2038,0.0006
RE1,MINWND,2039,0.0006
RE1,MINWND,2040,0.0006
RE1,MINWND,2041,0.0006
RE1,MINWND,2042,0.0006
RE1,MINWND,2043,0.0006
RE1,MINWND,2044,0.0006
RE1,MINWND,2045,0.0006
RE1,MINWND,2046,0.0006
RE1,MINWND,2047,0.0003
RE1,MINWND,2048,0.0002
RE1,MINWND,2049,0.0002
RE1,MINHYD,2015,0.0029
RE1,MINHYD,2016,0.0029
RE1,MINHYD,2017,0.0029
RE1,MINHYD,2018,0.0029
RE1,MINHYD,2019,0.0029
RE1,MINHYD,2020,0.0029
RE1,MINHYD,2021,0.0029
RE1,MINHYD,2022,0.0029
RE1,MINHYD,2023,0.0029
RE1,MINHYD,2024,0.0029
RE1,MINHYD,2025,0.0029
RE1,MINHYD,2026,0.0029
RE1,MINHYD,2027,0.0029
RE1,MINHYD,2028,0.0029
RE1,MINHYD,2029,0.0029
RE1,MINHYD,2030,0.0029
RE1,MINHYD,2031,0.0029
RE1,MINHYD,2032,0.0029
RE1,MINHYD,2033,0.0029
RE1,MINHYD,2034,0.0029
RE1,MINHYD,2035,0.0029
RE1,MINHYD,2036,0.0029
RE1,MINHYD,2037,0.0029
RE1,MINHYD,2038,0.0029
RE1,MINHYD,2039,0.0029
RE1,MINHYD,2040,0.0029
RE1,MINHYD,2041,0.0029
RE1,MINHYD,2042,0.0029
RE1,MINHYD,2043,0.0029
RE1,MINHYD,2044,0.0029
RE1,MINHYD,2045,0.0029
RE1,MINHYD,2046,0.0029
RE1,MINHYD,2047,0.0029
RE1,MINHYD,2048,0.0029
RE1,MINHYD,2049,0.0029
RE1,MINHYD,2050,0.0029
RE1,PWRBIO001,2015,0.0065
RE1,PWRBIO001,2016,0.0075
RE1,PWRBIO001,2017,0.0084
RE1,PWRBIO001,2018,0.0089
RE1,PWRBIO001,2019,0.0089
RE1,PWRBIO001,2020,0.0093
RE1,PWRBIO001,2021,0.0098
RE1,PWRBIO001,2022,0.0098
RE1,PWRBIO001,2023,0.0098
RE1,PWRBIO001,2024,0.0098
RE1,PWRBIO001,2025,0.0098
RE1,PWRBIO001,2026,0.0098
RE1,PWRBIO001,2027,0.0098
RE1,PWRBIO001,2028,0.0098
RE1,PWRBIO001,2029,0.0098
RE1,PWRBIO001,2030,0.0098
RE1,PWRBIO001,2031,0.0033
RE1,PWRBIO001,2032,0.0033
RE1,PWRBIO001,2033,0.0033
RE1,PWRBIO001,2034,0.0033
RE1,PWRBIO001,2035,0.0033
RE1,PWRBIO001,2036,0.0033
RE1,PWRBIO001,2037,0.0033
RE1,PWRBIO001,2038,0.0033
RE1,PWRBIO001,2039,0.0033
RE1,PWRBIO001,2040,0.0033
RE1,PWRBIO001,2041,0.0033
RE1,PWRBIO001,2042,0.0033
RE1,PWRBIO001,2043,0.0033
RE1,PWRBIO001,2044,0.0033
RE1,PWRBIO001,2045,0.0033
RE1,PWRBIO001,2046,0.0023
RE1,PWRBIO001,2047,0.0014
RE1,PWRBIO001,2048,0.0009
RE1,PWRBIO001,2049,0.0009
RE1,PWRBIO001,2050,0.0005
RE1,PWRCOA001,2015,0.0124
RE1,PWRCOA001,2016,0.0124
RE1,PWRCOA001,2017,0.0124
RE1,PWRCOA001,2018,0.0124
RE1,PWRCOA001,2019,0.0152
RE1,PWRCOA001,2020,0.0649
RE1,PWRCOA001,2021,0.067
RE1,PWRCOA001,2022,0.0696
RE1,PWRCOA001,2023,0.0722
RE1,PWRCOA001,2024,0.0748
RE1,PWRCOA001,2025,0.0774
RE1,PWRCOA001,2026,0.0802
RE1,PWRCOA001,2027,0.083
RE1,PWRCOA001,2028,0.0858
RE1,PWRCOA001,2029,0.0886
RE1,PWRCOA001,2030,0.0914
RE1,PWRCOA001,2031,0.1012
RE1,PWRCOA001,2032,0.1024
RE1,PWRCOA001,2033,0.1024
RE1,PWRCOA001,2034,0.1024
RE1,PWRCOA001,2035,0.1024
RE1,PWRCOA001,2036,0.1058
RE1,PWRCOA001,2037,0.1085
RE1,PWRCOA001,2038,0.1161
RE1,PWRCOA001,2039,0.1188
RE1,PWRCOA001,2040,0.1226
RE1,PWRCOA001,2041,0.1259
RE1,PWRCOA001,2042,0.1284
RE1,PWRCOA001,2043,0.1309
RE1,PWRCOA001,2044,0.1362
RE1,PWRCOA001,2045,0.1415
RE1,PWRCOA001,2046,0.1442
RE1,PWRCOA001,2047,0.1473
RE1,PWRCOA001,2048,0.1495
RE1,PWRCOA001,2049,0.1513
RE1,PWRCOA001,2050,0.1537
RE1,PWRCOA001,2051,0.1589
RE1,PWRCOA001,2052,0.1608
RE1,PWRCOA001,2053,0.1627
RE1,PWRCOA001,2054,0.1646
RE1,PWRCOA001,2055,0.1666
RE1,PWRCOA001,2056,0.1685
RE1,PWRCOA001,2057,0.1705
RE1,PWRCOA001,2058,0.1725
RE1,PWRCOA001,2059,0.1745
RE1,PWRCOA001,2060,0.1766
RE1,PWRCOA001,2061,0.1787
RE1,PWRCOA001,2062,0.1808
RE1,PWRCOA001,2063,0.1829
RE1,PWRCOA001,2064,0.185
RE1,PWRCOA001,2065,0.1872
RE1,PWRCOA001,2066,0.1894
RE1,PWRCOA001,2067,0.1916
RE1,PWRCOA001,2068,0.1938
RE1,PWRCOA001,2069,0.1961
RE1,PWRCOA001,2070,0.1984
RE1,PWRNGS001,2015,0.0439
RE1,PWRNGS001,2016,0.044
RE1,PWRNGS001,2017,0.0446
RE1,PWRNGS001,2018,0.0464
RE1,PWRNGS001,2019,0.0468
RE1,PWRNGS001,2032,0.0019
RE1,PWRNGS001,2033,0.0051
RE1,PWRNGS001,2034,0.0083
RE1,PWRNGS001,2035,0.0124
RE1,PWRNGS001,2036,0.0124
RE1,PWRNGS001,2037,0.0124
RE1,PWRNGS001,2038,0.0074
RE1,PWRNGS001,2039,0.0074
RE1,PWRNGS001,2040,0.0062
RE1,PWRNGS001,2041,0.0055
RE1,PWRNGS001,2042,0.0055
RE1,PWRNGS001,2043,0.0055
RE1,PWRNGS001,2044,0.0028
RE1,PWRSOL001,2015,0.0009
RE1,PWRSOL001,2016,0.0015
RE1,PWRSOL001,2017,0.0016
RE1,PWRSOL001,2018,0.0018
RE1,PWRSOL001,2019,0.0018
RE1,PWRSOL001,2020,0.0018
RE1,PWRSOL001,2021,0.0018
RE1,PWRSOL001,2022,0.0018
RE1,PWRSOL001,2023,0.0018
RE1,PWRSOL001,2024,0.0018
RE1,PWRSOL001,2025,0.0018
RE1,PWRSOL001,2026,0.0018
RE1,PWRSOL001,2027,0.0018
RE1,PWRSOL001,2028,0.0018
RE1,PWRSOL001,2029,0.0018
RE1,PWRSOL001,2030,0.0018
RE1,PWRSOL001,2031,0.0018
RE1,PWRSOL001,2032,0.0018
RE1,PWRSOL001,2033,0.0018
RE1,PWRSOL001,2034,0.0018
RE1,PWRSOL001,2035,0.001
RE1,PWRSOL001,2036,0.0004
RE1,PWRSOL001,2037,0.0002
RE1,PWRSOL001,2038,0.0001
RE1,PWRSOL001,2039,0.0
RE1,PWRSOL001,2040,0.0
RE1,PWRCSP002,2015,0.0
RE1,PWRCSP002,2016,0.0
RE1,PWRCSP002,2017,0.0
RE1,PWRCSP002,2018,0.0
RE1,PWRCSP002,2019,0.0
RE1,PWRCSP002,2020,0.0
RE1,PWRCSP002,2021,0.0
RE1,PWRCSP002,2022,0.0
RE1,PWRCSP002,2023,0.0
RE1,PWRCSP002,2024,0.0
RE1,PWRCSP002,2025,0.0
RE1,PWRCSP002,2026,0.0
RE1,PWRCSP002,2027,0.0
RE1,PWRCSP002,2028,0.0
RE1,PWRCSP002,2029,0.0
RE1,PWRCSP002,2030,0.0
RE1,PWRCSP002,2031,0.0
RE1,PWRCSP002,2032,0.0
RE1,PWRCSP002,2033,0.0
RE1,PWRCSP002,2034,0.0
RE1,PWRCSP002,2035,0.0
RE1,PWRCSP002,2036,0.0
RE1,PWRCSP002,2037,0.0
RE1,PWRCSP002,2038,0.0
RE1,PWRCSP002,2039,0.0
RE1,PWRCSP002,2040,0.0
RE1,PWRCSP002,2041,0.0
RE1,PWRCSP002,2042,0.0
RE1,PWRCSP002,2043,0.0
RE1,PWRHYD001,2015,0.0028
RE1,PWRHYD001,2016,0.0028
RE1,PWRHYD001,2017,0.0028
RE1,PWRHYD001,2018,0.0028
RE1,PWRHYD001,2019,0.0028
RE1,PWRHYD001,2020,0.0028
RE1,PWRHYD001,2021,0.0028
RE1,PWRHYD001,2022,0.0028
RE1,PWRHYD001,2023,0.0028
RE1,PWRHYD001,2024,0.0028
RE1,PWRHYD001,2025,0.0028
RE1,PWRHYD001,2026,0.0028
RE1,PWRHYD001,2027,0.0028
RE1,PWRHYD001,2028,0.0028
RE1,PWRHYD001,2029,0.0028
RE1,PWRHYD001,2030,0.0028
RE1,PWRHYD001,2031,0.0028
RE1,PWRHYD001,2032,0.0028
RE1,PWRHYD001,2033,0.0028
RE1,PWRHYD001,2034,0.0028
RE1,PWRHYD001,2035,0.0028
RE1,PWRHYD001,2036,0.0028
RE1,PWRHYD001,2037,0.0028
RE1,PWRHYD001,2038,0.0028
RE1,PWRHYD001,2039,0.0028
RE1,PWRHYD001,2040,0.0028
RE1,PWRHYD001,2041,0.0028
RE1,PWRHYD001,2042,0.0028
RE1,PWRHYD001,2043,0.0028
RE1,PWRHYD001,2044,0.0028
RE1,PWRHYD001,2045,0.0028
RE1,PWRHYD001,2046,0.0028
RE1,PWRHYD001,2047,0.0028
RE1,PWRHYD001,2048,0.0028
RE1,PWRHYD001,2049,0.0028
RE1,PWRHYD001,2050,0.0028
RE1,PWRHYD002,2015,0.0001
RE1,PWRHYD002,2016,0.0001
RE1,PWRHYD002,2017,0.0001
RE1,PWRHYD002,2018,0.0001
RE1,PWRHYD002,2019,0.0001
RE1,PWRHYD002,2020,0.0001
RE1,PWRHYD002,2021,0.0001
RE1,PWRHYD002,2022,0.0001
RE1,PWRHYD002,2023,0.0001
RE1,PWRHYD002,2024,0.0001
RE1,PWRHYD002,2025,0.0001
RE1,PWRHYD002,2026,0.0001
RE1,PWRHYD002,2027,0.0001
RE1,PWRHYD002,2028,0.0001
RE1,PWRHYD002,2029,0.0001
RE1,PWRHYD002,2030,0.0001
RE1,PWRHYD002,2031,0.0001
RE1,PWRHYD002,2032,0.0001
RE1,PWRHYD002,2033,0.0001
RE1,PWRHYD002,2034,0.0001
RE1,PWRHYD002,2035,0.0001
RE1,PWRHYD002,2036,0.0001
RE1,PWRHYD002,2037,0.0001
RE1,PWRHYD002,2038,0.0001
RE1,PWRHYD002,2039,0.0001
RE1,PWRHYD002,2040,0.0001
RE1,PWRHYD002,2041,0.0001
RE1,PWRHYD002,2042,0.0001
RE1,PWRHYD002,2043,0.0001
RE1,PWRHYD002,2044,0.0001
RE1,PWRHYD002,2045,0.0001
RE1,PWRHYD002,2046,0.0001
RE1,PWRHYD002,2047,0.0001
RE1,PWRHYD002,2048,0.0001
RE1,PWRHYD002,2049,0.0001
RE1,PWRHYD002,2050,0.0001
RE1,PWRWND001,2015,0.0001
RE1,PWRWND001,2016,0.0003
RE1,PWRWND001,2017,0.0003
RE1,PWRWND001,2018,0.0006
RE1,PWRWND001,2019,0.0008
RE1,PWRWND001,2020,0.0008
RE1,PWRWND001,2021,0.0008
RE1,PWRWND001,2022,0.0008
RE1,PWRWND001,2023,0.0008
RE1,PWRWND001,2024,0.0008
RE1,PWRWND001,2025,0.0008
RE1,PWRWND001,2026,0.0008
RE1,PWRWND001,2027,0.0008
RE1,PWRWND001,2028,0.0008
RE1,PWRWND001,2029,0.0008
RE1,PWRWND001,2030,0.0008
RE1,PWRWND001,2031,0.0008
RE1,PWRWND001,2032,0.0008
RE1,PWRWND001,2033,0.0008
RE1,PWRWND001,2034,0.0008
RE1,PWRWND001,2035,0.0008
RE1,PWRWND001,2036,0.0006
RE1,PWRWND001,2037,0.0006
RE1,PWRWND001,2038,0.0006
RE1,PWRWND001,2039,0.0006
RE1,PWRWND001,2040,0.0006
RE1,PWRWND001,2041,0.0006
RE1,PWRWND001,2042,0.0006
RE1,PWRWND001,2043,0.0006
RE1,PWRWND001,2044,0.0006
RE1,PWRWND001,2045,0.0006
RE1,PWRWND001,2046,0.0006
RE1,PWRWND001,2047,0.0003
RE1,PWRWND001,2048,0.0002
RE1,PWRWND001,2049,0.0002
RE1,PWRTRNIMP,2015,0.0052
RE1,PWRTRNIMP,2016,0.0071
RE1,PWRTRNIMP,2017,0.0088
RE1,PWRTRNIMP,2018,0.0096
RE1,PWRTRNIMP,2019,0.0096
RE1,PWRTRNIMP,2020,0.0096
RE1,PWRTRNIMP,2021,0.0096
RE1,PWRTRNIMP,2022,0.0096
RE1,PWRTRNIMP,2023,0.0096
RE1,PWRTRNIMP,2024,0.0096
RE1,PWRTRNIMP,2025,0.0096
RE1,PWRTRNIMP,2026,0.0096
RE1,PWRTRNIMP,2027,0.0096
RE1,PWRTRNIMP,2028,0.0096
RE1,PWRTRNIMP,2029,0.0096
RE1,PWRTRNIMP,2030,0.0096
RE1,PWRTRNIMP,2031,0.0096
RE1,PWRTRNIMP,2032,0.0096
RE1,PWRTRNIMP,2033,0.0096
RE1,PWRTRNIMP,2034,0.0096
RE1,PWRTRNIMP,2035,0.0096
RE1,PWRTRNIMP,2036,0.0096
RE1,PWRTRNIMP,2037,0.0096
RE1,PWRTRNIMP,2038,0.0096
RE1,PWRTRNIMP,2039,0.0096
RE1,PWRTRNIMP,2040,0.0096
RE1,PWRTRNIMP,2041,0.0096
RE1,PWRTRNIMP,2042,0.0096
RE1,PWRTRNIMP,2043,0.0096
RE1,PWRTRNIMP,2044,0.0096
RE1,PWRTRNIMP,2045,0.0096
RE1,PWRTRNIMP,2046,0.0096
RE1,PWRTRNIMP,2047,0.0096
RE1,PWRTRNIMP,2048,0.0096
RE1,PWRTRNIMP,2049,0.0096
RE1,PWRTRNIMP,2050,0.0096
RE1,PWRTRNIMP,2051,0.0096
RE1,PWRTRNIMP,2052,0.0096
RE1,PWRTRNIMP,2053,0.0096
RE1,PWRTRNIMP,2054,0.0096
RE1,PWRTRNIMP,2055,0.0096
RE1,PWRTRNIMP,2056,0.0096
RE1,PWRTRNIMP,2057,0.0096
RE1,PWRTRNIMP,2058,0.0096
RE1,PWRTRNIMP,2059,0.0096
RE1,PWRTRNIMP,2060,0.0096
RE1,PWRTRNIMP,2061,0.0096
RE1,PWRTRNIMP,2062,0.0096
RE1,PWRTRNIMP,2063,0.0096
RE1,PWRTRNIMP,2064,0.0096
RE1,PWRTRNIMP,2065,0.0096
RE1,PWRTRNIMP,2066,0.0096
RE1,PWRTRNIMP,2067,0.0096
RE1,PWRTRNIMP,2068,0.0096
RE1,PWRTRNIMP,2069,0.0096
RE1,PWRTRNIMP,2070,0.0096
RE1,PWRTRN,2015,0.0712
RE1,PWRTRN,2016,0.0752
RE1,PWRTRN,2017,0.0786
RE1,PWRTRN,2018,0.0821
RE1,PWRTRN,2019,0.0856
RE1,PWRTRN,2020,0.089
RE1,PWRTRN,2021,0.0916
RE1,PWRTRN,2022,0.0942
RE1,PWRTRN,2023,0.0968
RE1,PWRTRN,2024,0.0994
RE1,PWRTRN,2025,0.102
RE1,PWRTRN,2026,0.1048
RE1,PWRTRN,2027,0.1076
RE1,PWRTRN,2028,0.1104
RE1,PWRTRN,2029,0.1132
RE1,PWRTRN,2030,0.116
RE1,PWRTRN,2031,0.1192
RE1,PWRTRN,2032,0.1224
RE1,PWRTRN,2033,0.1256
RE1,PWRTRN,2034,0.1288
RE1,PWRTRN,2035,0.132
RE1,PWRTRN,2036,0.1346
RE1,PWRTRN,2037,0.1372
RE1,PWRTRN,2038,0.1397
RE1,PWRTRN,2039,0.1423
RE1,PWRTRN,2040,0.1449
RE1,PWRTRN,2041,0.1475
RE1,PWRTRN,2042,0.15
RE1,PWRTRN,2043,0.1525
RE1,PWRTRN,2044,0.1551
RE1,PWRTRN,2045,0.1576
RE1,PWRTRN,2046,0.1593
RE1,PWRTRN,2047,0.1611
RE1,PWRTRN,2048,0.1628
RE1,PWRTRN,2049,0.1646
RE1,PWRTRN,2050,0.1663
RE1,PWRTRN,2051,0.1682
RE1,PWRTRN,2052,0.17
RE1,PWRTRN,2053,0.1719
RE1,PWRTRN,2054,0.1738
RE1,PWRTRN,2055,0.1758
RE1,PWRTRN,2056,0.1777
RE1,PWRTRN,2057,0.1797
RE1,PWRTRN,2058,0.1817
RE1,PWRTRN,2059,0.1838
RE1,PWRTRN,2060,0.1858
RE1,PWRTRN,2061,0.1879
RE1,PWRTRN,2062,0.19
RE1,PWRTRN,2063,0.1921
RE1,PWRTRN,2064,0.1942
RE1,PWRTRN,2065,0.1964
RE1,PWRTRN,2066,0.1986
RE1,PWRTRN,2067,0.2008
RE1,PWRTRN,2068,0.2031
RE1,PWRTRN,2069,0.2053
RE1,PWRTRN,2070,0.2076
RE1,PWRDIST,2015,0.0668
RE1,PWRDIST,2016,0.0706
RE1,PWRDIST,2017,0.0739
RE1,PWRDIST,2018,0.0772
RE1,PWRDIST,2019,0.0805
RE1,PWRDIST,2020,0.0837
RE1,PWRDIST,2021,0.0862
RE1,PWRDIST,2022,0.0887
RE1,PWRDIST,2023,0.0911
RE1,PWRDIST,2024,0.0936
RE1,PWRDIST,2025,0.0961
RE1,PWRDIST,2026,0.0988
RE1,PWRDIST,2027,0.1014
RE1,PWRDIST,2028,0.1041
RE1,PWRDIST,2029,0.1068
RE1,PWRDIST,2030,0.1095
RE1,PWRDIST,2031,0.1126
RE1,PWRDIST,2032,0.1156
RE1,PWRDIST,2033,0.1187
RE1,PWRDIST,2034,0.1218
RE1,PWRDIST,2035,0.1248
RE1,PWRDIST,2036,0.1273
RE1,PWRDIST,2037,0.1298
RE1,PWRDIST,2038,0.1322
RE1,PWRDIST,2039,0.1347
RE1,PWRDIST,2040,0.1372
RE1,PWRDIST,2041,0.1397
RE1,PWRDIST,2042,0.1421
RE1,PWRDIST,2043,0.1446
RE1,PWRDIST,2044,0.147
RE1,PWRDIST,2045,0.1495
RE1,PWRDIST,2046,0.1512
RE1,PWRDIST,2047,0.1529
RE1,PWRDIST,2048,0.1546
RE1,PWRDIST,2049,0.1563
RE1,PWRDIST,2050,0.158
RE1,PWRDIST,2051,0.1598
RE1,PWRDIST,2052,0.1615
RE1,PWRDIST,2053,0.1633
RE1,PWRDIST,2054,0.1652
RE1,PWRDIST,2055,0.167
RE1,PWRDIST,2056,0.1689
RE1,PWRDIST,2057,0.1707
RE1,PWRDIST,2058,0.1727
RE1,PWRDIST,2059,0.1746
RE1,PWRDIST,2060,0.1765
RE1,PWRDIST,2061,0.1785
RE1,PWRDIST,2062,0.1805
RE1,PWRDIST,2063,0.1825
RE1,PWRDIST,2064,0.1845
RE1,PWRDIST,2065,0.1866
RE1,PWRDIST,2066,0.1887
RE1,PWRDIST,2067,0.1908
RE1,PWRDIST,2068,0.1929
RE1,PWRDIST,2069,0.1951
RE1,PWRDIST,2070,0.1972
RE1,PWRTRNEXP,2015,0.0008
RE1,PWRTRNEXP,2016,0.0005
RE1,PWRTRNEXP,2017,0.0004
RE1,PWRTRNEXP,2018,0.0004
RE1,PWRTRNEXP,2019,0.0004
RE1,PWRTRNEXP,2020,0.0004
RE1,PWRTRNEXP,2021,0.0004
RE1,PWRTRNEXP,2022,0.0004
RE1,PWRTRNEXP,2023,0.0004
RE1,PWRTRNEXP,2024,0.0004
RE1,PWRTRNEXP,2025,0.0004
RE1,PWRTRNEXP,2026,0.0004
RE1,PWRTRNEXP,2027,0.0004
RE1,PWRTRNEXP,2028,0.0004
RE1,PWRTRNEXP,2029,0.0004
RE1,PWRTRNEXP,2030,0.0004
RE1,PWRTRNEXP,2031,0.0004
RE1,PWRTRNEXP,2032,0.0004
RE1,PWRTRNEXP,2033,0.0004
RE1,PWRTRNEXP,2034,0.0004
RE1,PWRTRNEXP,2035,0.0004
RE1,PWRTRNEXP,2036,0.0004
RE1,PWRTRNEXP,2037,0.0004
RE1,PWRTRNEXP,2038,0.0004
RE1,PWRTRNEXP,2039,0.0004
RE1,PWRTRNEXP,2040,0.0004
RE1,PWRTRNEXP,2041,0.0004
RE1,PWRTRNEXP,2042,0.0004
RE1,PWRTRNEXP,2043,0.0004
RE1,PWRTRNEXP,2044,0.0004
RE1,PWRTRNEXP,2045,0.0004
RE1,PWRTRNEXP,2046,0.0004
RE1,PWRTRNEXP,2047,0.0004
RE1,PWRTRNEXP,2048,0.0004
RE1,PWRTRNEXP,2049,0.0004
RE1,PWRTRNEXP,2050,0.0004
RE1,PWRTRNEXP,2051,0.0004
RE1,PWRTRNEXP,2052,0.0004
RE1,PWRTRNEXP,2053,0.0004
RE1,PWRTRNEXP,2054,0.0004
RE1,PWRTRNEXP,2055,0.0004
RE1,PWRTRNEXP,2056,0.0004
RE1,PWRTRNEXP,2057,0.0004
RE1,PWRTRNEXP,2058,0.0004
RE1,PWRTRNEXP,2059,0.0004
RE1,PWRTRNEXP,2060,0.0004
RE1,PWRTRNEXP,2061,0.0004
RE1,PWRTRNEXP,2062,0.0004
RE1,PWRTRNEXP,2063,0.0004
RE1,PWRTRNEXP,2064,0.0004
RE1,PWRTRNEXP,2065,0.0004
RE1,PWRTRNEXP,2066,0.0004
RE1,PWRTRNEXP,2067,0.0004
RE1,PWRTRNEXP,2068,0.0004
RE1,PWRTRNEXP,2069,0.0004
RE1,PWRTRNEXP,2070,0.0004
RE1,DEMTRAMCYGSL,2015,0.023
RE1,DEMTRAMCYGSL,2016,0.0238
RE1,DEMTRAMCYGSL,2017,0.0244
RE1,DEMTRAMCYGSL,2018,0.025
RE1,DEMTRAMCYGSL,2019,0.0256
RE1,DEMTRAMCYGSL,2020,0.0261
RE1,DEMTRAMCYGSL,2021,0.0266
RE1,DEMTRAMCYGSL,2022,0.027
RE1,DEMTRAMCYGSL,2023,0.0275
RE1,DEMTRAMCYGSL,2024,0.0279
RE1,DEMTRAMCYGSL,2025,0.0284
RE1,DEMTRAMCYGSL,2026,0.0289
RE1,DEMTRAMCYGSL,2027,0.0294
RE1,DEMTRAMCYGSL,2028,0.0299
RE1,DEMTRAMCYGSL,2029,0.0304
RE1,DEMTRAMCYGSL,2030,0.0309
RE1,DEMTRAMCYGSL,2031,0.0314
RE1,DEMTRAMCYGSL,2032,0.0318
RE1,DEMTRAMCYGSL,2033,0.0322
RE1,DEMTRAMCYGSL,2034,0.0326
RE1,DEMTRAMCYGSL,2035,0.033
RE1,DEMTRAMCYGSL,2036,0.0334
RE1,DEMTRAMCYGSL,2037,0.0338
RE1,DEMTRAMCYGSL,2038,0.0342
RE1,DEMTRAMCYGSL,2039,0.0346
RE1,DEMTRAMCYGSL,2040,0.035
RE1,DEMTRAMCYGSL,2041,0.0353
RE1,DEMTRAMCYGSL,2042,0.0357
RE1,DEMTRAMCYGSL,2043,0.036
RE1,DEMTRAMCYGSL,2044,0.0364
RE1,DEMTRAMCYGSL,2045,0.0368
RE1,DEMTRAMCYGSL,2046,0.0371
RE1,DEMTRAMCYGSL,2047,0.0373
RE1,DEMTRAMCYGSL,2048,0.0376
RE1,DEMTRAMCYGSL,2049,0.0379
RE1,DEMTRAMCYGSL,2050,0.0382
RE1,DEMTRAMCYGSL,2051,0.0385
RE1,DEMTRAMCYGSL,2052,0.0388
RE1,DEMTRAMCYGSL,2053,0.0391
RE1,DEMTRAMCYGSL,2054,0.0394
RE1,DEMTRAMCYGSL,2055,0.0397
RE1,DEMTRAMCYGSL,2056,0.04
RE1,DEMTRAMCYGSL,2057,0.0403
RE1,DEMTRAMCYGSL,2058,0.0406
RE1,DEMTRAMCYGSL,2059,0.0409
RE1,DEMTRAMCYGSL,2060,0.0412
RE1,DEMTRAMCYGSL,2061,0.0415
RE1,DEMTRAMCYGSL,2062,0.0418
RE1,DEMTRAMCYGSL,2063,0.0422
RE1,DEMTRAMCYGSL,2064,0.0425
RE1,DEMTRAMCYGSL,2065,0.0428
RE1,DEMTRAMCYGSL,2066,0.0431
RE1,DEMTRAMCYGSL,2067,0.0435
RE1,DEMTRAMCYGSL,2068,0.0438
RE1,DEMTRAMCYGSL,2069,0.0441
RE1,DEMTRAMCYGSL,2070,0.0445
RE1,DEMTRACARGSL,2015,0.0494
RE1,DEMTRACARGSL,2016,0.0513
RE1,DEMTRACARGSL,2017,0.0524
RE1,DEMTRACARGSL,2018,0.0537
RE1,DEMTRACARGSL,2019,0.0549
RE1,DEMTRACARGSL,2020,0.0562
RE1,DEMTRACARGSL,2021,0.0571
RE1,DEMTRACARGSL,2022,0.0581
RE1,DEMTRACARGSL,2023,0.0591
RE1,DEMTRACARGSL,2024,0.0601
RE1,DEMTRACARGSL,2025,0.0611
RE1,DEMTRACARGSL,2026,0.0622
RE1,DEMTRACARGSL,2027,0.0633
RE1,DEMTRACARGSL,2028,0.0643
RE1,DEMTRACARGSL,2029,0.0654
RE1,DEMTRACARGSL,2030,0.0665
RE1,DEMTRACARGSL,2031,0.0674
RE1,DEMTRACARGSL,2032,0.0683
RE1,DEMTRACARGSL,2033,0.0692
RE1,DEMTRACARGSL,2034,0.0701
RE1,DEMTRACARGSL,2035,0.071
RE1,DEMTRACARGSL,2036,0.0719
RE1,DEMTRACARGSL,2037,0.0727
RE1,DEMTRACARGSL,2038,0.0735
RE1,DEMTRACARGSL,2039,0.0743
RE1,DEMTRACARGSL,2040,0.0751
RE1,DEMTRACARGSL,2041,0.0759
RE1,DEMTRACARGSL,2042,0.0767
RE1,DEMTRACARGSL,2043,0.0775
RE1,DEMTRACARGSL,2044,0.0783
RE1,DEMTRACARGSL,2045,0.0791
RE1,DEMTRACARGSL,2046,0.0797
RE1,DEMTRACARGSL,2047,0.0803
RE1,DEMTRACARGSL,2048,0.0809
RE1,DEMTRACARGSL,2049,0.0815
RE1,DEMTRACARGSL,2050,0.0821
RE1,DEMTRACARGSL,2051,0.0827
RE1,DEMTRACARGSL,2052,0.0834
RE1,DEMTRACARGSL,2053,0.084
RE1,DEMTRACARGSL,2054,0.0846
RE1,DEMTRACARGSL,2055,0.0853
RE1,DEMTRACARGSL,2056,0.0859
RE1,DEMTRACARGSL,2057,0.0866
RE1,DEMTRACARGSL,2058,0.0872
RE1,DEMTRACARGSL,2059,0.0879
RE1,DEMTRACARGSL,2060,0.0886
RE1,DEMTRACARGSL,2061,0.0893
RE1,DEMTRACARGSL,2062,0.0899
RE1,DEMTRACARGSL,2063,0.0906
RE1,DEMTRACARGSL,2064,0.0913
RE1,DEMTRACARGSL,2065,0.092
RE1,DEMTRACARGSL,2066,0.0927
RE1,DEMTRACARGSL,2067,0.0934
RE1,DEMTRACARGSL,2068,0.0941
RE1,DEMTRACARGSL,2069,0.0949
RE1,DEMTRACARGSL,2070,0.0956
RE1,DEMTRABUSGSL,2015,0.0425
RE1,DEMTRABUSGSL,2016,0.0441
RE1,DEMTRABUSGSL,2017,0.0451
RE1,DEMTRABUSGSL,2018,0.0462
RE1,DEMTRABUSGSL,2019,0.0473
RE1,DEMTRABUSGSL,2020,0.0483
RE1,DEMTRABUSGSL,2021,0.0492
RE1,DEMTRABUSGSL,2022,0.05
RE1,DEMTRABUSGSL,2023,0.0509
RE1,DEMTRABUSGSL,2024,0.0517
RE1,DEMTRABUSGSL,2025,0.0525
RE1,DEMTRABUSGSL,2026,0.0535
RE1,DEMTRABUSGSL,2027,0.0544
RE1,DEMTRABUSGSL,2028,0.0554
RE1,DEMTRABUSGSL,2029,0.0563
RE1,DEMTRABUSGSL,2030,0.0572
RE1,DEMTRABUSGSL,2031,0.058
RE1,DEMTRABUSGSL,2032,0.0588
RE1,DEMTRABUSGSL,2033,0.0596
RE1,DEMTRABUSGSL,2034,0.0603
RE1,DEMTRABUSGSL,2035,0.0611
RE1,DEMTRABUSGSL,2036,0.0618
RE1,DEMTRABUSGSL,2037,0.0625
RE1,DEMTRABUSGSL,2038,0.0632
RE1,DEMTRABUSGSL,2039,0.064
RE1,DEMTRABUSGSL,2040,0.0647
RE1,DEMTRABUSGSL,2041,0.0653
RE1,DEMTRABUSGSL,2042,0.066
RE1,DEMTRABUSGSL,2043,0.0667
RE1,DEMTRABUSGSL,2044,0.0674
RE1,DEMTRABUSGSL,2045,0.068
RE1,DEMTRABUSGSL,2046,0.0685
RE1,DEMTRABUSGSL,2047,0.0691
RE1,DEMTRABUSGSL,2048,0.0696
RE1,DEMTRABUSGSL,2049,0.0701
RE1,DEMTRABUSGSL,2050,0.0707
RE1,DEMTRABUSGSL,2051,0.0712
RE1,DEMTRABUSGSL,2052,0.0717
RE1,DEMTRABUSGSL,2053,0.0723
RE1,DEMTRABUSGSL,2054,0.0728
RE1,DEMTRABUSGSL,2055,0.0734
RE1,DEMTRABUSGSL,2056,0.0739
RE1,DEMTRABUSGSL,2057,0.0745
RE1,DEMTRABUSGSL,2058,0.0751
RE1,DEMTRABUSGSL,2059,0.0756
RE1,DEMTRABUSGSL,2060,0.0762
RE1,DEMTRABUSGSL,2061,0.0768
RE1,DEMTRABUSGSL,2062,0.0774
RE1,DEMTRABUSGSL,2063,0.078
RE1,DEMTRABUSGSL,2064,0.0786
RE1,DEMTRABUSGSL,2065,0.0792
RE1,DEMTRABUSGSL,2066,0.0798
RE1,DEMTRABUSGSL,2067,0.0804
RE1,DEMTRABUSGSL,2068,0.081
RE1,DEMTRABUSGSL,2069,0.0816
RE1,DEMTRABUSGSL,2070,0.0822
RE1,DEMINDELC,2015,0.0328
RE1,DEMINDELC,2016,0.0347
RE1,DEMINDELC,2017,0.0363
RE1,DEMINDELC,2018,0.038
RE1,DEMINDELC,2019,0.0396
RE1,DEMINDELC,2020,0.0412
RE1,DEMINDELC,2021,0.0425
RE1,DEMINDELC,2022,0.0437
RE1,DEMINDELC,2023,0.0449
RE1,DEMINDELC,2024,0.0462
RE1,DEMINDELC,2025,0.0474
RE1,DEMINDELC,2026,0.0488
RE1,DEMINDELC,2027,0.0501
RE1,DEMINDELC,2028,0.0515
RE1,DEMINDELC,2029,0.0528
RE1,DEMINDELC,2030,0.0542
RE1,DEMINDELC,2031,0.0557
RE1,DEMINDELC,2032,0.0573
RE1,DEMINDELC,2033,0.0588
RE1,DEMINDELC,2034,0.0604
RE1,DEMINDELC,2035,0.0619
RE1,DEMINDELC,2036,0.0631
RE1,DEMINDELC,2037,0.0644
RE1,DEMINDELC,2038,0.0656
RE1,DEMINDELC,2039,0.0669
RE1,DEMINDELC,2040,0.0681
RE1,DEMINDELC,2041,0.0693
RE1,DEMINDELC,2042,0.0705
RE1,DEMINDELC,2043,0.0717
RE1,DEMINDELC,2044,0.073
RE1,DEMINDELC,2045,0.0742
RE1,DEMINDELC,2046,0.075
RE1,DEMINDELC,2047,0.0759
RE1,DEMINDELC,2048,0.0767
RE1,DEMINDELC,2049,0.0776
RE1,DEMINDELC,2050,0.0784
RE1,DEMINDELC,2051,0.0793
RE1,DEMINDELC,2052,0.0802
RE1,DEMINDELC,2053,0.0811
RE1,DEMINDELC,2054,0.082
RE1,DEMINDELC,2055,0.0829
RE1,DEMINDELC,2056,0.0838
RE1,DEMINDELC,2057,0.0847
RE1,DEMINDELC,2058,0.0857
RE1,DEMINDELC,2059,0.0866
RE1,DEMINDELC,2060,0.0876
RE1,DEMINDELC,2061,0.0886
RE1,DEMINDELC,2062,0.0896
RE1,DEMINDELC,2063,0.0906
RE1,DEMINDELC,2064,0.0916
RE1,DEMINDELC,2065,0.0926
RE1,DEMINDELC,2066,0.0936
RE1,DEMINDELC,2067,0.0947
RE1,DEMINDELC,2068,0.0957
RE1,DEMINDELC,2069,0.0968
RE1,DEMINDELC,2070,0.0979
RE1,DEMINDHEBIO,2015,0.0427
RE1,DEMINDHEBIO,2016,0.0383
RE1,DEMINDHEBIO,2017,0.0389
RE1,DEMINDHEBIO,2018,0.04
RE1,DEMINDHEBIO,2019,0.0409
RE1,DEMINDHEBIO,2020,0.0418
RE1,DEMINDHEBIO,2021,0.0424
RE1,DEMINDHEBIO,2022,0.0431
RE1,DEMINDHEBIO,2023,0.0437
RE1,DEMINDHEBIO,2024,0.0443
RE1,DEMINDHEBIO,2025,0.0449
RE1,DEMINDHEBIO,2026,0.0456
RE1,DEMINDHEBIO,2027,0.0463
RE1,DEMINDHEBIO,2028,0.047
RE1,DEMINDHEBIO,2029,0.0477
RE1,DEMINDHEBIO,2030,0.0483
RE1,DEMINDHEBIO,2031,0.0489
RE1,DEMINDHEBIO,2032,0.0496
RE1,DEMINDHEBIO,2033,0.0502
RE1,DEMINDHEBIO,2034,0.0508
RE1,DEMINDHEBIO,2035,0.0514
RE1,DEMINDHEBIO,2036,0.0519
RE1,DEMINDHEBIO,2037,0.0525
RE1,DEMINDHEBIO,2038,0.053
RE1,DEMINDHEBIO,2039,0.0535
RE1,DEMINDHEBIO,2040,0.0541
RE1,DEMINDHEBIO,2041,0.0546
RE1,DEMINDHEBIO,2042,0.0552
RE1,DEMINDHEBIO,2043,0.0557
RE1,DEMINDHEBIO,2044,0.0563
RE1,DEMINDHEBIO,2045,0.0568
RE1,DEMINDHEBIO,2046,0.0573
RE1,DEMINDHEBIO,2047,0.0577
RE1,DEMINDHEBIO,2048,0.0581
RE1,DEMINDHEBIO,2049,0.0585
RE1,DEMINDHEBIO,2050,0.059
RE1,DEMINDHEBIO,2051,0.0594
RE1,DEMINDHEBIO,2052,0.0598
RE1,DEMINDHEBIO,2053,0.0603
RE1,DEMINDHEBIO,2054,0.0607
RE1,DEMINDHEBIO,2055,0.0612
RE1,DEMINDHEBIO,2056,0.0616
RE1,DEMINDHEBIO,2057,0.0621
RE1,DEMINDHEBIO,2058,0.0625
RE1,DEMINDHEBIO,2059,0.063
RE1,DEMINDHEBIO,2060,0.0635
RE1,DEMINDHEBIO,2061,0.0639
RE1,DEMINDHEBIO,2062,0.0644
RE1,DEMINDHEBIO,2063,0.0649
RE1,DEMINDHEBIO,2064,0.0653
RE1,DEMINDHEBIO,2065,0.0658
RE1,DEMINDHEBIO,2066,0.0663
RE1,DEMINDHEBIO,2067,0.0668
RE1,DEMINDHEBIO,2068,0.0673
RE1,DEMINDHEBIO,2069,0.0678
RE1,DEMINDHEBIO,2070,0.0683
RE1,DEMRESELC,2015,0.0164
RE1,DEMRESELC,2016,0.0173
RE1,DEMRESELC,2017,0.0181
RE1,DEMRESELC,2018,0.0189
RE1,DEMRESELC,2019,0.0198
RE1,DEMRESELC,2020,0.0206
RE1,DEMRESELC,2021,0.0212
RE1,DEMRESELC,2022,0.0218
RE1,DEMRESELC,2023,0.0224
RE1,DEMRESELC,2024,0.0231
RE1,DEMRESELC,2025,0.0237
RE1,DEMRESELC,2026,0.0244
RE1,DEMRESELC,2027,0.025
RE1,DEMRESELC,2028,0.0257
RE1,DEMRESELC,2029,0.0264
RE1,DEMRESELC,2030,0.027
RE1,DEMRESELC,2031,0.0278
RE1,DEMRESELC,2032,0.0286
RE1,DEMRESELC,2033,0.0294
RE1,DEMRESELC,2034,0.0301
RE1,DEMRESELC,2035,0.0309
RE1,DEMRESELC,2036,0.0315
RE1,DEMRESELC,2037,0.0321
RE1,DEMRESELC,2038,0.0328
RE1,DEMRESELC,2039,0.0334
RE1,DEMRESELC,2040,0.034
RE1,DEMRESELC,2041,0.0346
RE1,DEMRESELC,2042,0.0352
RE1,DEMRESELC,2043,0.0358
RE1,DEMRESELC,2044,0.0364
RE1,DEMRESELC,2045,0.037
RE1,DEMRESELC,2046,0.0374
RE1,DEMRESELC,2047,0.0379
RE1,DEMRESELC,2048,0.0383
RE1,DEMRESELC,2049,0.0387
RE1,DEMRESELC,2050,0.0391
RE1,DEMRESELC,2051,0.0396
RE1,DEMRESELC,2052,0.04
RE1,DEMRESELC,2053,0.0405
RE1,DEMRESELC,2054,0.0409
RE1,DEMRESELC,2055,0.0414
RE1,DEMRESELC,2056,0.0418
RE1,DEMRESELC,2057,0.0423
RE1,DEMRESELC,2058,0.0428
RE1,DEMRESELC,2059,0.0432
RE1,DEMRESELC,2060,0.0437
RE1,DEMRESELC,2061,0.0442
RE1,DEMRESELC,2062,0.0447
RE1,DEMRESELC,2063,0.0452
RE1,DEMRESELC,2064,0.0457
RE1,DEMRESELC,2065,0.0462
RE1,DEMRESELC,2066,0.0467
RE1,DEMRESELC,2067,0.0473
RE1,DEMRESELC,2068,0.0478
RE1,DEMRESELC,2069,0.0483
RE1,DEMRESELC,2070,0.0489
RE1,DEMRESCKNELC,2015,0.0007
RE1,DEMRESCKNELC,2016,0.0007
RE1,DEMRESCKNELC,2017,0.0007
RE1,DEMRESCKNELC,2018,0.0007
RE1,DEMRESCKNELC,2019,0.0007
RE1,DEMRESCKNELC,2020,0.0006
RE1,DEMRESCKNELC,2021,0.0006
RE1,DEMRESCKNELC,2022,0.0006
RE1,DEMRESCKNELC,2023,0.0005
RE1,DEMRESCKNELC,2024,0.0005
RE1,DEMRESCKNELC,2025,0.0005
RE1,DEMRESCKNELC,2026,0.0004
RE1,DEMRESCKNELC,2027,0.0004
RE1,DEMRESCKNELC,2028,0.0004
RE1,DEMRESCKNELC,2029,0.0003
RE1,DEMRESCKNELC,2030,0.0003
RE1,DEMRESCKNELC,2031,0.0002
RE1,DEMRESCKNELC,2032,0.0002
RE1,DEMRESCKNELC,2033,0.0002
RE1,DEMRESCKNELC,2034,0.0001
RE1,DEMRESCKNELC,2035,0.0001
RE1,DEMRESCKNELC,2036,0.0001
RE1,DEMRESCKNELC,2037,0.0
RE1,DEMRESCKNOIL,2015,0.0118
RE1,DEMRESCKNOIL,2016,0.0112
RE1,DEMRESCKNOIL,2017,0.0113
RE1,DEMRESCKNOIL,2018,0.0117
RE1,DEMRESCKNOIL,2019,0.0121
RE1,DEMRESCKNOIL,2020,0.0124
RE1,DEMRESCKNOIL,2021,0.0127
RE1,DEMRESCKNOIL,2022,0.013
RE1,DEMRESCKNOIL,2023,0.0132
RE1,DEMRESCKNOIL,2024,0.0135
RE1,DEMRESCKNOIL,2025,0.0138
RE1,DEMRESCKNOIL,2026,0.014
RE1,DEMRESCKNOIL,2027,0.0143
RE1,DEMRESCKNOIL,2028,0.0146
RE1,DEMRESCKNOIL,2029,0.0149
RE1,DEMRESCKNOIL,2030,0.0152
RE1,DEMRESCKNOIL,2031,0.0154
RE1,DEMRESCKNOIL,2032,0.0157
RE1,DEMRESCKNOIL,2033,0.016
RE1,DEMRESCKNOIL,2034,0.0162
RE1,DEMRESCKNOIL,2035,0.0165
RE1,DEMRESCKNOIL,2036,0.0167
RE1,DEMRESCKNOIL,2037,0.017
RE1,DEMRESCKNOIL,2038,0.0172
RE1,DEMRESCKNOIL,2039,0.0174
RE1,DEMRESCKNOIL,2040,0.0176
RE1,DEMRESCKNOIL,2041,0.0178
RE1,DEMRESCKNOIL,2042,0.018
RE1,DEMRESCKNOIL,2043,0.0182
RE1,DEMRESCKNOIL,2044,0.0184
RE1,DEMRESCKNOIL,2045,0.0185
RE1,DEMRESCKNOIL,2046,0.0187
RE1,DEMRESCKNOIL,2047,0.0188
RE1,DEMRESCKNOIL,2048,0.019
RE1,DEMRESCKNOIL,2049,0.0191
RE1,DEMRESCKNOIL,2050,0.0193
RE1,DEMRESCKNOIL,2051,0.0194
RE1,DEMRESCKNOIL,2052,0.0196
RE1,DEMRESCKNOIL,2053,0.0197
RE1,DEMRESCKNOIL,2054,0.0199
RE1,DEMRESCKNOIL,2055,0.02
RE1,DEMRESCKNOIL,2056,0.0202
RE1,DEMRESCKNOIL,2057,0.0204
RE1,DEMRESCKNOIL,2058,0.0205
RE1,DEMRESCKNOIL,2059,0.0207
RE1,DEMRESCKNOIL,2060,0.0208
RE1,DEMRESCKNOIL,2061,0.021
RE1,DEMRESCKNOIL,2062,0.0212
RE1,DEMRESCKNOIL,2063,0.0213
RE1,DEMRESCKNOIL,2064,0.0215
RE1,DEMRESCKNOIL,2065,0.0217
RE1,DEMRESCKNOIL,2066,0.0218
RE1,DEMRESCKNOIL,2067,0.022
RE1,DEMRESCKNOIL,2068,0.0222
RE1,DEMRESCKNOIL,2069,0.0223
RE1,DEMRESCKNOIL,2070,0.0225
RE1,DEMRESCKNBIO,2015,0.0073
RE1,DEMRESCKNBIO,2016,0.0069
RE1,DEMRESCKNBIO,2017,0.007
RE1,DEMRESCKNBIO,2018,0.0073
RE1,DEMRESCKNBIO,2019,0.0075
RE1,DEMRESCKNBIO,2020,0.0076
RE1,DEMRESCKNBIO,2021,0.0078
RE1,DEMRESCKNBIO,2022,0.0079
RE1,DEMRESCKNBIO,2023,0.008
RE1,DEMRESCKNBIO,2024,0.0082
RE1,DEMRESCKNBIO,2025,0.0083
RE1,DEMRESCKNBIO,2026,0.0085
RE1,DEMRESCKNBIO,2027,0.0086
RE1,DEMRESCKNBIO,2028,0.0088
RE1,DEMRESCKNBIO,2029,0.0089
RE1,DEMRESCKNBIO,2030,0.009
RE1,DEMRESCKNBIO,2031,0.0092
RE1,DEMRESCKNBIO,2032,0.0093
RE1,DEMRESCKNBIO,2033,0.0094
RE1,DEMRESCKNBIO,2034,0.0096
RE1,DEMRESCKNBIO,2035,0.0097
RE1,DEMRESCKNBIO,2036,0.0098
RE1,DEMRESCKNBIO,2037,0.0099
RE1,DEMRESCKNBIO,2038,0.0101
RE1,DEMRESCKNBIO,2039,0.0102
RE1,DEMRESCKNBIO,2040,0.0103
RE1,DEMRESCKNBIO,2041,0.0104
RE1,DEMRESCKNBIO,2042,0.0105
RE1,DEMRESCKNBIO,2043,0.0106
RE1,DEMRESCKNBIO,2044,0.0107
RE1,DEMRESCKNBIO,2045,0.0108
RE1,DEMRESCKNBIO,2046,0.0109
RE1,DEMRESCKNBIO,2047,0.011
RE1,DEMRESCKNBIO,2048,0.0111
RE1,DEMRESCKNBIO,2049,0.0112
RE1,DEMRESCKNBIO,2050,0.0113
RE1,DEMRESCKNBIO,2051,0.0114
RE1,DEMRESCKNBIO,2052,0.0115
RE1,DEMRESCKNBIO,2053,0.0115
RE1,DEMRESCKNBIO,2054,0.0116
RE1,DEMRESCKNBIO,2055,0.0117
RE1,DEMRESCKNBIO,2056,0.0118
RE1,DEMRESCKNBIO,2057,0.0119
RE1,DEMRESCKNBIO,2058,0.012
RE1,DEMRESCKNBIO,2059,0.0121
RE1,DEMRESCKNBIO,2060,0.0122
RE1,DEMRESCKNBIO,2061,0.0123
RE1,DEMRESCKNBIO,2062,0.0124
RE1,DEMRESCKNBIO,2063,0.0125
RE1,DEMRESCKNBIO,2064,0.0126
RE1,DEMRESCKNBIO,2065,0.0127
RE1,DEMRESCKNBIO,2066,0.0128
RE1,DEMRESCKNBIO,2067,0.0129
RE1,DEMRESCKNBIO,2068,0.013
RE1,DEMRESCKNBIO,2069,0.0131
RE1,DEMRESCKNBIO,2070,0.0132
RE1,DEMRESHEBIO,2015,0.0085
RE1,DEMRESHEBIO,2016,0.008
RE1,DEMRESHEBIO,2017,0.0082
RE1,DEMRESHEBIO,2018,0.0085
RE1,DEMRESHEBIO,2019,0.0087
RE1,DEMRESHEBIO,2020,0.0089
RE1,DEMRESHEBIO,2021,0.009
RE1,DEMRESHEBIO,2022,0.0092
RE1,DEMRESHEBIO,2023,0.0093
RE1,DEMRESHEBIO,2024,0.0095
RE1,DEMRESHEBIO,2025,0.0097
RE1,DEMRESHEBIO,2026,0.0098
RE1,DEMRESHEBIO,2027,0.01
RE1,DEMRESHEBIO,2028,0.0102
RE1,DEMRESHEBIO,2029,0.0103
RE1,DEMRESHEBIO,2030,0.0105
RE1,DEMRESHEBIO,2031,0.0107
RE1,DEMRESHEBIO,2032,0.0108
RE1,DEMRESHEBIO,2033,0.011
RE1,DEMRESHEBIO,2034,0.0111
RE1,DEMRESHEBIO,2035,0.0113
RE1,DEMRESHEBIO,2036,0.0114
RE1,DEMRESHEBIO,2037,0.0115
RE1,DEMRESHEBIO,2038,0.0117
RE1,DEMRESHEBIO,2039,0.0118
RE1,DEMRESHEBIO,2040,0.0119
RE1,DEMRESHEBIO,2041,0.0121
RE1,DEMRESHEBIO,2042,0.0122
RE1,DEMRESHEBIO,2043,0.0123
RE1,DEMRESHEBIO,2044,0.0125
RE1,DEMRESHEBIO,2045,0.0126
RE1,DEMRESHEBIO,2046,0.0127
RE1,DEMRESHEBIO,2047,0.0128
RE1,DEMRESHEBIO,2048,0.0129
RE1,DEMRESHEBIO,2049,0.013
RE1,DEMRESHEBIO,2050,0.0131
RE1,DEMRESHEBIO,2051,0.0132
RE1,DEMRESHEBIO,2052,0.0133
RE1,DEMRESHEBIO,2053,0.0134
RE1,DEMRESHEBIO,2054,0.0135
RE1,DEMRESHEBIO,2055,0.0136
RE1,DEMRESHEBIO,2056,0.0137
RE1,DEMRESHEBIO,2057,0.0138
RE1,DEMRESHEBIO,2058,0.0139
RE1,DEMRESHEBIO,2059,0.014
RE1,DEMRESHEBIO,2060,0.0142
RE1,DEMRESHEBIO,2061,0.0143
RE1,DEMRESHEBIO,2062,0.0144
RE1,DEMRESHEBIO,2063,0.0145
RE1,DEMRESHEBIO,2064,0.0146
RE1,DEMRESHEBIO,2065,0.0147
RE1,DEMRESHEBIO,2066,0.0148
RE1,DEMRESHEBIO,2067,0.0149
RE1,DEMRESHEBIO,2068,0.0151
RE1,DEMRESHEBIO,2069,0.0152
RE1,DEMRESHEBIO,2070,0.0153
RE1,DEMCOMELC,2015,0.0169
RE1,DEMCOMELC,2016,0.0179
RE1,DEMCOMELC,2017,0.0187
RE1,DEMCOMELC,2018,0.0196
RE1,DEMCOMELC,2019,0.0204
RE1,DEMCOMELC,2020,0.0213
RE1,DEMCOMELC,2021,0.0219
RE1,DEMCOMELC,2022,0.0225
RE1,DEMCOMELC,2023,0.0232
RE1,DEMCOMELC,2024,0.0238
RE1,DEMCOMELC,2025,0.0245
RE1,DEMCOMELC,2026,0.0252
RE1,DEMCOMELC,2027,0.0259
RE1,DEMCOMELC,2028,0.0266
RE1,DEMCOMELC,2029,0.0273
RE1,DEMCOMELC,2030,0.028
RE1,DEMCOMELC,2031,0.0288
RE1,DEMCOMELC,2032,0.0295
RE1,DEMCOMELC,2033,0.0303
RE1,DEMCOMELC,2034,0.0311
RE1,DEMCOMELC,2035,0.0319
RE1,DEMCOMELC,2036,0.0326
RE1,DEMCOMELC,2037,0.0332
RE1,DEMCOMELC,2038,0.0339
RE1,DEMCOMELC,2039,0.0345
RE1,DEMCOMELC,2040,0.0351
RE1,DEMCOMELC,2041,0.0358
RE1,DEMCOMELC,2042,0.0364
RE1,DEMCOMELC,2043,0.037
RE1,DEMCOMELC,2044,0.0376
RE1,DEMCOMELC,2045,0.0383
RE1,DEMCOMELC,2046,0.0387
RE1,DEMCOMELC,2047,0.0391
RE1,DEMCOMELC,2048,0.0396
RE1,DEMCOMELC,2049,0.04
RE1,DEMCOMELC,2050,0.0405
RE1,DEMCOMELC,2051,0.0409
RE1,DEMCOMELC,2052,0.0414
RE1,DEMCOMELC,2053,0.0418
RE1,DEMCOMELC,2054,0.0423
RE1,DEMCOMELC,2055,0.0428
RE1,DEMCOMELC,2056,0.0432
RE1,DEMCOMELC,2057,0.0437
RE1,DEMCOMELC,2058,0.0442
RE1,DEMCOMELC,2059,0.0447
RE1,DEMCOMELC,2060,0.0452
RE1,DEMCOMELC,2061,0.0457
RE1,DEMCOMELC,2062,0.0462
RE1,DEMCOMELC,2063,0.0467
RE1,DEMCOMELC,2064,0.0472
RE1,DEMCOMELC,2065,0.0478
RE1,DEMCOMELC,2066,0.0483
RE1,DEMCOMELC,2067,0.0488
RE1,DEMCOMELC,2068,0.0494
RE1,DEMCOMELC,2069,0.0499
RE1,DEMCOMELC,2070,0.0505
RE1,DEMCOMHEBIO,2015,0.0037
RE1,DEMCOMHEBIO,2016,0.0039
RE1,DEMCOMHEBIO,2017,0.004
RE1,DEMCOMHEBIO,2018,0.0041
RE1,DEMCOMHEBIO,2019,0.0042
RE1,DEMCOMHEBIO,2020,0.0043
RE1,DEMCOMHEBIO,2021,0.0044
RE1,DEMCOMHEBIO,2022,0.0044
RE1,DEMCOMHEBIO,2023,0.0045
RE1,DEMCOMHEBIO,2024,0.0046
RE1,DEMCOMHEBIO,2025,0.0047
RE1,DEMCOMHEBIO,2026,0.0048
RE1,DEMCOMHEBIO,2027,0.0048
RE1,DEMCOMHEBIO,2028,0.0049
RE1,DEMCOMHEBIO,2029,0.005
RE1,DEMCOMHEBIO,2030,0.0051
RE1,DEMCOMHEBIO,2031,0.0052
RE1,DEMCOMHEBIO,2032,0.0053
RE1,DEMCOMHEBIO,2033,0.0053
RE1,DEMCOMHEBIO,2034,0.0054
RE1,DEMCOMHEBIO,2035,0.0055
RE1,DEMCOMHEBIO,2036,0.0055
RE1,DEMCOMHEBIO,2037,0.0056
RE1,DEMCOMHEBIO,2038,0.0057
RE1,DEMCOMHEBIO,2039,0.0057
RE1,DEMCOMHEBIO,2040,0.0058
RE1,DEMCOMHEBIO,2041,0.0059
RE1,DEMCOMHEBIO,2042,0.0059
RE1,DEMCOMHEBIO,2043,0.006
RE1,DEMCOMHEBIO,2044,0.006
RE1,DEMCOMHEBIO,2045,0.0061
RE1,DEMCOMHEBIO,2046,0.0062
RE1,DEMCOMHEBIO,2047,0.0062
RE1,DEMCOMHEBIO,2048,0.0063
RE1,DEMCOMHEBIO,2049,0.0063
RE1,DEMCOMHEBIO,2050,0.0064
RE1,DEMCOMHEBIO,2051,0.0064
RE1,DEMCOMHEBIO,2052,0.0065
RE1,DEMCOMHEBIO,2053,0.0065
RE1,DEMCOMHEBIO,2054,0.0066
RE1,DEMCOMHEBIO,2055,0.0066
RE1,DEMCOMHEBIO,2056,0.0067
RE1,DEMCOMHEBIO,2057,0.0067
RE1,DEMCOMHEBIO,2058,0.0068
RE1,DEMCOMHEBIO,2059,0.0068
RE1,DEMCOMHEBIO,2060,0.0069
RE1,DEMCOMHEBIO,2061,0.0069
RE1,DEMCOMHEBIO,2062,0.007
RE1,DEMCOMHEBIO,2063,0.007
RE1,DEMCOMHEBIO,2064,0.0071
RE1,DEMCOMHEBIO,2065,0.0071
RE1,DEMCOMHEBIO,2066,0.0072
RE1,DEMCOMHEBIO,2067,0.0073
RE1,DEMCOMHEBIO,2068,0.0073
RE1,DEMCOMHEBIO,2069,0.0074
RE1,DEMCOMHEBIO,2070,0.0074
RE1,DEMINDHECOA,2015,0.064
RE1,DEMINDHECOA,2016,0.0574
RE1,DEMINDHECOA,2017,0.0584
RE1,DEMINDHECOA,2018,0.06
RE1,DEMINDHECOA,2019,0.0614
RE1,DEMINDHECOA,2020,0.0627
RE1,DEMINDHECOA,2021,0.0637
RE1,DEMINDHECOA,2022,0.0646
RE1,DEMINDHECOA,2023,0.0655
RE1,DEMINDHECOA,2024,0.0665
RE1,DEMINDHECOA,2025,0.0674
RE1,DEMINDHECOA,2026,0.0684
RE1,DEMINDHECOA,2027,0.0694
RE1,DEMINDHECOA,2028,0.0705
RE1,DEMINDHECOA,2029,0.0715
RE1,DEMINDHECOA,2030,0.0725
RE1,DEMINDHECOA,2031,0.0734
RE1,DEMINDHECOA,2032,0.0743
RE1,DEMINDHECOA,2033,0.0753
RE1,DEMINDHECOA,2034,0.0762
RE1,DEMINDHECOA,2035,0.0771
RE1,DEMINDHECOA,2036,0.0779
RE1,DEMINDHECOA,2037,0.0787
RE1,DEMINDHECOA,2038,0.0795
RE1,DEMINDHECOA,2039,0.0803
RE1,DEMINDHECOA,2040,0.0811
RE1,DEMINDHECOA,2041,0.0819
RE1,DEMINDHECOA,2042,0.0827
RE1,DEMINDHECOA,2043,0.0836
RE1,DEMINDHECOA,2044,0.0844
RE1,DEMINDHECOA,2045,0.0852
RE1,DEMINDHECOA,2046,0.0859
RE1,DEMINDHECOA,2047,0.0865
RE1,DEMINDHECOA,2048,0.0872
RE1,DEMINDHECOA,2049,0.0878
RE1,DEMINDHECOA,2050,0.0884
RE1,DEMINDHECOA,2051,0.0891
RE1,DEMINDHECOA,2052,0.0897
RE1,DEMINDHECOA,2053,0.0904
RE1,DEMINDHECOA,2054,0.0911
RE1,DEMINDHECOA,2055,0.0917
RE1,DEMINDHECOA,2056,0.0924
RE1,DEMINDHECOA,2057,0.0931
RE1,DEMINDHECOA,2058,0.0938
RE1,DEMINDHECOA,2059,0.0945
RE1,DEMINDHECOA,2060,0.0952
RE1,DEMINDHECOA,2061,0.0959
RE1,DEMINDHECOA,2062,0.0966
RE1,DEMINDHECOA,2063,0.0973
RE1,DEMINDHECOA,2064,0.098
RE1,DEMINDHECOA,2065,0.0987
RE1,DEMINDHECOA,2066,0.0995
RE1,DEMINDHECOA,2067,0.1002
RE1,DEMINDHECOA,2068,0.101
RE1,DEMINDHECOA,2069,0.1017
RE1,DEMINDHECOA,2070,0.1025
