r,t,y,DiscountedSalvageValue
RE1,PWRCOA001,2019,41.9228
RE1,PWRCOA001,2020,819.1352
RE1,PWRCOA001,2021,37.0552
RE1,PWRCOA001,2022,50.0848
RE1,PWRCOA001,2023,53.4074
RE1,PWRCOA001,2024,56.5659
RE1,PWRCOA001,2025,189.0259
RE1,PWRCOA001,2026,67.5927
RE1,PWRCOA001,2027,70.5298
RE1,PWRCOA001,2028,73.3211
RE1,PWRCOA001,2029,96.8674
RE1,PWRCOA001,2030,78.4944
RE1,PWRCOA001,2031,317.2484
RE1,PWRCOA001,2032,38.3484
RE1,PWRCOA001,2036,108.4977
RE1,PWRCOA001,2037,195.6719
RE1,PWRCOA001,2038,260.0468
RE1,PWRCOA001,2039,90.0495
RE1,PWRCOA001,2040,133.6119
RE1,PWRCOA001,2041,117.3524
RE1,PWRCOA001,2042,147.7102
RE1,PWRCOA001,2043,92.803
RE1,PWRCOA001,2044,196.3352
RE1,PWRCOA001,2045,198.5059
RE1,PWRCOA001,2046,101.7127
RE1,PWRCOA001,2047,117.3813
RE1,PWRCOA001,2048,87.525
RE1,PWRCOA001,2049,68.0999
RE1,PWRCOA001,2050,95.5127
RE1,PWRCOA001,2051,222.1149
RE1,PWRCOA001,2052,76.0978
RE1,PWRCOA001,2053,77.5199
RE1,PWRCOA001,2054,78.9367
RE1,PWRCOA001,2055,80.532
RE1,PWRCOA001,2056,82.5992
RE1,PWRCOA001,2057,84.0186
RE1,PWRCOA001,2058,85.4355
RE1,PWRCOA001,2059,86.8504
RE1,PWRCOA001,2060,88.2641
RE1,PWRCOA001,2061,89.677
RE1,PWRCOA001,2062,91.0898
RE1,PWRCOA001,2063,92.5032
RE1,PWRCOA001,2064,93.9176
RE1,PWRCOA001,2065,95.3337
RE1,PWRCOA001,2066,96.7519
RE1,PWRCOA001,2067,98.1728
RE1,PWRCOA001,2068,99.5969
RE1,PWRCOA001,2069,101.0247
RE1,PWRCOA001,2070,102.4567
RE1,PWRTRN,2033,1.8224
RE1,PWRTRN,2034,9.2994
RE1,PWRTRN,2035,9.793
RE1,PWRTRN,2036,8.2123
RE1,PWRTRN,2037,8.5692
RE1,PWRTRN,2038,8.9083
RE1,PWRTRN,2039,9.3608
RE1,PWRTRN,2040,9.6714
RE1,PWRTRN,2041,9.7558
RE1,PWRTRN,2042,10.0303
RE1,PWRTRN,2043,10.291
RE1,PWRTRN,2044,10.5387
RE1,PWRTRN,2045,10.774
RE1,PWRTRN,2046,7.5899
RE1,PWRTRN,2047,7.7364
RE1,PWRTRN,2048,7.8754
RE1,PWRTRN,2049,8.0074
RE1,PWRTRN,2050,8.1327
RE1,PWRTRN,2051,601.3419
RE1,PWRTRN,2052,9.0228
RE1,PWRTRN,2053,9.2462
RE1,PWRTRN,2054,9.4676
RE1,PWRTRN,2055,9.6871
RE1,PWRTRN,2056,9.9048
RE1,PWRTRN,2057,10.1209
RE1,PWRTRN,2058,10.3355
RE1,PWRTRN,2059,10.5487
RE1,PWRTRN,2060,10.7607
RE1,PWRTRN,2061,10.9716
RE1,PWRTRN,2062,11.1814
RE1,PWRTRN,2063,11.3904
RE1,PWRTRN,2064,11.5986
RE1,PWRTRN,2065,11.8061
RE1,PWRTRN,2066,12.013
RE1,PWRTRN,2067,12.2194
RE1,PWRTRN,2068,12.4255
RE1,PWRTRN,2069,12.6313
RE1,PWRTRN,2070,12.8369
RE1,PWRDIST,2036,5.5767
RE1,PWRDIST,2037,5.9484
RE1,PWRDIST,2038,6.0075
RE1,PWRDIST,2039,6.1478
RE1,PWRDIST,2040,6.2022
RE1,PWRDIST,2041,6.1241
RE1,PWRDIST,2042,6.1724
RE1,PWRDIST,2043,6.2183
RE1,PWRDIST,2044,6.2621
RE1,PWRDIST,2045,6.3038
RE1,PWRDIST,2046,4.4171
RE1,PWRDIST,2047,4.4434
RE1,PWRDIST,2048,4.4685
RE1,PWRDIST,2049,4.4924
RE1,PWRDIST,2050,4.5151
RE1,PWRDIST,2051,337.2016
RE1,PWRDIST,2052,4.7637
RE1,PWRDIST,2053,4.8376
RE1,PWRDIST,2054,4.9115
RE1,PWRDIST,2055,4.9856
RE1,PWRDIST,2056,5.0598
RE1,PWRDIST,2057,5.1341
RE1,PWRDIST,2058,5.2085
RE1,PWRDIST,2059,5.2832
RE1,PWRDIST,2060,5.3581
RE1,PWRDIST,2061,5.4332
RE1,PWRDIST,2062,5.5086
RE1,PWRDIST,2063,5.5843
RE1,PWRDIST,2064,5.6604
RE1,PWRDIST,2065,5.7367
RE1,PWRDIST,2066,5.8134
RE1,PWRDIST,2067,5.8905
RE1,PWRDIST,2068,5.968
RE1,PWRDIST,2069,6.046
RE1,PWRDIST,2070,6.1244
RE1,DEMTRAMCYGSL,2057,6.6585
RE1,DEMTRAMCYGSL,2058,13.0247
RE1,DEMTRAMCYGSL,2059,19.1124
RE1,DEMTRAMCYGSL,2060,509.069
RE1,DEMTRAMCYGSL,2061,48.869
RE1,DEMTRAMCYGSL,2062,47.3419
RE1,DEMTRAMCYGSL,2063,55.5299
RE1,DEMTRAMCYGSL,2064,260.4849
RE1,DEMTRAMCYGSL,2065,25.702
RE1,DEMTRAMCYGSL,2066,28.3426
RE1,DEMTRAMCYGSL,2067,30.7246
RE1,DEMTRAMCYGSL,2068,33.038
RE1,DEMTRAMCYGSL,2069,35.2858
RE1,DEMTRAMCYGSL,2070,37.4708
RE1,DEMTRACARGSL,2053,1.9173
RE1,DEMTRACARGSL,2054,2.8297
RE1,DEMTRACARGSL,2055,3.7131
RE1,DEMTRACARGSL,2056,4.5686
RE1,DEMTRACARGSL,2057,5.3975
RE1,DEMTRACARGSL,2058,6.2008
RE1,DEMTRACARGSL,2059,6.9797
RE1,DEMTRACARGSL,2060,7.7353
RE1,DEMTRACARGSL,2061,18.2716
RE1,DEMTRACARGSL,2062,19.7245
RE1,DEMTRACARGSL,2063,21.1215
RE1,DEMTRACARGSL,2064,22.4652
RE1,DEMTRACARGSL,2065,23.7579
RE1,DEMTRACARGSL,2066,22.1306
RE1,DEMTRACARGSL,2067,23.2024
RE1,DEMTRACARGSL,2068,24.2362
RE1,DEMTRACARGSL,2069,1487.0346
RE1,DEMTRACARGSL,2070,14.2065
RE1,DEMTRABUSGSL,2052,0.0
RE1,DEMTRABUSGSL,2053,0.0
RE1,DEMTRABUSGSL,2054,0.0
RE1,DEMTRABUSGSL,2055,0.0
RE1,DEMTRABUSGSL,2056,0.0
RE1,DEMTRABUSGSL,2057,0.0
RE1,DEMTRABUSGSL,2058,0.0
RE1,DEMTRABUSGSL,2059,0.0
RE1,DEMTRABUSGSL,2060,0.0
RE1,DEMTRABUSGSL,2061,0.0
RE1,DEMTRABUSGSL,2062,0.0
RE1,DEMTRABUSGSL,2063,0.0
RE1,DEMTRABUSGSL,2064,0.0
RE1,DEMTRABUSGSL,2065,0.0
RE1,DEMTRABUSGSL,2066,0.0
RE1,DEMTRABUSGSL,2067,0.0
RE1,DEMTRABUSGSL,2068,0.0
RE1,DEMTRABUSGSL,2069,0.0
RE1,DEMTRABUSGSL,2070,0.0
RE1,DEMINDELC,2062,0.0
RE1,DEMINDELC,2063,0.0
RE1,DEMINDELC,2064,0.0
RE1,DEMINDELC,2065,0.0
RE1,DEMINDELC,2066,0.0
RE1,DEMINDELC,2067,0.0
RE1,DEMINDELC,2068,0.0
RE1,DEMINDELC,2069,0.0
RE1,DEMINDELC,2070,0.0
RE1,DEMINDHEBIO,2057,1.4144
RE1,DEMINDHEBIO,2058,2.7619
RE1,DEMINDHEBIO,2059,4.0466
RE1,DEMINDHEBIO,2060,137.6163
RE1,DEMINDHEBIO,2061,5.7059
RE1,DEMINDHEBIO,2062,6.696
RE1,DEMINDHEBIO,2063,7.6412
RE1,DEMINDHEBIO,2064,8.5453
RE1,DEMINDHEBIO,2065,9.4123
RE1,DEMINDHEBIO,2066,9.8146
RE1,DEMINDHEBIO,2067,13.5177
RE1,DEMINDHEBIO,2068,16.1612
RE1,DEMINDHEBIO,2069,17.1725
RE1,DEMINDHEBIO,2070,18.1468
RE1,DEMRESELC,2062,0.0
RE1,DEMRESELC,2063,0.0
RE1,DEMRESELC,2064,0.0
RE1,DEMRESELC,2065,0.0
RE1,DEMRESELC,2066,0.0
RE1,DEMRESELC,2067,0.0
RE1,DEMRESELC,2068,0.0
RE1,DEMRESELC,2069,0.0
RE1,DEMRESELC,2070,0.0
RE1,DEMRESCKNOIL,2052,0.2011
RE1,DEMRESCKNOIL,2053,0.3928
RE1,DEMRESCKNOIL,2054,0.5756
RE1,DEMRESCKNOIL,2055,0.7497
RE1,DEMRESCKNOIL,2056,0.8992
RE1,DEMRESCKNOIL,2057,1.0548
RE1,DEMRESCKNOIL,2058,1.2032
RE1,DEMRESCKNOIL,2059,0.306
RE1,DEMRESCKNOIL,2060,0.3374
RE1,DEMRESCKNOIL,2061,0.3675
RE1,DEMRESCKNOIL,2062,0.3965
RE1,DEMRESCKNOIL,2063,0.4244
RE1,DEMRESCKNOIL,2064,0.4511
RE1,DEMRESCKNOIL,2065,0.4768
RE1,DEMRESCKNOIL,2066,0.4368
RE1,DEMRESCKNOIL,2067,2.5452
RE1,DEMRESCKNOIL,2068,2.6656
RE1,DEMRESCKNOIL,2069,2.7651
RE1,DEMRESCKNOIL,2070,2.8601
RE1,DEMRESCKNBIO,2052,0.2489
RE1,DEMRESCKNBIO,2053,0.486
RE1,DEMRESCKNBIO,2054,0.7119
RE1,DEMRESCKNBIO,2055,0.9273
RE1,DEMRESCKNBIO,2056,1.118
RE1,DEMRESCKNBIO,2057,1.3112
RE1,DEMRESCKNBIO,2058,1.4954
RE1,DEMRESCKNBIO,2059,0.2684
RE1,DEMRESCKNBIO,2060,0.296
RE1,DEMRESCKNBIO,2061,0.3224
RE1,DEMRESCKNBIO,2062,0.3478
RE1,DEMRESCKNBIO,2063,0.3722
RE1,DEMRESCKNBIO,2064,0.3957
RE1,DEMRESCKNBIO,2065,0.4182
RE1,DEMRESCKNBIO,2066,0.3832
RE1,DEMRESCKNBIO,2067,0.4016
RE1,DEMRESCKNBIO,2068,0.4194
RE1,DEMRESCKNBIO,2069,0.4366
RE1,DEMRESCKNBIO,2070,1.3118
RE1,DEMRESHEBIO,2057,0.3421
RE1,DEMRESHEBIO,2058,0.6678
RE1,DEMRESHEBIO,2059,0.978
RE1,DEMRESHEBIO,2060,27.5081
RE1,DEMRESHEBIO,2061,1.3819
RE1,DEMRESHEBIO,2062,1.6208
RE1,DEMRESHEBIO,2063,1.8486
RE1,DEMRESHEBIO,2064,3.2224
RE1,DEMRESHEBIO,2065,3.5839
RE1,DEMRESHEBIO,2066,3.4166
RE1,DEMRESHEBIO,2067,3.6826
RE1,DEMRESHEBIO,2068,3.938
RE1,DEMRESHEBIO,2069,4.1826
RE1,DEMRESHEBIO,2070,4.418
RE1,DEMCOMELC,2062,0.0
RE1,DEMCOMELC,2063,0.0
RE1,DEMCOMELC,2064,0.0
RE1,DEMCOMELC,2065,0.0
RE1,DEMCOMELC,2066,0.0
RE1,DEMCOMELC,2067,0.0
RE1,DEMCOMELC,2068,0.0
RE1,DEMCOMELC,2069,0.0
RE1,DEMCOMELC,2070,0.0
RE1,DEMCOMHEBIO,2057,0.1685
RE1,DEMCOMHEBIO,2058,0.3292
RE1,DEMCOMHEBIO,2059,0.4826
RE1,DEMCOMHEBIO,2060,12.172
RE1,DEMCOMHEBIO,2061,1.3769
RE1,DEMCOMHEBIO,2062,1.1947
RE1,DEMCOMHEBIO,2063,1.3634
RE1,DEMCOMHEBIO,2064,1.5247
RE1,DEMCOMHEBIO,2065,1.6793
RE1,DEMCOMHEBIO,2066,1.6784
RE1,DEMCOMHEBIO,2067,1.8112
RE1,DEMCOMHEBIO,2068,1.939
RE1,DEMCOMHEBIO,2069,2.0616
RE1,DEMCOMHEBIO,2070,2.1798
RE1,DEMINDHECOA,2057,2.7004
RE1,DEMINDHECOA,2058,5.2793
RE1,DEMINDHECOA,2059,7.7428
RE1,DEMINDHECOA,2060,263.5958
RE1,DEMINDHECOA,2061,10.9393
RE1,DEMINDHECOA,2062,12.8438
RE1,DEMINDHECOA,2063,14.6648
RE1,DEMINDHECOA,2064,16.4064
RE1,DEMINDHECOA,2065,18.0726
RE1,DEMINDHECOA,2066,18.8494
RE1,DEMINDHECOA,2067,25.9657
RE1,DEMINDHECOA,2068,31.0462
RE1,DEMINDHECOA,2069,32.9948
RE1,DEMINDHECOA,2070,34.8667
