r,t,y,CapitalInvestment
RE1,MINOIL,2024,0.2142
RE1,MINBIO,2015,0.1083
RE1,MINBIO,2016,0.1039
RE1,MINBIO,2017,0.1078
RE1,MINBIO,2018,0.1117
RE1,MINBIO,2019,0.1137
RE1,MINBIO,2020,0.1171
RE1,MINBIO,2021,0.1198
RE1,MINBIO,2022,0.1213
RE1,MINBIO,2023,0.1228
RE1,MINBIO,2024,0.1242
RE1,MINBIO,2025,0.1048
RE1,MINBIO,2026,0.1019
RE1,MINBIO,2027,0.1003
RE1,MINBIO,2028,0.1015
RE1,MINBIO,2029,0.1026
RE1,MINBIO,2030,0.0906
RE1,MINBIO,2031,0.0748
RE1,MINBIO,2032,0.0809
RE1,MINBIO,2033,0.0745
RE1,MINBIO,2034,0.0673
RE1,MINBIO,2035,0.062
RE1,MINBIO,2036,0.0585
RE1,MINBIO,2037,0.0548
RE1,MINBIO,2038,0.0511
RE1,MINBIO,2039,0.0473
RE1,MINBIO,2040,0.0435
RE1,MINBIO,2041,0.0395
RE1,MINBIO,2042,0.0355
RE1,MINBIO,2043,0.0313
RE1,MINBIO,2044,0.0271
RE1,MINBIO,2045,0.0275
RE1,MINBIO,2046,0.025
RE1,MINBIO,2047,0.0164
RE1,MINBIO,2048,0.0103
RE1,MINBIO,2049,0.0103
RE1,IMPCOA,2027,0.093
RE1,IMPCOA,2028,0.3954
RE1,IMPCOA,2029,0.3941
RE1,IMPCOA,2030,0.3954
RE1,IMPCOA,2031,0.3924
RE1,IMPCOA,2032,0.4029
RE1,IMPCOA,2033,0.4034
RE1,IMPCOA,2034,0.4034
RE1,IMPCOA,2035,0.4034
RE1,IMPCOA,2036,0.3972
RE1,IMPCOA,2037,0.3802
RE1,IMPCOA,2038,0.3592
RE1,IMPCOA,2039,0.3201
RE1,IMPCOA,2040,0.3006
RE1,IMPCOA,2041,0.3006
RE1,IMPCOA,2042,0.2954
RE1,IMPCOA,2043,0.2954
RE1,IMPCOA,2044,0.2632
RE1,IMPCOA,2045,0.2368
RE1,IMPCOA,2046,0.199
RE1,IMPCOA,2047,0.1569
RE1,IMPCOA,2048,0.1117
RE1,IMPCOA,2049,0.049
RE1,MINCOA,2015,0.1202
RE1,MINCOA,2016,0.112
RE1,MINCOA,2017,0.1133
RE1,MINCOA,2018,0.1153
RE1,MINCOA,2019,0.2821
RE1,MINCOA,2020,0.2936
RE1,MINCOA,2021,0.3016
RE1,MINCOA,2022,0.3114
RE1,MINCOA,2023,0.3212
RE1,MINCOA,2024,0.331
RE1,MINCOA,2025,0.3489
RE1,MINCOA,2026,0.3593
RE1,MINCOA,2027,0.2768
RE1,IMPLFO,2015,0.5551
RE1,IMPLFO,2016,0.5743
RE1,IMPLFO,2017,0.5873
RE1,IMPLFO,2018,0.6018
RE1,IMPLFO,2019,0.6157
RE1,IMPLFO,2020,0.6296
RE1,IMPLFO,2021,0.6407
RE1,IMPLFO,2022,0.6518
RE1,IMPLFO,2023,0.6629
RE1,IMPLFO,2024,0.4812
RE1,IMPLFO,2025,0.5155
RE1,IMPLFO,2026,0.5247
RE1,IMPLFO,2027,0.534
RE1,IMPLFO,2028,0.5295
RE1,IMPLFO,2029,0.514
RE1,IMPLFO,2030,0.4978
RE1,IMPLFO,2031,0.4794
RE1,IMPLFO,2032,0.4603
RE1,IMPLFO,2033,0.4405
RE1,IMPLFO,2034,0.4201
RE1,IMPLFO,2035,0.3989
RE1,IMPLFO,2036,0.3767
RE1,IMPLFO,2037,0.3538
RE1,IMPLFO,2038,0.3303
RE1,IMPLFO,2039,0.3062
RE1,IMPLFO,2040,0.2814
RE1,IMPLFO,2041,0.2559
RE1,IMPLFO,2042,0.2298
RE1,IMPLFO,2043,0.2032
RE1,IMPLFO,2044,0.1759
RE1,IMPLFO,2045,0.1481
RE1,IMPLFO,2046,0.1194
RE1,IMPLFO,2047,0.0902
RE1,IMPLFO,2048,0.0606
RE1,IMPLFO,2049,0.0305
RE1,MINNGS,2015,0.0795
RE1,MINNGS,2016,0.0797
RE1,MINNGS,2017,0.0807
RE1,MINNGS,2018,0.084
RE1,MINNGS,2039,0.0042
RE1,MINNGS,2040,0.0075
RE1,MINNGS,2041,0.0072
RE1,MINNGS,2042,0.0064
RE1,MINNGS,2043,0.0056
RE1,MINNGS,2044,0.0032
RE1,MINSOL,2015,0.0019
RE1,MINSOL,2016,0.0033
RE1,MINSOL,2017,0.0037
RE1,MINSOL,2018,0.004
RE1,MINSOL,2019,0.0041
RE1,MINSOL,2020,0.0041
RE1,MINSOL,2021,0.0042
RE1,MINSOL,2022,0.0042
RE1,MINSOL,2023,0.0042
RE1,MINSOL,2024,0.0042
RE1,MINSOL,2025,0.127
RE1,MINSOL,2026,0.1403
RE1,MINSOL,2027,0.1541
RE1,MINSOL,2028,0.1788
RE1,MINSOL,2029,0.2127
RE1,MINSOL,2030,0.259
RE1,MINSOL,2031,0.2924
RE1,MINSOL,2032,0.2924
RE1,MINSOL,2033,0.3069
RE1,MINSOL,2034,0.312
RE1,MINSOL,2035,0.3101
RE1,MINSOL,2036,0.3087
RE1,MINSOL,2037,0.3084
RE1,MINSOL,2038,0.3184
RE1,MINSOL,2039,0.3689
RE1,MINSOL,2040,0.4191
RE1,MINSOL,2041,0.4626
RE1,MINSOL,2042,0.5005
RE1,MINSOL,2043,0.546
RE1,MINSOL,2044,0.5493
RE1,MINSOL,2045,0.5497
RE1,MINSOL,2046,0.5441
RE1,MINSOL,2047,0.5201
RE1,MINSOL,2048,0.5036
RE1,MINSOL,2049,0.5564
RE1,MINSOL,2050,0.6118
RE1,MINSOL,2051,0.6332
RE1,MINSOL,2052,0.649
RE1,MINSOL,2053,0.6642
RE1,MINSOL,2054,0.6795
RE1,MINSOL,2055,0.739
RE1,MINSOL,2056,0.7456
RE1,MINSOL,2057,0.7486
RE1,MINSOL,2058,0.7486
RE1,MINSOL,2059,0.7486
RE1,MINSOL,2060,0.735
RE1,MINSOL,2061,0.7516
RE1,MINSOL,2062,0.8007
RE1,MINSOL,2063,0.8363
RE1,MINSOL,2064,0.8598
RE1,MINSOL,2065,0.8888
RE1,MINSOL,2066,0.9195
RE1,MINSOL,2067,0.93
RE1,MINSOL,2068,0.9397
RE1,MINSOL,2069,0.9453
RE1,MINSOL,2070,0.14
RE1,MINWND,2015,0.0002
RE1,MINWND,2016,0.0003
RE1,MINWND,2017,0.0004
RE1,MINWND,2018,0.0007
RE1,MINWND,2019,0.001
RE1,MINWND,2020,0.001
RE1,MINWND,2021,0.001
RE1,MINWND,2022,0.001
RE1,MINWND,2023,0.001
RE1,MINWND,2024,0.001
RE1,MINWND,2025,0.001
RE1,MINWND,2026,0.001
RE1,MINWND,2027,0.001
RE1,MINWND,2028,0.001
RE1,MINWND,2029,0.001
RE1,MINWND,2030,0.001
RE1,MINWND,2031,0.001
RE1,MINWND,2032,0.0022
RE1,MINWND,2033,0.0153
RE1,MINWND,2034,0.0287
RE1,MINWND,2035,0.0425
RE1,MINWND,2036,0.0558
RE1,MINWND,2037,0.0707
RE1,MINWND,2038,0.0821
RE1,MINWND,2039,0.091
RE1,MINWND,2040,0.1006
RE1,MINWND,2041,0.1127
RE1,MINWND,2042,0.1271
RE1,MINWND,2043,0.1398
RE1,MINWND,2044,0.1659
RE1,MINWND,2045,0.1948
RE1,MINWND,2046,0.2163
RE1,MINWND,2047,0.2399
RE1,MINWND,2048,0.2634
RE1,MINWND,2049,0.2634
RE1,MINWND,2050,0.2632
RE1,MINWND,2051,0.2632
RE1,MINWND,2052,0.2632
RE1,MINWND,2053,0.2632
RE1,MINWND,2054,0.2632
RE1,MINWND,2055,0.2632
RE1,MINWND,2056,0.2632
RE1,MINWND,2057,0.2632
RE1,MINWND,2058,0.2632
RE1,MINWND,2059,0.2632
RE1,MINWND,2060,0.2632
RE1,MINWND,2061,0.2632
RE1,MINWND,2062,0.262
RE1,MINWND,2063,0.2488
RE1,MINWND,2064,0.2435
RE1,MINWND,2065,0.2434
RE1,MINWND,2066,0.2434
RE1,MINWND,2067,0.2435
RE1,MINWND,2068,0.2444
RE1,MINWND,2069,0.2456
RE1,MINWND,2070,0.5985
RE1,MINGEO,2025,0.0001
RE1,MINGEO,2026,0.0001
RE1,MINGEO,2027,0.0001
RE1,MINGEO,2028,0.0001
RE1,MINGEO,2029,0.0001
RE1,MINGEO,2030,0.0001
RE1,MINGEO,2031,0.0001
RE1,MINGEO,2032,0.0001
RE1,MINGEO,2033,0.0001
RE1,MINGEO,2034,0.0001
RE1,MINGEO,2035,0.0001
RE1,MINGEO,2036,0.0001
RE1,MINGEO,2037,0.0001
RE1,MINGEO,2038,0.0001
RE1,MINGEO,2039,0.0001
RE1,MINGEO,2040,0.0001
RE1,MINGEO,2041,0.0001
RE1,MINGEO,2042,0.0001
RE1,MINGEO,2043,0.0001
RE1,MINGEO,2044,0.0001
RE1,MINGEO,2045,0.0001
RE1,MINGEO,2046,0.0001
RE1,MINGEO,2047,0.0001
RE1,MINGEO,2048,0.0001
RE1,MINGEO,2049,0.0001
RE1,MINGEO,2050,0.0001
RE1,MINGEO,2051,0.0001
RE1,MINGEO,2052,0.0001
RE1,MINGEO,2053,0.0001
RE1,MINGEO,2054,0.0001
RE1,MINGEO,2055,0.0001
RE1,MINGEO,2056,0.0001
RE1,MINGEO,2057,0.0001
RE1,MINGEO,2058,0.0001
RE1,MINGEO,2059,0.0001
RE1,MINGEO,2060,0.0001
RE1,MINGEO,2061,0.0001
RE1,MINGEO,2062,0.0001
RE1,MINGEO,2063,0.0001
RE1,MINGEO,2064,0.0001
RE1,MINGEO,2065,0.0001
RE1,MINGEO,2066,0.0001
RE1,MINGEO,2067,0.0001
RE1,MINGEO,2068,0.0001
RE1,MINGEO,2069,0.0001
RE1,MINHYD,2015,0.0052
RE1,MINHYD,2016,0.0052
RE1,MINHYD,2017,0.0052
RE1,MINHYD,2018,0.0052
RE1,MINHYD,2019,0.0052
RE1,MINHYD,2020,0.0052
RE1,MINHYD,2021,0.0052
RE1,MINHYD,2022,0.0052
RE1,MINHYD,2023,0.0052
RE1,MINHYD,2024,0.0052
RE1,MINHYD,2025,0.0052
RE1,MINHYD,2026,0.0052
RE1,MINHYD,2027,0.0052
RE1,MINHYD,2028,0.0052
RE1,MINHYD,2029,0.0052
RE1,MINHYD,2030,0.0062
RE1,MINHYD,2031,0.0062
RE1,MINHYD,2032,0.0072
RE1,MINHYD,2033,0.0072
RE1,MINHYD,2034,0.0072
RE1,MINHYD,2035,0.0072
RE1,MINHYD,2036,0.0072
RE1,MINHYD,2037,0.0072
RE1,MINHYD,2038,0.0072
RE1,MINHYD,2039,0.0072
RE1,MINHYD,2040,0.0072
RE1,MINHYD,2041,0.0072
RE1,MINHYD,2042,0.0072
RE1,MINHYD,2043,0.0072
RE1,MINHYD,2044,0.0072
RE1,MINHYD,2045,0.0072
RE1,MINHYD,2046,0.0072
RE1,MINHYD,2047,0.0072
RE1,MINHYD,2048,0.0072
RE1,MINHYD,2049,0.0072
RE1,MINHYD,2050,0.0072
RE1,MINHYD,2051,0.002
RE1,MINHYD,2052,0.002
RE1,MINHYD,2053,0.002
RE1,MINHYD,2054,0.002
RE1,MINHYD,2055,0.002
RE1,MINHYD,2056,0.002
RE1,MINHYD,2057,0.002
RE1,MINHYD,2058,0.002
RE1,MINHYD,2059,0.002
RE1,MINHYD,2060,0.002
RE1,MINHYD,2061,0.002
RE1,MINHYD,2062,0.002
RE1,MINHYD,2063,0.002
RE1,MINHYD,2064,0.0072
RE1,MINHYD,2065,0.0072
RE1,MINHYD,2066,0.0072
RE1,MINHYD,2067,0.0072
RE1,MINHYD,2068,0.0072
RE1,MINHYD,2069,0.0072
RE1,MINHYD,2070,0.0023
RE1,PWRBIO001,2032,4524.0355
RE1,PWRCOA001,2019,33426.659
RE1,PWRCOA001,2020,1984.0563
RE1,PWRCOA001,2021,1395.9482
RE1,PWRCOA001,2022,1753.9919
RE1,PWRCOA001,2023,1752.8433
RE1,PWRCOA001,2024,1751.6958
RE1,PWRCOA001,2025,7177.3335
RE1,PWRCOA001,2026,1867.8302
RE1,PWRCOA001,2027,1866.5342
RE1,PWRCOA001,2028,4920.9548
RE1,PWRCOA001,2032,1896.7919
RE1,PWRGEO,2025,20.1194
RE1,PWRSOL001,2025,75026.082
RE1,PWRSOL001,2026,7952.2566
RE1,PWRSOL001,2027,8116.8182
RE1,PWRSOL001,2028,14183.201
RE1,PWRSOL001,2029,19062.047
RE1,PWRSOL001,2030,25446.657
RE1,PWRSOL001,2031,18017.48
RE1,PWRSOL001,2033,7511.8481
RE1,PWRSOL001,2034,2610.7293
RE1,PWRSOL001,2038,4862.2628
RE1,PWRSOL001,2039,23154.169
RE1,PWRSOL001,2040,22551.672
RE1,PWRSOL001,2041,19574.425
RE1,PWRSOL001,2042,16998.435
RE1,PWRSOL001,2043,20408.412
RE1,PWRSOL001,2044,1507.1287
RE1,PWRSOL001,2045,178.7039
RE1,PWRSOL001,2049,3022.6684
RE1,PWRSOL001,2050,24837.183
RE1,PWRSOL001,2051,9637.6805
RE1,PWRSOL001,2052,7047.6115
RE1,PWRSOL001,2053,6833.0448
RE1,PWRSOL001,2054,6881.8051
RE1,PWRSOL001,2055,81825.403
RE1,PWRSOL001,2056,8918.0456
RE1,PWRSOL001,2057,9829.2439
RE1,PWRSOL001,2058,15264.686
RE1,PWRSOL001,2059,19432.13
RE1,PWRSOL001,2060,4009.8809
RE1,PWRSOL001,2061,22419.452
RE1,PWRSOL001,2062,22050.333
RE1,PWRSOL001,2063,22500.715
RE1,PWRSOL001,2064,12830.412
RE1,PWRSOL001,2065,13024.188
RE1,PWRSOL001,2066,13789.761
RE1,PWRSOL001,2067,4717.7069
RE1,PWRSOL001,2068,9000.3104
RE1,PWRSOL001,2069,25186.913
RE1,PWRHYD001,2030,1361.7519
RE1,PWRHYD001,2064,6830.403
RE1,PWRHYD002,2030,54.8815
RE1,PWRHYD002,2064,275.28
RE1,PWRHYD003,2032,1575.0
RE1,PWRWND001,2032,2743.0799
RE1,PWRWND001,2033,30186.547
RE1,PWRWND001,2034,29807.303
RE1,PWRWND001,2035,29572.889
RE1,PWRWND001,2036,28924.507
RE1,PWRWND001,2037,32086.262
RE1,PWRWND001,2038,24566.287
RE1,PWRWND001,2039,19231.625
RE1,PWRWND001,2040,20688.046
RE1,PWRWND001,2041,25974.406
RE1,PWRWND001,2042,30852.081
RE1,PWRWND001,2043,27336.007
RE1,PWRWND001,2044,56137.062
RE1,PWRWND001,2045,62312.302
RE1,PWRWND002,2046,56383.566
RE1,PWRWND002,2047,62696.083
RE1,PWRWND002,2048,60824.05
RE1,PWRWND002,2064,20645.64
RE1,PWRWND002,2065,34588.793
RE1,PWRWND002,2066,34026.481
RE1,PWRWND002,2067,38252.552
RE1,PWRWND002,2068,31187.43
RE1,PWRWND002,2069,25833.134
RE1,PWRSOL001S,2031,2315.7926
RE1,PWRSOL001S,2032,22236.051
RE1,PWRSOL001S,2033,3140.7442
RE1,PWRSOL001S,2034,10173.44
RE1,PWRSOL001S,2035,14315.368
RE1,PWRSOL001S,2036,17070.34
RE1,PWRSOL001S,2037,12102.089
RE1,PWRSOL001S,2038,14494.071
RE1,PWRSOL001S,2049,16986.39
RE1,PWRSOL001S,2066,1757.6723
RE1,PWRSOL001S,2067,7572.9634
RE1,PWRSOL001S,2068,10495.768
RE1,PWRTRNIMP,2015,0.0003
RE1,PWRTRNIMP,2016,0.0004
RE1,PWRTRNIMP,2017,0.0004
RE1,PWRTRNIMP,2018,0.0005
RE1,PWRTRNIMP,2019,0.0005
RE1,PWRTRNIMP,2020,0.0005
RE1,PWRTRNIMP,2021,0.0005
RE1,PWRTRNIMP,2022,0.0005
RE1,PWRTRNIMP,2023,0.0005
RE1,PWRTRNIMP,2024,0.0005
RE1,PWRTRNIMP,2025,0.0007
RE1,PWRTRNIMP,2026,0.0007
RE1,PWRTRNIMP,2027,0.0007
RE1,PWRTRNIMP,2028,0.0007
RE1,PWRTRNIMP,2029,0.0006
RE1,PWRTRNIMP,2030,0.0006
RE1,PWRTRNIMP,2031,0.0007
RE1,PWRTRNIMP,2032,0.0009
RE1,PWRTRNIMP,2033,0.0009
RE1,PWRTRNIMP,2034,0.0009
RE1,PWRTRNIMP,2035,0.001
RE1,PWRTRNIMP,2036,0.0012
RE1,PWRTRNIMP,2037,0.0013
RE1,PWRTRNIMP,2038,0.0014
RE1,PWRTRNIMP,2039,0.0015
RE1,PWRTRNIMP,2040,0.0016
RE1,PWRTRNIMP,2041,0.0017
RE1,PWRTRNIMP,2042,0.0018
RE1,PWRTRNIMP,2043,0.0019
RE1,PWRTRNIMP,2044,0.0021
RE1,PWRTRNIMP,2045,0.0023
RE1,PWRTRNIMP,2046,0.0023
RE1,PWRTRNIMP,2047,0.0023
RE1,PWRTRNIMP,2048,0.0023
RE1,PWRTRNIMP,2049,0.0007
RE1,PWRTRNIMP,2050,0.0009
RE1,PWRTRNIMP,2051,0.0012
RE1,PWRTRNIMP,2052,0.0013
RE1,PWRTRNIMP,2053,0.0014
RE1,PWRTRNIMP,2054,0.0015
RE1,PWRTRNIMP,2055,0.0023
RE1,PWRTRNIMP,2056,0.0023
RE1,PWRTRNIMP,2057,0.0023
RE1,PWRTRNIMP,2058,0.0023
RE1,PWRTRNIMP,2059,0.0023
RE1,PWRTRNIMP,2060,0.0017
RE1,PWRTRNIMP,2061,0.0018
RE1,PWRTRNIMP,2062,0.0019
RE1,PWRTRNIMP,2063,0.0022
RE1,PWRTRNIMP,2064,0.0021
RE1,PWRTRNIMP,2065,0.002
RE1,PWRTRNIMP,2066,0.0019
RE1,PWRTRNIMP,2067,0.0018
RE1,PWRTRNIMP,2068,0.0017
RE1,PWRTRNIMP,2069,0.0016
RE1,PWRTRNIMP,2070,0.0003
RE1,PWRTRN,2025,1760.2674
RE1,PWRTRN,2026,525.0463
RE1,PWRTRN,2027,567.4431
RE1,PWRTRN,2028,868.7767
RE1,PWRTRN,2029,2454.3515
RE1,PWRTRN,2030,3733.4878
RE1,PWRTRN,2031,2925.1414
RE1,PWRTRN,2032,2420.246
RE1,PWRTRN,2033,2333.5935
RE1,PWRTRN,2034,2374.302
RE1,PWRTRN,2035,2313.6885
RE1,PWRTRN,2036,2672.6501
RE1,PWRTRN,2037,2323.0879
RE1,PWRTRN,2038,3251.9666
RE1,PWRTRN,2039,4624.2619
RE1,PWRTRN,2040,4647.8415
RE1,PWRTRN,2041,4261.012
RE1,PWRTRN,2042,3950.8911
RE1,PWRTRN,2043,4458.7895
RE1,PWRTRN,2044,1916.2921
RE1,PWRTRN,2045,1859.7625
RE1,PWRTRN,2046,1277.1011
RE1,PWRTRN,2049,7053.4624
RE1,PWRTRN,2050,4434.239
RE1,PWRTRN,2051,12477.724
RE1,PWRTRN,2052,1262.8574
RE1,PWRTRN,2053,1224.4093
RE1,PWRTRN,2054,1233.1466
RE1,PWRTRN,2055,4784.2736
RE1,PWRTRN,2056,529.7425
RE1,PWRTRN,2057,242.3758
RE1,PWRTRN,2062,1541.4464
RE1,PWRTRN,2063,1698.2966
RE1,PWRTRN,2064,641.9618
RE1,PWRTRN,2065,961.5891
RE1,PWRTRN,2066,987.9712
RE1,PWRTRN,2067,723.0464
RE1,PWRTRN,2068,728.4784
RE1,PWRTRN,2069,705.0485
RE1,PWRDIST,2025,517.9933
RE1,PWRDIST,2026,249.7192
RE1,PWRDIST,2027,269.8956
RE1,PWRDIST,2028,412.3682
RE1,PWRDIST,2029,1161.6299
RE1,PWRDIST,2030,1766.8233
RE1,PWRDIST,2031,1385.8799
RE1,PWRDIST,2032,1148.0468
RE1,PWRDIST,2033,1107.8076
RE1,PWRDIST,2034,1127.7894
RE1,PWRDIST,2035,1099.8336
RE1,PWRDIST,2036,1270.5021
RE1,PWRDIST,2037,1105.7694
RE1,PWRDIST,2038,1546.5607
RE1,PWRDIST,2039,2197.9277
RE1,PWRDIST,2040,2210.5339
RE1,PWRDIST,2041,2028.5218
RE1,PWRDIST,2042,1882.7202
RE1,PWRDIST,2043,2124.9586
RE1,PWRDIST,2044,919.4235
RE1,PWRDIST,2045,893.172
RE1,PWRDIST,2046,616.9797
RE1,PWRDIST,2049,3385.3357
RE1,PWRDIST,2050,2120.6571
RE1,PWRDIST,2051,6205.3761
RE1,PWRDIST,2052,600.6422
RE1,PWRDIST,2053,582.3555
RE1,PWRDIST,2054,586.5111
RE1,PWRDIST,2055,2275.5037
RE1,PWRDIST,2056,251.957
RE1,PWRDIST,2057,115.2792
RE1,PWRDIST,2062,733.1451
RE1,PWRDIST,2063,807.7465
RE1,PWRDIST,2064,305.3309
RE1,PWRDIST,2065,457.3525
RE1,PWRDIST,2066,469.9004
RE1,PWRDIST,2067,343.8964
RE1,PWRDIST,2068,346.48
RE1,PWRDIST,2069,335.3363
RE1,PWRHYD004,2032,175.0
RE1,PWRTRNEXP,2015,0.0
RE1,PWRTRNEXP,2016,0.0
RE1,PWRTRNEXP,2017,0.0
RE1,PWRTRNEXP,2018,0.0
RE1,PWRTRNEXP,2019,0.0
RE1,PWRTRNEXP,2020,0.0
RE1,PWRTRNEXP,2021,0.0
RE1,PWRTRNEXP,2022,0.0
RE1,PWRTRNEXP,2023,0.0
RE1,PWRTRNEXP,2024,0.0
RE1,PWRTRNEXP,2025,0.0
RE1,PWRTRNEXP,2026,0.0
RE1,PWRTRNEXP,2027,0.0
RE1,PWRTRNEXP,2028,0.0
RE1,PWRTRNEXP,2029,0.0001
RE1,PWRTRNEXP,2030,0.0001
RE1,PWRTRNEXP,2031,0.0001
RE1,PWRTRNEXP,2032,0.0001
RE1,PWRTRNEXP,2033,0.0001
RE1,PWRTRNEXP,2034,0.0001
RE1,PWRTRNEXP,2035,0.0001
RE1,PWRTRNEXP,2036,0.0001
RE1,PWRTRNEXP,2037,0.0001
RE1,PWRTRNEXP,2038,0.0001
RE1,PWRTRNEXP,2039,0.0001
RE1,PWRTRNEXP,2040,0.0001
RE1,PWRTRNEXP,2041,0.0001
RE1,PWRTRNEXP,2042,0.0001
RE1,PWRTRNEXP,2043,0.0001
RE1,PWRTRNEXP,2044,0.0001
RE1,PWRTRNEXP,2045,0.0001
RE1,PWRTRNEXP,2046,0.0001
RE1,PWRTRNEXP,2047,0.0001
RE1,PWRTRNEXP,2048,0.0001
RE1,PWRTRNEXP,2049,0.0001
RE1,PWRTRNEXP,2050,0.0001
RE1,PWRTRNEXP,2051,0.0001
RE1,PWRTRNEXP,2052,0.0001
RE1,PWRTRNEXP,2053,0.0001
RE1,PWRTRNEXP,2054,0.0001
RE1,PWRTRNEXP,2055,0.0001
RE1,PWRTRNEXP,2056,0.0001
RE1,PWRTRNEXP,2057,0.0001
RE1,PWRTRNEXP,2058,0.0001
RE1,PWRTRNEXP,2059,0.0001
RE1,PWRTRNEXP,2060,0.0001
RE1,PWRTRNEXP,2061,0.0001
RE1,PWRTRNEXP,2062,0.0001
RE1,PWRTRNEXP,2063,0.0001
RE1,PWRTRNEXP,2064,0.0001
RE1,PWRTRNEXP,2065,0.0001
RE1,PWRTRNEXP,2066,0.0001
RE1,PWRTRNEXP,2067,0.0001
RE1,PWRTRNEXP,2068,0.0001
RE1,PWRTRNEXP,2069,0.0001
RE1,PWRTRNEXP,2070,0.0
RE1,DEMTRAEVC,2025,5027.4894
RE1,DEMTRAEVC,2026,89.8661
RE1,DEMTRAEVC,2027,89.8512
RE1,DEMTRAEVC,2028,695.0984
RE1,DEMTRAEVC,2029,2795.2213
RE1,DEMTRAEVC,2030,2563.8811
RE1,DEMTRAEVC,2031,3772.0122
RE1,DEMTRAEVC,2032,1346.6944
RE1,DEMTRAEVC,2033,1322.2222
RE1,DEMTRAEVC,2034,1250.4965
RE1,DEMTRAEVC,2035,1626.2141
RE1,DEMTRAEVC,2036,1426.9598
RE1,DEMTRAEVC,2037,1190.598
RE1,DEMTRAEVC,2038,1212.5499
RE1,DEMTRAEVC,2039,1235.4053
RE1,DEMTRAEVC,2040,1111.0562
RE1,DEMTRAEVC,2041,1411.2103
RE1,DEMTRAEVC,2042,1285.8481
RE1,DEMTRAEVC,2043,1306.6074
RE1,DEMTRAEVC,2044,1327.3631
RE1,DEMTRAEVC,2045,534.8855
RE1,DEMTRAEVC,2046,1937.0883
RE1,DEMTRAEVC,2047,1382.1072
RE1,DEMTRAEVC,2048,1280.3391
RE1,DEMTRAEVC,2049,4300.9052
RE1,DEMTRAEVC,2050,6247.2181
RE1,DEMTRAEVC,2051,2346.9195
RE1,DEMTRAEVC,2052,2106.6299
RE1,DEMTRAEVC,2053,3440.2063
RE1,DEMTRAEVC,2054,755.3291
RE1,DEMTRAEVC,2056,1198.3477
RE1,DEMTRAEVC,2057,446.5476
RE1,DEMTRAEVC,2058,449.9994
RE1,DEMTRAEVC,2059,453.4781
RE1,DEMTRAEVC,2062,1236.5938
RE1,DEMTRAEVC,2063,602.6007
RE1,DEMTRAEVC,2064,463.7584
RE1,DEMTRAEVC,2065,467.3482
RE1,DEMTRAEVC,2066,470.9661
RE1,DEMTRAEVC,2067,474.6122
RE1,DEMTRAEVC,2068,478.2867
RE1,DEMTRAEVC,2069,481.9899
RE1,DEMTRAMCYELC,2025,14364.688
RE1,DEMTRAMCYELC,2026,227.2362
RE1,DEMTRAMCYELC,2027,197.6713
RE1,DEMTRAMCYELC,2028,168.1178
RE1,DEMTRAMCYELC,2029,2629.1032
RE1,DEMTRAMCYELC,2030,1744.0621
RE1,DEMTRAMCYELC,2031,2320.557
RE1,DEMTRAMCYELC,2032,91.9184
RE1,DEMTRAMCYELC,2033,25.1915
RE1,DEMTRAMCYELC,2034,0.0
RE1,DEMTRAMCYELC,2035,0.0001
RE1,DEMTRAMCYELC,2036,0.0
RE1,DEMTRAMCYELC,2037,0.0
RE1,DEMTRAMCYELC,2038,0.0
RE1,DEMTRAMCYELC,2039,0.0
RE1,DEMTRAMCYELC,2040,0.0009
RE1,DEMTRAMCYELC,2041,0.0001
RE1,DEMTRAMCYELC,2042,0.0
RE1,DEMTRAMCYELC,2043,0.0
RE1,DEMTRAMCYELC,2044,0.0003
RE1,DEMTRAMCYELC,2045,0.0001
RE1,DEMTRAMCYELC,2046,0.0006
RE1,DEMTRAMCYELC,2047,0.0001
RE1,DEMTRAMCYELC,2048,0.0
RE1,DEMTRAMCYELC,2049,0.0
RE1,DEMTRAMCYELC,2052,0.0001
RE1,DEMTRAMCYELC,2053,0.0001
RE1,DEMTRAMCYELC,2054,0.0001
RE1,DEMTRAMCYELC,2055,0.0009
RE1,DEMTRAMCYELC,2056,0.0002
RE1,DEMTRAMCYELC,2057,0.0001
RE1,DEMTRAMCYELC,2058,0.0001
RE1,DEMTRAMCYELC,2059,0.0004
RE1,DEMTRAMCYELC,2060,0.0002
RE1,DEMTRAMCYELC,2061,0.0006
RE1,DEMTRAMCYELC,2062,0.0001
RE1,DEMTRAMCYELC,2063,0.0001
RE1,DEMTRAMCYELC,2064,0.0
RE1,DEMTRAMCYELC,2065,0.0
RE1,DEMTRAMCYELC,2066,0.0
RE1,DEMTRAMCYELC,2067,0.0001
RE1,DEMTRAMCYELC,2068,0.0001
RE1,DEMTRAMCYELC,2069,0.0001
RE1,DEMTRAMCYELC,2070,0.0007
RE1,DEMTRACARELC,2037,160201.12
RE1,DEMTRACARELC,2038,150811.33
RE1,DEMTRACARELC,2039,141018.19
RE1,DEMTRACARELC,2040,130558.92
RE1,DEMTRACARELC,2041,118818.04
RE1,DEMTRACARELC,2042,107321.23
RE1,DEMTRACARELC,2043,95333.251
RE1,DEMTRACARELC,2044,82854.24
RE1,DEMTRACARELC,2045,69884.36
RE1,DEMTRACARELC,2046,54521.382
RE1,DEMTRACARELC,2047,40911.131
RE1,DEMTRACARELC,2048,36305.468
RE1,DEMTRACARELC,2049,1543.2107
RE1,DEMTRACARELC,2050,0.0018
RE1,DEMTRACARELC,2051,0.0002
RE1,DEMTRACARELC,2052,0.0002
RE1,DEMTRACARELC,2053,0.0006
RE1,DEMTRACARELC,2054,0.0001
RE1,DEMTRACARELC,2055,0.0
RE1,DEMTRACARELC,2056,0.0001
RE1,DEMTRACARELC,2057,0.0002
RE1,DEMTRACARELC,2058,0.0002
RE1,DEMTRACARELC,2059,0.0002
RE1,DEMTRACARELC,2060,0.0002
RE1,DEMTRACARELC,2061,0.0002
RE1,DEMTRACARELC,2062,0.0004
RE1,DEMTRACARELC,2063,0.0003
RE1,DEMTRACARELC,2064,0.0003
RE1,DEMTRACARELC,2065,0.0003
RE1,DEMTRACARELC,2066,0.0003
RE1,DEMTRACARELC,2067,0.0003
RE1,DEMTRACARELC,2068,0.0003
RE1,DEMTRACARELC,2069,0.0001
RE1,DEMTRABUSELC,2028,112586.04
RE1,DEMTRABUSELC,2029,196097.76
RE1,DEMTRABUSELC,2030,195553.24
RE1,DEMTRABUSELC,2031,192485.74
RE1,DEMTRABUSELC,2032,190122.56
RE1,DEMTRABUSELC,2033,187376.7
RE1,DEMTRABUSELC,2034,184248.82
RE1,DEMTRABUSELC,2035,180739.41
RE1,DEMTRABUSELC,2036,175377.97
RE1,DEMTRABUSELC,2048,4152.1032
RE1,DEMTRABUSELC,2049,275464.85
RE1,DEMTRABUSELC,2051,59693.297
RE1,DEMTRABUSELC,2052,61176.679
RE1,DEMTRABUSELC,2053,62659.433
RE1,DEMTRABUSELC,2054,64141.652
RE1,DEMTRABUSELC,2055,65623.402
RE1,DEMTRABUSELC,2056,66586.013
RE1,DEMTRABUSELC,2057,4775.9446
RE1,DEMTRABUSELC,2058,4812.8985
RE1,DEMTRABUSELC,2059,4850.1406
RE1,DEMTRABUSELC,2060,4887.6732
RE1,DEMTRABUSELC,2061,4925.4986
RE1,DEMTRABUSELC,2062,4963.6189
RE1,DEMTRABUSELC,2063,5002.0366
RE1,DEMTRABUSELC,2064,5040.754
RE1,DEMTRABUSELC,2065,5079.7735
RE1,DEMTRABUSELC,2066,5119.0974
RE1,DEMTRABUSELC,2067,5158.728
RE1,DEMTRABUSELC,2068,8488.1349
RE1,DEMTRABUSELC,2069,248771.42
RE1,DEMTRABUSELC,2070,5279.4847
RE1,DEMTRAMCYGSL,2015,0.0007
RE1,DEMTRAMCYGSL,2016,0.0
RE1,DEMTRAMCYGSL,2017,0.0
RE1,DEMTRAMCYGSL,2018,0.0
RE1,DEMTRAMCYGSL,2019,0.0
RE1,DEMTRAMCYGSL,2020,0.0
RE1,DEMTRAMCYGSL,2021,0.0
RE1,DEMTRAMCYGSL,2022,0.0
RE1,DEMTRAMCYGSL,2023,0.0
RE1,DEMTRAMCYGSL,2024,0.0
RE1,DEMTRACARGSL,2015,0.0016
RE1,DEMTRACARGSL,2016,0.0
RE1,DEMTRACARGSL,2017,0.0002
RE1,DEMTRACARGSL,2018,0.0002
RE1,DEMTRACARGSL,2019,0.0002
RE1,DEMTRACARGSL,2020,0.0002
RE1,DEMTRACARGSL,2021,0.0002
RE1,DEMTRACARGSL,2022,0.0002
RE1,DEMTRACARGSL,2023,0.0002
RE1,DEMTRACARGSL,2024,0.0002
RE1,DEMTRACARGSL,2025,0.0002
RE1,DEMTRACARGSL,2026,0.0002
RE1,DEMTRACARGSL,2027,0.0002
RE1,DEMTRACARGSL,2028,0.0003
RE1,DEMTRABUSGSL,2015,0.0015
RE1,DEMTRABUSGSL,2016,0.0001
RE1,DEMTRABUSGSL,2019,0.0
RE1,DEMTRABUSGSL,2020,0.0001
RE1,DEMTRABUSGSL,2021,0.0001
RE1,DEMTRABUSGSL,2029,0.0002
RE1,DEMTRABUSGSL,2030,0.0002
RE1,DEMINDELC,2015,0.0011
RE1,DEMINDELC,2016,0.0001
RE1,DEMINDELC,2017,0.0001
RE1,DEMINDELC,2018,0.0001
RE1,DEMINDELC,2019,0.0001
RE1,DEMINDELC,2020,0.0001
RE1,DEMINDELC,2021,0.0
RE1,DEMINDELC,2022,0.0
RE1,DEMINDELC,2023,0.0
RE1,DEMINDELC,2024,0.0
RE1,DEMINDELC,2031,0.0
RE1,DEMINDELC,2032,0.0
RE1,DEMINDELC,2033,0.0
RE1,DEMINDELC,2034,0.0
RE1,DEMINDELC,2035,0.0
RE1,DEMINDELC,2036,0.0
RE1,DEMINDELC,2037,0.0
RE1,DEMINDELC,2038,0.0
RE1,DEMINDELC,2039,0.0
RE1,DEMINDELC,2040,0.0
RE1,DEMINDELC,2041,0.0
RE1,DEMINDELC,2042,0.0
RE1,DEMINDELC,2043,0.0
RE1,DEMINDELC,2044,0.0
RE1,DEMINDELC,2045,0.0
RE1,DEMINDELC,2046,0.0
RE1,DEMINDELC,2047,0.0
RE1,DEMINDELC,2050,0.0002
RE1,DEMINDELC,2051,0.0001
RE1,DEMINDELC,2052,0.0002
RE1,DEMINDELC,2053,0.0002
RE1,DEMINDELC,2054,0.0002
RE1,DEMINDELC,2055,0.0016
RE1,DEMINDELC,2065,0.0002
RE1,DEMINDELC,2066,0.0
RE1,DEMINDELC,2067,0.0
RE1,DEMINDELC,2068,0.0
RE1,DEMINDELC,2069,0.0
RE1,DEMINDELC,2070,0.0015
RE1,INDENEFFDP,2025,10872.102
RE1,INDENEFFDP,2026,308.9991
RE1,INDENEFFDP,2027,308.9991
RE1,INDENEFFDP,2028,245.957
RE1,INDENEFFDP,2030,838.6512
RE1,INDENEFFDP,2031,357.6656
RE1,INDENEFFDP,2032,485.1591
RE1,INDENEFFDP,2033,361.0967
RE1,INDENEFFDP,2034,361.0967
RE1,INDENEFFDP,2035,11095.412
RE1,INDENEFFDP,2036,596.9445
RE1,INDENEFFDP,2037,596.9445
RE1,INDENEFFDP,2038,533.9024
RE1,INDENEFFDP,2039,287.9454
RE1,INDENEFFDP,2040,1126.5966
RE1,INDENEFFDP,2041,639.6322
RE1,INDENEFFDP,2042,767.1257
RE1,INDENEFFDP,2043,643.0634
RE1,INDENEFFDP,2044,643.0634
RE1,INDENEFFDP,2045,11542.501
RE1,INDENEFFDP,2046,628.1564
RE1,INDENEFFDP,2047,793.2796
RE1,INDENEFFDP,2048,901.0113
RE1,INDENEFFDP,2049,486.164
RE1,INDENEFFDP,2056,1066.7704
RE1,INDENEFFDP,2057,3621.9847
RE1,INDENEFFDP,2058,3648.6934
RE1,INDENEFFDP,2060,10379.742
RE1,INDENEFFDP,2063,1398.4002
RE1,INDENEFFDP,2064,1135.5387
RE1,INDENEFFDP,2065,237.0531
RE1,INDENEFFDP,2066,1306.4678
RE1,INDENEFFDP,2067,3864.3558
RE1,INDENEFFDP,2068,3893.7681
RE1,INDENEFFDP,2069,247.8085
RE1,DEMINDHEEH,2033,85.8146
RE1,DEMINDHEEH,2034,129.6685
RE1,DEMINDHEEH,2035,201.2239
RE1,DEMINDHEEH,2036,526.7674
RE1,DEMINDHEEH,2037,587.7293
RE1,DEMINDHEEH,2038,1444.9395
RE1,DEMINDHEEH,2039,2635.04
RE1,DEMINDHEEH,2040,2738.6091
RE1,DEMINDHEEH,2041,2201.6842
RE1,DEMINDHEEH,2042,2013.8721
RE1,DEMINDHEEH,2043,2436.0205
RE1,DEMINDHEEH,2044,2.2259
RE1,DEMINDHEEH,2049,293.8672
RE1,DEMINDHEEH,2054,2886.585
RE1,DEMINDHEEH,2055,5149.9891
RE1,DEMINDHEEH,2056,1842.972
RE1,DEMINDHEEH,2057,2131.7831
RE1,DEMINDHEEH,2058,2554.8263
RE1,DEMINDHEEH,2059,121.9335
RE1,DEMINDHEEH,2063,1107.9997
RE1,DEMINDHEEH,2064,744.4002
RE1,DEMINDHEEH,2065,434.8488
RE1,DEMINDHEEH,2066,452.3492
RE1,DEMINDHEEH,2067,212.5972
RE1,DEMINDHEEH,2068,184.2268
RE1,DEMINDHEEH,2069,3021.9107
RE1,DEMINDHEEL,2030,1547.6308
RE1,DEMINDHEEL,2031,88.9242
RE1,DEMINDHEEL,2032,88.738
RE1,DEMINDHEEL,2033,158.0409
RE1,DEMINDHEEL,2034,239.1185
RE1,DEMINDHEEL,2035,434.6426
RE1,DEMINDHEEL,2036,624.6735
RE1,DEMINDHEEL,2037,200.7158
RE1,DEMINDHEEL,2038,501.9851
RE1,DEMINDHEEL,2039,577.0474
RE1,DEMINDHEEL,2040,261.1588
RE1,DEMINDHEEL,2041,553.9603
RE1,DEMINDHEEL,2042,547.2042
RE1,DEMINDHEEL,2043,543.9018
RE1,DEMINDHEEL,2044,411.3299
RE1,DEMINDHEEL,2045,1802.6906
RE1,DEMINDHEEL,2046,106.7017
RE1,DEMINDHEEL,2047,443.3149
RE1,DEMINDHEEL,2048,601.9966
RE1,DEMINDHEEL,2049,829.9079
RE1,DEMINDHEEL,2050,492.213
RE1,DEMINDHEEL,2051,681.8976
RE1,DEMINDHEEL,2052,261.9306
RE1,DEMINDHEEL,2053,561.0528
RE1,DEMINDHEEL,2054,635.9176
RE1,DEMINDHEEL,2055,322.9319
RE1,DEMINDHEEL,2056,613.7623
RE1,DEMINDHEEL,2057,607.2511
RE1,DEMINDHEEL,2058,604.3118
RE1,DEMINDHEEL,2059,473.6109
RE1,DEMINDHEEL,2060,1329.0468
RE1,DEMINDHEEL,2061,593.1976
RE1,DEMINDHEEL,2062,608.2556
RE1,DEMINDHEEL,2063,664.6873
RE1,DEMINDHEEL,2064,891.4014
RE1,DEMINDHEEL,2065,557.3939
RE1,DEMINDHEEL,2066,746.3656
RE1,DEMINDHEEL,2067,330.0027
RE1,DEMINDHEEL,2068,627.9059
RE1,DEMINDHEEL,2069,703.2467
RE1,DEMINDHEBIO,2015,6118.9699
RE1,DEMINDHEBIO,2022,57.5756
RE1,DEMINDHEBIO,2023,88.7996
RE1,DEMINDHEBIO,2024,88.6422
RE1,DEMINDHEBIO,2025,88.5041
RE1,DEMINDHEBIO,2026,97.6675
RE1,DEMINDHEBIO,2027,97.5138
RE1,DEMINDHEBIO,2028,97.3534
RE1,DEMINDHEBIO,2029,97.1969
RE1,DEMINDHEBIO,2030,4661.6812
RE1,DEMINDHEBIO,2045,1189.9341
RE1,DEMRESELC,2015,0.0006
RE1,DEMRESELC,2016,0.0
RE1,DEMRESELC,2017,0.0
RE1,DEMRESELC,2018,0.0
RE1,DEMRESELC,2019,0.0
RE1,DEMRESELC,2020,0.0
RE1,DEMRESELC,2021,0.0
RE1,DEMRESELC,2022,0.0
RE1,DEMRESELC,2023,0.0
RE1,DEMRESELC,2024,0.0
RE1,DEMRESELC,2031,0.0
RE1,DEMRESELC,2032,0.0
RE1,DEMRESELC,2033,0.0
RE1,DEMRESELC,2034,0.0
RE1,DEMRESELC,2035,0.0
RE1,DEMRESELC,2036,0.0
RE1,DEMRESELC,2037,0.0
RE1,DEMRESELC,2038,0.0
RE1,DEMRESELC,2039,0.0
RE1,DEMRESELC,2040,0.0
RE1,DEMRESELC,2041,0.0
RE1,DEMRESELC,2042,0.0
RE1,DEMRESELC,2043,0.0
RE1,DEMRESELC,2044,0.0
RE1,DEMRESELC,2045,0.0
RE1,DEMRESELC,2046,0.0
RE1,DEMRESELC,2047,0.0
RE1,DEMRESELC,2050,0.0001
RE1,DEMRESELC,2051,0.0001
RE1,DEMRESELC,2052,0.0001
RE1,DEMRESELC,2053,0.0001
RE1,DEMRESELC,2054,0.0001
RE1,DEMRESELC,2055,0.0004
RE1,DEMRESELC,2065,0.0001
RE1,DEMRESELC,2066,0.0
RE1,DEMRESELC,2067,0.0
RE1,DEMRESELC,2068,0.0
RE1,DEMRESELC,2069,0.0
RE1,DEMRESELC,2070,0.0001
RE1,RESENEFFDP,2025,5427.3809
RE1,RESENEFFDP,2026,154.2531
RE1,RESENEFFDP,2027,154.2531
RE1,RESENEFFDP,2028,122.7824
RE1,RESENEFFDP,2030,418.6568
RE1,RESENEFFDP,2031,178.5476
RE1,RESENEFFDP,2032,242.1927
RE1,RESENEFFDP,2033,180.2604
RE1,RESENEFFDP,2034,180.2604
RE1,RESENEFFDP,2035,5538.8577
RE1,RESENEFFDP,2036,297.9962
RE1,RESENEFFDP,2037,297.9962
RE1,RESENEFFDP,2038,266.5254
RE1,RESENEFFDP,2039,143.7431
RE1,RESENEFFDP,2040,562.3999
RE1,RESENEFFDP,2041,319.306
RE1,RESENEFFDP,2042,382.9511
RE1,RESENEFFDP,2043,321.0189
RE1,RESENEFFDP,2044,321.0189
RE1,RESENEFFDP,2045,5762.0461
RE1,RESENEFFDP,2046,313.5773
RE1,RESENEFFDP,2047,396.0072
RE1,RESENEFFDP,2048,449.7871
RE1,RESENEFFDP,2049,242.6943
RE1,RESENEFFDP,2055,3163.7147
RE1,RESENEFFDP,2056,532.5345
RE1,RESENEFFDP,2057,533.8299
RE1,RESENEFFDP,2058,750.3379
RE1,RESENEFFDP,2059,3589.4454
RE1,RESENEFFDP,2060,773.807
RE1,RESENEFFDP,2063,440.1559
RE1,RESENEFFDP,2064,824.7928
RE1,RESENEFFDP,2065,3282.0522
RE1,RESENEFFDP,2066,652.1921
RE1,RESENEFFDP,2067,654.8222
RE1,RESENEFFDP,2068,872.6798
RE1,RESENEFFDP,2069,3713.1521
RE1,DEMRESCKNELC,2025,1159.9456
RE1,DEMRESCKNELC,2026,103.9413
RE1,DEMRESCKNELC,2027,67.96
RE1,DEMRESCKNELC,2028,145.8149
RE1,DEMRESCKNELC,2029,197.257
RE1,DEMRESCKNELC,2030,93.55
RE1,DEMRESCKNELC,2031,110.7367
RE1,DEMRESCKNELC,2032,436.8366
RE1,DEMRESCKNELC,2033,260.3359
RE1,DEMRESCKNELC,2034,249.956
RE1,DEMRESCKNELC,2035,125.1702
RE1,DEMRESCKNELC,2036,129.4897
RE1,DEMRESCKNELC,2037,116.1125
RE1,DEMRESCKNELC,2038,151.883
RE1,DEMRESCKNELC,2039,203.9503
RE1,DEMRESCKNELC,2040,205.0229
RE1,DEMRESCKNELC,2041,190.2302
RE1,DEMRESCKNELC,2042,178.4782
RE1,DEMRESCKNELC,2043,198.161
RE1,DEMRESCKNELC,2044,100.626
RE1,DEMRESCKNELC,2049,270.035
RE1,DEMRESCKNELC,2050,208.0872
RE1,DEMRESCKNELC,2051,144.7453
RE1,DEMRESCKNELC,2052,66.8489
RE1,DEMRESCKNELC,2053,65.4962
RE1,DEMRESCKNELC,2054,65.9851
RE1,DEMRESCKNELC,2055,1364.5824
RE1,DEMRESCKNELC,2056,142.792
RE1,DEMRESCKNELC,2057,6.7345
RE1,DEMRESCKNELC,2059,50.321
RE1,DEMRESCKNELC,2060,488.6721
RE1,DEMRESCKNELC,2061,172.2969
RE1,DEMRESCKNELC,2062,515.9623
RE1,DEMRESCKNELC,2063,344.5475
RE1,DEMRESCKNELC,2064,193.609
RE1,DEMRESCKNELC,2065,138.0486
RE1,DEMRESCKNELC,2066,144.2843
RE1,DEMRESCKNELC,2067,115.3709
RE1,DEMRESCKNELC,2068,160.5951
RE1,DEMRESCKNELC,2069,218.7772
RE1,DEMRESHEBIO,2015,1212.0074
RE1,DEMRESHEBIO,2019,30.3127
RE1,DEMRESHEBIO,2020,30.2233
RE1,DEMRESHEBIO,2021,22.4702
RE1,DEMRESHEBIO,2022,22.4093
RE1,DEMRESHEBIO,2023,22.353
RE1,DEMRESHEBIO,2024,22.2965
RE1,DEMRESHEBIO,2025,22.2458
RE1,DEMRESHEBIO,2026,24.3684
RE1,DEMRESHEBIO,2027,24.3121
RE1,DEMRESHEBIO,2028,24.255
RE1,DEMRESHEBIO,2029,24.1999
RE1,DEMRESHEBIO,2030,1229.7891
RE1,DEMRESHEBIO,2045,95.6115
RE1,DEMRESHEOIL,2015,0.2605
RE1,DEMRESHEEL,2031,22.4753
RE1,DEMRESHEEL,2032,22.4038
RE1,DEMRESHEEL,2033,261.7637
RE1,DEMRESHEEL,2034,69.6344
RE1,DEMRESHEEL,2035,76.9822
RE1,DEMRESHEEL,2036,43.7733
RE1,DEMRESHEEL,2037,264.3622
RE1,DEMRESHEEL,2040,167.4078
RE1,DEMRESHEEL,2043,22.6518
RE1,DEMRESHEEL,2044,97.0391
RE1,DEMRESHEEL,2045,673.657
RE1,DEMRESHEEL,2046,36.6897
RE1,DEMRESHEEL,2047,62.9467
RE1,DEMRESHEEL,2048,335.8943
RE1,DEMRESHEEL,2049,92.5236
RE1,DEMRESHEEL,2050,90.6804
RE1,DEMRESHEEL,2051,58.0619
RE1,DEMRESHEEL,2052,276.9506
RE1,DEMRESHEEL,2053,14.8655
RE1,DEMRESHEEL,2054,14.9713
RE1,DEMRESHEEL,2055,180.9479
RE1,DEMRESHEEL,2056,15.187
RE1,DEMRESHEEL,2057,15.2909
RE1,DEMRESHEEL,2058,37.8395
RE1,DEMRESHEEL,2059,111.6778
RE1,DEMRESHEEL,2060,451.0282
RE1,DEMRESHEEL,2061,163.9862
RE1,DEMRESHEEL,2062,197.8623
RE1,DEMRESHEEL,2063,348.9626
RE1,DEMRESHEEL,2064,107.8482
RE1,DEMRESHEEL,2065,106.2116
RE1,DEMRESHEEL,2066,73.9821
RE1,DEMRESHEEL,2067,291.4451
RE1,DEMRESHEEL,2068,31.3634
RE1,DEMRESHEEL,2069,31.6079
RE1,DEMCOMELC,2015,0.0006
RE1,DEMCOMELC,2016,0.0
RE1,DEMCOMELC,2017,0.0
RE1,DEMCOMELC,2018,0.0
RE1,DEMCOMELC,2019,0.0
RE1,DEMCOMELC,2020,0.0
RE1,DEMCOMELC,2021,0.0
RE1,DEMCOMELC,2022,0.0
RE1,DEMCOMELC,2023,0.0
RE1,DEMCOMELC,2024,0.0
RE1,DEMCOMELC,2031,0.0
RE1,DEMCOMELC,2032,0.0
RE1,DEMCOMELC,2033,0.0
RE1,DEMCOMELC,2034,0.0
RE1,DEMCOMELC,2035,0.0
RE1,DEMCOMELC,2036,0.0
RE1,DEMCOMELC,2037,0.0
RE1,DEMCOMELC,2038,0.0
RE1,DEMCOMELC,2039,0.0
RE1,DEMCOMELC,2040,0.0
RE1,DEMCOMELC,2041,0.0
RE1,DEMCOMELC,2042,0.0
RE1,DEMCOMELC,2043,0.0
RE1,DEMCOMELC,2044,0.0
RE1,DEMCOMELC,2045,0.0
RE1,DEMCOMELC,2046,0.0
RE1,DEMCOMELC,2047,0.0
RE1,DEMCOMELC,2050,0.0001
RE1,DEMCOMELC,2051,0.0001
RE1,DEMCOMELC,2052,0.0001
RE1,DEMCOMELC,2053,0.0001
RE1,DEMCOMELC,2054,0.0001
RE1,DEMCOMELC,2055,0.0008
RE1,DEMCOMELC,2065,0.0001
RE1,DEMCOMELC,2066,0.0
RE1,DEMCOMELC,2067,0.0
RE1,DEMCOMELC,2068,0.0
RE1,DEMCOMELC,2069,0.0
RE1,DEMCOMELC,2070,0.001
RE1,COMENEFFDP,2025,5609.4496
RE1,COMENEFFDP,2026,159.4278
RE1,COMENEFFDP,2027,159.4278
RE1,COMENEFFDP,2028,126.9013
RE1,COMENEFFDP,2030,432.7012
RE1,COMENEFFDP,2031,184.5372
RE1,COMENEFFDP,2032,250.3174
RE1,COMENEFFDP,2033,186.3075
RE1,COMENEFFDP,2034,186.3075
RE1,COMENEFFDP,2035,5724.6661
RE1,COMENEFFDP,2036,307.9929
RE1,COMENEFFDP,2037,307.9929
RE1,COMENEFFDP,2038,275.4664
RE1,COMENEFFDP,2039,148.5651
RE1,COMENEFFDP,2040,581.2664
RE1,COMENEFFDP,2041,330.0176
RE1,COMENEFFDP,2042,395.7977
RE1,COMENEFFDP,2043,331.7879
RE1,COMENEFFDP,2044,331.7879
RE1,COMENEFFDP,2045,5955.3416
RE1,COMENEFFDP,2046,324.0966
RE1,COMENEFFDP,2047,409.2918
RE1,COMENEFFDP,2048,464.8758
RE1,COMENEFFDP,2049,250.8358
RE1,COMENEFFDP,2056,2197.9104
RE1,COMENEFFDP,2060,7459.2048
RE1,COMENEFFDP,2063,721.5031
RE1,COMENEFFDP,2064,585.88
RE1,COMENEFFDP,2065,122.3073
RE1,COMENEFFDP,2066,2321.582
RE1,COMENEFFDP,2067,125.0511
RE1,COMENEFFDP,2068,126.4461
RE1,COMENEFFDP,2069,127.8566
RE1,DEMCOMHEBIO,2015,533.6865
RE1,DEMCOMHEBIO,2016,27.1383
RE1,DEMCOMHEBIO,2017,13.5298
RE1,DEMCOMHEBIO,2018,13.5264
RE1,DEMCOMHEBIO,2019,13.5223
RE1,DEMCOMHEBIO,2020,13.517
RE1,DEMCOMHEBIO,2021,11.0036
RE1,DEMCOMHEBIO,2022,10.9996
RE1,DEMCOMHEBIO,2023,10.9962
RE1,DEMCOMHEBIO,2024,10.9913
RE1,DEMCOMHEBIO,2025,10.988
RE1,DEMCOMHEBIO,2026,12.453
RE1,DEMCOMHEBIO,2027,12.4491
RE1,DEMCOMHEBIO,2028,12.4436
RE1,DEMCOMHEBIO,2029,12.4377
RE1,DEMCOMHEBIO,2030,528.1106
RE1,DEMCOMHEEL,2030,15.4589
RE1,DEMCOMHEEL,2031,37.8377
RE1,DEMCOMHEEL,2032,24.0789
RE1,DEMCOMHEEL,2033,24.0656
RE1,DEMCOMHEEL,2034,197.7813
RE1,DEMCOMHEEL,2035,7.6046
RE1,DEMCOMHEEL,2036,19.7419
RE1,DEMCOMHEEL,2037,30.2606
RE1,DEMCOMHEEL,2040,148.1646
RE1,DEMCOMHEEL,2041,12.9897
RE1,DEMCOMHEEL,2043,18.7589
RE1,DEMCOMHEEL,2044,87.7387
RE1,DEMCOMHEEL,2045,273.0913
RE1,DEMCOMHEEL,2046,44.5971
RE1,DEMCOMHEEL,2047,30.9302
RE1,DEMCOMHEEL,2048,30.9062
RE1,DEMCOMHEEL,2049,203.2536
RE1,DEMCOMHEEL,2050,14.5577
RE1,DEMCOMHEEL,2051,26.7532
RE1,DEMCOMHEEL,2052,37.2405
RE1,DEMCOMHEEL,2053,7.2809
RE1,DEMCOMHEEL,2054,7.3333
RE1,DEMCOMHEEL,2055,154.1913
RE1,DEMCOMHEEL,2056,20.3165
RE1,DEMCOMHEEL,2057,7.4916
RE1,DEMCOMHEEL,2058,26.1285
RE1,DEMCOMHEEL,2059,94.5494
RE1,DEMCOMHEEL,2060,229.7436
RE1,DEMCOMHEEL,2061,60.7249
RE1,DEMCOMHEEL,2062,77.8949
RE1,DEMCOMHEEL,2063,38.4686
RE1,DEMCOMHEEL,2064,209.4518
RE1,DEMCOMHEEL,2065,22.3991
RE1,DEMCOMHEEL,2066,34.571
RE1,DEMCOMHEEL,2067,45.0484
RE1,DEMCOMHEEL,2068,15.3707
RE1,DEMCOMHEEL,2069,15.4917
RE1,DEMINDHECOA,2015,11403.233
RE1,DEMINDHECOA,2022,107.5244
RE1,DEMINDHECOA,2023,165.8868
RE1,DEMINDHECOA,2024,165.6668
RE1,DEMINDHECOA,2025,165.4594
RE1,DEMINDHECOA,2026,182.6719
RE1,DEMINDHECOA,2027,182.4404
RE1,DEMINDHECOA,2028,182.2218
RE1,DEMINDHECOA,2029,182.0151
RE1,DEMINDHECOA,2030,11585.053
RE1,DEMINDHECOA,2031,163.9275
RE1,DEMINDHECOA,2032,163.6112
RE1,DEMINDHECOA,2033,78.8208
