r,t,y,NewCapacity
RE1,MINOIL,2024,2141.6499
RE1,MINBIO,2015,1083.0722
RE1,MINBIO,2016,1039.3006
RE1,MINBIO,2017,1077.9026
RE1,MINBIO,2018,1116.6381
RE1,MINBIO,2019,1137.3915
RE1,MINBIO,2020,1170.5173
RE1,MINBIO,2021,1197.7543
RE1,MINBIO,2022,1212.6691
RE1,MINBIO,2023,1227.5592
RE1,MINBIO,2024,1242.4259
RE1,MINBIO,2025,1047.7255
RE1,MINBIO,2026,1018.9087
RE1,MINBIO,2027,1003.415
RE1,MINBIO,2028,1014.8628
RE1,MINBIO,2029,1026.2974
RE1,MINBIO,2030,906.3113
RE1,MINBIO,2031,748.3743
RE1,MINBIO,2032,808.825
RE1,MINBIO,2033,745.266
RE1,MINBIO,2034,672.5899
RE1,MINBIO,2035,620.0393
RE1,MINBIO,2036,584.6656
RE1,MINBIO,2037,548.4332
RE1,MINBIO,2038,511.3438
RE1,MINBIO,2039,473.3993
RE1,MINBIO,2040,434.6014
RE1,MINBIO,2041,395.0202
RE1,MINBIO,2042,354.5741
RE1,MINBIO,2043,313.2644
RE1,MINBIO,2044,271.0921
RE1,MINBIO,2045,274.7258
RE1,MINBIO,2046,250.1344
RE1,MINBIO,2047,163.5476
RE1,MINBIO,2048,102.5887
RE1,MINBIO,2049,102.5887
RE1,IMPCOA,2027,930.4345
RE1,IMPCOA,2028,3954.0386
RE1,IMPCOA,2029,3940.9627
RE1,IMPCOA,2030,3953.5594
RE1,IMPCOA,2031,3923.7247
RE1,IMPCOA,2032,4028.7665
RE1,IMPCOA,2033,4034.2273
RE1,IMPCOA,2034,4034.2273
RE1,IMPCOA,2035,4034.2273
RE1,IMPCOA,2036,3971.7491
RE1,IMPCOA,2037,3801.9454
RE1,IMPCOA,2038,3591.7044
RE1,IMPCOA,2039,3200.6426
RE1,IMPCOA,2040,3005.6997
RE1,IMPCOA,2041,3005.6997
RE1,IMPCOA,2042,2954.014
RE1,IMPCOA,2043,2954.014
RE1,IMPCOA,2044,2632.3552
RE1,IMPCOA,2045,2367.9211
RE1,IMPCOA,2046,1989.8068
RE1,IMPCOA,2047,1568.8362
RE1,IMPCOA,2048,1117.0873
RE1,IMPCOA,2049,489.6451
RE1,MINCOA,2015,1201.8754
RE1,MINCOA,2016,1120.3443
RE1,MINCOA,2017,1132.6138
RE1,MINCOA,2018,1153.041
RE1,MINCOA,2019,2821.0437
RE1,MINCOA,2020,2935.6728
RE1,MINCOA,2021,3016.1627
RE1,MINCOA,2022,3114.3237
RE1,MINCOA,2023,3212.4117
RE1,MINCOA,2024,3310.4278
RE1,MINCOA,2025,3488.5226
RE1,MINCOA,2026,3593.4542
RE1,MINCOA,2027,2767.8712
RE1,IMPLFO,2015,5550.8602
RE1,IMPLFO,2016,5742.9384
RE1,IMPLFO,2017,5873.1206
RE1,IMPLFO,2018,6018.0952
RE1,IMPLFO,2019,6157.2479
RE1,IMPLFO,2020,6296.3538
RE1,IMPLFO,2021,6407.281
RE1,IMPLFO,2022,6518.1763
RE1,IMPLFO,2023,6629.0416
RE1,IMPLFO,2024,4812.3938
RE1,IMPLFO,2025,5155.3181
RE1,IMPLFO,2026,5247.4691
RE1,IMPLFO,2027,5339.6049
RE1,IMPLFO,2028,5294.9436
RE1,IMPLFO,2029,5140.4864
RE1,IMPLFO,2030,4977.8009
RE1,IMPLFO,2031,4793.8054
RE1,IMPLFO,2032,4602.9545
RE1,IMPLFO,2033,4405.2536
RE1,IMPLFO,2034,4200.7077
RE1,IMPLFO,2035,3989.3213
RE1,IMPLFO,2036,3766.8363
RE1,IMPLFO,2037,3538.133
RE1,IMPLFO,2038,3303.2134
RE1,IMPLFO,2039,3061.823
RE1,IMPLFO,2040,2814.2672
RE1,IMPLFO,2041,2559.265
RE1,IMPLFO,2042,2298.3872
RE1,IMPLFO,2043,2031.6353
RE1,IMPLFO,2044,1759.0105
RE1,IMPLFO,2045,1480.5143
RE1,IMPLFO,2046,1193.5769
RE1,IMPLFO,2047,902.0562
RE1,IMPLFO,2048,605.9528
RE1,IMPLFO,2049,305.2673
RE1,MINNGS,2015,794.6634
RE1,MINNGS,2016,796.9507
RE1,MINNGS,2017,806.5935
RE1,MINNGS,2018,839.6294
RE1,MINNGS,2039,41.5481
RE1,MINNGS,2040,75.3348
RE1,MINNGS,2041,71.9191
RE1,MINNGS,2042,63.9281
RE1,MINNGS,2043,55.9371
RE1,MINNGS,2044,31.964
RE1,MINSOL,2015,19.2273
RE1,MINSOL,2016,33.282
RE1,MINSOL,2017,36.6855
RE1,MINSOL,2018,40.2789
RE1,MINSOL,2019,40.5636
RE1,MINSOL,2020,40.5636
RE1,MINSOL,2021,41.6077
RE1,MINSOL,2022,41.6077
RE1,MINSOL,2023,41.6077
RE1,MINSOL,2024,41.6077
RE1,MINSOL,2025,1269.7838
RE1,MINSOL,2026,1402.6078
RE1,MINSOL,2027,1540.9929
RE1,MINSOL,2028,1787.9276
RE1,MINSOL,2029,2126.9876
RE1,MINSOL,2030,2589.6247
RE1,MINSOL,2031,2923.6795
RE1,MINSOL,2032,2923.6795
RE1,MINSOL,2033,3068.6955
RE1,MINSOL,2034,3120.1563
RE1,MINSOL,2035,3100.976
RE1,MINSOL,2036,3086.9213
RE1,MINSOL,2037,3083.5178
RE1,MINSOL,2038,3183.8269
RE1,MINSOL,2039,3688.6463
RE1,MINSOL,2040,4191.086
RE1,MINSOL,2041,4626.15
RE1,MINSOL,2042,5004.8664
RE1,MINSOL,2043,5459.5553
RE1,MINSOL,2044,5493.0863
RE1,MINSOL,2045,5497.0677
RE1,MINSOL,2046,5441.0798
RE1,MINSOL,2047,5201.275
RE1,MINSOL,2048,5036.2774
RE1,MINSOL,2049,5564.4112
RE1,MINSOL,2050,6117.7709
RE1,MINSOL,2051,6332.4935
RE1,MINSOL,2052,6489.5106
RE1,MINSOL,2053,6641.7473
RE1,MINSOL,2054,6795.0704
RE1,MINSOL,2055,7389.9222
RE1,MINSOL,2056,7455.7877
RE1,MINSOL,2057,7486.0683
RE1,MINSOL,2058,7486.0683
RE1,MINSOL,2059,7486.0683
RE1,MINSOL,2060,7350.1265
RE1,MINSOL,2061,7515.5656
RE1,MINSOL,2062,8006.8357
RE1,MINSOL,2063,8363.124
RE1,MINSOL,2064,8597.5182
RE1,MINSOL,2065,8887.6904
RE1,MINSOL,2066,9194.9192
RE1,MINSOL,2067,9300.0272
RE1,MINSOL,2068,9396.6471
RE1,MINSOL,2069,9452.6944
RE1,MINSOL,2070,1399.8057
RE1,MINWND,2015,1.5132
RE1,MINWND,2016,3.2785
RE1,MINWND,2017,4.061
RE1,MINWND,2018,7.1325
RE1,MINWND,2019,9.745
RE1,MINWND,2020,9.745
RE1,MINWND,2021,9.9907
RE1,MINWND,2022,9.9907
RE1,MINWND,2023,9.9907
RE1,MINWND,2024,9.9907
RE1,MINWND,2025,9.9907
RE1,MINWND,2026,9.9907
RE1,MINWND,2027,9.9907
RE1,MINWND,2028,9.9907
RE1,MINWND,2029,9.9907
RE1,MINWND,2030,9.9907
RE1,MINWND,2031,9.9907
RE1,MINWND,2032,21.5929
RE1,MINWND,2033,153.2236
RE1,MINWND,2034,287.3543
RE1,MINWND,2035,424.8232
RE1,MINWND,2036,557.5127
RE1,MINWND,2037,706.665
RE1,MINWND,2038,820.8608
RE1,MINWND,2039,910.2586
RE1,MINWND,2040,1006.4265
RE1,MINWND,2041,1127.1679
RE1,MINWND,2042,1270.5831
RE1,MINWND,2043,1397.6539
RE1,MINWND,2044,1658.6057
RE1,MINWND,2045,1948.263
RE1,MINWND,2046,2163.1839
RE1,MINWND,2047,2399.1628
RE1,MINWND,2048,2634.1186
RE1,MINWND,2049,2634.1186
RE1,MINWND,2050,2631.532
RE1,MINWND,2051,2631.532
RE1,MINWND,2052,2631.532
RE1,MINWND,2053,2631.532
RE1,MINWND,2054,2631.532
RE1,MINWND,2055,2631.532
RE1,MINWND,2056,2631.532
RE1,MINWND,2057,2631.532
RE1,MINWND,2058,2631.532
RE1,MINWND,2059,2631.532
RE1,MINWND,2060,2631.532
RE1,MINWND,2061,2631.532
RE1,MINWND,2062,2619.9299
RE1,MINWND,2063,2488.2992
RE1,MINWND,2064,2435.4881
RE1,MINWND,2065,2434.2583
RE1,MINWND,2066,2433.8278
RE1,MINWND,2067,2435.3456
RE1,MINWND,2068,2443.9916
RE1,MINWND,2069,2456.346
RE1,MINWND,2070,5985.3032
RE1,MINGEO,2025,1.4486
RE1,MINGEO,2026,1.4486
RE1,MINGEO,2027,1.4486
RE1,MINGEO,2028,1.4486
RE1,MINGEO,2029,1.4486
RE1,MINGEO,2030,1.4486
RE1,MINGEO,2031,1.4486
RE1,MINGEO,2032,1.4486
RE1,MINGEO,2033,1.4486
RE1,MINGEO,2034,1.4486
RE1,MINGEO,2035,1.4486
RE1,MINGEO,2036,1.4486
RE1,MINGEO,2037,1.4486
RE1,MINGEO,2038,1.4486
RE1,MINGEO,2039,1.4486
RE1,MINGEO,2040,1.4486
RE1,MINGEO,2041,1.4486
RE1,MINGEO,2042,1.4486
RE1,MINGEO,2043,1.4486
RE1,MINGEO,2044,1.4486
RE1,MINGEO,2045,1.4486
RE1,MINGEO,2046,1.4486
RE1,MINGEO,2047,1.4486
RE1,MINGEO,2048,1.4486
RE1,MINGEO,2049,1.4486
RE1,MINGEO,2050,1.4486
RE1,MINGEO,2051,1.4486
RE1,MINGEO,2052,1.4486
RE1,MINGEO,2053,1.4486
RE1,MINGEO,2054,1.4486
RE1,MINGEO,2055,1.4486
RE1,MINGEO,2056,1.4486
RE1,MINGEO,2057,1.4486
RE1,MINGEO,2058,1.4486
RE1,MINGEO,2059,1.4486
RE1,MINGEO,2060,1.4486
RE1,MINGEO,2061,1.4486
RE1,MINGEO,2062,1.4486
RE1,MINGEO,2063,1.4486
RE1,MINGEO,2064,1.4486
RE1,MINGEO,2065,1.4486
RE1,MINGEO,2066,1.4486
RE1,MINGEO,2067,1.4486
RE1,MINGEO,2068,1.4486
RE1,MINGEO,2069,1.4486
RE1,MINHYD,2015,51.7481
RE1,MINHYD,2016,51.7481
RE1,MINHYD,2017,51.7481
RE1,MINHYD,2018,51.7481
RE1,MINHYD,2019,51.7481
RE1,MINHYD,2020,51.7481
RE1,MINHYD,2021,51.7481
RE1,MINHYD,2022,51.7481
RE1,MINHYD,2023,51.7481
RE1,MINHYD,2024,51.7481
RE1,MINHYD,2025,51.7481
RE1,MINHYD,2026,51.7481
RE1,MINHYD,2027,51.7481
RE1,MINHYD,2028,51.7481
RE1,MINHYD,2029,51.7481
RE1,MINHYD,2030,62.0649
RE1,MINHYD,2031,62.0649
RE1,MINHYD,2032,71.6301
RE1,MINHYD,2033,71.6301
RE1,MINHYD,2034,71.6301
RE1,MINHYD,2035,71.6301
RE1,MINHYD,2036,71.6301
RE1,MINHYD,2037,71.6301
RE1,MINHYD,2038,71.6301
RE1,MINHYD,2039,71.6301
RE1,MINHYD,2040,71.6301
RE1,MINHYD,2041,71.6301
RE1,MINHYD,2042,71.6301
RE1,MINHYD,2043,71.6301
RE1,MINHYD,2044,71.6301
RE1,MINHYD,2045,71.6301
RE1,MINHYD,2046,71.6301
RE1,MINHYD,2047,71.6301
RE1,MINHYD,2048,71.6301
RE1,MINHYD,2049,71.6301
RE1,MINHYD,2050,71.6301
RE1,MINHYD,2051,19.8821
RE1,MINHYD,2052,19.8821
RE1,MINHYD,2053,19.8821
RE1,MINHYD,2054,19.8821
RE1,MINHYD,2055,19.8821
RE1,MINHYD,2056,19.8821
RE1,MINHYD,2057,19.8821
RE1,MINHYD,2058,19.8821
RE1,MINHYD,2059,19.8821
RE1,MINHYD,2060,19.8821
RE1,MINHYD,2061,19.8821
RE1,MINHYD,2062,19.8821
RE1,MINHYD,2063,19.8821
RE1,MINHYD,2064,71.6301
RE1,MINHYD,2065,71.6301
RE1,MINHYD,2066,71.6301
RE1,MINHYD,2067,71.6301
RE1,MINHYD,2068,71.6301
RE1,MINHYD,2069,71.6301
RE1,MINHYD,2070,22.5956
RE1,PWRBIO001,2032,1.3492
RE1,PWRCOA001,2019,21.0871
RE1,PWRCOA001,2020,1.2516
RE1,PWRCOA001,2021,0.8806
RE1,PWRCOA001,2022,1.1065
RE1,PWRCOA001,2023,1.1058
RE1,PWRCOA001,2024,1.1051
RE1,PWRCOA001,2025,4.5278
RE1,PWRCOA001,2026,1.1783
RE1,PWRCOA001,2027,1.1775
RE1,PWRCOA001,2028,3.1044
RE1,PWRCOA001,2032,1.1966
RE1,PWRGEO,2025,0.0066
RE1,PWRSOL001,2025,90.575
RE1,PWRSOL001,2026,9.7954
RE1,PWRSOL001,2027,10.2056
RE1,PWRSOL001,2028,18.2108
RE1,PWRSOL001,2029,25.0048
RE1,PWRSOL001,2030,34.1183
RE1,PWRSOL001,2031,24.6357
RE1,PWRSOL001,2033,10.6946
RE1,PWRSOL001,2034,3.7951
RE1,PWRSOL001,2038,7.6625
RE1,PWRSOL001,2039,37.2502
RE1,PWRSOL001,2040,37.0537
RE1,PWRSOL001,2041,32.1619
RE1,PWRSOL001,2042,27.9294
RE1,PWRSOL001,2043,33.5322
RE1,PWRSOL001,2044,2.4763
RE1,PWRSOL001,2045,0.2936
RE1,PWRSOL001,2049,4.9664
RE1,PWRSOL001,2050,40.8089
RE1,PWRSOL001,2051,15.8353
RE1,PWRSOL001,2052,11.5796
RE1,PWRSOL001,2053,11.2271
RE1,PWRSOL001,2054,11.3072
RE1,PWRSOL001,2055,134.4438
RE1,PWRSOL001,2056,14.6529
RE1,PWRSOL001,2057,16.15
RE1,PWRSOL001,2058,25.0808
RE1,PWRSOL001,2059,31.9281
RE1,PWRSOL001,2060,6.5885
RE1,PWRSOL001,2061,36.8364
RE1,PWRSOL001,2062,36.23
RE1,PWRSOL001,2063,36.97
RE1,PWRSOL001,2064,21.0811
RE1,PWRSOL001,2065,21.3995
RE1,PWRSOL001,2066,22.6574
RE1,PWRSOL001,2067,7.7515
RE1,PWRSOL001,2068,14.788
RE1,PWRSOL001,2069,41.3835
RE1,PWRHYD001,2030,0.7255
RE1,PWRHYD001,2064,3.639
RE1,PWRHYD002,2030,0.0295
RE1,PWRHYD002,2064,0.148
RE1,PWRHYD003,2032,0.63
RE1,PWRWND001,2032,1.7942
RE1,PWRWND001,2033,20.3558
RE1,PWRWND001,2034,20.7424
RE1,PWRWND001,2035,21.2586
RE1,PWRWND001,2036,20.7926
RE1,PWRWND001,2037,23.0654
RE1,PWRWND001,2038,17.6596
RE1,PWRWND001,2039,13.8248
RE1,PWRWND001,2040,14.8717
RE1,PWRWND001,2041,18.6719
RE1,PWRWND001,2042,22.1782
RE1,PWRWND001,2043,19.6506
RE1,PWRWND001,2044,40.3545
RE1,PWRWND001,2045,44.7936
RE1,PWRWND002,2046,35.886
RE1,PWRWND002,2047,40.2281
RE1,PWRWND002,2048,39.3468
RE1,PWRWND002,2064,13.5782
RE1,PWRWND002,2065,22.7482
RE1,PWRWND002,2066,22.3784
RE1,PWRWND002,2067,25.1578
RE1,PWRWND002,2068,20.5113
RE1,PWRWND002,2069,16.9899
RE1,PWRSOL001S,2031,2.186
RE1,PWRSOL001S,2032,21.4246
RE1,PWRSOL001S,2033,3.087
RE1,PWRSOL001S,2034,10.2151
RE1,PWRSOL001S,2035,14.6758
RE1,PWRSOL001S,2036,17.8658
RE1,PWRSOL001S,2037,12.9225
RE1,PWRSOL001S,2038,15.8137
RE1,PWRSOL001S,2049,20.75
RE1,PWRSOL001S,2066,2.163
RE1,PWRSOL001S,2067,9.3192
RE1,PWRSOL001S,2068,12.9159
RE1,PWRTRNIMP,2015,3.135
RE1,PWRTRNIMP,2016,3.7339
RE1,PWRTRNIMP,2017,4.3449
RE1,PWRTRNIMP,2018,4.6598
RE1,PWRTRNIMP,2019,4.7646
RE1,PWRTRNIMP,2020,4.8461
RE1,PWRTRNIMP,2021,4.8953
RE1,PWRTRNIMP,2022,4.9576
RE1,PWRTRNIMP,2023,5.0199
RE1,PWRTRNIMP,2024,5.0822
RE1,PWRTRNIMP,2025,7.1746
RE1,PWRTRNIMP,2026,7.1949
RE1,PWRTRNIMP,2027,7.2152
RE1,PWRTRNIMP,2028,7.2567
RE1,PWRTRNIMP,2029,6.1232
RE1,PWRTRNIMP,2030,6.1232
RE1,PWRTRNIMP,2031,7.3481
RE1,PWRTRNIMP,2032,8.6346
RE1,PWRTRNIMP,2033,8.5916
RE1,PWRTRNIMP,2034,9.1071
RE1,PWRTRNIMP,2035,10.3419
RE1,PWRTRNIMP,2036,11.5576
RE1,PWRTRNIMP,2037,12.9254
RE1,PWRTRNIMP,2038,13.9702
RE1,PWRTRNIMP,2039,14.7861
RE1,PWRTRNIMP,2040,15.6645
RE1,PWRTRNIMP,2041,16.7701
RE1,PWRTRNIMP,2042,18.0851
RE1,PWRTRNIMP,2043,19.2491
RE1,PWRTRNIMP,2044,21.3845
RE1,PWRTRNIMP,2045,22.9061
RE1,PWRTRNIMP,2046,22.897
RE1,PWRTRNIMP,2047,22.8638
RE1,PWRTRNIMP,2048,22.8514
RE1,PWRTRNIMP,2049,7.3479
RE1,PWRTRNIMP,2050,9.1076
RE1,PWRTRNIMP,2051,11.5722
RE1,PWRTRNIMP,2052,12.8767
RE1,PWRTRNIMP,2053,14.1065
RE1,PWRTRNIMP,2054,15.3444
RE1,PWRTRNIMP,2055,22.8184
RE1,PWRTRNIMP,2056,22.8051
RE1,PWRTRNIMP,2057,22.7916
RE1,PWRTRNIMP,2058,22.778
RE1,PWRTRNIMP,2059,22.7642
RE1,PWRTRNIMP,2060,17.458
RE1,PWRTRNIMP,2061,18.3262
RE1,PWRTRNIMP,2062,19.4145
RE1,PWRTRNIMP,2063,21.8488
RE1,PWRTRNIMP,2064,21.1039
RE1,PWRTRNIMP,2065,20.0143
RE1,PWRTRNIMP,2066,18.9481
RE1,PWRTRNIMP,2067,17.6262
RE1,PWRTRNIMP,2068,16.5631
RE1,PWRTRNIMP,2069,15.7289
RE1,PWRTRNIMP,2070,3.0616
RE1,PWRTRN,2025,6.9799
RE1,PWRTRN,2026,2.0819
RE1,PWRTRN,2027,2.2501
RE1,PWRTRN,2028,3.4449
RE1,PWRTRN,2029,9.7322
RE1,PWRTRN,2030,14.8043
RE1,PWRTRN,2031,11.599
RE1,PWRTRN,2032,9.5969
RE1,PWRTRN,2033,9.2533
RE1,PWRTRN,2034,9.4147
RE1,PWRTRN,2035,9.1744
RE1,PWRTRN,2036,10.5978
RE1,PWRTRN,2037,9.2117
RE1,PWRTRN,2038,12.8949
RE1,PWRTRN,2039,18.3364
RE1,PWRTRN,2040,18.4299
RE1,PWRTRN,2041,16.896
RE1,PWRTRN,2042,15.6663
RE1,PWRTRN,2043,17.6803
RE1,PWRTRN,2044,7.5986
RE1,PWRTRN,2045,7.3744
RE1,PWRTRN,2046,5.064
RE1,PWRTRN,2049,27.9688
RE1,PWRTRN,2050,17.5829
RE1,PWRTRN,2051,49.4775
RE1,PWRTRN,2052,5.0076
RE1,PWRTRN,2053,4.8551
RE1,PWRTRN,2054,4.8898
RE1,PWRTRN,2055,18.9709
RE1,PWRTRN,2056,2.1006
RE1,PWRTRN,2057,0.9611
RE1,PWRTRN,2062,6.1122
RE1,PWRTRN,2063,6.7342
RE1,PWRTRN,2064,2.5455
RE1,PWRTRN,2065,3.813
RE1,PWRTRN,2066,3.9176
RE1,PWRTRN,2067,2.8671
RE1,PWRTRN,2068,2.8886
RE1,PWRTRN,2069,2.7957
RE1,PWRDIST,2025,4.1026
RE1,PWRDIST,2026,1.9778
RE1,PWRDIST,2027,2.1376
RE1,PWRDIST,2028,3.266
RE1,PWRDIST,2029,9.2003
RE1,PWRDIST,2030,13.9935
RE1,PWRDIST,2031,10.9764
RE1,PWRDIST,2032,9.0927
RE1,PWRDIST,2033,8.774
RE1,PWRDIST,2034,8.9323
RE1,PWRDIST,2035,8.7109
RE1,PWRDIST,2036,10.0626
RE1,PWRDIST,2037,8.7579
RE1,PWRDIST,2038,12.249
RE1,PWRDIST,2039,17.4079
RE1,PWRDIST,2040,17.5078
RE1,PWRDIST,2041,16.0662
RE1,PWRDIST,2042,14.9115
RE1,PWRDIST,2043,16.83
RE1,PWRDIST,2044,7.282
RE1,PWRDIST,2045,7.0741
RE1,PWRDIST,2046,4.8866
RE1,PWRDIST,2049,26.8124
RE1,PWRDIST,2050,16.796
RE1,PWRDIST,2051,49.1476
RE1,PWRDIST,2052,4.7572
RE1,PWRDIST,2053,4.6124
RE1,PWRDIST,2054,4.6453
RE1,PWRDIST,2055,18.0224
RE1,PWRDIST,2056,1.9955
RE1,PWRDIST,2057,0.913
RE1,PWRDIST,2062,5.8066
RE1,PWRDIST,2063,6.3975
RE1,PWRDIST,2064,2.4183
RE1,PWRDIST,2065,3.6223
RE1,PWRDIST,2066,3.7217
RE1,PWRDIST,2067,2.7237
RE1,PWRDIST,2068,2.7442
RE1,PWRDIST,2069,2.6559
RE1,PWRHYD004,2032,0.07
RE1,PWRTRNEXP,2015,0.277
RE1,PWRTRNEXP,2016,0.1731
RE1,PWRTRNEXP,2017,0.1385
RE1,PWRTRNEXP,2018,0.1385
RE1,PWRTRNEXP,2019,0.1385
RE1,PWRTRNEXP,2020,0.1385
RE1,PWRTRNEXP,2021,0.1385
RE1,PWRTRNEXP,2022,0.1385
RE1,PWRTRNEXP,2023,0.1385
RE1,PWRTRNEXP,2024,0.1385
RE1,PWRTRNEXP,2025,0.2424
RE1,PWRTRNEXP,2026,0.2424
RE1,PWRTRNEXP,2027,0.2424
RE1,PWRTRNEXP,2028,0.2424
RE1,PWRTRNEXP,2029,0.9695
RE1,PWRTRNEXP,2030,0.9695
RE1,PWRTRNEXP,2031,0.9695
RE1,PWRTRNEXP,2032,0.9695
RE1,PWRTRNEXP,2033,0.9695
RE1,PWRTRNEXP,2034,0.9695
RE1,PWRTRNEXP,2035,0.9695
RE1,PWRTRNEXP,2036,0.9695
RE1,PWRTRNEXP,2037,0.9695
RE1,PWRTRNEXP,2038,0.9695
RE1,PWRTRNEXP,2039,0.9695
RE1,PWRTRNEXP,2040,0.9695
RE1,PWRTRNEXP,2041,0.9695
RE1,PWRTRNEXP,2042,0.9695
RE1,PWRTRNEXP,2043,0.9695
RE1,PWRTRNEXP,2044,0.9695
RE1,PWRTRNEXP,2045,0.9695
RE1,PWRTRNEXP,2046,0.9695
RE1,PWRTRNEXP,2047,0.9695
RE1,PWRTRNEXP,2048,0.9695
RE1,PWRTRNEXP,2049,0.9695
RE1,PWRTRNEXP,2050,0.9695
RE1,PWRTRNEXP,2051,0.9695
RE1,PWRTRNEXP,2052,0.9695
RE1,PWRTRNEXP,2053,0.9695
RE1,PWRTRNEXP,2054,0.9695
RE1,PWRTRNEXP,2055,0.9695
RE1,PWRTRNEXP,2056,0.9695
RE1,PWRTRNEXP,2057,0.9695
RE1,PWRTRNEXP,2058,0.9695
RE1,PWRTRNEXP,2059,0.9695
RE1,PWRTRNEXP,2060,0.9695
RE1,PWRTRNEXP,2061,0.9695
RE1,PWRTRNEXP,2062,0.9695
RE1,PWRTRNEXP,2063,0.9695
RE1,PWRTRNEXP,2064,0.9695
RE1,PWRTRNEXP,2065,0.9695
RE1,PWRTRNEXP,2066,0.9695
RE1,PWRTRNEXP,2067,0.9695
RE1,PWRTRNEXP,2068,0.9695
RE1,PWRTRNEXP,2069,0.9695
RE1,PWRTRNEXP,2070,0.1212
RE1,DEMTRAEVC,2025,10.055
RE1,DEMTRAEVC,2026,0.1797
RE1,DEMTRAEVC,2027,0.1797
RE1,DEMTRAEVC,2028,1.3902
RE1,DEMTRAEVC,2029,5.5904
RE1,DEMTRAEVC,2030,5.1278
RE1,DEMTRAEVC,2031,7.544
RE1,DEMTRAEVC,2032,2.6934
RE1,DEMTRAEVC,2033,2.6444
RE1,DEMTRAEVC,2034,2.501
RE1,DEMTRAEVC,2035,3.2524
RE1,DEMTRAEVC,2036,2.8539
RE1,DEMTRAEVC,2037,2.3812
RE1,DEMTRAEVC,2038,2.4251
RE1,DEMTRAEVC,2039,2.4708
RE1,DEMTRAEVC,2040,2.2221
RE1,DEMTRAEVC,2041,2.8224
RE1,DEMTRAEVC,2042,2.5717
RE1,DEMTRAEVC,2043,2.6132
RE1,DEMTRAEVC,2044,2.6547
RE1,DEMTRAEVC,2045,1.0698
RE1,DEMTRAEVC,2046,3.8742
RE1,DEMTRAEVC,2047,2.7642
RE1,DEMTRAEVC,2048,2.5607
RE1,DEMTRAEVC,2049,8.6018
RE1,DEMTRAEVC,2050,12.4944
RE1,DEMTRAEVC,2051,4.6938
RE1,DEMTRAEVC,2052,4.2133
RE1,DEMTRAEVC,2053,6.8804
RE1,DEMTRAEVC,2054,1.5107
RE1,DEMTRAEVC,2056,2.3967
RE1,DEMTRAEVC,2057,0.8931
RE1,DEMTRAEVC,2058,0.9
RE1,DEMTRAEVC,2059,0.907
RE1,DEMTRAEVC,2062,2.4732
RE1,DEMTRAEVC,2063,1.2052
RE1,DEMTRAEVC,2064,0.9275
RE1,DEMTRAEVC,2065,0.9347
RE1,DEMTRAEVC,2066,0.9419
RE1,DEMTRAEVC,2067,0.9492
RE1,DEMTRAEVC,2068,0.9566
RE1,DEMTRAEVC,2069,0.964
RE1,DEMTRAMCYELC,2025,9.0585
RE1,DEMTRAMCYELC,2026,0.1619
RE1,DEMTRAMCYELC,2027,0.1619
RE1,DEMTRAMCYELC,2028,0.1619
RE1,DEMTRAMCYELC,2029,3.0706
RE1,DEMTRAMCYELC,2030,2.5883
RE1,DEMTRAMCYELC,2031,4.7218
RE1,DEMTRAMCYELC,2032,0.2974
RE1,DEMTRAMCYELC,2033,0.1989
RE1,DEMTRAMCYELC,2034,0.0152
RE1,DEMTRAMCYELC,2035,0.6378
RE1,DEMTRAMCYELC,2036,0.2439
RE1,DEMTRAMCYELC,2037,0.2439
RE1,DEMTRAMCYELC,2038,0.2438
RE1,DEMTRAMCYELC,2039,0.2438
RE1,DEMTRAMCYELC,2040,9.039
RE1,DEMTRAMCYELC,2041,0.6572
RE1,DEMTRAMCYELC,2042,0.3938
RE1,DEMTRAMCYELC,2043,0.3938
RE1,DEMTRAMCYELC,2044,3.3025
RE1,DEMTRAMCYELC,2045,1.3548
RE1,DEMTRAMCYELC,2046,6.0528
RE1,DEMTRAMCYELC,2047,0.5992
RE1,DEMTRAMCYELC,2048,0.4815
RE1,DEMTRAMCYELC,2049,0.2902
RE1,DEMTRAMCYELC,2052,0.5894
RE1,DEMTRAMCYELC,2053,0.6756
RE1,DEMTRAMCYELC,2054,0.6675
RE1,DEMTRAMCYELC,2055,8.842
RE1,DEMTRAMCYELC,2056,1.7767
RE1,DEMTRAMCYELC,2057,0.6622
RE1,DEMTRAMCYELC,2058,0.5413
RE1,DEMTRAMCYELC,2059,3.5128
RE1,DEMTRAMCYELC,2060,1.5888
RE1,DEMTRAMCYELC,2061,5.6399
RE1,DEMTRAMCYELC,2062,1.1579
RE1,DEMTRAMCYELC,2063,0.9415
RE1,DEMTRAMCYELC,2064,0.4952
RE1,DEMTRAMCYELC,2065,0.2066
RE1,DEMTRAMCYELC,2066,0.2082
RE1,DEMTRAMCYELC,2067,0.7993
RE1,DEMTRAMCYELC,2068,0.8871
RE1,DEMTRAMCYELC,2069,0.8806
RE1,DEMTRAMCYELC,2070,6.7694
RE1,DEMTRACARELC,2037,1.9014
RE1,DEMTRACARELC,2038,1.9409
RE1,DEMTRACARELC,2039,1.9822
RE1,DEMTRACARELC,2040,2.0214
RE1,DEMTRACARELC,2041,2.0475
RE1,DEMTRACARELC,2042,2.0849
RE1,DEMTRACARELC,2043,2.1223
RE1,DEMTRACARELC,2044,2.1598
RE1,DEMTRACARELC,2045,2.1972
RE1,DEMTRACARELC,2046,2.1592
RE1,DEMTRACARELC,2047,2.1885
RE1,DEMTRACARELC,2048,2.9911
RE1,DEMTRACARELC,2049,0.2765
RE1,DEMTRACARELC,2050,17.7422
RE1,DEMTRACARELC,2051,1.6721
RE1,DEMTRACARELC,2052,2.0894
RE1,DEMTRACARELC,2053,5.5925
RE1,DEMTRACARELC,2054,0.7616
RE1,DEMTRACARELC,2055,0.02
RE1,DEMTRACARELC,2056,0.8613
RE1,DEMTRACARELC,2057,2.2579
RE1,DEMTRACARELC,2058,2.4231
RE1,DEMTRACARELC,2059,2.4064
RE1,DEMTRACARELC,2060,1.6035
RE1,DEMTRACARELC,2061,2.2751
RE1,DEMTRACARELC,2062,3.5676
RE1,DEMTRACARELC,2063,2.5598
RE1,DEMTRACARELC,2064,2.6006
RE1,DEMTRACARELC,2065,2.6415
RE1,DEMTRACARELC,2066,2.607
RE1,DEMTRACARELC,2067,2.6396
RE1,DEMTRACARELC,2068,3.4458
RE1,DEMTRACARELC,2069,0.7347
RE1,DEMTRABUSELC,2028,1.0906
RE1,DEMTRABUSELC,2029,1.9658
RE1,DEMTRABUSELC,2030,2.0314
RE1,DEMTRABUSELC,2031,2.0746
RE1,DEMTRABUSELC,2032,2.1291
RE1,DEMTRABUSELC,2033,2.1835
RE1,DEMTRABUSELC,2034,2.238
RE1,DEMTRABUSELC,2035,2.2923
RE1,DEMTRABUSELC,2036,2.3272
RE1,DEMTRABUSELC,2048,0.1238
RE1,DEMTRABUSELC,2049,9.1638
RE1,DEMTRABUSELC,2051,2.2462
RE1,DEMTRABUSELC,2052,2.302
RE1,DEMTRABUSELC,2053,2.3578
RE1,DEMTRABUSELC,2054,2.4136
RE1,DEMTRABUSELC,2055,2.4693
RE1,DEMTRABUSELC,2056,2.5055
RE1,DEMTRABUSELC,2057,0.1797
RE1,DEMTRABUSELC,2058,0.1811
RE1,DEMTRABUSELC,2059,0.1825
RE1,DEMTRABUSELC,2060,0.1839
RE1,DEMTRABUSELC,2061,0.1853
RE1,DEMTRABUSELC,2062,0.1868
RE1,DEMTRABUSELC,2063,0.1882
RE1,DEMTRABUSELC,2064,0.1897
RE1,DEMTRABUSELC,2065,0.1911
RE1,DEMTRABUSELC,2066,0.1926
RE1,DEMTRABUSELC,2067,0.1941
RE1,DEMTRABUSELC,2068,0.3194
RE1,DEMTRABUSELC,2069,9.3609
RE1,DEMTRABUSELC,2070,0.1987
RE1,DEMTRAMCYGSL,2015,7.3231
RE1,DEMTRAMCYGSL,2016,0.2807
RE1,DEMTRAMCYGSL,2017,0.1748
RE1,DEMTRAMCYGSL,2018,0.1885
RE1,DEMTRAMCYGSL,2019,0.1822
RE1,DEMTRAMCYGSL,2020,0.1821
RE1,DEMTRAMCYGSL,2021,0.1455
RE1,DEMTRAMCYGSL,2022,0.1455
RE1,DEMTRAMCYGSL,2023,0.1454
RE1,DEMTRAMCYGSL,2024,0.1454
RE1,DEMTRACARGSL,2015,15.9623
RE1,DEMTRACARGSL,2016,0.3859
RE1,DEMTRACARGSL,2017,1.6392
RE1,DEMTRACARGSL,2018,1.6788
RE1,DEMTRACARGSL,2019,1.7201
RE1,DEMTRACARGSL,2020,1.7594
RE1,DEMTRACARGSL,2021,1.7981
RE1,DEMTRACARGSL,2022,1.8356
RE1,DEMTRACARGSL,2023,1.873
RE1,DEMTRACARGSL,2024,1.9105
RE1,DEMTRACARGSL,2025,1.9479
RE1,DEMTRACARGSL,2026,1.9644
RE1,DEMTRACARGSL,2027,1.9936
RE1,DEMTRACARGSL,2028,2.7962
RE1,DEMTRABUSGSL,2015,15.1406
RE1,DEMTRABUSGSL,2016,0.6992
RE1,DEMTRABUSGSL,2019,0.3728
RE1,DEMTRABUSGSL,2020,0.6368
RE1,DEMTRABUSGSL,2021,0.5079
RE1,DEMTRABUSGSL,2029,2.3974
RE1,DEMTRABUSGSL,2030,2.4339
RE1,DEMINDELC,2015,11.2574
RE1,DEMINDELC,2016,0.651
RE1,DEMINDELC,2017,0.5579
RE1,DEMINDELC,2018,0.5579
RE1,DEMINDELC,2019,0.5579
RE1,DEMINDELC,2020,0.5579
RE1,DEMINDELC,2021,0.4282
RE1,DEMINDELC,2022,0.4282
RE1,DEMINDELC,2023,0.4282
RE1,DEMINDELC,2024,0.4282
RE1,DEMINDELC,2031,0.2033
RE1,DEMINDELC,2032,0.2955
RE1,DEMINDELC,2033,0.4647
RE1,DEMINDELC,2034,0.4647
RE1,DEMINDELC,2035,0.2244
RE1,DEMINDELC,2036,0.0331
RE1,DEMINDELC,2037,0.0331
RE1,DEMINDELC,2038,0.0331
RE1,DEMINDELC,2039,0.0331
RE1,DEMINDELC,2040,0.0331
RE1,DEMINDELC,2041,0.2358
RE1,DEMINDELC,2042,0.328
RE1,DEMINDELC,2043,0.4971
RE1,DEMINDELC,2044,0.4971
RE1,DEMINDELC,2045,0.0316
RE1,DEMINDELC,2046,0.2809
RE1,DEMINDELC,2047,0.0557
RE1,DEMINDELC,2050,1.7358
RE1,DEMINDELC,2051,1.4081
RE1,DEMINDELC,2052,1.6775
RE1,DEMINDELC,2053,1.6809
RE1,DEMINDELC,2054,1.6843
RE1,DEMINDELC,2055,16.0857
RE1,DEMINDELC,2065,2.4724
RE1,DEMINDELC,2066,0.0276
RE1,DEMINDELC,2067,0.0279
RE1,DEMINDELC,2068,0.0282
RE1,DEMINDELC,2069,0.0285
RE1,DEMINDELC,2070,14.5252
RE1,INDENEFFDP,2025,11.4047
RE1,INDENEFFDP,2026,0.3241
RE1,INDENEFFDP,2027,0.3241
RE1,INDENEFFDP,2028,0.258
RE1,INDENEFFDP,2030,0.8797
RE1,INDENEFFDP,2031,0.3752
RE1,INDENEFFDP,2032,0.5089
RE1,INDENEFFDP,2033,0.3788
RE1,INDENEFFDP,2034,0.3788
RE1,INDENEFFDP,2035,11.639
RE1,INDENEFFDP,2036,0.6262
RE1,INDENEFFDP,2037,0.6262
RE1,INDENEFFDP,2038,0.5601
RE1,INDENEFFDP,2039,0.3021
RE1,INDENEFFDP,2040,1.1818
RE1,INDENEFFDP,2041,0.671
RE1,INDENEFFDP,2042,0.8047
RE1,INDENEFFDP,2043,0.6746
RE1,INDENEFFDP,2044,0.6746
RE1,INDENEFFDP,2045,12.1079
RE1,INDENEFFDP,2046,0.6589
RE1,INDENEFFDP,2047,0.8321
RE1,INDENEFFDP,2048,0.9451
RE1,INDENEFFDP,2049,0.51
RE1,INDENEFFDP,2056,1.119
RE1,INDENEFFDP,2057,3.7994
RE1,INDENEFFDP,2058,3.8274
RE1,INDENEFFDP,2060,10.8882
RE1,INDENEFFDP,2063,1.4669
RE1,INDENEFFDP,2064,1.1912
RE1,INDENEFFDP,2065,0.2487
RE1,INDENEFFDP,2066,1.3705
RE1,INDENEFFDP,2067,4.0537
RE1,INDENEFFDP,2068,4.0845
RE1,INDENEFFDP,2069,0.2599
RE1,DEMINDHEEH,2033,0.378
RE1,DEMINDHEEH,2034,0.5712
RE1,DEMINDHEEH,2035,0.8864
RE1,DEMINDHEEH,2036,2.3206
RE1,DEMINDHEEH,2037,2.5891
RE1,DEMINDHEEH,2038,6.3654
RE1,DEMINDHEEH,2039,11.6081
RE1,DEMINDHEEH,2040,12.0644
RE1,DEMINDHEEH,2041,9.699
RE1,DEMINDHEEH,2042,8.8717
RE1,DEMINDHEEH,2043,10.7314
RE1,DEMINDHEEH,2044,0.0098
RE1,DEMINDHEEH,2049,1.2946
RE1,DEMINDHEEH,2054,12.7162
RE1,DEMINDHEEH,2055,22.6872
RE1,DEMINDHEEH,2056,8.1188
RE1,DEMINDHEEH,2057,9.3911
RE1,DEMINDHEEH,2058,11.2547
RE1,DEMINDHEEH,2059,0.5372
RE1,DEMINDHEEH,2063,4.8811
RE1,DEMINDHEEH,2064,3.2793
RE1,DEMINDHEEH,2065,1.9156
RE1,DEMINDHEEH,2066,1.9927
RE1,DEMINDHEEH,2067,0.9366
RE1,DEMINDHEEH,2068,0.8116
RE1,DEMINDHEEH,2069,13.3124
RE1,DEMINDHEEL,2030,8.5063
RE1,DEMINDHEEL,2031,0.489
RE1,DEMINDHEEL,2032,0.488
RE1,DEMINDHEEL,2033,0.8696
RE1,DEMINDHEEL,2034,1.3162
RE1,DEMINDHEEL,2035,2.3937
RE1,DEMINDHEEL,2036,3.441
RE1,DEMINDHEEL,2037,1.1063
RE1,DEMINDHEEL,2038,2.7679
RE1,DEMINDHEEL,2039,3.1839
RE1,DEMINDHEEL,2040,1.4413
RE1,DEMINDHEEL,2041,3.0594
RE1,DEMINDHEEL,2042,3.0236
RE1,DEMINDHEEL,2043,3.0065
RE1,DEMINDHEEL,2044,2.2756
RE1,DEMINDHEEL,2045,9.975
RE1,DEMINDHEEL,2046,0.5909
RE1,DEMINDHEEL,2047,2.456
RE1,DEMINDHEEL,2048,3.3378
RE1,DEMINDHEEL,2049,4.6039
RE1,DEMINDHEEL,2050,2.7324
RE1,DEMINDHEEL,2051,3.7877
RE1,DEMINDHEEL,2052,1.4557
RE1,DEMINDHEEL,2053,3.1199
RE1,DEMINDHEEL,2054,3.5386
RE1,DEMINDHEEL,2055,1.7987
RE1,DEMINDHEEL,2056,3.4195
RE1,DEMINDHEEL,2057,3.3864
RE1,DEMINDHEEL,2058,3.3721
RE1,DEMINDHEEL,2059,2.644
RE1,DEMINDHEEL,2060,7.4261
RE1,DEMINDHEEL,2061,3.3167
RE1,DEMINDHEEL,2062,3.4013
RE1,DEMINDHEEL,2063,3.7175
RE1,DEMINDHEEL,2064,4.9866
RE1,DEMINDHEEL,2065,3.1179
RE1,DEMINDHEEL,2066,4.1762
RE1,DEMINDHEEL,2067,1.8471
RE1,DEMINDHEEL,2068,3.5143
RE1,DEMINDHEEL,2069,3.936
RE1,DEMINDHEBIO,2015,17.0071
RE1,DEMINDHEBIO,2022,0.1604
RE1,DEMINDHEBIO,2023,0.2474
RE1,DEMINDHEBIO,2024,0.2471
RE1,DEMINDHEBIO,2025,0.2468
RE1,DEMINDHEBIO,2026,0.2724
RE1,DEMINDHEBIO,2027,0.2721
RE1,DEMINDHEBIO,2028,0.2718
RE1,DEMINDHEBIO,2029,0.2715
RE1,DEMINDHEBIO,2030,13.0251
RE1,DEMINDHEBIO,2045,3.3535
RE1,DEMRESELC,2015,5.6197
RE1,DEMRESELC,2016,0.325
RE1,DEMRESELC,2017,0.2785
RE1,DEMRESELC,2018,0.2785
RE1,DEMRESELC,2019,0.2785
RE1,DEMRESELC,2020,0.2785
RE1,DEMRESELC,2021,0.2138
RE1,DEMRESELC,2022,0.2138
RE1,DEMRESELC,2023,0.2138
RE1,DEMRESELC,2024,0.2138
RE1,DEMRESELC,2031,0.1015
RE1,DEMRESELC,2032,0.1475
RE1,DEMRESELC,2033,0.232
RE1,DEMRESELC,2034,0.232
RE1,DEMRESELC,2035,0.112
RE1,DEMRESELC,2036,0.0165
RE1,DEMRESELC,2037,0.0165
RE1,DEMRESELC,2038,0.0165
RE1,DEMRESELC,2039,0.0165
RE1,DEMRESELC,2040,0.0165
RE1,DEMRESELC,2041,0.1177
RE1,DEMRESELC,2042,0.1637
RE1,DEMRESELC,2043,0.2482
RE1,DEMRESELC,2044,0.2482
RE1,DEMRESELC,2045,0.0158
RE1,DEMRESELC,2046,0.1402
RE1,DEMRESELC,2047,0.0278
RE1,DEMRESELC,2050,0.8665
RE1,DEMRESELC,2051,0.703
RE1,DEMRESELC,2052,0.8374
RE1,DEMRESELC,2053,0.8391
RE1,DEMRESELC,2054,0.8408
RE1,DEMRESELC,2055,3.7157
RE1,DEMRESELC,2065,1.2342
RE1,DEMRESELC,2066,0.0138
RE1,DEMRESELC,2067,0.0139
RE1,DEMRESELC,2068,0.0141
RE1,DEMRESELC,2069,0.0142
RE1,DEMRESELC,2070,1.2402
RE1,RESENEFFDP,2025,5.6933
RE1,RESENEFFDP,2026,0.1618
RE1,RESENEFFDP,2027,0.1618
RE1,RESENEFFDP,2028,0.1288
RE1,RESENEFFDP,2030,0.4392
RE1,RESENEFFDP,2031,0.1873
RE1,RESENEFFDP,2032,0.2541
RE1,RESENEFFDP,2033,0.1891
RE1,RESENEFFDP,2034,0.1891
RE1,RESENEFFDP,2035,5.8102
RE1,RESENEFFDP,2036,0.3126
RE1,RESENEFFDP,2037,0.3126
RE1,RESENEFFDP,2038,0.2796
RE1,RESENEFFDP,2039,0.1508
RE1,RESENEFFDP,2040,0.59
RE1,RESENEFFDP,2041,0.3349
RE1,RESENEFFDP,2042,0.4017
RE1,RESENEFFDP,2043,0.3367
RE1,RESENEFFDP,2044,0.3367
RE1,RESENEFFDP,2045,6.0443
RE1,RESENEFFDP,2046,0.3289
RE1,RESENEFFDP,2047,0.4154
RE1,RESENEFFDP,2048,0.4718
RE1,RESENEFFDP,2049,0.2546
RE1,RESENEFFDP,2055,3.3187
RE1,RESENEFFDP,2056,0.5586
RE1,RESENEFFDP,2057,0.56
RE1,RESENEFFDP,2058,0.7871
RE1,RESENEFFDP,2059,3.7653
RE1,RESENEFFDP,2060,0.8117
RE1,RESENEFFDP,2063,0.4617
RE1,RESENEFFDP,2064,0.8652
RE1,RESENEFFDP,2065,3.4428
RE1,RESENEFFDP,2066,0.6841
RE1,RESENEFFDP,2067,0.6869
RE1,RESENEFFDP,2068,0.9154
RE1,RESENEFFDP,2069,3.8951
RE1,DEMRESCKNELC,2025,96.6621
RE1,DEMRESCKNELC,2026,8.6618
RE1,DEMRESCKNELC,2027,5.6633
RE1,DEMRESCKNELC,2028,12.1512
RE1,DEMRESCKNELC,2029,16.4381
RE1,DEMRESCKNELC,2030,7.7958
RE1,DEMRESCKNELC,2031,9.2281
RE1,DEMRESCKNELC,2032,36.4031
RE1,DEMRESCKNELC,2033,21.6947
RE1,DEMRESCKNELC,2034,20.8297
RE1,DEMRESCKNELC,2035,10.4309
RE1,DEMRESCKNELC,2036,10.7908
RE1,DEMRESCKNELC,2037,9.676
RE1,DEMRESCKNELC,2038,12.6569
RE1,DEMRESCKNELC,2039,16.9959
RE1,DEMRESCKNELC,2040,17.0852
RE1,DEMRESCKNELC,2041,15.8525
RE1,DEMRESCKNELC,2042,14.8732
RE1,DEMRESCKNELC,2043,16.5134
RE1,DEMRESCKNELC,2044,8.3855
RE1,DEMRESCKNELC,2049,22.5029
RE1,DEMRESCKNELC,2050,17.3406
RE1,DEMRESCKNELC,2051,12.0621
RE1,DEMRESCKNELC,2052,5.5707
RE1,DEMRESCKNELC,2053,5.458
RE1,DEMRESCKNELC,2054,5.4988
RE1,DEMRESCKNELC,2055,113.7152
RE1,DEMRESCKNELC,2056,11.8993
RE1,DEMRESCKNELC,2057,0.5612
RE1,DEMRESCKNELC,2059,4.1934
RE1,DEMRESCKNELC,2060,40.7227
RE1,DEMRESCKNELC,2061,14.3581
RE1,DEMRESCKNELC,2062,42.9969
RE1,DEMRESCKNELC,2063,28.7123
RE1,DEMRESCKNELC,2064,16.1341
RE1,DEMRESCKNELC,2065,11.504
RE1,DEMRESCKNELC,2066,12.0237
RE1,DEMRESCKNELC,2067,9.6142
RE1,DEMRESCKNELC,2068,13.3829
RE1,DEMRESCKNELC,2069,18.2314
RE1,DEMRESHEBIO,2015,3.3687
RE1,DEMRESHEBIO,2019,0.0843
RE1,DEMRESHEBIO,2020,0.0841
RE1,DEMRESHEBIO,2021,0.0626
RE1,DEMRESHEBIO,2022,0.0624
RE1,DEMRESHEBIO,2023,0.0623
RE1,DEMRESHEBIO,2024,0.0621
RE1,DEMRESHEBIO,2025,0.062
RE1,DEMRESHEBIO,2026,0.068
RE1,DEMRESHEBIO,2027,0.0678
RE1,DEMRESHEBIO,2028,0.0677
RE1,DEMRESHEBIO,2029,0.0676
RE1,DEMRESHEBIO,2030,3.4361
RE1,DEMRESHEBIO,2045,0.2695
RE1,DEMRESHEOIL,2015,0.0026
RE1,DEMRESHEEL,2031,0.1236
RE1,DEMRESHEEL,2032,0.1232
RE1,DEMRESHEEL,2033,1.4404
RE1,DEMRESHEEL,2034,0.3833
RE1,DEMRESHEEL,2035,0.424
RE1,DEMRESHEEL,2036,0.2411
RE1,DEMRESHEEL,2037,1.4571
RE1,DEMRESHEEL,2040,0.9239
RE1,DEMRESHEEL,2043,0.1252
RE1,DEMRESHEEL,2044,0.5368
RE1,DEMRESHEEL,2045,3.7276
RE1,DEMRESHEEL,2046,0.2032
RE1,DEMRESHEEL,2047,0.3487
RE1,DEMRESHEEL,2048,1.8624
RE1,DEMRESHEEL,2049,0.5133
RE1,DEMRESHEEL,2050,0.5034
RE1,DEMRESHEEL,2051,0.3225
RE1,DEMRESHEEL,2052,1.5391
RE1,DEMRESHEEL,2053,0.0827
RE1,DEMRESHEEL,2054,0.0833
RE1,DEMRESHEEL,2055,1.0078
RE1,DEMRESHEEL,2056,0.0846
RE1,DEMRESHEEL,2057,0.0853
RE1,DEMRESHEEL,2058,0.2111
RE1,DEMRESHEEL,2059,0.6234
RE1,DEMRESHEEL,2060,2.5201
RE1,DEMRESHEEL,2061,0.9169
RE1,DEMRESHEEL,2062,1.1064
RE1,DEMRESHEEL,2063,1.9517
RE1,DEMRESHEEL,2064,0.6033
RE1,DEMRESHEEL,2065,0.5941
RE1,DEMRESHEEL,2066,0.414
RE1,DEMRESHEEL,2067,1.6313
RE1,DEMRESHEEL,2068,0.1755
RE1,DEMRESHEEL,2069,0.1769
RE1,DEMCOMELC,2015,5.8082
RE1,DEMCOMELC,2016,0.3359
RE1,DEMCOMELC,2017,0.2879
RE1,DEMCOMELC,2018,0.2879
RE1,DEMCOMELC,2019,0.2879
RE1,DEMCOMELC,2020,0.2879
RE1,DEMCOMELC,2021,0.2209
RE1,DEMCOMELC,2022,0.2209
RE1,DEMCOMELC,2023,0.2209
RE1,DEMCOMELC,2024,0.2209
RE1,DEMCOMELC,2031,0.1049
RE1,DEMCOMELC,2032,0.1525
RE1,DEMCOMELC,2033,0.2398
RE1,DEMCOMELC,2034,0.2398
RE1,DEMCOMELC,2035,0.1158
RE1,DEMCOMELC,2036,0.0171
RE1,DEMCOMELC,2037,0.0171
RE1,DEMCOMELC,2038,0.0171
RE1,DEMCOMELC,2039,0.0171
RE1,DEMCOMELC,2040,0.0171
RE1,DEMCOMELC,2041,0.1216
RE1,DEMCOMELC,2042,0.1692
RE1,DEMCOMELC,2043,0.2565
RE1,DEMCOMELC,2044,0.2565
RE1,DEMCOMELC,2045,0.0163
RE1,DEMCOMELC,2046,0.1449
RE1,DEMCOMELC,2047,0.0287
RE1,DEMCOMELC,2050,0.8956
RE1,DEMCOMELC,2051,0.7265
RE1,DEMCOMELC,2052,0.8655
RE1,DEMCOMELC,2053,0.8673
RE1,DEMCOMELC,2054,0.869
RE1,DEMCOMELC,2055,8.2994
RE1,DEMCOMELC,2065,1.2756
RE1,DEMCOMELC,2066,0.0142
RE1,DEMCOMELC,2067,0.0144
RE1,DEMCOMELC,2068,0.0145
RE1,DEMCOMELC,2069,0.0147
RE1,DEMCOMELC,2070,10.3632
RE1,COMENEFFDP,2025,5.8842
RE1,COMENEFFDP,2026,0.1672
RE1,COMENEFFDP,2027,0.1672
RE1,COMENEFFDP,2028,0.1331
RE1,COMENEFFDP,2030,0.4539
RE1,COMENEFFDP,2031,0.1936
RE1,COMENEFFDP,2032,0.2626
RE1,COMENEFFDP,2033,0.1954
RE1,COMENEFFDP,2034,0.1954
RE1,COMENEFFDP,2035,6.0051
RE1,COMENEFFDP,2036,0.3231
RE1,COMENEFFDP,2037,0.3231
RE1,COMENEFFDP,2038,0.289
RE1,COMENEFFDP,2039,0.1558
RE1,COMENEFFDP,2040,0.6097
RE1,COMENEFFDP,2041,0.3462
RE1,COMENEFFDP,2042,0.4152
RE1,COMENEFFDP,2043,0.348
RE1,COMENEFFDP,2044,0.348
RE1,COMENEFFDP,2045,6.2471
RE1,COMENEFFDP,2046,0.34
RE1,COMENEFFDP,2047,0.4293
RE1,COMENEFFDP,2048,0.4876
RE1,COMENEFFDP,2049,0.2631
RE1,COMENEFFDP,2056,2.3056
RE1,COMENEFFDP,2060,7.8246
RE1,COMENEFFDP,2063,0.7568
RE1,COMENEFFDP,2064,0.6146
RE1,COMENEFFDP,2065,0.1283
RE1,COMENEFFDP,2066,2.4353
RE1,COMENEFFDP,2067,0.1312
RE1,COMENEFFDP,2068,0.1326
RE1,COMENEFFDP,2069,0.1341
RE1,DEMCOMHEBIO,2015,1.4833
RE1,DEMCOMHEBIO,2016,0.0754
RE1,DEMCOMHEBIO,2017,0.0376
RE1,DEMCOMHEBIO,2018,0.0376
RE1,DEMCOMHEBIO,2019,0.0376
RE1,DEMCOMHEBIO,2020,0.0376
RE1,DEMCOMHEBIO,2021,0.0306
RE1,DEMCOMHEBIO,2022,0.0306
RE1,DEMCOMHEBIO,2023,0.0306
RE1,DEMCOMHEBIO,2024,0.0306
RE1,DEMCOMHEBIO,2025,0.0306
RE1,DEMCOMHEBIO,2026,0.0347
RE1,DEMCOMHEBIO,2027,0.0347
RE1,DEMCOMHEBIO,2028,0.0347
RE1,DEMCOMHEBIO,2029,0.0347
RE1,DEMCOMHEBIO,2030,1.4756
RE1,DEMCOMHEEL,2030,0.085
RE1,DEMCOMHEEL,2031,0.2081
RE1,DEMCOMHEEL,2032,0.1324
RE1,DEMCOMHEEL,2033,0.1324
RE1,DEMCOMHEEL,2034,1.0886
RE1,DEMCOMHEEL,2035,0.0419
RE1,DEMCOMHEEL,2036,0.1087
RE1,DEMCOMHEEL,2037,0.1668
RE1,DEMCOMHEEL,2040,0.8177
RE1,DEMCOMHEEL,2041,0.0717
RE1,DEMCOMHEEL,2043,0.1037
RE1,DEMCOMHEEL,2044,0.4854
RE1,DEMCOMHEEL,2045,1.5111
RE1,DEMCOMHEEL,2046,0.247
RE1,DEMCOMHEEL,2047,0.1714
RE1,DEMCOMHEEL,2048,0.1714
RE1,DEMCOMHEEL,2049,1.1276
RE1,DEMCOMHEEL,2050,0.0808
RE1,DEMCOMHEEL,2051,0.1486
RE1,DEMCOMHEEL,2052,0.207
RE1,DEMCOMHEEL,2053,0.0405
RE1,DEMCOMHEEL,2054,0.0408
RE1,DEMCOMHEEL,2055,0.8588
RE1,DEMCOMHEEL,2056,0.1132
RE1,DEMCOMHEEL,2057,0.0418
RE1,DEMCOMHEEL,2058,0.1458
RE1,DEMCOMHEEL,2059,0.5278
RE1,DEMCOMHEEL,2060,1.2837
RE1,DEMCOMHEEL,2061,0.3395
RE1,DEMCOMHEEL,2062,0.4356
RE1,DEMCOMHEEL,2063,0.2151
RE1,DEMCOMHEEL,2064,1.1717
RE1,DEMCOMHEEL,2065,0.1253
RE1,DEMCOMHEEL,2066,0.1934
RE1,DEMCOMHEEL,2067,0.2521
RE1,DEMCOMHEEL,2068,0.086
RE1,DEMCOMHEEL,2069,0.0867
RE1,DEMINDHECOA,2015,25.5106
RE1,DEMINDHECOA,2022,0.2405
RE1,DEMINDHECOA,2023,0.3711
RE1,DEMINDHECOA,2024,0.3706
RE1,DEMINDHECOA,2025,0.3702
RE1,DEMINDHECOA,2026,0.4087
RE1,DEMINDHECOA,2027,0.4081
RE1,DEMINDHECOA,2028,0.4077
RE1,DEMINDHECOA,2029,0.4072
RE1,DEMINDHECOA,2030,25.9173
RE1,DEMINDHECOA,2031,0.3667
RE1,DEMINDHECOA,2032,0.366
RE1,DEMINDHECOA,2033,0.1763
