r,t,f,y,ProductionByTechnologyAnnual
RE1,COMENEFFDP,COMELC,2025,236.9106
RE1,COMENEFFDP,COMELC,2026,243.6439
RE1,COMENEFFDP,COMELC,2027,250.3771
RE1,COMENEFFDP,COMELC,2028,256.0673
RE1,COMENEFFDP,COMELC,2029,257.6878
RE1,COMENEFFDP,COMELC,2030,272.7502
RE1,COMENEFFDP,COMELC,2031,280.5081
RE1,COMENEFFDP,COMELC,2032,289.6724
RE1,COMENEFFDP,COMELC,2033,297.4682
RE1,COMENEFFDP,COMELC,2034,305.264
RE1,COMENEFFDP,COMELC,2035,311.5398
RE1,COMENEFFDP,COMELC,2036,317.7854
RE1,COMENEFFDP,COMELC,2037,324.0311
RE1,COMENEFFDP,COMELC,2038,330.2767
RE1,COMENEFFDP,COMELC,2039,336.5223
RE1,COMENEFFDP,COMELC,2040,342.7681
RE1,COMENEFFDP,COMELC,2041,348.884
RE1,COMENEFFDP,COMELC,2042,354.9999
RE1,COMENEFFDP,COMELC,2043,361.1159
RE1,COMENEFFDP,COMELC,2044,367.2318
RE1,COMENEFFDP,COMELC,2045,375.1693
RE1,COMENEFFDP,COMELC,2046,377.6064
RE1,COMENEFFDP,COMELC,2047,381.8651
RE1,COMENEFFDP,COMELC,2048,388.0074
RE1,COMENEFFDP,COMELC,2049,392.2867
RE1,COMENEFFDP,COMELC,2050,375.216
RE1,COMENEFFDP,COMELC,2051,361.91
RE1,COMENEFFDP,COMELC,2052,344.9858
RE1,COMENEFFDP,COMELC,2053,330.7987
RE1,COMENEFFDP,COMELC,2054,316.6115
RE1,COMENEFFDP,COMELC,2055,61.9631
RE1,COMENEFFDP,COMELC,2056,142.0868
RE1,COMENEFFDP,COMELC,2057,124.5855
RE1,COMENEFFDP,COMELC,2058,104.7076
RE1,COMENEFFDP,COMELC,2059,93.9819
RE1,COMENEFFDP,COMELC,2060,412.9351
RE1,COMENEFFDP,COMELC,2061,412.9351
RE1,COMENEFFDP,COMELC,2062,412.9351
RE1,COMENEFFDP,COMELC,2063,441.6766
RE1,COMENEFFDP,COMELC,2064,460.9452
RE1,COMENEFFDP,COMELC,2065,466.087
RE1,COMENEFFDP,COMELC,2066,471.2861
RE1,COMENEFFDP,COMELC,2067,476.5432
RE1,COMENEFFDP,COMELC,2068,481.8589
RE1,COMENEFFDP,COMELC,2069,487.234
RE1,COMENEFFDP,COMELC,2070,176.6242
RE1,DEMCOMELC,COMELC,2015,169.2528
RE1,DEMCOMELC,COMELC,2016,179.0399
RE1,DEMCOMELC,COMELC,2017,187.428
RE1,DEMCOMELC,COMELC,2018,195.8162
RE1,DEMCOMELC,COMELC,2019,204.2043
RE1,DEMCOMELC,COMELC,2020,212.5924
RE1,DEMCOMELC,COMELC,2021,219.0306
RE1,DEMCOMELC,COMELC,2022,225.4689
RE1,DEMCOMELC,COMELC,2023,231.9071
RE1,DEMCOMELC,COMELC,2024,238.3453
RE1,DEMCOMELC,COMELC,2025,7.8731
RE1,DEMCOMELC,COMELC,2026,8.0968
RE1,DEMCOMELC,COMELC,2027,8.3206
RE1,DEMCOMELC,COMELC,2028,9.5874
RE1,DEMCOMELC,COMELC,2029,14.924
RE1,DEMCOMELC,COMELC,2030,6.8186
RE1,DEMCOMELC,COMELC,2031,7.0126
RE1,DEMCOMELC,COMELC,2032,5.8002
RE1,DEMCOMELC,COMELC,2033,5.9563
RE1,DEMCOMELC,COMELC,2034,6.1123
RE1,DEMCOMELC,COMELC,2035,7.7883
RE1,DEMCOMELC,COMELC,2036,7.9445
RE1,DEMCOMELC,COMELC,2037,8.1006
RE1,DEMCOMELC,COMELC,2038,8.2568
RE1,DEMCOMELC,COMELC,2039,8.4129
RE1,DEMCOMELC,COMELC,2040,8.569
RE1,DEMCOMELC,COMELC,2041,8.7219
RE1,DEMCOMELC,COMELC,2042,8.8748
RE1,DEMCOMELC,COMELC,2043,9.0277
RE1,DEMCOMELC,COMELC,2044,9.1806
RE1,DEMCOMELC,COMELC,2045,7.5121
RE1,DEMCOMELC,COMELC,2046,9.44
RE1,DEMCOMELC,COMELC,2047,9.5464
RE1,DEMCOMELC,COMELC,2048,7.7691
RE1,DEMCOMELC,COMELC,2049,7.8548
RE1,DEMCOMELC,COMELC,2050,29.2907
RE1,DEMCOMELC,COMELC,2051,47.1088
RE1,DEMCOMELC,COMELC,2052,68.5955
RE1,DEMCOMELC,COMELC,2053,87.3961
RE1,DEMCOMELC,COMELC,2054,106.2481
RE1,DEMCOMELC,COMELC,2055,365.6135
RE1,DEMCOMELC,COMELC,2056,290.2594
RE1,DEMCOMELC,COMELC,2057,312.5834
RE1,DEMCOMELC,COMELC,2058,337.3379
RE1,DEMCOMELC,COMELC,2059,352.9945
RE1,DEMCOMELC,COMELC,2060,39.0272
RE1,DEMCOMELC,COMELC,2061,44.0688
RE1,DEMCOMELC,COMELC,2062,49.1666
RE1,DEMCOMELC,COMELC,2063,25.5798
RE1,DEMCOMELC,COMELC,2064,11.5234
RE1,DEMCOMELC,COMELC,2065,11.652
RE1,DEMCOMELC,COMELC,2066,11.7819
RE1,DEMCOMELC,COMELC,2067,11.9134
RE1,DEMCOMELC,COMELC,2068,12.0463
RE1,DEMCOMELC,COMELC,2069,12.1806
RE1,DEMCOMELC,COMELC,2070,328.3613
RE1,DEMCOMHEBIO,COMHEL,2015,37.209
RE1,DEMCOMHEBIO,COMHEL,2016,39.1015
RE1,DEMCOMHEBIO,COMHEL,2017,40.0453
RE1,DEMCOMHEBIO,COMHEL,2018,40.9891
RE1,DEMCOMHEBIO,COMHEL,2019,41.933
RE1,DEMCOMHEBIO,COMHEL,2020,42.8768
RE1,DEMCOMHEBIO,COMHEL,2021,43.6453
RE1,DEMCOMHEBIO,COMHEL,2022,44.4138
RE1,DEMCOMHEBIO,COMHEL,2023,45.1824
RE1,DEMCOMHEBIO,COMHEL,2024,45.9509
RE1,DEMCOMHEBIO,COMHEL,2025,46.7194
RE1,DEMCOMHEBIO,COMHEL,2026,47.5908
RE1,DEMCOMHEBIO,COMHEL,2027,48.4622
RE1,DEMCOMHEBIO,COMHEL,2028,49.3335
RE1,DEMCOMHEBIO,COMHEL,2029,50.2049
RE1,DEMCOMHEBIO,COMHEL,2030,50.0106
RE1,DEMCOMHEBIO,COMHEL,2031,48.1181
RE1,DEMCOMHEBIO,COMHEL,2032,47.1743
RE1,DEMCOMHEBIO,COMHEL,2033,46.2305
RE1,DEMCOMHEBIO,COMHEL,2034,33.2936
RE1,DEMCOMHEBIO,COMHEL,2035,33.4854
RE1,DEMCOMHEBIO,COMHEL,2036,32.7819
RE1,DEMCOMHEBIO,COMHEL,2037,31.3503
RE1,DEMCOMHEBIO,COMHEL,2038,32.0107
RE1,DEMCOMHEBIO,COMHEL,2039,32.6711
RE1,DEMCOMHEBIO,COMHEL,2040,23.0757
RE1,DEMCOMHEBIO,COMHEL,2041,22.7959
RE1,DEMCOMHEBIO,COMHEL,2042,23.4159
RE1,DEMCOMHEBIO,COMHEL,2043,22.7354
RE1,DEMCOMHEBIO,COMHEL,2044,17.2675
RE1,DEMCOMHEEL,COMHEL,2030,1.0657
RE1,DEMCOMHEEL,COMHEL,2031,3.6753
RE1,DEMCOMHEEL,COMHEL,2032,5.3362
RE1,DEMCOMHEEL,COMHEL,2033,6.9971
RE1,DEMCOMHEEL,COMHEL,2034,20.6511
RE1,DEMCOMHEEL,COMHEL,2035,21.1764
RE1,DEMCOMHEEL,COMHEL,2036,22.5403
RE1,DEMCOMHEEL,COMHEL,2037,24.6323
RE1,DEMCOMHEEL,COMHEL,2038,24.6323
RE1,DEMCOMHEEL,COMHEL,2039,24.6323
RE1,DEMCOMHEEL,COMHEL,2040,34.888
RE1,DEMCOMHEEL,COMHEL,2041,35.7878
RE1,DEMCOMHEEL,COMHEL,2042,35.7878
RE1,DEMCOMHEEL,COMHEL,2043,37.0883
RE1,DEMCOMHEEL,COMHEL,2044,43.1763
RE1,DEMCOMHEEL,COMHEL,2045,61.0638
RE1,DEMCOMHEEL,COMHEL,2046,61.5521
RE1,DEMCOMHEEL,COMHEL,2047,62.0404
RE1,DEMCOMHEEL,COMHEL,2048,62.5287
RE1,DEMCOMHEEL,COMHEL,2049,63.017
RE1,DEMCOMHEEL,COMHEL,2050,63.5053
RE1,DEMCOMHEEL,COMHEL,2051,64.0052
RE1,DEMCOMHEEL,COMHEL,2052,64.5091
RE1,DEMCOMHEEL,COMHEL,2053,65.0169
RE1,DEMCOMHEEL,COMHEL,2054,65.5287
RE1,DEMCOMHEEL,COMHEL,2055,66.0446
RE1,DEMCOMHEEL,COMHEL,2056,66.5645
RE1,DEMCOMHEEL,COMHEL,2057,67.0884
RE1,DEMCOMHEEL,COMHEL,2058,67.6166
RE1,DEMCOMHEEL,COMHEL,2059,68.1488
RE1,DEMCOMHEEL,COMHEL,2060,68.6853
RE1,DEMCOMHEEL,COMHEL,2061,69.2259
RE1,DEMCOMHEEL,COMHEL,2062,69.7709
RE1,DEMCOMHEEL,COMHEL,2063,70.3202
RE1,DEMCOMHEEL,COMHEL,2064,70.8737
RE1,DEMCOMHEEL,COMHEL,2065,71.4316
RE1,DEMCOMHEEL,COMHEL,2066,71.9939
RE1,DEMCOMHEEL,COMHEL,2067,72.5607
RE1,DEMCOMHEEL,COMHEL,2068,73.1319
RE1,DEMCOMHEEL,COMHEL,2069,73.7075
RE1,DEMCOMHEEL,COMHEL,2070,74.2878
RE1,DEMINDELC,INDELC,2015,328.0418
RE1,DEMINDELC,INDELC,2016,347.0108
RE1,DEMINDELC,INDELC,2017,363.2685
RE1,DEMINDELC,INDELC,2018,379.5262
RE1,DEMINDELC,INDELC,2019,395.7839
RE1,DEMINDELC,INDELC,2020,412.0416
RE1,DEMINDELC,INDELC,2021,424.52
RE1,DEMINDELC,INDELC,2022,436.9984
RE1,DEMINDELC,INDELC,2023,449.4769
RE1,DEMINDELC,INDELC,2024,461.9553
RE1,DEMINDELC,INDELC,2025,15.2594
RE1,DEMINDELC,INDELC,2026,15.6931
RE1,DEMINDELC,INDELC,2027,16.1268
RE1,DEMINDELC,INDELC,2028,18.5822
RE1,DEMINDELC,INDELC,2029,28.9254
RE1,DEMINDELC,INDELC,2030,13.2157
RE1,DEMINDELC,INDELC,2031,13.5916
RE1,DEMINDELC,INDELC,2032,11.2417
RE1,DEMINDELC,INDELC,2033,11.5443
RE1,DEMINDELC,INDELC,2034,11.8468
RE1,DEMINDELC,INDELC,2035,15.0952
RE1,DEMINDELC,INDELC,2036,15.3978
RE1,DEMINDELC,INDELC,2037,15.7005
RE1,DEMINDELC,INDELC,2038,16.0031
RE1,DEMINDELC,INDELC,2039,16.3057
RE1,DEMINDELC,INDELC,2040,16.6083
RE1,DEMINDELC,INDELC,2041,16.9047
RE1,DEMINDELC,INDELC,2042,17.201
RE1,DEMINDELC,INDELC,2043,17.4973
RE1,DEMINDELC,INDELC,2044,17.7937
RE1,DEMINDELC,INDELC,2045,14.5597
RE1,DEMINDELC,INDELC,2046,18.2964
RE1,DEMINDELC,INDELC,2047,18.5027
RE1,DEMINDELC,INDELC,2048,15.0579
RE1,DEMINDELC,INDELC,2049,15.224
RE1,DEMINDELC,INDELC,2050,56.7705
RE1,DEMINDELC,INDELC,2051,91.3051
RE1,DEMINDELC,INDELC,2052,132.9502
RE1,DEMINDELC,INDELC,2053,169.389
RE1,DEMINDELC,INDELC,2054,205.9276
RE1,DEMINDELC,INDELC,2055,708.6235
RE1,DEMINDELC,INDELC,2056,699.1127
RE1,DEMINDELC,INDELC,2057,587.5056
RE1,DEMINDELC,INDELC,2058,479.4672
RE1,DEMINDELC,INDELC,2059,509.8125
RE1,DEMINDELC,INDELC,2060,75.6417
RE1,DEMINDELC,INDELC,2061,85.4131
RE1,DEMINDELC,INDELC,2062,95.2936
RE1,DEMINDELC,INDELC,2063,49.5781
RE1,DEMINDELC,INDELC,2064,22.3344
RE1,DEMINDELC,INDELC,2065,22.5836
RE1,DEMINDELC,INDELC,2066,22.8355
RE1,DEMINDELC,INDELC,2067,23.0902
RE1,DEMINDELC,INDELC,2068,23.3478
RE1,DEMINDELC,INDELC,2069,23.6082
RE1,DEMINDELC,INDELC,2070,462.069
RE1,DEMINDHEBIO,INDHEL,2015,426.6187
RE1,DEMINDHEBIO,INDHEL,2016,382.5919
RE1,DEMINDHEBIO,INDHEL,2017,389.2174
RE1,DEMINDHEBIO,INDHEL,2018,400.2481
RE1,DEMINDHEBIO,INDHEL,2019,409.232
RE1,DEMINDHEBIO,INDHEL,2020,418.2023
RE1,DEMINDHEBIO,INDHEL,2021,424.4265
RE1,DEMINDHEBIO,INDHEL,2022,430.6414
RE1,DEMINDHEBIO,INDHEL,2023,436.8476
RE1,DEMINDHEBIO,INDHEL,2024,443.0455
RE1,DEMINDHEBIO,INDHEL,2025,449.2357
RE1,DEMINDHEBIO,INDHEL,2026,456.0698
RE1,DEMINDHEBIO,INDHEL,2027,462.8953
RE1,DEMINDHEBIO,INDHEL,2028,469.7126
RE1,DEMINDHEBIO,INDHEL,2029,476.5222
RE1,DEMINDHEBIO,INDHEL,2030,376.6354
RE1,DEMINDHEBIO,INDHEL,2031,376.6354
RE1,DEMINDHEBIO,INDHEL,2032,376.6354
RE1,DEMINDHEBIO,INDHEL,2033,371.8378
RE1,DEMINDHEBIO,INDHEL,2034,361.4294
RE1,DEMINDHEBIO,INDHEL,2035,337.4962
RE1,DEMINDHEBIO,INDHEL,2036,299.6842
RE1,DEMINDHEBIO,INDHEL,2037,291.1488
RE1,DEMINDHEBIO,INDHEL,2038,261.7677
RE1,DEMINDHEBIO,INDHEL,2039,227.1636
RE1,DEMINDHEBIO,INDHEL,2040,214.4111
RE1,DEMINDHEBIO,INDHEL,2041,181.5869
RE1,DEMINDHEBIO,INDHEL,2042,149.2082
RE1,DEMINDHEBIO,INDHEL,2043,117.0401
RE1,DEMINDHEBIO,INDHEL,2044,94.0361
RE1,DEMINDHEBIO,INDHEL,2045,84.1227
RE1,DEMINDHEBIO,INDHEL,2046,84.1227
RE1,DEMINDHEBIO,INDHEL,2047,63.6918
RE1,DEMINDHEBIO,INDHEL,2048,36.9871
RE1,DEMINDHECOA,INDHEH,2015,639.928
RE1,DEMINDHECOA,INDHEH,2016,573.8878
RE1,DEMINDHECOA,INDHEH,2017,583.8261
RE1,DEMINDHECOA,INDHEH,2018,600.3722
RE1,DEMINDHECOA,INDHEH,2019,613.848
RE1,DEMINDHECOA,INDHEH,2020,627.3034
RE1,DEMINDHECOA,INDHEH,2021,636.6397
RE1,DEMINDHECOA,INDHEH,2022,645.9621
RE1,DEMINDHECOA,INDHEH,2023,655.2714
RE1,DEMINDHECOA,INDHEH,2024,664.5683
RE1,DEMINDHECOA,INDHEH,2025,673.8535
RE1,DEMINDHECOA,INDHEH,2026,684.1047
RE1,DEMINDHECOA,INDHEH,2027,694.3429
RE1,DEMINDHECOA,INDHEH,2028,704.5689
RE1,DEMINDHECOA,INDHEH,2029,714.7832
RE1,DEMINDHECOA,INDHEH,2030,724.9866
RE1,DEMINDHECOA,INDHEH,2031,734.1859
RE1,DEMINDHECOA,INDHEH,2032,743.3675
RE1,DEMINDHECOA,INDHEH,2033,747.7907
RE1,DEMINDHECOA,INDHEH,2034,747.7907
RE1,DEMINDHECOA,INDHEH,2035,747.7907
RE1,DEMINDHECOA,INDHEH,2036,726.7043
RE1,DEMINDHECOA,INDHEH,2037,701.4243
RE1,DEMINDHECOA,INDHEH,2038,625.0376
RE1,DEMINDHECOA,INDHEH,2039,487.631
RE1,DEMINDHECOA,INDHEH,2040,349.4777
RE1,DEMINDHECOA,INDHEH,2041,230.6837
RE1,DEMINDHECOA,INDHEH,2042,126.9301
RE1,DEMINDHECOA,INDHEH,2045,22.8041
RE1,DEMINDHECOA,INDHEH,2046,0.8031
RE1,DEMINDHEEH,INDHEH,2033,4.7415
RE1,DEMINDHEEH,INDHEH,2034,13.8904
RE1,DEMINDHEEH,INDHEH,2035,23.0243
RE1,DEMINDHEEH,INDHEH,2036,52.1297
RE1,DEMINDHEEH,INDHEH,2037,85.4202
RE1,DEMINDHEEH,INDHEH,2038,169.8091
RE1,DEMINDHEEH,INDHEH,2039,315.21
RE1,DEMINDHEEH,INDHEH,2040,461.35
RE1,DEMINDHEEH,INDHEH,2041,588.4656
RE1,DEMINDHEEH,INDHEH,2042,700.5352
RE1,DEMINDHEEH,INDHEH,2043,835.7759
RE1,DEMINDHEEH,INDHEH,2044,844.0812
RE1,DEMINDHEEH,INDHEH,2045,829.5774
RE1,DEMINDHEEH,INDHEH,2046,857.9596
RE1,DEMINDHEEH,INDHEH,2047,865.1418
RE1,DEMINDHEEH,INDHEH,2048,871.5186
RE1,DEMINDHEEH,INDHEH,2049,877.8933
RE1,DEMINDHEEH,INDHEH,2050,884.2658
RE1,DEMINDHEEH,INDHEH,2051,890.7889
RE1,DEMINDHEEH,INDHEH,2052,897.3615
RE1,DEMINDHEEH,INDHEH,2053,903.9841
RE1,DEMINDHEEH,INDHEH,2054,910.6572
RE1,DEMINDHEEH,INDHEH,2055,917.3809
RE1,DEMINDHEEH,INDHEH,2056,924.1559
RE1,DEMINDHEEH,INDHEH,2057,930.9824
RE1,DEMINDHEEH,INDHEH,2058,937.8608
RE1,DEMINDHEEH,INDHEH,2059,944.7916
RE1,DEMINDHEEH,INDHEH,2060,951.7752
RE1,DEMINDHEEH,INDHEH,2061,958.8119
RE1,DEMINDHEEH,INDHEH,2062,965.9022
RE1,DEMINDHEEH,INDHEH,2063,973.0465
RE1,DEMINDHEEH,INDHEH,2064,980.2451
RE1,DEMINDHEEH,INDHEH,2065,987.4987
RE1,DEMINDHEEH,INDHEH,2066,994.8075
RE1,DEMINDHEEH,INDHEH,2067,1002.1719
RE1,DEMINDHEEH,INDHEH,2068,1009.5925
RE1,DEMINDHEEH,INDHEH,2069,1017.0697
RE1,DEMINDHEEH,INDHEH,2070,1024.6038
RE1,DEMINDHEEL,INDHEL,2030,106.6891
RE1,DEMINDHEEL,INDHEL,2031,112.8219
RE1,DEMINDHEEL,INDHEL,2032,118.943
RE1,DEMINDHEEL,INDHEL,2033,129.8504
RE1,DEMINDHEEL,INDHEL,2034,146.3581
RE1,DEMINDHEEL,INDHEL,2035,176.3805
RE1,DEMINDHEEL,INDHEL,2036,219.5385
RE1,DEMINDHEEL,INDHEL,2037,233.4141
RE1,DEMINDHEEL,INDHEL,2038,268.1302
RE1,DEMINDHEEL,INDHEL,2039,308.0637
RE1,DEMINDHEEL,INDHEL,2040,326.1408
RE1,DEMINDHEEL,INDHEL,2041,364.5126
RE1,DEMINDHEEL,INDHEL,2042,402.4353
RE1,DEMINDHEEL,INDHEL,2043,440.1438
RE1,DEMINDHEEL,INDHEL,2044,468.6847
RE1,DEMINDHEEL,INDHEL,2045,484.1316
RE1,DEMINDHEEL,INDHEL,2046,488.3858
RE1,DEMINDHEEL,INDHEL,2047,513.0694
RE1,DEMINDHEEL,INDHEL,2048,544.0253
RE1,DEMINDHEEL,INDHEL,2049,585.2622
RE1,DEMINDHEEL,INDHEL,2050,589.5105
RE1,DEMINDHEEL,INDHEL,2051,593.8592
RE1,DEMINDHEEL,INDHEL,2052,598.241
RE1,DEMINDHEEL,INDHEL,2053,602.6561
RE1,DEMINDHEEL,INDHEL,2054,607.1048
RE1,DEMINDHEEL,INDHEL,2055,611.5873
RE1,DEMINDHEEL,INDHEL,2056,616.1039
RE1,DEMINDHEEL,INDHEL,2057,620.6549
RE1,DEMINDHEEL,INDHEL,2058,625.2405
RE1,DEMINDHEEL,INDHEL,2059,629.8611
RE1,DEMINDHEEL,INDHEL,2060,634.5168
RE1,DEMINDHEEL,INDHEL,2061,639.2079
RE1,DEMINDHEEL,INDHEL,2062,643.9348
RE1,DEMINDHEEL,INDHEL,2063,648.6976
RE1,DEMINDHEEL,INDHEL,2064,653.4968
RE1,DEMINDHEEL,INDHEL,2065,658.3325
RE1,DEMINDHEEL,INDHEL,2066,663.205
RE1,DEMINDHEEL,INDHEL,2067,668.1146
RE1,DEMINDHEEL,INDHEL,2068,673.0617
RE1,DEMINDHEEL,INDHEL,2069,678.0464
RE1,DEMINDHEEL,INDHEL,2070,683.0692
RE1,DEMRESCKNBIO,RESCKN,2015,72.8133
RE1,DEMRESCKNBIO,RESCKN,2016,69.2189
RE1,DEMRESCKNBIO,RESCKN,2017,70.2381
RE1,DEMRESCKNBIO,RESCKN,2018,72.7562
RE1,DEMRESCKNBIO,RESCKN,2019,74.5778
RE1,DEMRESCKNBIO,RESCKN,2020,76.3949
RE1,DEMRESCKNBIO,RESCKN,2021,77.7461
RE1,DEMRESCKNBIO,RESCKN,2022,79.0942
RE1,DEMRESCKNBIO,RESCKN,2023,80.4393
RE1,DEMRESCKNBIO,RESCKN,2024,81.7816
RE1,DEMRESCKNBIO,RESCKN,2025,58.9218
RE1,DEMRESCKNBIO,RESCKN,2026,46.8217
RE1,DEMRESCKNBIO,RESCKN,2027,34.3927
RE1,DEMRESCKNBIO,RESCKN,2028,21.6357
RE1,DEMRESCKNBIO,RESCKN,2030,5.5571
RE1,DEMRESCKNBIO,RESCKN,2031,8.1176
RE1,DEMRESCKNBIO,RESCKN,2070,0.0
RE1,DEMRESCKNELC,RESCKN,2015,7.0099
RE1,DEMRESCKNELC,RESCKN,2016,6.6639
RE1,DEMRESCKNELC,RESCKN,2017,6.762
RE1,DEMRESCKNELC,RESCKN,2018,7.0044
RE1,DEMRESCKNELC,RESCKN,2019,6.6542
RE1,DEMRESCKNELC,RESCKN,2020,6.304
RE1,DEMRESCKNELC,RESCKN,2021,5.9538
RE1,DEMRESCKNELC,RESCKN,2022,5.6035
RE1,DEMRESCKNELC,RESCKN,2023,5.2533
RE1,DEMRESCKNELC,RESCKN,2024,4.9031
RE1,DEMRESCKNELC,RESCKN,2025,166.3391
RE1,DEMRESCKNELC,RESCKN,2026,182.4178
RE1,DEMRESCKNELC,RESCKN,2027,198.8174
RE1,DEMRESCKNELC,RESCKN,2028,215.5375
RE1,DEMRESCKNELC,RESCKN,2029,241.1293
RE1,DEMRESCKNELC,RESCKN,2030,239.5214
RE1,DEMRESCKNELC,RESCKN,2031,240.5778
RE1,DEMRESCKNELC,RESCKN,2032,252.3013
RE1,DEMRESCKNELC,RESCKN,2033,255.8969
RE1,DEMRESCKNELC,RESCKN,2034,259.4827
RE1,DEMRESCKNELC,RESCKN,2035,263.0593
RE1,DEMRESCKNELC,RESCKN,2036,266.1718
RE1,DEMRESCKNELC,RESCKN,2037,269.2791
RE1,DEMRESCKNELC,RESCKN,2038,272.3814
RE1,DEMRESCKNELC,RESCKN,2039,275.4788
RE1,DEMRESCKNELC,RESCKN,2040,278.5714
RE1,DEMRESCKNELC,RESCKN,2041,281.6592
RE1,DEMRESCKNELC,RESCKN,2042,284.7435
RE1,DEMRESCKNELC,RESCKN,2043,287.8245
RE1,DEMRESCKNELC,RESCKN,2044,290.9023
RE1,DEMRESCKNELC,RESCKN,2045,293.977
RE1,DEMRESCKNELC,RESCKN,2046,296.3069
RE1,DEMRESCKNELC,RESCKN,2047,298.6355
RE1,DEMRESCKNELC,RESCKN,2048,300.9627
RE1,DEMRESCKNELC,RESCKN,2049,303.2885
RE1,DEMRESCKNELC,RESCKN,2050,305.6131
RE1,DEMRESCKNELC,RESCKN,2051,307.9951
RE1,DEMRESCKNELC,RESCKN,2052,310.3956
RE1,DEMRESCKNELC,RESCKN,2053,312.8148
RE1,DEMRESCKNELC,RESCKN,2054,315.2528
RE1,DEMRESCKNELC,RESCKN,2055,317.7099
RE1,DEMRESCKNELC,RESCKN,2056,320.1861
RE1,DEMRESCKNELC,RESCKN,2057,322.6817
RE1,DEMRESCKNELC,RESCKN,2058,325.1966
RE1,DEMRESCKNELC,RESCKN,2059,327.7312
RE1,DEMRESCKNELC,RESCKN,2060,330.2856
RE1,DEMRESCKNELC,RESCKN,2061,332.8598
RE1,DEMRESCKNELC,RESCKN,2062,335.4541
RE1,DEMRESCKNELC,RESCKN,2063,338.0686
RE1,DEMRESCKNELC,RESCKN,2064,340.7035
RE1,DEMRESCKNELC,RESCKN,2065,343.359
RE1,DEMRESCKNELC,RESCKN,2066,346.0351
RE1,DEMRESCKNELC,RESCKN,2067,348.7321
RE1,DEMRESCKNELC,RESCKN,2068,351.4501
RE1,DEMRESCKNELC,RESCKN,2069,354.1893
RE1,DEMRESCKNELC,RESCKN,2070,356.9499
RE1,DEMRESCKNOIL,RESCKN,2015,117.5028
RE1,DEMRESCKNOIL,RESCKN,2016,111.7023
RE1,DEMRESCKNOIL,RESCKN,2017,113.3469
RE1,DEMRESCKNOIL,RESCKN,2018,117.4106
RE1,DEMRESCKNOIL,RESCKN,2019,120.876
RE1,DEMRESCKNOIL,RESCKN,2020,124.3333
RE1,DEMRESCKNOIL,RESCKN,2021,126.9942
RE1,DEMRESCKNOIL,RESCKN,2022,129.6497
RE1,DEMRESCKNOIL,RESCKN,2023,132.3
RE1,DEMRESCKNOIL,RESCKN,2024,134.9456
RE1,DEMRESELC,RESELC,2015,163.7593
RE1,DEMRESELC,RESELC,2016,173.2287
RE1,DEMRESELC,RESELC,2017,181.3445
RE1,DEMRESELC,RESELC,2018,189.4604
RE1,DEMRESELC,RESELC,2019,197.5763
RE1,DEMRESELC,RESELC,2020,205.6922
RE1,DEMRESELC,RESELC,2021,211.9215
RE1,DEMRESELC,RESELC,2022,218.1507
RE1,DEMRESELC,RESELC,2023,224.38
RE1,DEMRESELC,RESELC,2024,230.6092
RE1,DEMRESELC,RESELC,2025,7.6175
RE1,DEMRESELC,RESELC,2026,7.834
RE1,DEMRESELC,RESELC,2027,8.0505
RE1,DEMRESELC,RESELC,2028,9.2763
RE1,DEMRESELC,RESELC,2029,14.4396
RE1,DEMRESELC,RESELC,2030,6.5973
RE1,DEMRESELC,RESELC,2031,6.785
RE1,DEMRESELC,RESELC,2032,5.6119
RE1,DEMRESELC,RESELC,2033,5.7629
RE1,DEMRESELC,RESELC,2034,5.914
RE1,DEMRESELC,RESELC,2035,7.5356
RE1,DEMRESELC,RESELC,2036,7.6866
RE1,DEMRESELC,RESELC,2037,7.8377
RE1,DEMRESELC,RESELC,2038,7.9888
RE1,DEMRESELC,RESELC,2039,8.1398
RE1,DEMRESELC,RESELC,2040,8.2909
RE1,DEMRESELC,RESELC,2041,8.4388
RE1,DEMRESELC,RESELC,2042,8.5868
RE1,DEMRESELC,RESELC,2043,8.7347
RE1,DEMRESELC,RESELC,2044,8.8826
RE1,DEMRESELC,RESELC,2045,7.2682
RE1,DEMRESELC,RESELC,2046,9.1336
RE1,DEMRESELC,RESELC,2047,9.2366
RE1,DEMRESELC,RESELC,2048,7.517
RE1,DEMRESELC,RESELC,2049,7.5999
RE1,DEMRESELC,RESELC,2050,28.34
RE1,DEMRESELC,RESELC,2051,45.5798
RE1,DEMRESELC,RESELC,2052,66.3691
RE1,DEMRESELC,RESELC,2053,84.5594
RE1,DEMRESELC,RESELC,2054,102.7996
RE1,DEMRESELC,RESELC,2055,218.4672
RE1,DEMRESELC,RESELC,2056,213.7195
RE1,DEMRESELC,RESELC,2057,212.4924
RE1,DEMRESELC,RESELC,2058,204.3592
RE1,DEMRESELC,RESELC,2059,66.0241
RE1,DEMRESELC,RESELC,2060,37.7605
RE1,DEMRESELC,RESELC,2061,42.6384
RE1,DEMRESELC,RESELC,2062,47.5708
RE1,DEMRESELC,RESELC,2063,34.3999
RE1,DEMRESELC,RESELC,2064,11.1494
RE1,DEMRESELC,RESELC,2065,11.2738
RE1,DEMRESELC,RESELC,2066,11.3995
RE1,DEMRESELC,RESELC,2067,11.5267
RE1,DEMRESELC,RESELC,2068,11.6553
RE1,DEMRESELC,RESELC,2069,11.7853
RE1,DEMRESELC,RESELC,2070,42.1905
RE1,DEMRESHEBIO,RESHEL,2015,84.502
RE1,DEMRESHEBIO,RESHEL,2016,80.3936
RE1,DEMRESHEBIO,RESHEL,2017,81.5773
RE1,DEMRESHEBIO,RESHEL,2018,84.502
RE1,DEMRESHEBIO,RESHEL,2019,86.6177
RE1,DEMRESHEBIO,RESHEL,2020,88.7281
RE1,DEMRESHEBIO,RESHEL,2021,90.2975
RE1,DEMRESHEBIO,RESHEL,2022,91.8632
RE1,DEMRESHEBIO,RESHEL,2023,93.4254
RE1,DEMRESHEBIO,RESHEL,2024,94.9844
RE1,DEMRESHEBIO,RESHEL,2025,96.5403
RE1,DEMRESHEBIO,RESHEL,2026,98.2455
RE1,DEMRESHEBIO,RESHEL,2027,99.9472
RE1,DEMRESHEBIO,RESHEL,2028,101.6457
RE1,DEMRESHEBIO,RESHEL,2029,103.3411
RE1,DEMRESHEBIO,RESHEL,2030,105.0337
RE1,DEMRESHEBIO,RESHEL,2031,105.0337
RE1,DEMRESHEBIO,RESHEL,2032,105.0337
RE1,DEMRESHEBIO,RESHEL,2033,88.5086
RE1,DEMRESHEBIO,RESHEL,2034,85.2381
RE1,DEMRESHEBIO,RESHEL,2035,81.4535
RE1,DEMRESHEBIO,RESHEL,2036,79.7632
RE1,DEMRESHEBIO,RESHEL,2037,62.8193
RE1,DEMRESHEBIO,RESHEL,2038,64.1488
RE1,DEMRESHEBIO,RESHEL,2039,65.4763
RE1,DEMRESHEBIO,RESHEL,2040,55.214
RE1,DEMRESHEBIO,RESHEL,2041,56.5374
RE1,DEMRESHEBIO,RESHEL,2042,57.8592
RE1,DEMRESHEBIO,RESHEL,2043,57.6092
RE1,DEMRESHEBIO,RESHEL,2044,52.195
RE1,DEMRESHEBIO,RESHEL,2045,6.7593
RE1,DEMRESHEBIO,RESHEL,2046,6.7593
RE1,DEMRESHEBIO,RESHEL,2047,4.9287
RE1,DEMRESHEBIO,RESHEL,2048,0.6337
RE1,DEMRESHEEL,RESHEL,2031,1.5501
RE1,DEMRESHEEL,RESHEL,2032,3.0955
RE1,DEMRESHEEL,RESHEL,2033,21.1615
RE1,DEMRESHEEL,RESHEL,2034,25.9688
RE1,DEMRESHEEL,RESHEL,2035,31.2862
RE1,DEMRESHEEL,RESHEL,2036,34.3105
RE1,DEMRESHEEL,RESHEL,2037,52.586
RE1,DEMRESHEEL,RESHEL,2038,52.586
RE1,DEMRESHEEL,RESHEL,2039,52.586
RE1,DEMRESHEEL,RESHEL,2040,64.1738
RE1,DEMRESHEEL,RESHEL,2041,64.1738
RE1,DEMRESHEEL,RESHEL,2042,64.1738
RE1,DEMRESHEEL,RESHEL,2043,65.7442
RE1,DEMRESHEEL,RESHEL,2044,72.4775
RE1,DEMRESHEEL,RESHEL,2045,119.2309
RE1,DEMRESHEEL,RESHEL,2046,120.2294
RE1,DEMRESHEEL,RESHEL,2047,123.058
RE1,DEMRESHEEL,RESHEL,2048,128.3503
RE1,DEMRESHEEL,RESHEL,2049,129.9808
RE1,DEMRESHEEL,RESHEL,2050,130.9771
RE1,DEMRESHEEL,RESHEL,2051,131.9979
RE1,DEMRESHEEL,RESHEL,2052,133.0267
RE1,DEMRESHEEL,RESHEL,2053,134.0635
RE1,DEMRESHEEL,RESHEL,2054,135.1084
RE1,DEMRESHEEL,RESHEL,2055,136.1614
RE1,DEMRESHEEL,RESHEL,2056,137.2227
RE1,DEMRESHEEL,RESHEL,2057,138.2922
RE1,DEMRESHEEL,RESHEL,2058,139.37
RE1,DEMRESHEEL,RESHEL,2059,140.4563
RE1,DEMRESHEEL,RESHEL,2060,141.551
RE1,DEMRESHEEL,RESHEL,2061,142.6542
RE1,DEMRESHEEL,RESHEL,2062,143.7661
RE1,DEMRESHEEL,RESHEL,2063,144.8866
RE1,DEMRESHEEL,RESHEL,2064,146.0158
RE1,DEMRESHEEL,RESHEL,2065,147.1539
RE1,DEMRESHEEL,RESHEL,2066,148.3008
RE1,DEMRESHEEL,RESHEL,2067,149.4566
RE1,DEMRESHEEL,RESHEL,2068,150.6215
RE1,DEMRESHEEL,RESHEL,2069,151.7954
RE1,DEMRESHEEL,RESHEL,2070,152.9785
RE1,DEMRESHEOIL,RESHEL,2015,0.0663
RE1,DEMTRABUSELC,TRABUS,2028,34.1956
RE1,DEMTRABUSELC,TRABUS,2029,95.8368
RE1,DEMTRABUSELC,TRABUS,2030,159.5318
RE1,DEMTRABUSELC,TRABUS,2031,224.5823
RE1,DEMTRABUSELC,TRABUS,2032,291.3415
RE1,DEMTRABUSELC,TRABUS,2033,359.8081
RE1,DEMTRABUSELC,TRABUS,2034,429.9814
RE1,DEMTRABUSELC,TRABUS,2035,501.8603
RE1,DEMTRABUSELC,TRABUS,2036,574.832
RE1,DEMTRABUSELC,TRABUS,2037,574.832
RE1,DEMTRABUSELC,TRABUS,2038,574.832
RE1,DEMTRABUSELC,TRABUS,2039,574.832
RE1,DEMTRABUSELC,TRABUS,2040,574.832
RE1,DEMTRABUSELC,TRABUS,2041,574.832
RE1,DEMTRABUSELC,TRABUS,2042,574.832
RE1,DEMTRABUSELC,TRABUS,2043,574.832
RE1,DEMTRABUSELC,TRABUS,2044,574.832
RE1,DEMTRABUSELC,TRABUS,2045,574.832
RE1,DEMTRABUSELC,TRABUS,2046,574.832
RE1,DEMTRABUSELC,TRABUS,2047,574.832
RE1,DEMTRABUSELC,TRABUS,2048,544.5176
RE1,DEMTRABUSELC,TRABUS,2049,624.9466
RE1,DEMTRABUSELC,TRABUS,2050,706.5206
RE1,DEMTRABUSELC,TRABUS,2051,711.9011
RE1,DEMTRABUSELC,TRABUS,2052,717.3231
RE1,DEMTRABUSELC,TRABUS,2053,722.7871
RE1,DEMTRABUSELC,TRABUS,2054,728.2934
RE1,DEMTRABUSELC,TRABUS,2055,733.8422
RE1,DEMTRABUSELC,TRABUS,2056,739.434
RE1,DEMTRABUSELC,TRABUS,2057,745.069
RE1,DEMTRABUSELC,TRABUS,2058,750.7477
RE1,DEMTRABUSELC,TRABUS,2059,756.4703
RE1,DEMTRABUSELC,TRABUS,2060,762.2371
RE1,DEMTRABUSELC,TRABUS,2061,768.0486
RE1,DEMTRABUSELC,TRABUS,2062,773.9051
RE1,DEMTRABUSELC,TRABUS,2063,779.8069
RE1,DEMTRABUSELC,TRABUS,2064,785.7544
RE1,DEMTRABUSELC,TRABUS,2065,791.7479
RE1,DEMTRABUSELC,TRABUS,2066,797.7879
RE1,DEMTRABUSELC,TRABUS,2067,803.8745
RE1,DEMTRABUSELC,TRABUS,2068,810.0083
RE1,DEMTRABUSELC,TRABUS,2069,816.1896
RE1,DEMTRABUSELC,TRABUS,2070,822.4188
RE1,DEMTRABUSGSL,TRABUS,2015,424.8035
RE1,DEMTRABUSGSL,TRABUS,2016,441.0859
RE1,DEMTRABUSGSL,TRABUS,2017,451.2264
RE1,DEMTRABUSGSL,TRABUS,2018,462.1623
RE1,DEMTRABUSGSL,TRABUS,2019,472.7286
RE1,DEMTRABUSGSL,TRABUS,2020,483.2925
RE1,DEMTRABUSGSL,TRABUS,2021,491.7318
RE1,DEMTRABUSGSL,TRABUS,2022,500.1694
RE1,DEMTRABUSGSL,TRABUS,2023,508.6055
RE1,DEMTRABUSGSL,TRABUS,2024,517.04
RE1,DEMTRABUSGSL,TRABUS,2025,525.4732
RE1,DEMTRABUSGSL,TRABUS,2026,534.866
RE1,DEMTRABUSGSL,TRABUS,2027,544.2572
RE1,DEMTRABUSGSL,TRABUS,2028,519.4514
RE1,DEMTRABUSGSL,TRABUS,2029,467.1986
RE1,DEMTRABUSGSL,TRABUS,2030,412.8907
RE1,DEMTRABUSGSL,TRABUS,2031,355.6077
RE1,DEMTRABUSGSL,TRABUS,2032,296.6141
RE1,DEMTRABUSGSL,TRABUS,2033,235.9109
RE1,DEMTRABUSGSL,TRABUS,2034,173.4992
RE1,DEMTRABUSGSL,TRABUS,2035,109.38
RE1,DEMTRABUSGSL,TRABUS,2036,43.4823
RE1,DEMTRABUSGSL,TRABUS,2037,50.5553
RE1,DEMTRABUSGSL,TRABUS,2038,57.6273
RE1,DEMTRABUSGSL,TRABUS,2039,64.6984
RE1,DEMTRABUSGSL,TRABUS,2040,71.7685
RE1,DEMTRABUSGSL,TRABUS,2041,78.496
RE1,DEMTRABUSGSL,TRABUS,2042,85.2228
RE1,DEMTRABUSGSL,TRABUS,2043,91.949
RE1,DEMTRABUSGSL,TRABUS,2044,98.6746
RE1,DEMTRABUSGSL,TRABUS,2045,105.3995
RE1,DEMTRABUSGSL,TRABUS,2046,110.6579
RE1,DEMTRABUSGSL,TRABUS,2047,115.9159
RE1,DEMTRABUSGSL,TRABUS,2048,151.4882
RE1,DEMTRABUSGSL,TRABUS,2049,76.3168
RE1,DEMTRACARELC,TRACAR,2037,59.6191
RE1,DEMTRACARELC,TRACAR,2038,120.4794
RE1,DEMTRACARELC,TRACAR,2039,182.6321
RE1,DEMTRACARELC,TRACAR,2040,246.016
RE1,DEMTRACARELC,TRACAR,2041,310.217
RE1,DEMTRACARELC,TRACAR,2042,375.5916
RE1,DEMTRACARELC,TRACAR,2043,442.1399
RE1,DEMTRACARELC,TRACAR,2044,509.8614
RE1,DEMTRACARELC,TRACAR,2045,578.7561
RE1,DEMTRACARELC,TRACAR,2046,646.4613
RE1,DEMTRACARELC,TRACAR,2047,715.0827
RE1,DEMTRACARELC,TRACAR,2048,808.8716
RE1,DEMTRACARELC,TRACAR,2049,814.9817
RE1,DEMTRACARELC,TRACAR,2050,821.0916
RE1,DEMTRACARELC,TRACAR,2051,827.3445
RE1,DEMTRACARELC,TRACAR,2052,833.6458
RE1,DEMTRACARELC,TRACAR,2053,839.9959
RE1,DEMTRACARELC,TRACAR,2054,846.395
RE1,DEMTRACARELC,TRACAR,2055,852.8437
RE1,DEMTRACARELC,TRACAR,2056,859.3422
RE1,DEMTRACARELC,TRACAR,2057,865.8911
RE1,DEMTRACARELC,TRACAR,2058,872.4906
RE1,DEMTRACARELC,TRACAR,2059,879.1412
RE1,DEMTRACARELC,TRACAR,2060,885.8432
RE1,DEMTRACARELC,TRACAR,2061,892.5971
RE1,DEMTRACARELC,TRACAR,2062,899.4033
RE1,DEMTRACARELC,TRACAR,2063,906.2621
RE1,DEMTRACARELC,TRACAR,2064,913.1741
RE1,DEMTRACARELC,TRACAR,2065,920.1395
RE1,DEMTRACARELC,TRACAR,2066,927.1589
RE1,DEMTRACARELC,TRACAR,2067,934.2326
RE1,DEMTRACARELC,TRACAR,2068,941.3611
RE1,DEMTRACARELC,TRACAR,2069,948.5448
RE1,DEMTRACARELC,TRACAR,2070,955.784
RE1,DEMTRACARGSL,TRACAR,2015,493.6905
RE1,DEMTRACARGSL,TRACAR,2016,512.6133
RE1,DEMTRACARGSL,TRACAR,2017,524.3982
RE1,DEMTRACARGSL,TRACAR,2018,537.1075
RE1,DEMTRACARGSL,TRACAR,2019,549.3873
RE1,DEMTRACARGSL,TRACAR,2020,561.6642
RE1,DEMTRACARGSL,TRACAR,2021,571.4721
RE1,DEMTRACARGSL,TRACAR,2022,581.278
RE1,DEMTRACARGSL,TRACAR,2023,591.082
RE1,DEMTRACARGSL,TRACAR,2024,600.8844
RE1,DEMTRACARGSL,TRACAR,2025,610.6851
RE1,DEMTRACARGSL,TRACAR,2026,621.601
RE1,DEMTRACARGSL,TRACAR,2027,632.5152
RE1,DEMTRACARGSL,TRACAR,2028,643.4276
RE1,DEMTRACARGSL,TRACAR,2029,654.3385
RE1,DEMTRACARGSL,TRACAR,2030,665.2477
RE1,DEMTRACARGSL,TRACAR,2031,674.2749
RE1,DEMTRACARGSL,TRACAR,2032,683.2997
RE1,DEMTRACARGSL,TRACAR,2033,692.3221
RE1,DEMTRACARGSL,TRACAR,2034,701.3422
RE1,DEMTRACARGSL,TRACAR,2035,710.3603
RE1,DEMTRACARGSL,TRACAR,2036,718.5815
RE1,DEMTRACARGSL,TRACAR,2037,667.1824
RE1,DEMTRACARGSL,TRACAR,2038,614.5409
RE1,DEMTRACARGSL,TRACAR,2039,560.6059
RE1,DEMTRACARGSL,TRACAR,2040,505.4386
RE1,DEMTRACARGSL,TRACAR,2041,449.0562
RE1,DEMTRACARGSL,TRACAR,2042,391.4992
RE1,DEMTRACARGSL,TRACAR,2043,332.7678
RE1,DEMTRACARGSL,TRACAR,2044,272.8625
RE1,DEMTRACARGSL,TRACAR,2045,211.7832
RE1,DEMTRACARGSL,TRACAR,2046,150.1891
RE1,DEMTRACARGSL,TRACAR,2047,87.6785
RE1,DEMTRAEVC,ELCEV,2025,315.2839
RE1,DEMTRAEVC,ELCEV,2026,320.9196
RE1,DEMTRAEVC,ELCEV,2027,326.5544
RE1,DEMTRAEVC,ELCEV,2028,370.1454
RE1,DEMTRAEVC,ELCEV,2029,444.2001
RE1,DEMTRAEVC,ELCEV,2030,520.5338
RE1,DEMTRAEVC,ELCEV,2031,597.4004
RE1,DEMTRAEVC,ELCEV,2032,676.1623
RE1,DEMTRAEVC,ELCEV,2033,756.8184
RE1,DEMTRAEVC,ELCEV,2034,839.3677
RE1,DEMTRAEVC,ELCEV,2035,923.8091
RE1,DEMTRAEVC,ELCEV,2036,1009.0522
RE1,DEMTRAEVC,ELCEV,2037,1079.4731
RE1,DEMTRAEVC,ELCEV,2038,1151.2713
RE1,DEMTRAEVC,ELCEV,2039,1224.5034
RE1,DEMTRAEVC,ELCEV,2040,1299.1017
RE1,DEMTRAEVC,ELCEV,2041,1374.4012
RE1,DEMTRAEVC,ELCEV,2042,1451.0032
RE1,DEMTRAEVC,ELCEV,2043,1528.9075
RE1,DEMTRAEVC,ELCEV,2044,1608.1138
RE1,DEMTRAEVC,ELCEV,2045,1688.6218
RE1,DEMTRAEVC,ELCEV,2046,1766.9296
RE1,DEMTRAEVC,ELCEV,2047,1846.2541
RE1,DEMTRAEVC,ELCEV,2048,1919.8655
RE1,DEMTRAEVC,ELCEV,2049,2019.0784
RE1,DEMTRAEVC,ELCEV,2050,2119.562
RE1,DEMTRAEVC,ELCEV,2051,2135.7033
RE1,DEMTRAEVC,ELCEV,2052,2151.9694
RE1,DEMTRAEVC,ELCEV,2053,2168.3614
RE1,DEMTRAEVC,ELCEV,2054,2184.8802
RE1,DEMTRAEVC,ELCEV,2055,2201.5268
RE1,DEMTRAEVC,ELCEV,2056,2218.302
RE1,DEMTRAEVC,ELCEV,2057,2235.2072
RE1,DEMTRAEVC,ELCEV,2058,2252.2431
RE1,DEMTRAEVC,ELCEV,2059,2269.4109
RE1,DEMTRAEVC,ELCEV,2060,2286.7115
RE1,DEMTRAEVC,ELCEV,2061,2304.146
RE1,DEMTRAEVC,ELCEV,2062,2321.7155
RE1,DEMTRAEVC,ELCEV,2063,2339.4209
RE1,DEMTRAEVC,ELCEV,2064,2357.2633
RE1,DEMTRAEVC,ELCEV,2065,2375.2439
RE1,DEMTRAEVC,ELCEV,2066,2393.3636
RE1,DEMTRAEVC,ELCEV,2067,2411.6237
RE1,DEMTRAEVC,ELCEV,2068,2430.0251
RE1,DEMTRAEVC,ELCEV,2069,2448.569
RE1,DEMTRAEVC,ELCEV,2070,2467.2565
RE1,DEMTRAMCYELC,TRAMCY,2025,284.0396
RE1,DEMTRAMCYELC,TRAMCY,2026,289.1168
RE1,DEMTRAMCYELC,TRAMCY,2027,294.1931
RE1,DEMTRAMCYELC,TRAMCY,2028,299.2686
RE1,DEMTRAMCYELC,TRAMCY,2029,304.3435
RE1,DEMTRAMCYELC,TRAMCY,2030,309.4176
RE1,DEMTRAMCYELC,TRAMCY,2031,313.6162
RE1,DEMTRAMCYELC,TRAMCY,2032,317.8138
RE1,DEMTRAMCYELC,TRAMCY,2033,322.0102
RE1,DEMTRAMCYELC,TRAMCY,2034,326.2057
RE1,DEMTRAMCYELC,TRAMCY,2035,330.4002
RE1,DEMTRAMCYELC,TRAMCY,2036,334.224
RE1,DEMTRAMCYELC,TRAMCY,2037,338.0472
RE1,DEMTRAMCYELC,TRAMCY,2038,341.8699
RE1,DEMTRAMCYELC,TRAMCY,2039,345.6921
RE1,DEMTRAMCYELC,TRAMCY,2040,349.5138
RE1,DEMTRAMCYELC,TRAMCY,2041,353.1503
RE1,DEMTRAMCYELC,TRAMCY,2042,356.7864
RE1,DEMTRAMCYELC,TRAMCY,2043,360.4222
RE1,DEMTRAMCYELC,TRAMCY,2044,364.0576
RE1,DEMTRAMCYELC,TRAMCY,2045,367.6928
RE1,DEMTRAMCYELC,TRAMCY,2046,370.5351
RE1,DEMTRAMCYELC,TRAMCY,2047,373.3773
RE1,DEMTRAMCYELC,TRAMCY,2048,376.2193
RE1,DEMTRAMCYELC,TRAMCY,2049,379.0613
RE1,DEMTRAMCYELC,TRAMCY,2050,381.9031
RE1,DEMTRAMCYELC,TRAMCY,2051,384.8114
RE1,DEMTRAMCYELC,TRAMCY,2052,387.7422
RE1,DEMTRAMCYELC,TRAMCY,2053,390.6957
RE1,DEMTRAMCYELC,TRAMCY,2054,393.6721
RE1,DEMTRAMCYELC,TRAMCY,2055,396.6715
RE1,DEMTRAMCYELC,TRAMCY,2056,399.694
RE1,DEMTRAMCYELC,TRAMCY,2057,402.74
RE1,DEMTRAMCYELC,TRAMCY,2058,405.8096
RE1,DEMTRAMCYELC,TRAMCY,2059,408.9029
RE1,DEMTRAMCYELC,TRAMCY,2060,412.0201
RE1,DEMTRAMCYELC,TRAMCY,2061,415.1615
RE1,DEMTRAMCYELC,TRAMCY,2062,418.3271
RE1,DEMTRAMCYELC,TRAMCY,2063,421.5173
RE1,DEMTRAMCYELC,TRAMCY,2064,424.7321
RE1,DEMTRAMCYELC,TRAMCY,2065,427.9719
RE1,DEMTRAMCYELC,TRAMCY,2066,431.2367
RE1,DEMTRAMCYELC,TRAMCY,2067,434.5268
RE1,DEMTRAMCYELC,TRAMCY,2068,437.8424
RE1,DEMTRAMCYELC,TRAMCY,2069,441.1836
RE1,DEMTRAMCYELC,TRAMCY,2070,444.5507
RE1,DEMTRAMCYGSL,TRAMCY,2015,229.6235
RE1,DEMTRAMCYGSL,TRAMCY,2016,238.4248
RE1,DEMTRAMCYGSL,TRAMCY,2017,243.9061
RE1,DEMTRAMCYGSL,TRAMCY,2018,249.8174
RE1,DEMTRAMCYGSL,TRAMCY,2019,255.529
RE1,DEMTRAMCYGSL,TRAMCY,2020,261.2392
RE1,DEMTRAMCYGSL,TRAMCY,2021,265.801
RE1,DEMTRAMCYGSL,TRAMCY,2022,270.3618
RE1,DEMTRAMCYGSL,TRAMCY,2023,274.9219
RE1,DEMTRAMCYGSL,TRAMCY,2024,279.4811
RE1,IMPCOA,COA,2027,649.3658
RE1,IMPCOA,COA,2028,2733.0321
RE1,IMPCOA,COA,2029,2683.011
RE1,IMPCOA,COA,2030,2625.8728
RE1,IMPCOA,COA,2031,2707.3818
RE1,IMPCOA,COA,2032,2635.8366
RE1,IMPCOA,COA,2033,2556.357
RE1,IMPCOA,COA,2034,2468.9526
RE1,IMPCOA,COA,2035,2387.7923
RE1,IMPCOA,COA,2036,2284.8536
RE1,IMPCOA,COA,2037,2165.0587
RE1,IMPCOA,COA,2038,2038.6714
RE1,IMPCOA,COA,2039,1872.401
RE1,IMPCOA,COA,2040,1705.4694
RE1,IMPCOA,COA,2041,1560.6619
RE1,IMPCOA,COA,2042,1412.5128
RE1,IMPCOA,COA,2043,1258.0348
RE1,IMPCOA,COA,2044,1115.6296
RE1,IMPCOA,COA,2045,960.761
RE1,IMPCOA,COA,2046,781.5618
RE1,IMPCOA,COA,2047,597.1535
RE1,IMPCOA,COA,2048,403.645
RE1,IMPCOA,COA,2049,204.0188
RE1,IMPLFO,LFO,2015,5550.8604
RE1,IMPLFO,LFO,2016,5742.9386
RE1,IMPLFO,LFO,2017,5873.1208
RE1,IMPLFO,LFO,2018,6018.0954
RE1,IMPLFO,LFO,2019,6157.2481
RE1,IMPLFO,LFO,2020,6296.354
RE1,IMPLFO,LFO,2021,6407.2812
RE1,IMPLFO,LFO,2022,6518.1765
RE1,IMPLFO,LFO,2023,6629.0418
RE1,IMPLFO,LFO,2024,4812.394
RE1,IMPLFO,LFO,2025,5155.3183
RE1,IMPLFO,LFO,2026,5247.4693
RE1,IMPLFO,LFO,2027,5339.6051
RE1,IMPLFO,LFO,2028,5294.9438
RE1,IMPLFO,LFO,2029,5140.4866
RE1,IMPLFO,LFO,2030,4977.8011
RE1,IMPLFO,LFO,2031,4793.8056
RE1,IMPLFO,LFO,2032,4602.9546
RE1,IMPLFO,LFO,2033,4405.2537
RE1,IMPLFO,LFO,2034,4200.7078
RE1,IMPLFO,LFO,2035,3989.3214
RE1,IMPLFO,LFO,2036,3766.8364
RE1,IMPLFO,LFO,2037,3538.1331
RE1,IMPLFO,LFO,2038,3303.2135
RE1,IMPLFO,LFO,2039,3061.8231
RE1,IMPLFO,LFO,2040,2814.2673
RE1,IMPLFO,LFO,2041,2559.2651
RE1,IMPLFO,LFO,2042,2298.3873
RE1,IMPLFO,LFO,2043,2031.6354
RE1,IMPLFO,LFO,2044,1759.0106
RE1,IMPLFO,LFO,2045,1480.5143
RE1,IMPLFO,LFO,2046,1193.5769
RE1,IMPLFO,LFO,2047,902.0562
RE1,IMPLFO,LFO,2048,605.9528
RE1,IMPLFO,LFO,2049,305.2673
RE1,INDENEFFDP,INDELC,2025,459.1743
RE1,INDENEFFDP,INDELC,2026,472.2246
RE1,INDENEFFDP,INDELC,2027,485.2749
RE1,INDENEFFDP,INDELC,2028,496.3036
RE1,INDENEFFDP,INDELC,2029,499.4444
RE1,INDENEFFDP,INDELC,2030,528.638
RE1,INDENEFFDP,INDELC,2031,543.6743
RE1,INDENEFFDP,INDELC,2032,561.4363
RE1,INDENEFFDP,INDELC,2033,576.5458
RE1,INDENEFFDP,INDELC,2034,591.6553
RE1,INDENEFFDP,INDELC,2035,603.819
RE1,INDENEFFDP,INDELC,2036,615.9242
RE1,INDENEFFDP,INDELC,2037,628.0293
RE1,INDENEFFDP,INDELC,2038,640.1345
RE1,INDENEFFDP,INDELC,2039,652.2396
RE1,INDENEFFDP,INDELC,2040,664.3448
RE1,INDENEFFDP,INDELC,2041,676.1987
RE1,INDENEFFDP,INDELC,2042,688.0524
RE1,INDENEFFDP,INDELC,2043,699.9063
RE1,INDENEFFDP,INDELC,2044,711.7601
RE1,INDENEFFDP,INDELC,2045,727.1442
RE1,INDENEFFDP,INDELC,2046,731.8678
RE1,INDENEFFDP,INDELC,2047,740.1217
RE1,INDENEFFDP,INDELC,2048,752.0267
RE1,INDENEFFDP,INDELC,2049,760.3208
RE1,INDENEFFDP,INDELC,2050,727.2346
RE1,INDENEFFDP,INDELC,2051,701.4454
RE1,INDENEFFDP,INDELC,2052,668.6433
RE1,INDENEFFDP,INDELC,2053,641.1461
RE1,INDENEFFDP,INDELC,2054,613.6489
RE1,INDENEFFDP,INDELC,2055,120.0953
RE1,INDENEFFDP,INDELC,2056,138.8503
RE1,INDENEFFDP,INDELC,2057,259.8049
RE1,INDENEFFDP,INDELC,2058,377.2949
RE1,INDENEFFDP,INDELC,2059,356.5067
RE1,INDENEFFDP,INDELC,2060,800.341
RE1,INDENEFFDP,INDELC,2061,800.341
RE1,INDENEFFDP,INDELC,2062,800.341
RE1,INDENEFFDP,INDELC,2063,856.0472
RE1,INDENEFFDP,INDELC,2064,893.393
RE1,INDENEFFDP,INDELC,2065,903.3587
RE1,INDENEFFDP,INDELC,2066,913.4355
RE1,INDENEFFDP,INDELC,2067,923.6247
RE1,INDENEFFDP,INDELC,2068,933.9276
RE1,INDENEFFDP,INDELC,2069,944.3455
RE1,INDENEFFDP,INDELC,2070,516.6819
RE1,INDENEFFGD,INDELC,2056,0.0
RE1,MINBIO,BIO,2015,1083.0722
RE1,MINBIO,BIO,2016,1039.3006
RE1,MINBIO,BIO,2017,1077.9026
RE1,MINBIO,BIO,2018,1116.6381
RE1,MINBIO,BIO,2019,1137.3915
RE1,MINBIO,BIO,2020,1170.5173
RE1,MINBIO,BIO,2021,1197.7543
RE1,MINBIO,BIO,2022,1212.6691
RE1,MINBIO,BIO,2023,1227.5592
RE1,MINBIO,BIO,2024,1242.4259
RE1,MINBIO,BIO,2025,1047.7255
RE1,MINBIO,BIO,2026,1018.9087
RE1,MINBIO,BIO,2027,988.9821
RE1,MINBIO,BIO,2028,957.9491
RE1,MINBIO,BIO,2029,925.8129
RE1,MINBIO,BIO,2030,892.5764
RE1,MINBIO,BIO,2031,748.3743
RE1,MINBIO,BIO,2032,717.779
RE1,MINBIO,BIO,2033,686.1887
RE1,MINBIO,BIO,2034,653.6075
RE1,MINBIO,BIO,2035,620.0393
RE1,MINBIO,BIO,2036,584.6656
RE1,MINBIO,BIO,2037,548.4332
RE1,MINBIO,BIO,2038,511.3438
RE1,MINBIO,BIO,2039,473.3993
RE1,MINBIO,BIO,2040,434.6014
RE1,MINBIO,BIO,2041,395.0202
RE1,MINBIO,BIO,2042,354.5741
RE1,MINBIO,BIO,2043,313.2644
RE1,MINBIO,BIO,2044,271.0921
RE1,MINBIO,BIO,2045,228.0583
RE1,MINBIO,BIO,2046,180.4831
RE1,MINBIO,BIO,2047,133.8949
RE1,MINBIO,BIO,2048,88.6243
RE1,MINBIO,BIO,2049,44.8826
RE1,MINCOA,COA,2015,1201.8754
RE1,MINCOA,COA,2016,1120.3443
RE1,MINCOA,COA,2017,1132.6138
RE1,MINCOA,COA,2018,1153.041
RE1,MINCOA,COA,2019,2821.0438
RE1,MINCOA,COA,2020,2935.6729
RE1,MINCOA,COA,2021,3016.1628
RE1,MINCOA,COA,2022,3114.3238
RE1,MINCOA,COA,2023,3212.4118
RE1,MINCOA,COA,2024,3310.4279
RE1,MINCOA,COA,2025,2840.3108
RE1,MINCOA,COA,2026,2811.6903
RE1,MINCOA,COA,2027,2126.5622
RE1,MINGEO,GEO,2025,1.4486
RE1,MINGEO,GEO,2026,1.4486
RE1,MINGEO,GEO,2027,1.4486
RE1,MINGEO,GEO,2028,1.4486
RE1,MINGEO,GEO,2029,1.4486
RE1,MINGEO,GEO,2030,1.4486
RE1,MINGEO,GEO,2031,1.4486
RE1,MINGEO,GEO,2032,1.4486
RE1,MINGEO,GEO,2033,1.4486
RE1,MINGEO,GEO,2034,1.4486
RE1,MINGEO,GEO,2035,1.4486
RE1,MINGEO,GEO,2036,1.4486
RE1,MINGEO,GEO,2037,1.4486
RE1,MINGEO,GEO,2038,1.4486
RE1,MINGEO,GEO,2039,1.4486
RE1,MINGEO,GEO,2040,1.4486
RE1,MINGEO,GEO,2041,1.4486
RE1,MINGEO,GEO,2042,1.4486
RE1,MINGEO,GEO,2043,1.4486
RE1,MINGEO,GEO,2044,1.4486
RE1,MINGEO,GEO,2045,1.4486
RE1,MINGEO,GEO,2046,1.2675
RE1,MINGEO,GEO,2047,1.2675
RE1,MINGEO,GEO,2048,1.2675
RE1,MINGEO,GEO,2049,1.4486
RE1,MINGEO,GEO,2050,1.4486
RE1,MINGEO,GEO,2051,1.4486
RE1,MINGEO,GEO,2052,1.4486
RE1,MINGEO,GEO,2053,1.4486
RE1,MINGEO,GEO,2054,1.4486
RE1,MINGEO,GEO,2055,1.4486
RE1,MINGEO,GEO,2056,1.4486
RE1,MINGEO,GEO,2057,1.2675
RE1,MINGEO,GEO,2058,1.2675
RE1,MINGEO,GEO,2059,1.2675
RE1,MINGEO,GEO,2060,1.4486
RE1,MINGEO,GEO,2061,1.4486
RE1,MINGEO,GEO,2062,1.4486
RE1,MINGEO,GEO,2063,1.4486
RE1,MINGEO,GEO,2064,1.4486
RE1,MINGEO,GEO,2065,1.4486
RE1,MINGEO,GEO,2066,1.4486
RE1,MINGEO,GEO,2067,1.4486
RE1,MINGEO,GEO,2068,1.4486
RE1,MINGEO,GEO,2069,1.4486
RE1,MINHYD,HYD,2015,29.4911
RE1,MINHYD,HYD,2016,29.4911
RE1,MINHYD,HYD,2017,29.4911
RE1,MINHYD,HYD,2018,29.4911
RE1,MINHYD,HYD,2019,29.4911
RE1,MINHYD,HYD,2020,29.4911
RE1,MINHYD,HYD,2021,29.4911
RE1,MINHYD,HYD,2022,29.4911
RE1,MINHYD,HYD,2023,29.4911
RE1,MINHYD,HYD,2024,29.4911
RE1,MINHYD,HYD,2025,29.4911
RE1,MINHYD,HYD,2026,29.4911
RE1,MINHYD,HYD,2027,29.4911
RE1,MINHYD,HYD,2028,29.4911
RE1,MINHYD,HYD,2029,29.4911
RE1,MINHYD,HYD,2030,35.3706
RE1,MINHYD,HYD,2031,35.3706
RE1,MINHYD,HYD,2032,40.8218
RE1,MINHYD,HYD,2033,40.8218
RE1,MINHYD,HYD,2034,40.8218
RE1,MINHYD,HYD,2035,40.8218
RE1,MINHYD,HYD,2036,40.8218
RE1,MINHYD,HYD,2037,40.8218
RE1,MINHYD,HYD,2038,40.8218
RE1,MINHYD,HYD,2039,40.8218
RE1,MINHYD,HYD,2040,40.8218
RE1,MINHYD,HYD,2041,40.8218
RE1,MINHYD,HYD,2042,40.8218
RE1,MINHYD,HYD,2043,40.8218
RE1,MINHYD,HYD,2044,40.8218
RE1,MINHYD,HYD,2045,40.8218
RE1,MINHYD,HYD,2046,40.8218
RE1,MINHYD,HYD,2047,40.8218
RE1,MINHYD,HYD,2048,39.8339
RE1,MINHYD,HYD,2049,40.8218
RE1,MINHYD,HYD,2050,40.8218
RE1,MINHYD,HYD,2051,11.3308
RE1,MINHYD,HYD,2052,11.3308
RE1,MINHYD,HYD,2053,11.3308
RE1,MINHYD,HYD,2054,11.3308
RE1,MINHYD,HYD,2055,11.3308
RE1,MINHYD,HYD,2056,11.3308
RE1,MINHYD,HYD,2057,11.3308
RE1,MINHYD,HYD,2058,11.3308
RE1,MINHYD,HYD,2059,11.3308
RE1,MINHYD,HYD,2060,11.3308
RE1,MINHYD,HYD,2061,11.3308
RE1,MINHYD,HYD,2062,11.3308
RE1,MINHYD,HYD,2063,11.3308
RE1,MINHYD,HYD,2064,40.8218
RE1,MINHYD,HYD,2065,40.8218
RE1,MINHYD,HYD,2066,40.8218
RE1,MINHYD,HYD,2067,40.8218
RE1,MINHYD,HYD,2068,40.8218
RE1,MINHYD,HYD,2069,40.8218
RE1,MINHYD,HYD,2070,19.2726
RE1,MINNGS,NGS,2015,794.6634
RE1,MINNGS,NGS,2016,796.9507
RE1,MINNGS,NGS,2017,806.5935
RE1,MINNGS,NGS,2018,839.6294
RE1,MINNGS,NGS,2039,17.3117
RE1,MINNGS,NGS,2040,31.3895
RE1,MINNGS,NGS,2041,29.9663
RE1,MINNGS,NGS,2042,26.6367
RE1,MINNGS,NGS,2043,23.3071
RE1,MINNGS,NGS,2044,9.9888
RE1,MINOIL,OIL,2024,2141.65
RE1,MINSOL,SOL,2015,8.5316
RE1,MINSOL,SOL,2016,14.7631
RE1,MINSOL,SOL,2017,16.2721
RE1,MINSOL,SOL,2018,17.8654
RE1,MINSOL,SOL,2019,17.9916
RE1,MINSOL,SOL,2020,17.9916
RE1,MINSOL,SOL,2021,18.4545
RE1,MINSOL,SOL,2022,18.4545
RE1,MINSOL,SOL,2023,18.4545
RE1,MINSOL,SOL,2024,18.4545
RE1,MINSOL,SOL,2025,563.0011
RE1,MINSOL,SOL,2026,621.8924
RE1,MINSOL,SOL,2027,683.2493
RE1,MINSOL,SOL,2028,792.7348
RE1,MINSOL,SOL,2029,943.0667
RE1,MINSOL,SOL,2030,1148.1899
RE1,MINSOL,SOL,2031,1296.3025
RE1,MINSOL,SOL,2032,1296.3025
RE1,MINSOL,SOL,2033,1360.5995
RE1,MINSOL,SOL,2034,1383.4161
RE1,MINSOL,SOL,2035,1374.9119
RE1,MINSOL,SOL,2036,1368.6804
RE1,MINSOL,SOL,2037,1367.1714
RE1,MINSOL,SOL,2038,1411.6462
RE1,MINSOL,SOL,2039,1635.4722
RE1,MINSOL,SOL,2040,1858.243
RE1,MINSOL,SOL,2041,2051.141
RE1,MINSOL,SOL,2042,2219.0556
RE1,MINSOL,SOL,2043,2420.6547
RE1,MINSOL,SOL,2044,2435.5151
RE1,MINSOL,SOL,2045,2437.2804
RE1,MINSOL,SOL,2046,2430.2819
RE1,MINSOL,SOL,2047,2400.3063
RE1,MINSOL,SOL,2048,2379.6816
RE1,MINSOL,SOL,2049,2467.139
RE1,MINSOL,SOL,2050,2712.4867
RE1,MINSOL,SOL,2051,2807.69
RE1,MINSOL,SOL,2052,2877.308
RE1,MINSOL,SOL,2053,2944.8064
RE1,MINSOL,SOL,2054,3012.7865
RE1,MINSOL,SOL,2055,3276.5309
RE1,MINSOL,SOL,2056,3305.7342
RE1,MINSOL,SOL,2057,3335.1823
RE1,MINSOL,SOL,2058,3364.8407
RE1,MINSOL,SOL,2059,3394.7294
RE1,MINSOL,SOL,2060,3258.8864
RE1,MINSOL,SOL,2061,3332.2385
RE1,MINSOL,SOL,2062,3550.0569
RE1,MINSOL,SOL,2063,3708.0274
RE1,MINSOL,SOL,2064,3811.9527
RE1,MINSOL,SOL,2065,3940.6088
RE1,MINSOL,SOL,2066,4076.8273
RE1,MINSOL,SOL,2067,4123.43
RE1,MINSOL,SOL,2068,4166.2691
RE1,MINSOL,SOL,2069,4191.1192
RE1,MINSOL,SOL,2070,699.9029
RE1,MINWND,WND,2015,1.1747
RE1,MINWND,WND,2016,2.545
RE1,MINWND,WND,2017,3.1524
RE1,MINWND,WND,2018,5.5368
RE1,MINWND,WND,2019,7.5648
RE1,MINWND,WND,2020,7.5648
RE1,MINWND,WND,2021,7.7555
RE1,MINWND,WND,2022,7.7555
RE1,MINWND,WND,2023,7.7555
RE1,MINWND,WND,2024,7.7555
RE1,MINWND,WND,2025,7.7555
RE1,MINWND,WND,2026,7.7555
RE1,MINWND,WND,2027,7.7555
RE1,MINWND,WND,2028,7.7555
RE1,MINWND,WND,2029,7.7555
RE1,MINWND,WND,2030,7.7555
RE1,MINWND,WND,2031,7.7555
RE1,MINWND,WND,2032,16.762
RE1,MINWND,WND,2033,118.9432
RE1,MINWND,WND,2034,223.0651
RE1,MINWND,WND,2035,329.7783
RE1,MINWND,WND,2036,432.7815
RE1,MINWND,WND,2037,548.5642
RE1,MINWND,WND,2038,637.2112
RE1,MINWND,WND,2039,706.6082
RE1,MINWND,WND,2040,781.2607
RE1,MINWND,WND,2041,874.9888
RE1,MINWND,WND,2042,986.3181
RE1,MINWND,WND,2043,1084.9596
RE1,MINWND,WND,2044,1287.5292
RE1,MINWND,WND,2045,1512.382
RE1,MINWND,WND,2046,1727.3029
RE1,MINWND,WND,2047,1964.3885
RE1,MINWND,WND,2048,2191.3789
RE1,MINWND,WND,2049,2199.4992
RE1,MINWND,WND,2050,2197.4913
RE1,MINWND,WND,2051,2197.4913
RE1,MINWND,WND,2052,2197.4913
RE1,MINWND,WND,2053,2197.4913
RE1,MINWND,WND,2054,2197.4913
RE1,MINWND,WND,2055,2197.4913
RE1,MINWND,WND,2056,2197.4913
RE1,MINWND,WND,2057,2197.4913
RE1,MINWND,WND,2058,2197.4913
RE1,MINWND,WND,2059,2197.4913
RE1,MINWND,WND,2060,2197.4913
RE1,MINWND,WND,2061,2197.4913
RE1,MINWND,WND,2062,2188.4849
RE1,MINWND,WND,2063,2086.3036
RE1,MINWND,WND,2064,2063.5013
RE1,MINWND,WND,2065,2093.0272
RE1,MINWND,WND,2066,2122.678
RE1,MINWND,WND,2067,2157.5654
RE1,MINWND,WND,2068,2191.7601
RE1,MINWND,WND,2069,2224.1153
RE1,MINWND,WND,2070,5985.3034
RE1,PWRBIO001,ELC001,2015,65.3647
RE1,PWRBIO001,ELC001,2016,74.7151
RE1,PWRBIO001,ELC001,2017,84.0435
RE1,PWRBIO001,ELC001,2018,88.6748
RE1,PWRBIO001,ELC001,2019,88.6748
RE1,PWRBIO001,ELC001,2020,93.3938
RE1,PWRBIO001,ELC001,2021,98.069
RE1,PWRBIO001,ELC001,2022,98.069
RE1,PWRBIO001,ELC001,2023,98.069
RE1,PWRBIO001,ELC001,2024,98.069
RE1,PWRBIO001,ELC001,2025,49.0345
RE1,PWRBIO001,ELC001,2026,49.0345
RE1,PWRBIO001,ELC001,2027,49.0345
RE1,PWRBIO001,ELC001,2028,49.0345
RE1,PWRBIO001,ELC001,2029,59.862
RE1,PWRBIO001,ELC001,2030,85.8104
RE1,PWRBIO001,ELC001,2031,28.6163
RE1,PWRBIO001,ELC001,2032,27.6989
RE1,PWRBIO001,ELC001,2033,26.0122
RE1,PWRBIO001,ELC001,2034,25.9655
RE1,PWRBIO001,ELC001,2035,25.9655
RE1,PWRBIO001,ELC001,2036,31.1586
RE1,PWRBIO001,ELC001,2037,29.8603
RE1,PWRBIO001,ELC001,2038,28.459
RE1,PWRBIO001,ELC001,2039,29.1554
RE1,PWRBIO001,ELC001,2040,29.5244
RE1,PWRBIO001,ELC001,2041,29.2109
RE1,PWRBIO001,ELC001,2042,27.9456
RE1,PWRBIO001,ELC001,2043,27.586
RE1,PWRBIO001,ELC001,2044,27.2637
RE1,PWRBIO001,ELC001,2045,44.5728
RE1,PWRBIO001,ELC001,2046,26.4834
RE1,PWRBIO001,ELC001,2047,19.0918
RE1,PWRBIO001,ELC001,2048,16.253
RE1,PWRBIO001,ELC001,2049,17.0656
RE1,PWRCOA001,ELC001,2015,123.6759
RE1,PWRCOA001,ELC001,2016,123.6759
RE1,PWRCOA001,ELC001,2017,123.6759
RE1,PWRCOA001,ELC001,2018,123.6759
RE1,PWRCOA001,ELC001,2019,619.5815
RE1,PWRCOA001,ELC001,2020,649.0163
RE1,PWRCOA001,ELC001,2021,669.726
RE1,PWRCOA001,ELC001,2022,695.7476
RE1,PWRCOA001,ELC001,2023,721.7522
RE1,PWRCOA001,ELC001,2024,747.7397
RE1,PWRCOA001,ELC001,2025,603.121
RE1,PWRCOA001,ELC001,2026,590.7257
RE1,PWRCOA001,ELC001,2027,576.1905
RE1,PWRCOA001,ELC001,2028,559.5177
RE1,PWRCOA001,ELC001,2029,540.7094
RE1,PWRCOA001,ELC001,2030,519.768
RE1,PWRCOA001,ELC001,2031,540.8346
RE1,PWRCOA001,ELC001,2032,515.9456
RE1,PWRCOA001,ELC001,2033,490.438
RE1,PWRCOA001,ELC001,2034,464.1904
RE1,PWRCOA001,ELC001,2035,439.818
RE1,PWRCOA001,ELC001,2036,416.723
RE1,PWRCOA001,ELC001,2037,390.1209
RE1,PWRCOA001,ELC001,2038,380.4865
RE1,PWRCOA001,ELC001,2039,381.4977
RE1,PWRCOA001,ELC001,2040,382.5872
RE1,PWRCOA001,ELC001,2041,383.1433
RE1,PWRCOA001,ELC001,2042,377.1198
RE1,PWRCOA001,ELC001,2043,377.7882
RE1,PWRCOA001,ELC001,2044,335.0239
RE1,PWRCOA001,ELC001,2045,280.0624
RE1,PWRCOA001,ELC001,2046,234.4055
RE1,PWRCOA001,ELC001,2047,179.3254
RE1,PWRCOA001,ELC001,2048,121.2147
RE1,PWRCOA001,ELC001,2049,61.2669
RE1,PWRCSP002,ELC001,2015,0.0274
RE1,PWRCSP002,ELC001,2016,0.0274
RE1,PWRCSP002,ELC001,2017,0.0274
RE1,PWRCSP002,ELC001,2018,0.0274
RE1,PWRCSP002,ELC001,2019,0.0274
RE1,PWRCSP002,ELC001,2020,0.0274
RE1,PWRCSP002,ELC001,2021,0.0274
RE1,PWRCSP002,ELC001,2022,0.0274
RE1,PWRCSP002,ELC001,2023,0.0274
RE1,PWRCSP002,ELC001,2024,0.0274
RE1,PWRCSP002,ELC001,2025,0.0274
RE1,PWRCSP002,ELC001,2026,0.0274
RE1,PWRCSP002,ELC001,2027,0.0274
RE1,PWRCSP002,ELC001,2028,0.0274
RE1,PWRCSP002,ELC001,2029,0.0274
RE1,PWRCSP002,ELC001,2030,0.0274
RE1,PWRCSP002,ELC001,2031,0.0274
RE1,PWRCSP002,ELC001,2032,0.0274
RE1,PWRCSP002,ELC001,2033,0.0274
RE1,PWRCSP002,ELC001,2034,0.0274
RE1,PWRCSP002,ELC001,2035,0.0274
RE1,PWRCSP002,ELC001,2036,0.0274
RE1,PWRCSP002,ELC001,2037,0.0274
RE1,PWRCSP002,ELC001,2038,0.0274
RE1,PWRCSP002,ELC001,2039,0.0274
RE1,PWRCSP002,ELC001,2040,0.0274
RE1,PWRCSP002,ELC001,2041,0.0274
RE1,PWRCSP002,ELC001,2042,0.0274
RE1,PWRCSP002,ELC001,2043,0.0274
RE1,PWRDIST,ELC003,2015,668.4143
RE1,PWRDIST,ELC003,2016,706.2764
RE1,PWRDIST,ELC003,2017,739.1412
RE1,PWRDIST,ELC003,2018,772.1574
RE1,PWRDIST,ELC003,2019,804.5514
RE1,PWRDIST,ELC003,2020,836.9454
RE1,PWRDIST,ELC003,2021,861.7236
RE1,PWRDIST,ELC003,2022,886.5018
RE1,PWRDIST,ELC003,2023,911.2799
RE1,PWRDIST,ELC003,2024,936.0581
RE1,PWRDIST,ELC003,2025,1267.1449
RE1,PWRDIST,ELC003,2026,1311.3866
RE1,PWRDIST,ELC003,2027,1355.9642
RE1,PWRDIST,ELC003,2028,1443.9501
RE1,PWRDIST,ELC003,2029,1578.7339
RE1,PWRDIST,ELC003,2030,1783.127
RE1,PWRDIST,ELC003,2031,1903.916
RE1,PWRDIST,ELC003,2032,2035.2314
RE1,PWRDIST,ELC003,2033,2187.9421
RE1,PWRDIST,ELC003,2034,2351.4859
RE1,PWRDIST,ELC003,2035,2519.3714
RE1,PWRDIST,ELC003,2036,2713.2853
RE1,PWRDIST,ELC003,2037,2881.6231
RE1,PWRDIST,ELC003,2038,3103.0557
RE1,PWRDIST,ELC003,2039,3392.3043
RE1,PWRDIST,ELC003,2040,3683.7904
RE1,PWRDIST,ELC003,2041,3955.9743
RE1,PWRDIST,ELC003,2042,4213.2053
RE1,PWRDIST,ELC003,2043,4497.7062
RE1,PWRDIST,ELC003,2044,4657.4962
RE1,PWRDIST,ELC003,2045,4833.0027
RE1,PWRDIST,ELC003,2046,4971.3461
RE1,PWRDIST,ELC003,2047,5110.2343
RE1,PWRDIST,ELC003,2048,5249.0123
RE1,PWRDIST,ELC003,2049,5424.5027
RE1,PWRDIST,ELC003,2050,5583.0207
RE1,PWRDIST,ELC003,2051,5645.4474
RE1,PWRDIST,ELC003,2052,5711.5845
RE1,PWRDIST,ELC003,2053,5775.708
RE1,PWRDIST,ELC003,2054,5840.2892
RE1,PWRDIST,ELC003,2055,6090.8463
RE1,PWRDIST,ELC003,2056,6118.5894
RE1,PWRDIST,ELC003,2057,6146.5479
RE1,PWRDIST,ELC003,2058,6174.7234
RE1,PWRDIST,ELC003,2059,6203.1176
RE1,PWRDIST,ELC003,2060,6074.0839
RE1,PWRDIST,ELC003,2061,6129.2019
RE1,PWRDIST,ELC003,2062,6184.8126
RE1,PWRDIST,ELC003,2063,6217.2421
RE1,PWRDIST,ELC003,2064,6254.2578
RE1,PWRDIST,ELC003,2065,6306.7396
RE1,PWRDIST,ELC003,2066,6359.6808
RE1,PWRDIST,ELC003,2067,6413.086
RE1,PWRDIST,ELC003,2068,6466.9588
RE1,PWRDIST,ELC003,2069,6521.3039
RE1,PWRDIST,ELC003,2070,6757.1676
RE1,PWRGEO,ELC001,2025,0.1449
RE1,PWRGEO,ELC001,2026,0.1449
RE1,PWRGEO,ELC001,2027,0.1449
RE1,PWRGEO,ELC001,2028,0.1449
RE1,PWRGEO,ELC001,2029,0.1449
RE1,PWRGEO,ELC001,2030,0.1449
RE1,PWRGEO,ELC001,2031,0.1449
RE1,PWRGEO,ELC001,2032,0.1449
RE1,PWRGEO,ELC001,2033,0.1449
RE1,PWRGEO,ELC001,2034,0.1449
RE1,PWRGEO,ELC001,2035,0.1449
RE1,PWRGEO,ELC001,2036,0.1449
RE1,PWRGEO,ELC001,2037,0.1449
RE1,PWRGEO,ELC001,2038,0.1449
RE1,PWRGEO,ELC001,2039,0.1449
RE1,PWRGEO,ELC001,2040,0.1449
RE1,PWRGEO,ELC001,2041,0.1449
RE1,PWRGEO,ELC001,2042,0.1449
RE1,PWRGEO,ELC001,2043,0.1449
RE1,PWRGEO,ELC001,2044,0.1449
RE1,PWRGEO,ELC001,2045,0.1449
RE1,PWRGEO,ELC001,2046,0.1268
RE1,PWRGEO,ELC001,2047,0.1268
RE1,PWRGEO,ELC001,2048,0.1268
RE1,PWRGEO,ELC001,2049,0.1449
RE1,PWRGEO,ELC001,2050,0.1449
RE1,PWRGEO,ELC001,2051,0.1449
RE1,PWRGEO,ELC001,2052,0.1449
RE1,PWRGEO,ELC001,2053,0.1449
RE1,PWRGEO,ELC001,2054,0.1449
RE1,PWRGEO,ELC001,2055,0.1449
RE1,PWRGEO,ELC001,2056,0.1449
RE1,PWRGEO,ELC001,2057,0.1268
RE1,PWRGEO,ELC001,2058,0.1268
RE1,PWRGEO,ELC001,2059,0.1268
RE1,PWRGEO,ELC001,2060,0.1449
RE1,PWRGEO,ELC001,2061,0.1449
RE1,PWRGEO,ELC001,2062,0.1449
RE1,PWRGEO,ELC001,2063,0.1449
RE1,PWRGEO,ELC001,2064,0.1449
RE1,PWRGEO,ELC001,2065,0.1449
RE1,PWRGEO,ELC001,2066,0.1449
RE1,PWRGEO,ELC001,2067,0.1449
RE1,PWRGEO,ELC001,2068,0.1449
RE1,PWRGEO,ELC001,2069,0.1449
RE1,PWRHYD001,ELC001,2015,28.3385
RE1,PWRHYD001,ELC001,2016,28.3385
RE1,PWRHYD001,ELC001,2017,28.3385
RE1,PWRHYD001,ELC001,2018,28.3385
RE1,PWRHYD001,ELC001,2019,28.3385
RE1,PWRHYD001,ELC001,2020,28.3385
RE1,PWRHYD001,ELC001,2021,28.3385
RE1,PWRHYD001,ELC001,2022,28.3385
RE1,PWRHYD001,ELC001,2023,28.3385
RE1,PWRHYD001,ELC001,2024,28.3385
RE1,PWRHYD001,ELC001,2025,28.3385
RE1,PWRHYD001,ELC001,2026,28.3385
RE1,PWRHYD001,ELC001,2027,28.3385
RE1,PWRHYD001,ELC001,2028,28.3385
RE1,PWRHYD001,ELC001,2029,28.3385
RE1,PWRHYD001,ELC001,2030,33.9883
RE1,PWRHYD001,ELC001,2031,33.9883
RE1,PWRHYD001,ELC001,2032,33.9883
RE1,PWRHYD001,ELC001,2033,33.9883
RE1,PWRHYD001,ELC001,2034,33.9883
RE1,PWRHYD001,ELC001,2035,33.9883
RE1,PWRHYD001,ELC001,2036,33.9883
RE1,PWRHYD001,ELC001,2037,33.9883
RE1,PWRHYD001,ELC001,2038,33.9883
RE1,PWRHYD001,ELC001,2039,33.9883
RE1,PWRHYD001,ELC001,2040,33.9883
RE1,PWRHYD001,ELC001,2041,33.9883
RE1,PWRHYD001,ELC001,2042,33.9883
RE1,PWRHYD001,ELC001,2043,33.9883
RE1,PWRHYD001,ELC001,2044,33.9883
RE1,PWRHYD001,ELC001,2045,33.9883
RE1,PWRHYD001,ELC001,2046,33.9883
RE1,PWRHYD001,ELC001,2047,33.9883
RE1,PWRHYD001,ELC001,2048,33.1399
RE1,PWRHYD001,ELC001,2049,33.9883
RE1,PWRHYD001,ELC001,2050,33.9883
RE1,PWRHYD001,ELC001,2051,5.6497
RE1,PWRHYD001,ELC001,2052,5.6497
RE1,PWRHYD001,ELC001,2053,5.6497
RE1,PWRHYD001,ELC001,2054,5.6497
RE1,PWRHYD001,ELC001,2055,5.6497
RE1,PWRHYD001,ELC001,2056,5.6497
RE1,PWRHYD001,ELC001,2057,5.6497
RE1,PWRHYD001,ELC001,2058,5.6497
RE1,PWRHYD001,ELC001,2059,5.6497
RE1,PWRHYD001,ELC001,2060,5.6497
RE1,PWRHYD001,ELC001,2061,5.6497
RE1,PWRHYD001,ELC001,2062,5.6497
RE1,PWRHYD001,ELC001,2063,5.6497
RE1,PWRHYD001,ELC001,2064,33.9883
RE1,PWRHYD001,ELC001,2065,33.9883
RE1,PWRHYD001,ELC001,2066,33.9883
RE1,PWRHYD001,ELC001,2067,33.9883
RE1,PWRHYD001,ELC001,2068,33.9883
RE1,PWRHYD001,ELC001,2069,33.9883
RE1,PWRHYD001,ELC001,2070,15.8016
RE1,PWRHYD002,ELC001,2015,1.1526
RE1,PWRHYD002,ELC001,2016,1.1526
RE1,PWRHYD002,ELC001,2017,1.1526
RE1,PWRHYD002,ELC001,2018,1.1526
RE1,PWRHYD002,ELC001,2019,1.1526
RE1,PWRHYD002,ELC001,2020,1.1526
RE1,PWRHYD002,ELC001,2021,1.1526
RE1,PWRHYD002,ELC001,2022,1.1526
RE1,PWRHYD002,ELC001,2023,1.1526
RE1,PWRHYD002,ELC001,2024,1.1526
RE1,PWRHYD002,ELC001,2025,1.1526
RE1,PWRHYD002,ELC001,2026,1.1526
RE1,PWRHYD002,ELC001,2027,1.1526
RE1,PWRHYD002,ELC001,2028,1.1526
RE1,PWRHYD002,ELC001,2029,1.1526
RE1,PWRHYD002,ELC001,2030,1.3823
RE1,PWRHYD002,ELC001,2031,1.3823
RE1,PWRHYD002,ELC001,2032,1.3823
RE1,PWRHYD002,ELC001,2033,1.3823
RE1,PWRHYD002,ELC001,2034,1.3823
RE1,PWRHYD002,ELC001,2035,1.3823
RE1,PWRHYD002,ELC001,2036,1.3823
RE1,PWRHYD002,ELC001,2037,1.3823
RE1,PWRHYD002,ELC001,2038,1.3823
RE1,PWRHYD002,ELC001,2039,1.3823
RE1,PWRHYD002,ELC001,2040,1.3823
RE1,PWRHYD002,ELC001,2041,1.3823
RE1,PWRHYD002,ELC001,2042,1.3823
RE1,PWRHYD002,ELC001,2043,1.3823
RE1,PWRHYD002,ELC001,2044,1.3823
RE1,PWRHYD002,ELC001,2045,1.3823
RE1,PWRHYD002,ELC001,2046,1.3823
RE1,PWRHYD002,ELC001,2047,1.3823
RE1,PWRHYD002,ELC001,2048,1.3517
RE1,PWRHYD002,ELC001,2049,1.3823
RE1,PWRHYD002,ELC001,2050,1.3823
RE1,PWRHYD002,ELC001,2051,0.2298
RE1,PWRHYD002,ELC001,2052,0.2298
RE1,PWRHYD002,ELC001,2053,0.2298
RE1,PWRHYD002,ELC001,2054,0.2298
RE1,PWRHYD002,ELC001,2055,0.2298
RE1,PWRHYD002,ELC001,2056,0.2298
RE1,PWRHYD002,ELC001,2057,0.2298
RE1,PWRHYD002,ELC001,2058,0.2298
RE1,PWRHYD002,ELC001,2059,0.2298
RE1,PWRHYD002,ELC001,2060,0.2298
RE1,PWRHYD002,ELC001,2061,0.2298
RE1,PWRHYD002,ELC001,2062,0.2298
RE1,PWRHYD002,ELC001,2063,0.2298
RE1,PWRHYD002,ELC001,2064,1.3823
RE1,PWRHYD002,ELC001,2065,1.3823
RE1,PWRHYD002,ELC001,2066,1.3823
RE1,PWRHYD002,ELC001,2067,1.3823
RE1,PWRHYD002,ELC001,2068,1.3823
RE1,PWRHYD002,ELC001,2069,1.3823
RE1,PWRHYD002,ELC001,2070,0.6337
RE1,PWRHYD003,ELC001,2032,4.9061
RE1,PWRHYD003,ELC001,2033,4.9061
RE1,PWRHYD003,ELC001,2034,4.9061
RE1,PWRHYD003,ELC001,2035,4.9061
RE1,PWRHYD003,ELC001,2036,4.9061
RE1,PWRHYD003,ELC001,2037,4.9061
RE1,PWRHYD003,ELC001,2038,4.9061
RE1,PWRHYD003,ELC001,2039,4.9061
RE1,PWRHYD003,ELC001,2040,4.9061
RE1,PWRHYD003,ELC001,2041,4.9061
RE1,PWRHYD003,ELC001,2042,4.9061
RE1,PWRHYD003,ELC001,2043,4.9061
RE1,PWRHYD003,ELC001,2044,4.9061
RE1,PWRHYD003,ELC001,2045,4.9061
RE1,PWRHYD003,ELC001,2046,4.9061
RE1,PWRHYD003,ELC001,2047,4.9061
RE1,PWRHYD003,ELC001,2048,4.7972
RE1,PWRHYD003,ELC001,2049,4.9061
RE1,PWRHYD003,ELC001,2050,4.9061
RE1,PWRHYD003,ELC001,2051,4.9061
RE1,PWRHYD003,ELC001,2052,4.9061
RE1,PWRHYD003,ELC001,2053,4.9061
RE1,PWRHYD003,ELC001,2054,4.9061
RE1,PWRHYD003,ELC001,2055,4.9061
RE1,PWRHYD003,ELC001,2056,4.9061
RE1,PWRHYD003,ELC001,2057,4.9061
RE1,PWRHYD003,ELC001,2058,4.9061
RE1,PWRHYD003,ELC001,2059,4.9061
RE1,PWRHYD003,ELC001,2060,4.9061
RE1,PWRHYD003,ELC001,2061,4.9061
RE1,PWRHYD003,ELC001,2062,4.9061
RE1,PWRHYD003,ELC001,2063,4.9061
RE1,PWRHYD003,ELC001,2064,4.9061
RE1,PWRHYD003,ELC001,2065,4.9061
RE1,PWRHYD003,ELC001,2066,4.9061
RE1,PWRHYD003,ELC001,2067,4.9061
RE1,PWRHYD003,ELC001,2068,4.9061
RE1,PWRHYD003,ELC001,2069,4.9061
RE1,PWRHYD003,ELC001,2070,2.2922
RE1,PWRHYD004,ELC003,2032,0.5451
RE1,PWRHYD004,ELC003,2033,0.5451
RE1,PWRHYD004,ELC003,2034,0.5451
RE1,PWRHYD004,ELC003,2035,0.5451
RE1,PWRHYD004,ELC003,2036,0.5451
RE1,PWRHYD004,ELC003,2037,0.5451
RE1,PWRHYD004,ELC003,2038,0.5451
RE1,PWRHYD004,ELC003,2039,0.5451
RE1,PWRHYD004,ELC003,2040,0.5451
RE1,PWRHYD004,ELC003,2041,0.5451
RE1,PWRHYD004,ELC003,2042,0.5451
RE1,PWRHYD004,ELC003,2043,0.5451
RE1,PWRHYD004,ELC003,2044,0.5451
RE1,PWRHYD004,ELC003,2045,0.5451
RE1,PWRHYD004,ELC003,2046,0.5451
RE1,PWRHYD004,ELC003,2047,0.5451
RE1,PWRHYD004,ELC003,2048,0.5451
RE1,PWRHYD004,ELC003,2049,0.5451
RE1,PWRHYD004,ELC003,2050,0.5451
RE1,PWRHYD004,ELC003,2051,0.5451
RE1,PWRHYD004,ELC003,2052,0.5451
RE1,PWRHYD004,ELC003,2053,0.5451
RE1,PWRHYD004,ELC003,2054,0.5451
RE1,PWRHYD004,ELC003,2055,0.5451
RE1,PWRHYD004,ELC003,2056,0.5451
RE1,PWRHYD004,ELC003,2057,0.5451
RE1,PWRHYD004,ELC003,2058,0.5451
RE1,PWRHYD004,ELC003,2059,0.5451
RE1,PWRHYD004,ELC003,2060,0.5451
RE1,PWRHYD004,ELC003,2061,0.5451
RE1,PWRHYD004,ELC003,2062,0.5451
RE1,PWRHYD004,ELC003,2063,0.5451
RE1,PWRHYD004,ELC003,2064,0.5451
RE1,PWRHYD004,ELC003,2065,0.5451
RE1,PWRHYD004,ELC003,2066,0.5451
RE1,PWRHYD004,ELC003,2067,0.5451
RE1,PWRHYD004,ELC003,2068,0.5451
RE1,PWRHYD004,ELC003,2069,0.5451
RE1,PWRHYD004,ELC003,2070,0.5451
RE1,PWRNGS001,ELC001,2015,439.0405
RE1,PWRNGS001,ELC001,2016,440.3042
RE1,PWRNGS001,ELC001,2017,445.6318
RE1,PWRNGS001,ELC001,2018,463.8837
RE1,PWRNGS001,ELC001,2039,9.5645
RE1,PWRNGS001,ELC001,2040,17.3423
RE1,PWRNGS001,ELC001,2041,16.556
RE1,PWRNGS001,ELC001,2042,14.7164
RE1,PWRNGS001,ELC001,2043,12.8769
RE1,PWRNGS001,ELC001,2044,5.5187
RE1,PWRNUC,ELC001,2070,0.0
RE1,PWRSOL001,ELC001,2015,8.5041
RE1,PWRSOL001,ELC001,2016,14.7357
RE1,PWRSOL001,ELC001,2017,16.2447
RE1,PWRSOL001,ELC001,2018,17.8379
RE1,PWRSOL001,ELC001,2019,17.9642
RE1,PWRSOL001,ELC001,2020,17.9642
RE1,PWRSOL001,ELC001,2021,18.4271
RE1,PWRSOL001,ELC001,2022,18.4271
RE1,PWRSOL001,ELC001,2023,18.4271
RE1,PWRSOL001,ELC001,2024,18.4271
RE1,PWRSOL001,ELC001,2025,562.9737
RE1,PWRSOL001,ELC001,2026,621.865
RE1,PWRSOL001,ELC001,2027,683.2219
RE1,PWRSOL001,ELC001,2028,792.7074
RE1,PWRSOL001,ELC001,2029,943.0392
RE1,PWRSOL001,ELC001,2030,1148.1625
RE1,PWRSOL001,ELC001,2031,1296.2751
RE1,PWRSOL001,ELC001,2032,1296.2751
RE1,PWRSOL001,ELC001,2033,1360.572
RE1,PWRSOL001,ELC001,2034,1383.3887
RE1,PWRSOL001,ELC001,2035,1374.8845
RE1,PWRSOL001,ELC001,2036,1368.653
RE1,PWRSOL001,ELC001,2037,1367.1439
RE1,PWRSOL001,ELC001,2038,1411.6188
RE1,PWRSOL001,ELC001,2039,1635.4448
RE1,PWRSOL001,ELC001,2040,1858.2156
RE1,PWRSOL001,ELC001,2041,2051.1135
RE1,PWRSOL001,ELC001,2042,2219.0281
RE1,PWRSOL001,ELC001,2043,2420.6273
RE1,PWRSOL001,ELC001,2044,2435.5151
RE1,PWRSOL001,ELC001,2045,2437.2804
RE1,PWRSOL001,ELC001,2046,2430.2819
RE1,PWRSOL001,ELC001,2047,2400.3063
RE1,PWRSOL001,ELC001,2048,2379.6816
RE1,PWRSOL001,ELC001,2049,2467.139
RE1,PWRSOL001,ELC001,2050,2712.4867
RE1,PWRSOL001,ELC001,2051,2807.69
RE1,PWRSOL001,ELC001,2052,2877.308
RE1,PWRSOL001,ELC001,2053,2944.8064
RE1,PWRSOL001,ELC001,2054,3012.7865
RE1,PWRSOL001,ELC001,2055,3276.5309
RE1,PWRSOL001,ELC001,2056,3305.7342
RE1,PWRSOL001,ELC001,2057,3335.1823
RE1,PWRSOL001,ELC001,2058,3364.8407
RE1,PWRSOL001,ELC001,2059,3394.7294
RE1,PWRSOL001,ELC001,2060,3258.8864
RE1,PWRSOL001,ELC001,2061,3332.2385
RE1,PWRSOL001,ELC001,2062,3550.0569
RE1,PWRSOL001,ELC001,2063,3708.0274
RE1,PWRSOL001,ELC001,2064,3811.9527
RE1,PWRSOL001,ELC001,2065,3940.6088
RE1,PWRSOL001,ELC001,2066,4076.8273
RE1,PWRSOL001,ELC001,2067,4123.43
RE1,PWRSOL001,ELC001,2068,4166.2691
RE1,PWRSOL001,ELC001,2069,4191.1192
RE1,PWRSOL001,ELC001,2070,699.9029
RE1,PWRSOL001S,ELC001,2031,15.3331
RE1,PWRSOL001S,ELC001,2032,165.6077
RE1,PWRSOL001S,ELC001,2033,187.2606
RE1,PWRSOL001S,ELC001,2034,258.9107
RE1,PWRSOL001S,ELC001,2035,361.8487
RE1,PWRSOL001S,ELC001,2036,487.1616
RE1,PWRSOL001S,ELC001,2037,577.8017
RE1,PWRSOL001S,ELC001,2038,688.7213
RE1,PWRSOL001S,ELC001,2039,688.7213
RE1,PWRSOL001S,ELC001,2040,688.7213
RE1,PWRSOL001S,ELC001,2041,688.7213
RE1,PWRSOL001S,ELC001,2042,688.7213
RE1,PWRSOL001S,ELC001,2043,688.7213
RE1,PWRSOL001S,ELC001,2044,688.7213
RE1,PWRSOL001S,ELC001,2045,688.7213
RE1,PWRSOL001S,ELC001,2046,688.7213
RE1,PWRSOL001S,ELC001,2047,688.7213
RE1,PWRSOL001S,ELC001,2048,688.7213
RE1,PWRSOL001S,ELC001,2049,834.2644
RE1,PWRSOL001S,ELC001,2050,834.2644
RE1,PWRSOL001S,ELC001,2051,834.2644
RE1,PWRSOL001S,ELC001,2052,834.2644
RE1,PWRSOL001S,ELC001,2053,834.2644
RE1,PWRSOL001S,ELC001,2054,834.2644
RE1,PWRSOL001S,ELC001,2055,834.2644
RE1,PWRSOL001S,ELC001,2056,834.2644
RE1,PWRSOL001S,ELC001,2057,834.2644
RE1,PWRSOL001S,ELC001,2058,834.2644
RE1,PWRSOL001S,ELC001,2059,834.2644
RE1,PWRSOL001S,ELC001,2060,834.2644
RE1,PWRSOL001S,ELC001,2061,818.9313
RE1,PWRSOL001S,ELC001,2062,668.6567
RE1,PWRSOL001S,ELC001,2063,647.0039
RE1,PWRSOL001S,ELC001,2064,575.3537
RE1,PWRSOL001S,ELC001,2065,472.4157
RE1,PWRSOL001S,ELC001,2066,362.2741
RE1,PWRSOL001S,ELC001,2067,336.9999
RE1,PWRSOL001S,ELC001,2068,316.6743
RE1,PWRSOL001S,ELC001,2069,316.6743
RE1,PWRSOL001S,ELC001,2070,316.6743
RE1,PWRTRN,ELC002,2015,668.4143
RE1,PWRTRN,ELC002,2016,706.2764
RE1,PWRTRN,ELC002,2017,739.1411
RE1,PWRTRN,ELC002,2018,772.1574
RE1,PWRTRN,ELC002,2019,804.5514
RE1,PWRTRN,ELC002,2020,836.9454
RE1,PWRTRN,ELC002,2021,861.7236
RE1,PWRTRN,ELC002,2022,886.5018
RE1,PWRTRN,ELC002,2023,911.2799
RE1,PWRTRN,ELC002,2024,936.0581
RE1,PWRTRN,ELC002,2025,1267.1449
RE1,PWRTRN,ELC002,2026,1311.3866
RE1,PWRTRN,ELC002,2027,1355.9642
RE1,PWRTRN,ELC002,2028,1443.9501
RE1,PWRTRN,ELC002,2029,1578.7339
RE1,PWRTRN,ELC002,2030,1783.127
RE1,PWRTRN,ELC002,2031,1903.916
RE1,PWRTRN,ELC002,2032,2035.2314
RE1,PWRTRN,ELC002,2033,2187.9421
RE1,PWRTRN,ELC002,2034,2351.4859
RE1,PWRTRN,ELC002,2035,2519.3714
RE1,PWRTRN,ELC002,2036,2713.2853
RE1,PWRTRN,ELC002,2037,2881.6231
RE1,PWRTRN,ELC002,2038,3103.0557
RE1,PWRTRN,ELC002,2039,3392.3043
RE1,PWRTRN,ELC002,2040,3683.7904
RE1,PWRTRN,ELC002,2041,3955.9743
RE1,PWRTRN,ELC002,2042,4213.2054
RE1,PWRTRN,ELC002,2043,4497.7062
RE1,PWRTRN,ELC002,2044,4657.4962
RE1,PWRTRN,ELC002,2045,4833.0027
RE1,PWRTRN,ELC002,2046,4971.3461
RE1,PWRTRN,ELC002,2047,5110.2343
RE1,PWRTRN,ELC002,2048,5249.0123
RE1,PWRTRN,ELC002,2049,5424.5027
RE1,PWRTRN,ELC002,2050,5583.0207
RE1,PWRTRN,ELC002,2051,5645.4473
RE1,PWRTRN,ELC002,2052,5711.5845
RE1,PWRTRN,ELC002,2053,5775.708
RE1,PWRTRN,ELC002,2054,5840.2891
RE1,PWRTRN,ELC002,2055,6090.8462
RE1,PWRTRN,ELC002,2056,6118.5895
RE1,PWRTRN,ELC002,2057,6146.5478
RE1,PWRTRN,ELC002,2058,6174.7233
RE1,PWRTRN,ELC002,2059,6203.1175
RE1,PWRTRN,ELC002,2060,6074.0839
RE1,PWRTRN,ELC002,2061,6129.2019
RE1,PWRTRN,ELC002,2062,6184.8126
RE1,PWRTRN,ELC002,2063,6217.2422
RE1,PWRTRN,ELC002,2064,6254.2576
RE1,PWRTRN,ELC002,2065,6306.7394
RE1,PWRTRN,ELC002,2066,6359.6809
RE1,PWRTRN,ELC002,2067,6413.086
RE1,PWRTRN,ELC002,2068,6466.9589
RE1,PWRTRN,ELC002,2069,6521.3039
RE1,PWRTRN,ELC002,2070,6757.1676
RE1,PWRTRNIMP,ELC001,2015,52.0
RE1,PWRTRNIMP,ELC001,2016,71.0
RE1,PWRTRNIMP,ELC001,2017,88.0
RE1,PWRTRNIMP,ELC001,2018,96.0
RE1,PWRTRNIMP,ELC001,2019,96.0
RE1,PWRTRNIMP,ELC001,2020,96.0
RE1,PWRTRNIMP,ELC001,2021,96.0
RE1,PWRTRNIMP,ELC001,2022,96.0
RE1,PWRTRNIMP,ELC001,2023,96.0
RE1,PWRTRNIMP,ELC001,2024,96.0
RE1,PWRTRNIMP,ELC001,2025,96.0
RE1,PWRTRNIMP,ELC001,2026,96.0
RE1,PWRTRNIMP,ELC001,2027,96.0
RE1,PWRTRNIMP,ELC001,2028,96.0
RE1,PWRTRNIMP,ELC001,2029,96.0
RE1,PWRTRNIMP,ELC001,2030,96.0
RE1,PWRTRNIMP,ELC001,2031,96.0
RE1,PWRTRNIMP,ELC001,2032,96.0
RE1,PWRTRNIMP,ELC001,2033,96.0
RE1,PWRTRNIMP,ELC001,2034,96.0
RE1,PWRTRNIMP,ELC001,2035,96.0
RE1,PWRTRNIMP,ELC001,2036,96.0
RE1,PWRTRNIMP,ELC001,2037,96.0
RE1,PWRTRNIMP,ELC001,2038,96.0
RE1,PWRTRNIMP,ELC001,2039,96.0
RE1,PWRTRNIMP,ELC001,2040,96.0
RE1,PWRTRNIMP,ELC001,2041,96.0
RE1,PWRTRNIMP,ELC001,2042,96.0
RE1,PWRTRNIMP,ELC001,2043,96.0
RE1,PWRTRNIMP,ELC001,2044,96.0
RE1,PWRTRNIMP,ELC001,2045,96.0
RE1,PWRTRNIMP,ELC001,2046,96.0
RE1,PWRTRNIMP,ELC001,2047,96.0
RE1,PWRTRNIMP,ELC001,2048,96.0
RE1,PWRTRNIMP,ELC001,2049,96.0
RE1,PWRTRNIMP,ELC001,2050,96.0
RE1,PWRTRNIMP,ELC001,2051,96.0
RE1,PWRTRNIMP,ELC001,2052,96.0
RE1,PWRTRNIMP,ELC001,2053,96.0
RE1,PWRTRNIMP,ELC001,2054,96.0
RE1,PWRTRNIMP,ELC001,2055,96.0
RE1,PWRTRNIMP,ELC001,2056,96.0
RE1,PWRTRNIMP,ELC001,2057,96.0
RE1,PWRTRNIMP,ELC001,2058,96.0
RE1,PWRTRNIMP,ELC001,2059,96.0
RE1,PWRTRNIMP,ELC001,2060,96.0
RE1,PWRTRNIMP,ELC001,2061,96.0
RE1,PWRTRNIMP,ELC001,2062,96.0
RE1,PWRTRNIMP,ELC001,2063,96.0
RE1,PWRTRNIMP,ELC001,2064,96.0
RE1,PWRTRNIMP,ELC001,2065,96.0
RE1,PWRTRNIMP,ELC001,2066,96.0
RE1,PWRTRNIMP,ELC001,2067,96.0
RE1,PWRTRNIMP,ELC001,2068,96.0
RE1,PWRTRNIMP,ELC001,2069,96.0
RE1,PWRTRNIMP,ELC001,2070,96.0
RE1,PWRWND001,ELC001,2015,1.1747
RE1,PWRWND001,ELC001,2016,2.545
RE1,PWRWND001,ELC001,2017,3.1524
RE1,PWRWND001,ELC001,2018,5.5368
RE1,PWRWND001,ELC001,2019,7.5648
RE1,PWRWND001,ELC001,2020,7.5648
RE1,PWRWND001,ELC001,2021,7.7555
RE1,PWRWND001,ELC001,2022,7.7555
RE1,PWRWND001,ELC001,2023,7.7555
RE1,PWRWND001,ELC001,2024,7.7555
RE1,PWRWND001,ELC001,2025,7.7555
RE1,PWRWND001,ELC001,2026,7.7555
RE1,PWRWND001,ELC001,2027,7.7555
RE1,PWRWND001,ELC001,2028,7.7555
RE1,PWRWND001,ELC001,2029,7.7555
RE1,PWRWND001,ELC001,2030,7.7555
RE1,PWRWND001,ELC001,2031,7.7555
RE1,PWRWND001,ELC001,2032,16.762
RE1,PWRWND001,ELC001,2033,118.9432
RE1,PWRWND001,ELC001,2034,223.0651
RE1,PWRWND001,ELC001,2035,329.7783
RE1,PWRWND001,ELC001,2036,432.7815
RE1,PWRWND001,ELC001,2037,548.5642
RE1,PWRWND001,ELC001,2038,637.2112
RE1,PWRWND001,ELC001,2039,706.6082
RE1,PWRWND001,ELC001,2040,781.2607
RE1,PWRWND001,ELC001,2041,874.9888
RE1,PWRWND001,ELC001,2042,986.3181
RE1,PWRWND001,ELC001,2043,1084.9596
RE1,PWRWND001,ELC001,2044,1287.5292
RE1,PWRWND001,ELC001,2045,1512.382
RE1,PWRWND001,ELC001,2046,1512.382
RE1,PWRWND001,ELC001,2047,1508.5419
RE1,PWRWND001,ELC001,2048,1501.9556
RE1,PWRWND001,ELC001,2049,1508.0048
RE1,PWRWND001,ELC001,2050,1505.9969
RE1,PWRWND001,ELC001,2051,1505.9969
RE1,PWRWND001,ELC001,2052,1505.9969
RE1,PWRWND001,ELC001,2053,1505.9969
RE1,PWRWND001,ELC001,2054,1505.9969
RE1,PWRWND001,ELC001,2055,1505.9969
RE1,PWRWND001,ELC001,2056,1505.9969
RE1,PWRWND001,ELC001,2057,1505.9969
RE1,PWRWND001,ELC001,2058,1505.9969
RE1,PWRWND001,ELC001,2059,1505.9969
RE1,PWRWND001,ELC001,2060,1505.9969
RE1,PWRWND001,ELC001,2061,1505.9969
RE1,PWRWND001,ELC001,2062,1496.9905
RE1,PWRWND001,ELC001,2063,1394.8092
RE1,PWRWND001,ELC001,2064,1290.6873
RE1,PWRWND001,ELC001,2065,1183.9741
RE1,PWRWND001,ELC001,2066,1079.6005
RE1,PWRWND001,ELC001,2067,963.8178
RE1,PWRWND001,ELC001,2068,875.1708
RE1,PWRWND001,ELC001,2069,805.7738
RE1,PWRWND001,ELC001,2070,4566.9618
RE1,PWRWND002,ELC001,2046,214.9209
RE1,PWRWND002,ELC001,2047,455.8466
RE1,PWRWND002,ELC001,2048,689.4233
RE1,PWRWND002,ELC001,2049,691.4944
RE1,PWRWND002,ELC001,2050,691.4944
RE1,PWRWND002,ELC001,2051,691.4944
RE1,PWRWND002,ELC001,2052,691.4944
RE1,PWRWND002,ELC001,2053,691.4944
RE1,PWRWND002,ELC001,2054,691.4944
RE1,PWRWND002,ELC001,2055,691.4944
RE1,PWRWND002,ELC001,2056,691.4944
RE1,PWRWND002,ELC001,2057,691.4944
RE1,PWRWND002,ELC001,2058,691.4944
RE1,PWRWND002,ELC001,2059,691.4944
RE1,PWRWND002,ELC001,2060,691.4944
RE1,PWRWND002,ELC001,2061,691.4944
RE1,PWRWND002,ELC001,2062,691.4944
RE1,PWRWND002,ELC001,2063,691.4944
RE1,PWRWND002,ELC001,2064,772.8139
RE1,PWRWND002,ELC001,2065,909.0531
RE1,PWRWND002,ELC001,2066,1043.0774
RE1,PWRWND002,ELC001,2067,1193.7475
RE1,PWRWND002,ELC001,2068,1316.5893
RE1,PWRWND002,ELC001,2069,1418.3415
RE1,PWRWND002,ELC001,2070,1418.3415
RE1,RESENEFFDP,RESELC,2025,229.221
RE1,RESENEFFDP,RESELC,2026,235.7357
RE1,RESENEFFDP,RESELC,2027,242.2505
RE1,RESENEFFDP,RESELC,2028,247.756
RE1,RESENEFFDP,RESELC,2029,249.3239
RE1,RESENEFFDP,RESELC,2030,263.8975
RE1,RESENEFFDP,RESELC,2031,271.4036
RE1,RESENEFFDP,RESELC,2032,280.2704
RE1,RESENEFFDP,RESELC,2033,287.8131
RE1,RESENEFFDP,RESELC,2034,295.3559
RE1,RESENEFFDP,RESELC,2035,301.428
RE1,RESENEFFDP,RESELC,2036,307.4709
RE1,RESENEFFDP,RESELC,2037,313.5139
RE1,RESENEFFDP,RESELC,2038,319.5568
RE1,RESENEFFDP,RESELC,2039,325.5997
RE1,RESENEFFDP,RESELC,2040,331.6426
RE1,RESENEFFDP,RESELC,2041,337.56
RE1,RESENEFFDP,RESELC,2042,343.4775
RE1,RESENEFFDP,RESELC,2043,349.395
RE1,RESENEFFDP,RESELC,2044,355.3125
RE1,RESENEFFDP,RESELC,2045,362.9923
RE1,RESENEFFDP,RESELC,2046,365.3503
RE1,RESENEFFDP,RESELC,2047,369.4707
RE1,RESENEFFDP,RESELC,2048,375.4136
RE1,RESENEFFDP,RESELC,2049,379.5541
RE1,RESENEFFDP,RESELC,2050,363.0373
RE1,RESENEFFDP,RESELC,2051,350.1633
RE1,RESENEFFDP,RESELC,2052,333.7884
RE1,RESENEFFDP,RESELC,2053,320.0618
RE1,RESENEFFDP,RESELC,2054,306.3351
RE1,RESENEFFDP,RESELC,2055,195.2313
RE1,RESENEFFDP,RESELC,2056,204.5939
RE1,RESENEFFDP,RESELC,2057,210.4872
RE1,RESENEFFDP,RESELC,2058,223.3386
RE1,RESENEFFDP,RESELC,2059,366.4445
RE1,RESENEFFDP,RESELC,2060,399.5323
RE1,RESENEFFDP,RESELC,2061,399.5323
RE1,RESENEFFDP,RESELC,2062,399.5323
RE1,RESENEFFDP,RESELC,2063,417.6906
RE1,RESENEFFDP,RESELC,2064,445.9841
RE1,RESENEFFDP,RESELC,2065,450.959
RE1,RESENEFFDP,RESELC,2066,455.9893
RE1,RESENEFFDP,RESELC,2067,461.0758
RE1,RESENEFFDP,RESELC,2068,466.219
RE1,RESENEFFDP,RESELC,2069,471.4197
RE1,RESENEFFDP,RESELC,2070,446.4045
RE1,UPSREF001,HFO,2024,214.165
RE1,UPSREF001,LFO,2024,1927.485
