r,t,y,TotalTechnologyAnnualActivity
RE1,MINOIL,2024,2141.65
RE1,MINBIO,2015,1083.0722
RE1,MINBIO,2016,1039.3007
RE1,MINBIO,2017,1077.9026
RE1,MINBIO,2018,1116.6382
RE1,MINBIO,2019,1137.3916
RE1,MINBIO,2020,1170.5173
RE1,MINBIO,2021,1197.7543
RE1,MINBIO,2022,1212.6692
RE1,MINBIO,2023,1227.5592
RE1,MINBIO,2024,1242.4259
RE1,MINBIO,2025,1047.7255
RE1,MINBIO,2026,1018.9087
RE1,MINBIO,2027,988.9821
RE1,MINBIO,2028,957.9491
RE1,MINBIO,2029,925.8129
RE1,MINBIO,2030,892.5765
RE1,MINBIO,2031,748.3743
RE1,MINBIO,2032,717.779
RE1,MINBIO,2033,686.1887
RE1,MINBIO,2034,653.6075
RE1,MINBIO,2035,620.0393
RE1,MINBIO,2036,584.6656
RE1,MINBIO,2037,548.4332
RE1,MINBIO,2038,511.3438
RE1,MINBIO,2039,473.3993
RE1,MINBIO,2040,434.6014
RE1,MINBIO,2041,395.0202
RE1,MINBIO,2042,354.5741
RE1,MINBIO,2043,313.2644
RE1,MINBIO,2044,271.0921
RE1,MINBIO,2045,228.0583
RE1,MINBIO,2046,180.483
RE1,MINBIO,2047,133.8949
RE1,MINBIO,2048,88.6243
RE1,MINBIO,2049,44.8825
RE1,IMPCOA,2027,649.3658
RE1,IMPCOA,2028,2733.0321
RE1,IMPCOA,2029,2683.011
RE1,IMPCOA,2030,2625.8728
RE1,IMPCOA,2031,2707.3818
RE1,IMPCOA,2032,2635.8366
RE1,IMPCOA,2033,2556.357
RE1,IMPCOA,2034,2468.9526
RE1,IMPCOA,2035,2387.7923
RE1,IMPCOA,2036,2284.8536
RE1,IMPCOA,2037,2165.0587
RE1,IMPCOA,2038,2038.6714
RE1,IMPCOA,2039,1872.401
RE1,IMPCOA,2040,1705.4694
RE1,IMPCOA,2041,1560.6619
RE1,IMPCOA,2042,1412.5128
RE1,IMPCOA,2043,1258.0348
RE1,IMPCOA,2044,1115.6297
RE1,IMPCOA,2045,960.7611
RE1,IMPCOA,2046,781.5618
RE1,IMPCOA,2047,597.1535
RE1,IMPCOA,2048,403.645
RE1,IMPCOA,2049,204.0188
RE1,MINCOA,2015,1201.8755
RE1,MINCOA,2016,1120.3443
RE1,MINCOA,2017,1132.6139
RE1,MINCOA,2018,1153.041
RE1,MINCOA,2019,2821.0437
RE1,MINCOA,2020,2935.6729
RE1,MINCOA,2021,3016.1628
RE1,MINCOA,2022,3114.3238
RE1,MINCOA,2023,3212.4118
RE1,MINCOA,2024,3310.4279
RE1,MINCOA,2025,2840.3108
RE1,MINCOA,2026,2811.6903
RE1,MINCOA,2027,2126.5622
RE1,IMPLFO,2015,5550.8604
RE1,IMPLFO,2016,5742.9386
RE1,IMPLFO,2017,5873.1208
RE1,IMPLFO,2018,6018.0954
RE1,IMPLFO,2019,6157.2481
RE1,IMPLFO,2020,6296.354
RE1,IMPLFO,2021,6407.2812
RE1,IMPLFO,2022,6518.1765
RE1,IMPLFO,2023,6629.0418
RE1,IMPLFO,2024,4812.3939
RE1,IMPLFO,2025,5155.3183
RE1,IMPLFO,2026,5247.4693
RE1,IMPLFO,2027,5339.605
RE1,IMPLFO,2028,5294.9437
RE1,IMPLFO,2029,5140.4866
RE1,IMPLFO,2030,4977.8011
RE1,IMPLFO,2031,4793.8055
RE1,IMPLFO,2032,4602.9546
RE1,IMPLFO,2033,4405.2537
RE1,IMPLFO,2034,4200.7078
RE1,IMPLFO,2035,3989.3214
RE1,IMPLFO,2036,3766.8365
RE1,IMPLFO,2037,3538.1331
RE1,IMPLFO,2038,3303.2135
RE1,IMPLFO,2039,3061.8231
RE1,IMPLFO,2040,2814.2673
RE1,IMPLFO,2041,2559.2651
RE1,IMPLFO,2042,2298.3873
RE1,IMPLFO,2043,2031.6353
RE1,IMPLFO,2044,1759.0106
RE1,IMPLFO,2045,1480.5143
RE1,IMPLFO,2046,1193.5769
RE1,IMPLFO,2047,902.0562
RE1,IMPLFO,2048,605.9529
RE1,IMPLFO,2049,305.2673
RE1,UPSREF001,2024,2141.65
RE1,MINNGS,2015,794.6634
RE1,MINNGS,2016,796.9507
RE1,MINNGS,2017,806.5935
RE1,MINNGS,2018,839.6294
RE1,MINNGS,2039,17.3117
RE1,MINNGS,2040,31.3895
RE1,MINNGS,2041,29.9663
RE1,MINNGS,2042,26.6367
RE1,MINNGS,2043,23.3071
RE1,MINNGS,2044,9.9888
RE1,MINSOL,2015,8.5316
RE1,MINSOL,2016,14.7631
RE1,MINSOL,2017,16.2722
RE1,MINSOL,2018,17.8654
RE1,MINSOL,2019,17.9916
RE1,MINSOL,2020,17.9916
RE1,MINSOL,2021,18.4546
RE1,MINSOL,2022,18.4546
RE1,MINSOL,2023,18.4546
RE1,MINSOL,2024,18.4546
RE1,MINSOL,2025,563.0011
RE1,MINSOL,2026,621.8924
RE1,MINSOL,2027,683.2494
RE1,MINSOL,2028,792.7348
RE1,MINSOL,2029,943.0667
RE1,MINSOL,2030,1148.1899
RE1,MINSOL,2031,1296.3025
RE1,MINSOL,2032,1296.3025
RE1,MINSOL,2033,1360.5995
RE1,MINSOL,2034,1383.4161
RE1,MINSOL,2035,1374.912
RE1,MINSOL,2036,1368.6804
RE1,MINSOL,2037,1367.1714
RE1,MINSOL,2038,1411.6462
RE1,MINSOL,2039,1635.4722
RE1,MINSOL,2040,1858.243
RE1,MINSOL,2041,2051.1409
RE1,MINSOL,2042,2219.0556
RE1,MINSOL,2043,2420.6547
RE1,MINSOL,2044,2435.5151
RE1,MINSOL,2045,2437.2804
RE1,MINSOL,2046,2430.2819
RE1,MINSOL,2047,2400.3063
RE1,MINSOL,2048,2379.6816
RE1,MINSOL,2049,2467.139
RE1,MINSOL,2050,2712.4867
RE1,MINSOL,2051,2807.69
RE1,MINSOL,2052,2877.308
RE1,MINSOL,2053,2944.8064
RE1,MINSOL,2054,3012.7865
RE1,MINSOL,2055,3276.5309
RE1,MINSOL,2056,3305.7342
RE1,MINSOL,2057,3335.1823
RE1,MINSOL,2058,3364.8407
RE1,MINSOL,2059,3394.7294
RE1,MINSOL,2060,3258.8864
RE1,MINSOL,2061,3332.2385
RE1,MINSOL,2062,3550.0569
RE1,MINSOL,2063,3708.0274
RE1,MINSOL,2064,3811.9527
RE1,MINSOL,2065,3940.6088
RE1,MINSOL,2066,4076.8273
RE1,MINSOL,2067,4123.43
RE1,MINSOL,2068,4166.2691
RE1,MINSOL,2069,4191.1192
RE1,MINSOL,2070,699.9029
RE1,MINWND,2015,1.1746
RE1,MINWND,2016,2.545
RE1,MINWND,2017,3.1524
RE1,MINWND,2018,5.5368
RE1,MINWND,2019,7.5648
RE1,MINWND,2020,7.5648
RE1,MINWND,2021,7.7555
RE1,MINWND,2022,7.7555
RE1,MINWND,2023,7.7555
RE1,MINWND,2024,7.7555
RE1,MINWND,2025,7.7555
RE1,MINWND,2026,7.7555
RE1,MINWND,2027,7.7555
RE1,MINWND,2028,7.7555
RE1,MINWND,2029,7.7555
RE1,MINWND,2030,7.7555
RE1,MINWND,2031,7.7555
RE1,MINWND,2032,16.7619
RE1,MINWND,2033,118.9432
RE1,MINWND,2034,223.0651
RE1,MINWND,2035,329.7783
RE1,MINWND,2036,432.7815
RE1,MINWND,2037,548.5642
RE1,MINWND,2038,637.2112
RE1,MINWND,2039,706.6082
RE1,MINWND,2040,781.2607
RE1,MINWND,2041,874.9889
RE1,MINWND,2042,986.318
RE1,MINWND,2043,1084.9596
RE1,MINWND,2044,1287.5292
RE1,MINWND,2045,1512.382
RE1,MINWND,2046,1727.3029
RE1,MINWND,2047,1964.3885
RE1,MINWND,2048,2191.3789
RE1,MINWND,2049,2199.4992
RE1,MINWND,2050,2197.4913
RE1,MINWND,2051,2197.4913
RE1,MINWND,2052,2197.4913
RE1,MINWND,2053,2197.4913
RE1,MINWND,2054,2197.4913
RE1,MINWND,2055,2197.4913
RE1,MINWND,2056,2197.4913
RE1,MINWND,2057,2197.4913
RE1,MINWND,2058,2197.4913
RE1,MINWND,2059,2197.4913
RE1,MINWND,2060,2197.4913
RE1,MINWND,2061,2197.4913
RE1,MINWND,2062,2188.4849
RE1,MINWND,2063,2086.3036
RE1,MINWND,2064,2063.5013
RE1,MINWND,2065,2093.0272
RE1,MINWND,2066,2122.678
RE1,MINWND,2067,2157.5654
RE1,MINWND,2068,2191.7601
RE1,MINWND,2069,2224.1153
RE1,MINWND,2070,5985.3033
RE1,MINGEO,2025,1.4486
RE1,MINGEO,2026,1.4486
RE1,MINGEO,2027,1.4486
RE1,MINGEO,2028,1.4486
RE1,MINGEO,2029,1.4486
RE1,MINGEO,2030,1.4486
RE1,MINGEO,2031,1.4486
RE1,MINGEO,2032,1.4486
RE1,MINGEO,2033,1.4486
RE1,MINGEO,2034,1.4486
RE1,MINGEO,2035,1.4486
RE1,MINGEO,2036,1.4486
RE1,MINGEO,2037,1.4486
RE1,MINGEO,2038,1.4486
RE1,MINGEO,2039,1.4486
RE1,MINGEO,2040,1.4486
RE1,MINGEO,2041,1.4486
RE1,MINGEO,2042,1.4486
RE1,MINGEO,2043,1.4486
RE1,MINGEO,2044,1.4486
RE1,MINGEO,2045,1.4486
RE1,MINGEO,2046,1.2676
RE1,MINGEO,2047,1.2676
RE1,MINGEO,2048,1.2676
RE1,MINGEO,2049,1.4486
RE1,MINGEO,2050,1.4486
RE1,MINGEO,2051,1.4486
RE1,MINGEO,2052,1.4486
RE1,MINGEO,2053,1.4486
RE1,MINGEO,2054,1.4486
RE1,MINGEO,2055,1.4486
RE1,MINGEO,2056,1.4486
RE1,MINGEO,2057,1.2676
RE1,MINGEO,2058,1.2676
RE1,MINGEO,2059,1.2676
RE1,MINGEO,2060,1.4486
RE1,MINGEO,2061,1.4486
RE1,MINGEO,2062,1.4486
RE1,MINGEO,2063,1.4486
RE1,MINGEO,2064,1.4486
RE1,MINGEO,2065,1.4486
RE1,MINGEO,2066,1.4486
RE1,MINGEO,2067,1.4486
RE1,MINGEO,2068,1.4486
RE1,MINGEO,2069,1.4486
RE1,MINHYD,2015,29.4911
RE1,MINHYD,2016,29.4911
RE1,MINHYD,2017,29.4911
RE1,MINHYD,2018,29.4911
RE1,MINHYD,2019,29.4911
RE1,MINHYD,2020,29.4911
RE1,MINHYD,2021,29.4911
RE1,MINHYD,2022,29.4911
RE1,MINHYD,2023,29.4911
RE1,MINHYD,2024,29.4911
RE1,MINHYD,2025,29.4911
RE1,MINHYD,2026,29.4911
RE1,MINHYD,2027,29.4911
RE1,MINHYD,2028,29.4911
RE1,MINHYD,2029,29.4911
RE1,MINHYD,2030,35.3706
RE1,MINHYD,2031,35.3706
RE1,MINHYD,2032,40.8218
RE1,MINHYD,2033,40.8218
RE1,MINHYD,2034,40.8218
RE1,MINHYD,2035,40.8218
RE1,MINHYD,2036,40.8218
RE1,MINHYD,2037,40.8218
RE1,MINHYD,2038,40.8218
RE1,MINHYD,2039,40.8218
RE1,MINHYD,2040,40.8218
RE1,MINHYD,2041,40.8218
RE1,MINHYD,2042,40.8218
RE1,MINHYD,2043,40.8218
RE1,MINHYD,2044,40.8218
RE1,MINHYD,2045,40.8218
RE1,MINHYD,2046,40.8218
RE1,MINHYD,2047,40.8218
RE1,MINHYD,2048,39.8339
RE1,MINHYD,2049,40.8218
RE1,MINHYD,2050,40.8218
RE1,MINHYD,2051,11.3307
RE1,MINHYD,2052,11.3307
RE1,MINHYD,2053,11.3307
RE1,MINHYD,2054,11.3307
RE1,MINHYD,2055,11.3307
RE1,MINHYD,2056,11.3307
RE1,MINHYD,2057,11.3307
RE1,MINHYD,2058,11.3307
RE1,MINHYD,2059,11.3307
RE1,MINHYD,2060,11.3307
RE1,MINHYD,2061,11.3307
RE1,MINHYD,2062,11.3307
RE1,MINHYD,2063,11.3307
RE1,MINHYD,2064,40.8218
RE1,MINHYD,2065,40.8218
RE1,MINHYD,2066,40.8218
RE1,MINHYD,2067,40.8218
RE1,MINHYD,2068,40.8218
RE1,MINHYD,2069,40.8218
RE1,MINHYD,2070,19.2726
RE1,PWRBIO001,2015,65.3647
RE1,PWRBIO001,2016,74.7151
RE1,PWRBIO001,2017,84.0435
RE1,PWRBIO001,2018,88.6748
RE1,PWRBIO001,2019,88.6748
RE1,PWRBIO001,2020,93.3938
RE1,PWRBIO001,2021,98.069
RE1,PWRBIO001,2022,98.069
RE1,PWRBIO001,2023,98.069
RE1,PWRBIO001,2024,98.069
RE1,PWRBIO001,2025,49.0345
RE1,PWRBIO001,2026,49.0345
RE1,PWRBIO001,2027,49.0345
RE1,PWRBIO001,2028,49.0345
RE1,PWRBIO001,2029,59.862
RE1,PWRBIO001,2030,85.8104
RE1,PWRBIO001,2031,28.6163
RE1,PWRBIO001,2032,27.6989
RE1,PWRBIO001,2033,26.0122
RE1,PWRBIO001,2034,25.9655
RE1,PWRBIO001,2035,25.9655
RE1,PWRBIO001,2036,31.1586
RE1,PWRBIO001,2037,29.8603
RE1,PWRBIO001,2038,28.459
RE1,PWRBIO001,2039,29.1554
RE1,PWRBIO001,2040,29.5244
RE1,PWRBIO001,2041,29.2109
RE1,PWRBIO001,2042,27.9456
RE1,PWRBIO001,2043,27.586
RE1,PWRBIO001,2044,27.2638
RE1,PWRBIO001,2045,44.5729
RE1,PWRBIO001,2046,26.4834
RE1,PWRBIO001,2047,19.0918
RE1,PWRBIO001,2048,16.253
RE1,PWRBIO001,2049,17.0656
RE1,PWRCOA001,2015,123.6759
RE1,PWRCOA001,2016,123.6759
RE1,PWRCOA001,2017,123.6759
RE1,PWRCOA001,2018,123.6759
RE1,PWRCOA001,2019,619.5816
RE1,PWRCOA001,2020,649.0163
RE1,PWRCOA001,2021,669.7261
RE1,PWRCOA001,2022,695.7476
RE1,PWRCOA001,2023,721.7522
RE1,PWRCOA001,2024,747.7397
RE1,PWRCOA001,2025,603.121
RE1,PWRCOA001,2026,590.7257
RE1,PWRCOA001,2027,576.1905
RE1,PWRCOA001,2028,559.5177
RE1,PWRCOA001,2029,540.7095
RE1,PWRCOA001,2030,519.768
RE1,PWRCOA001,2031,540.8346
RE1,PWRCOA001,2032,515.9456
RE1,PWRCOA001,2033,490.438
RE1,PWRCOA001,2034,464.1904
RE1,PWRCOA001,2035,439.818
RE1,PWRCOA001,2036,416.723
RE1,PWRCOA001,2037,390.1209
RE1,PWRCOA001,2038,380.4865
RE1,PWRCOA001,2039,381.4977
RE1,PWRCOA001,2040,382.5872
RE1,PWRCOA001,2041,383.1433
RE1,PWRCOA001,2042,377.1198
RE1,PWRCOA001,2043,377.7882
RE1,PWRCOA001,2044,335.0239
RE1,PWRCOA001,2045,280.0624
RE1,PWRCOA001,2046,234.4055
RE1,PWRCOA001,2047,179.3254
RE1,PWRCOA001,2048,121.2147
RE1,PWRCOA001,2049,61.2669
RE1,PWRGEO,2025,0.1449
RE1,PWRGEO,2026,0.1449
RE1,PWRGEO,2027,0.1449
RE1,PWRGEO,2028,0.1449
RE1,PWRGEO,2029,0.1449
RE1,PWRGEO,2030,0.1449
RE1,PWRGEO,2031,0.1449
RE1,PWRGEO,2032,0.1449
RE1,PWRGEO,2033,0.1449
RE1,PWRGEO,2034,0.1449
RE1,PWRGEO,2035,0.1449
RE1,PWRGEO,2036,0.1449
RE1,PWRGEO,2037,0.1449
RE1,PWRGEO,2038,0.1449
RE1,PWRGEO,2039,0.1449
RE1,PWRGEO,2040,0.1449
RE1,PWRGEO,2041,0.1449
RE1,PWRGEO,2042,0.1449
RE1,PWRGEO,2043,0.1449
RE1,PWRGEO,2044,0.1449
RE1,PWRGEO,2045,0.1449
RE1,PWRGEO,2046,0.1268
RE1,PWRGEO,2047,0.1268
RE1,PWRGEO,2048,0.1268
RE1,PWRGEO,2049,0.1449
RE1,PWRGEO,2050,0.1449
RE1,PWRGEO,2051,0.1449
RE1,PWRGEO,2052,0.1449
RE1,PWRGEO,2053,0.1449
RE1,PWRGEO,2054,0.1449
RE1,PWRGEO,2055,0.1449
RE1,PWRGEO,2056,0.1449
RE1,PWRGEO,2057,0.1268
RE1,PWRGEO,2058,0.1268
RE1,PWRGEO,2059,0.1268
RE1,PWRGEO,2060,0.1449
RE1,PWRGEO,2061,0.1449
RE1,PWRGEO,2062,0.1449
RE1,PWRGEO,2063,0.1449
RE1,PWRGEO,2064,0.1449
RE1,PWRGEO,2065,0.1449
RE1,PWRGEO,2066,0.1449
RE1,PWRGEO,2067,0.1449
RE1,PWRGEO,2068,0.1449
RE1,PWRGEO,2069,0.1449
RE1,PWRNGS001,2015,439.0405
RE1,PWRNGS001,2016,440.3043
RE1,PWRNGS001,2017,445.6318
RE1,PWRNGS001,2018,463.8837
RE1,PWRNGS001,2039,9.5645
RE1,PWRNGS001,2040,17.3423
RE1,PWRNGS001,2041,16.556
RE1,PWRNGS001,2042,14.7164
RE1,PWRNGS001,2043,12.8769
RE1,PWRNGS001,2044,5.5187
RE1,PWRSOL001,2015,8.5041
RE1,PWRSOL001,2016,14.7357
RE1,PWRSOL001,2017,16.2447
RE1,PWRSOL001,2018,17.8379
RE1,PWRSOL001,2019,17.9642
RE1,PWRSOL001,2020,17.9642
RE1,PWRSOL001,2021,18.4271
RE1,PWRSOL001,2022,18.4271
RE1,PWRSOL001,2023,18.4271
RE1,PWRSOL001,2024,18.4271
RE1,PWRSOL001,2025,562.9737
RE1,PWRSOL001,2026,621.865
RE1,PWRSOL001,2027,683.2219
RE1,PWRSOL001,2028,792.7074
RE1,PWRSOL001,2029,943.0392
RE1,PWRSOL001,2030,1148.1625
RE1,PWRSOL001,2031,1296.2751
RE1,PWRSOL001,2032,1296.2751
RE1,PWRSOL001,2033,1360.572
RE1,PWRSOL001,2034,1383.3887
RE1,PWRSOL001,2035,1374.8845
RE1,PWRSOL001,2036,1368.653
RE1,PWRSOL001,2037,1367.1439
RE1,PWRSOL001,2038,1411.6188
RE1,PWRSOL001,2039,1635.4448
RE1,PWRSOL001,2040,1858.2156
RE1,PWRSOL001,2041,2051.1135
RE1,PWRSOL001,2042,2219.0281
RE1,PWRSOL001,2043,2420.6273
RE1,PWRSOL001,2044,2435.5151
RE1,PWRSOL001,2045,2437.2804
RE1,PWRSOL001,2046,2430.2819
RE1,PWRSOL001,2047,2400.3063
RE1,PWRSOL001,2048,2379.6816
RE1,PWRSOL001,2049,2467.139
RE1,PWRSOL001,2050,2712.4867
RE1,PWRSOL001,2051,2807.69
RE1,PWRSOL001,2052,2877.308
RE1,PWRSOL001,2053,2944.8064
RE1,PWRSOL001,2054,3012.7865
RE1,PWRSOL001,2055,3276.5309
RE1,PWRSOL001,2056,3305.7342
RE1,PWRSOL001,2057,3335.1823
RE1,PWRSOL001,2058,3364.8407
RE1,PWRSOL001,2059,3394.7294
RE1,PWRSOL001,2060,3258.8864
RE1,PWRSOL001,2061,3332.2385
RE1,PWRSOL001,2062,3550.0569
RE1,PWRSOL001,2063,3708.0274
RE1,PWRSOL001,2064,3811.9527
RE1,PWRSOL001,2065,3940.6088
RE1,PWRSOL001,2066,4076.8273
RE1,PWRSOL001,2067,4123.43
RE1,PWRSOL001,2068,4166.2691
RE1,PWRSOL001,2069,4191.1192
RE1,PWRSOL001,2070,699.9029
RE1,PWRCSP002,2015,0.0274
RE1,PWRCSP002,2016,0.0274
RE1,PWRCSP002,2017,0.0274
RE1,PWRCSP002,2018,0.0274
RE1,PWRCSP002,2019,0.0274
RE1,PWRCSP002,2020,0.0274
RE1,PWRCSP002,2021,0.0274
RE1,PWRCSP002,2022,0.0274
RE1,PWRCSP002,2023,0.0274
RE1,PWRCSP002,2024,0.0274
RE1,PWRCSP002,2025,0.0274
RE1,PWRCSP002,2026,0.0274
RE1,PWRCSP002,2027,0.0274
RE1,PWRCSP002,2028,0.0274
RE1,PWRCSP002,2029,0.0274
RE1,PWRCSP002,2030,0.0274
RE1,PWRCSP002,2031,0.0274
RE1,PWRCSP002,2032,0.0274
RE1,PWRCSP002,2033,0.0274
RE1,PWRCSP002,2034,0.0274
RE1,PWRCSP002,2035,0.0274
RE1,PWRCSP002,2036,0.0274
RE1,PWRCSP002,2037,0.0274
RE1,PWRCSP002,2038,0.0274
RE1,PWRCSP002,2039,0.0274
RE1,PWRCSP002,2040,0.0274
RE1,PWRCSP002,2041,0.0274
RE1,PWRCSP002,2042,0.0274
RE1,PWRCSP002,2043,0.0274
RE1,PWRHYD001,2015,28.3385
RE1,PWRHYD001,2016,28.3385
RE1,PWRHYD001,2017,28.3385
RE1,PWRHYD001,2018,28.3385
RE1,PWRHYD001,2019,28.3385
RE1,PWRHYD001,2020,28.3385
RE1,PWRHYD001,2021,28.3385
RE1,PWRHYD001,2022,28.3385
RE1,PWRHYD001,2023,28.3385
RE1,PWRHYD001,2024,28.3385
RE1,PWRHYD001,2025,28.3385
RE1,PWRHYD001,2026,28.3385
RE1,PWRHYD001,2027,28.3385
RE1,PWRHYD001,2028,28.3385
RE1,PWRHYD001,2029,28.3385
RE1,PWRHYD001,2030,33.9883
RE1,PWRHYD001,2031,33.9883
RE1,PWRHYD001,2032,33.9883
RE1,PWRHYD001,2033,33.9883
RE1,PWRHYD001,2034,33.9883
RE1,PWRHYD001,2035,33.9883
RE1,PWRHYD001,2036,33.9883
RE1,PWRHYD001,2037,33.9883
RE1,PWRHYD001,2038,33.9883
RE1,PWRHYD001,2039,33.9883
RE1,PWRHYD001,2040,33.9883
RE1,PWRHYD001,2041,33.9883
RE1,PWRHYD001,2042,33.9883
RE1,PWRHYD001,2043,33.9883
RE1,PWRHYD001,2044,33.9883
RE1,PWRHYD001,2045,33.9883
RE1,PWRHYD001,2046,33.9883
RE1,PWRHYD001,2047,33.9883
RE1,PWRHYD001,2048,33.1399
RE1,PWRHYD001,2049,33.9883
RE1,PWRHYD001,2050,33.9883
RE1,PWRHYD001,2051,5.6497
RE1,PWRHYD001,2052,5.6497
RE1,PWRHYD001,2053,5.6497
RE1,PWRHYD001,2054,5.6497
RE1,PWRHYD001,2055,5.6497
RE1,PWRHYD001,2056,5.6497
RE1,PWRHYD001,2057,5.6497
RE1,PWRHYD001,2058,5.6497
RE1,PWRHYD001,2059,5.6497
RE1,PWRHYD001,2060,5.6497
RE1,PWRHYD001,2061,5.6497
RE1,PWRHYD001,2062,5.6497
RE1,PWRHYD001,2063,5.6497
RE1,PWRHYD001,2064,33.9883
RE1,PWRHYD001,2065,33.9883
RE1,PWRHYD001,2066,33.9883
RE1,PWRHYD001,2067,33.9883
RE1,PWRHYD001,2068,33.9883
RE1,PWRHYD001,2069,33.9883
RE1,PWRHYD001,2070,15.8016
RE1,PWRHYD002,2015,1.1525
RE1,PWRHYD002,2016,1.1525
RE1,PWRHYD002,2017,1.1525
RE1,PWRHYD002,2018,1.1525
RE1,PWRHYD002,2019,1.1525
RE1,PWRHYD002,2020,1.1525
RE1,PWRHYD002,2021,1.1525
RE1,PWRHYD002,2022,1.1525
RE1,PWRHYD002,2023,1.1525
RE1,PWRHYD002,2024,1.1525
RE1,PWRHYD002,2025,1.1525
RE1,PWRHYD002,2026,1.1525
RE1,PWRHYD002,2027,1.1525
RE1,PWRHYD002,2028,1.1525
RE1,PWRHYD002,2029,1.1525
RE1,PWRHYD002,2030,1.3823
RE1,PWRHYD002,2031,1.3823
RE1,PWRHYD002,2032,1.3823
RE1,PWRHYD002,2033,1.3823
RE1,PWRHYD002,2034,1.3823
RE1,PWRHYD002,2035,1.3823
RE1,PWRHYD002,2036,1.3823
RE1,PWRHYD002,2037,1.3823
RE1,PWRHYD002,2038,1.3823
RE1,PWRHYD002,2039,1.3823
RE1,PWRHYD002,2040,1.3823
RE1,PWRHYD002,2041,1.3823
RE1,PWRHYD002,2042,1.3823
RE1,PWRHYD002,2043,1.3823
RE1,PWRHYD002,2044,1.3823
RE1,PWRHYD002,2045,1.3823
RE1,PWRHYD002,2046,1.3823
RE1,PWRHYD002,2047,1.3823
RE1,PWRHYD002,2048,1.3516
RE1,PWRHYD002,2049,1.3823
RE1,PWRHYD002,2050,1.3823
RE1,PWRHYD002,2051,0.2298
RE1,PWRHYD002,2052,0.2298
RE1,PWRHYD002,2053,0.2298
RE1,PWRHYD002,2054,0.2298
RE1,PWRHYD002,2055,0.2298
RE1,PWRHYD002,2056,0.2298
RE1,PWRHYD002,2057,0.2298
RE1,PWRHYD002,2058,0.2298
RE1,PWRHYD002,2059,0.2298
RE1,PWRHYD002,2060,0.2298
RE1,PWRHYD002,2061,0.2298
RE1,PWRHYD002,2062,0.2298
RE1,PWRHYD002,2063,0.2298
RE1,PWRHYD002,2064,1.3823
RE1,PWRHYD002,2065,1.3823
RE1,PWRHYD002,2066,1.3823
RE1,PWRHYD002,2067,1.3823
RE1,PWRHYD002,2068,1.3823
RE1,PWRHYD002,2069,1.3823
RE1,PWRHYD002,2070,0.6337
RE1,PWRHYD003,2032,4.9061
RE1,PWRHYD003,2033,4.9061
RE1,PWRHYD003,2034,4.9061
RE1,PWRHYD003,2035,4.9061
RE1,PWRHYD003,2036,4.9061
RE1,PWRHYD003,2037,4.9061
RE1,PWRHYD003,2038,4.9061
RE1,PWRHYD003,2039,4.9061
RE1,PWRHYD003,2040,4.9061
RE1,PWRHYD003,2041,4.9061
RE1,PWRHYD003,2042,4.9061
RE1,PWRHYD003,2043,4.9061
RE1,PWRHYD003,2044,4.9061
RE1,PWRHYD003,2045,4.9061
RE1,PWRHYD003,2046,4.9061
RE1,PWRHYD003,2047,4.9061
RE1,PWRHYD003,2048,4.7972
RE1,PWRHYD003,2049,4.9061
RE1,PWRHYD003,2050,4.9061
RE1,PWRHYD003,2051,4.9061
RE1,PWRHYD003,2052,4.9061
RE1,PWRHYD003,2053,4.9061
RE1,PWRHYD003,2054,4.9061
RE1,PWRHYD003,2055,4.9061
RE1,PWRHYD003,2056,4.9061
RE1,PWRHYD003,2057,4.9061
RE1,PWRHYD003,2058,4.9061
RE1,PWRHYD003,2059,4.9061
RE1,PWRHYD003,2060,4.9061
RE1,PWRHYD003,2061,4.9061
RE1,PWRHYD003,2062,4.9061
RE1,PWRHYD003,2063,4.9061
RE1,PWRHYD003,2064,4.9061
RE1,PWRHYD003,2065,4.9061
RE1,PWRHYD003,2066,4.9061
RE1,PWRHYD003,2067,4.9061
RE1,PWRHYD003,2068,4.9061
RE1,PWRHYD003,2069,4.9061
RE1,PWRHYD003,2070,2.2922
RE1,PWRWND001,2015,1.1746
RE1,PWRWND001,2016,2.545
RE1,PWRWND001,2017,3.1524
RE1,PWRWND001,2018,5.5368
RE1,PWRWND001,2019,7.5648
RE1,PWRWND001,2020,7.5648
RE1,PWRWND001,2021,7.7555
RE1,PWRWND001,2022,7.7555
RE1,PWRWND001,2023,7.7555
RE1,PWRWND001,2024,7.7555
RE1,PWRWND001,2025,7.7555
RE1,PWRWND001,2026,7.7555
RE1,PWRWND001,2027,7.7555
RE1,PWRWND001,2028,7.7555
RE1,PWRWND001,2029,7.7555
RE1,PWRWND001,2030,7.7555
RE1,PWRWND001,2031,7.7555
RE1,PWRWND001,2032,16.7619
RE1,PWRWND001,2033,118.9432
RE1,PWRWND001,2034,223.0651
RE1,PWRWND001,2035,329.7783
RE1,PWRWND001,2036,432.7815
RE1,PWRWND001,2037,548.5642
RE1,PWRWND001,2038,637.2112
RE1,PWRWND001,2039,706.6082
RE1,PWRWND001,2040,781.2607
RE1,PWRWND001,2041,874.9889
RE1,PWRWND001,2042,986.318
RE1,PWRWND001,2043,1084.9596
RE1,PWRWND001,2044,1287.5292
RE1,PWRWND001,2045,1512.382
RE1,PWRWND001,2046,1512.382
RE1,PWRWND001,2047,1508.5419
RE1,PWRWND001,2048,1501.9556
RE1,PWRWND001,2049,1508.0048
RE1,PWRWND001,2050,1505.9969
RE1,PWRWND001,2051,1505.9969
RE1,PWRWND001,2052,1505.9969
RE1,PWRWND001,2053,1505.9969
RE1,PWRWND001,2054,1505.9969
RE1,PWRWND001,2055,1505.9969
RE1,PWRWND001,2056,1505.9969
RE1,PWRWND001,2057,1505.9969
RE1,PWRWND001,2058,1505.9969
RE1,PWRWND001,2059,1505.9969
RE1,PWRWND001,2060,1505.9969
RE1,PWRWND001,2061,1505.9969
RE1,PWRWND001,2062,1496.9905
RE1,PWRWND001,2063,1394.8092
RE1,PWRWND001,2064,1290.6873
RE1,PWRWND001,2065,1183.9741
RE1,PWRWND001,2066,1079.6005
RE1,PWRWND001,2067,963.8178
RE1,PWRWND001,2068,875.1708
RE1,PWRWND001,2069,805.7738
RE1,PWRWND001,2070,4566.9618
RE1,PWRWND002,2046,214.9209
RE1,PWRWND002,2047,455.8466
RE1,PWRWND002,2048,689.4233
RE1,PWRWND002,2049,691.4944
RE1,PWRWND002,2050,691.4944
RE1,PWRWND002,2051,691.4944
RE1,PWRWND002,2052,691.4944
RE1,PWRWND002,2053,691.4944
RE1,PWRWND002,2054,691.4944
RE1,PWRWND002,2055,691.4944
RE1,PWRWND002,2056,691.4944
RE1,PWRWND002,2057,691.4944
RE1,PWRWND002,2058,691.4944
RE1,PWRWND002,2059,691.4944
RE1,PWRWND002,2060,691.4944
RE1,PWRWND002,2061,691.4944
RE1,PWRWND002,2062,691.4944
RE1,PWRWND002,2063,691.4944
RE1,PWRWND002,2064,772.814
RE1,PWRWND002,2065,909.0532
RE1,PWRWND002,2066,1043.0775
RE1,PWRWND002,2067,1193.7476
RE1,PWRWND002,2068,1316.5894
RE1,PWRWND002,2069,1418.3415
RE1,PWRWND002,2070,1418.3415
RE1,PWRSOL001S,2031,15.3332
RE1,PWRSOL001S,2032,165.6077
RE1,PWRSOL001S,2033,187.2606
RE1,PWRSOL001S,2034,258.9108
RE1,PWRSOL001S,2035,361.8487
RE1,PWRSOL001S,2036,487.1616
RE1,PWRSOL001S,2037,577.8017
RE1,PWRSOL001S,2038,688.7213
RE1,PWRSOL001S,2039,688.7213
RE1,PWRSOL001S,2040,688.7213
RE1,PWRSOL001S,2041,688.7213
RE1,PWRSOL001S,2042,688.7213
RE1,PWRSOL001S,2043,688.7213
RE1,PWRSOL001S,2044,688.7213
RE1,PWRSOL001S,2045,688.7213
RE1,PWRSOL001S,2046,688.7213
RE1,PWRSOL001S,2047,688.7213
RE1,PWRSOL001S,2048,688.7213
RE1,PWRSOL001S,2049,834.2644
RE1,PWRSOL001S,2050,834.2644
RE1,PWRSOL001S,2051,834.2644
RE1,PWRSOL001S,2052,834.2644
RE1,PWRSOL001S,2053,834.2644
RE1,PWRSOL001S,2054,834.2644
RE1,PWRSOL001S,2055,834.2644
RE1,PWRSOL001S,2056,834.2644
RE1,PWRSOL001S,2057,834.2644
RE1,PWRSOL001S,2058,834.2644
RE1,PWRSOL001S,2059,834.2644
RE1,PWRSOL001S,2060,834.2644
RE1,PWRSOL001S,2061,818.9313
RE1,PWRSOL001S,2062,668.6567
RE1,PWRSOL001S,2063,647.0039
RE1,PWRSOL001S,2064,575.3537
RE1,PWRSOL001S,2065,472.4157
RE1,PWRSOL001S,2066,362.2741
RE1,PWRSOL001S,2067,336.9999
RE1,PWRSOL001S,2068,316.6743
RE1,PWRSOL001S,2069,316.6743
RE1,PWRSOL001S,2070,316.6743
RE1,PWRTRNIMP,2015,52.0
RE1,PWRTRNIMP,2016,71.0
RE1,PWRTRNIMP,2017,88.0
RE1,PWRTRNIMP,2018,96.0
RE1,PWRTRNIMP,2019,96.0
RE1,PWRTRNIMP,2020,96.0
RE1,PWRTRNIMP,2021,96.0
RE1,PWRTRNIMP,2022,96.0
RE1,PWRTRNIMP,2023,96.0
RE1,PWRTRNIMP,2024,96.0
RE1,PWRTRNIMP,2025,96.0
RE1,PWRTRNIMP,2026,96.0
RE1,PWRTRNIMP,2027,96.0
RE1,PWRTRNIMP,2028,96.0
RE1,PWRTRNIMP,2029,96.0
RE1,PWRTRNIMP,2030,96.0
RE1,PWRTRNIMP,2031,96.0
RE1,PWRTRNIMP,2032,96.0
RE1,PWRTRNIMP,2033,96.0
RE1,PWRTRNIMP,2034,96.0
RE1,PWRTRNIMP,2035,96.0
RE1,PWRTRNIMP,2036,96.0
RE1,PWRTRNIMP,2037,96.0
RE1,PWRTRNIMP,2038,96.0
RE1,PWRTRNIMP,2039,96.0
RE1,PWRTRNIMP,2040,96.0
RE1,PWRTRNIMP,2041,96.0
RE1,PWRTRNIMP,2042,96.0
RE1,PWRTRNIMP,2043,96.0
RE1,PWRTRNIMP,2044,96.0
RE1,PWRTRNIMP,2045,96.0
RE1,PWRTRNIMP,2046,96.0
RE1,PWRTRNIMP,2047,96.0
RE1,PWRTRNIMP,2048,96.0
RE1,PWRTRNIMP,2049,96.0
RE1,PWRTRNIMP,2050,96.0
RE1,PWRTRNIMP,2051,96.0
RE1,PWRTRNIMP,2052,96.0
RE1,PWRTRNIMP,2053,96.0
RE1,PWRTRNIMP,2054,96.0
RE1,PWRTRNIMP,2055,96.0
RE1,PWRTRNIMP,2056,96.0
RE1,PWRTRNIMP,2057,96.0
RE1,PWRTRNIMP,2058,96.0
RE1,PWRTRNIMP,2059,96.0
RE1,PWRTRNIMP,2060,96.0
RE1,PWRTRNIMP,2061,96.0
RE1,PWRTRNIMP,2062,96.0
RE1,PWRTRNIMP,2063,96.0
RE1,PWRTRNIMP,2064,96.0
RE1,PWRTRNIMP,2065,96.0
RE1,PWRTRNIMP,2066,96.0
RE1,PWRTRNIMP,2067,96.0
RE1,PWRTRNIMP,2068,96.0
RE1,PWRTRNIMP,2069,96.0
RE1,PWRTRNIMP,2070,96.0
RE1,PWRTRN,2015,711.6784
RE1,PWRTRN,2016,751.7444
RE1,PWRTRN,2017,786.4668
RE1,PWRTRN,2018,821.3276
RE1,PWRTRN,2019,855.5038
RE1,PWRTRN,2020,889.6576
RE1,PWRTRN,2021,915.6962
RE1,PWRTRN,2022,941.7178
RE1,PWRTRN,2023,967.7224
RE1,PWRTRN,2024,993.7099
RE1,PWRTRN,2025,1344.748
RE1,PWRTRN,2026,1391.244
RE1,PWRTRN,2027,1438.0658
RE1,PWRTRN,2028,1530.8784
RE1,PWRTRN,2029,1673.2295
RE1,PWRTRN,2030,1889.2393
RE1,PWRTRN,2031,2016.5575
RE1,PWRTRN,2032,2154.9382
RE1,PWRTRN,2033,2315.8749
RE1,PWRTRN,2034,2488.1693
RE1,PWRTRN,2035,2664.944
RE1,PWRTRN,2036,2869.1267
RE1,PWRTRN,2037,3046.1401
RE1,PWRTRN,2038,3279.1459
RE1,PWRTRN,2039,3583.6408
RE1,PWRTRN,2040,3890.3005
RE1,PWRTRN,2041,4176.3829
RE1,PWRTRN,2042,4446.4983
RE1,PWRTRN,2043,4745.2083
RE1,PWRTRN,2044,4912.1934
RE1,PWRTRN,2045,5095.6405
RE1,PWRTRN,2046,5239.7985
RE1,PWRTRN,2047,5384.4367
RE1,PWRTRN,2048,5528.865
RE1,PWRTRN,2049,5711.8567
RE1,PWRTRN,2050,5876.8639
RE1,PWRTRN,2051,5942.5762
RE1,PWRTRN,2052,6012.1942
RE1,PWRTRN,2053,6079.6926
RE1,PWRTRN,2054,6147.6727
RE1,PWRTRN,2055,6411.4171
RE1,PWRTRN,2056,6440.6204
RE1,PWRTRN,2057,6470.0504
RE1,PWRTRN,2058,6499.7088
RE1,PWRTRN,2059,6529.5975
RE1,PWRTRN,2060,6393.7726
RE1,PWRTRN,2061,6451.7915
RE1,PWRTRN,2062,6510.329
RE1,PWRTRN,2063,6544.4654
RE1,PWRTRN,2064,6583.4292
RE1,PWRTRN,2065,6638.6732
RE1,PWRTRN,2066,6694.4009
RE1,PWRTRN,2067,6750.6168
RE1,PWRTRN,2068,6807.3251
RE1,PWRTRN,2069,6864.5304
RE1,PWRTRN,2070,7112.808
RE1,PWRDIST,2015,668.4143
RE1,PWRDIST,2016,706.2764
RE1,PWRDIST,2017,739.1412
RE1,PWRDIST,2018,772.1574
RE1,PWRDIST,2019,804.5514
RE1,PWRDIST,2020,836.9454
RE1,PWRDIST,2021,861.7236
RE1,PWRDIST,2022,886.5018
RE1,PWRDIST,2023,911.2799
RE1,PWRDIST,2024,936.0581
RE1,PWRDIST,2025,1267.1449
RE1,PWRDIST,2026,1311.3866
RE1,PWRDIST,2027,1355.9642
RE1,PWRDIST,2028,1443.9501
RE1,PWRDIST,2029,1578.7339
RE1,PWRDIST,2030,1783.127
RE1,PWRDIST,2031,1903.916
RE1,PWRDIST,2032,2035.2314
RE1,PWRDIST,2033,2187.9421
RE1,PWRDIST,2034,2351.4859
RE1,PWRDIST,2035,2519.3714
RE1,PWRDIST,2036,2713.2853
RE1,PWRDIST,2037,2881.6231
RE1,PWRDIST,2038,3103.0557
RE1,PWRDIST,2039,3392.3043
RE1,PWRDIST,2040,3683.7903
RE1,PWRDIST,2041,3955.9743
RE1,PWRDIST,2042,4213.2053
RE1,PWRDIST,2043,4497.7062
RE1,PWRDIST,2044,4657.4962
RE1,PWRDIST,2045,4833.0027
RE1,PWRDIST,2046,4971.3461
RE1,PWRDIST,2047,5110.2343
RE1,PWRDIST,2048,5249.0123
RE1,PWRDIST,2049,5424.5027
RE1,PWRDIST,2050,5583.0207
RE1,PWRDIST,2051,5645.4474
RE1,PWRDIST,2052,5711.5845
RE1,PWRDIST,2053,5775.708
RE1,PWRDIST,2054,5840.2891
RE1,PWRDIST,2055,6090.8463
RE1,PWRDIST,2056,6118.5894
RE1,PWRDIST,2057,6146.5479
RE1,PWRDIST,2058,6174.7234
RE1,PWRDIST,2059,6203.1176
RE1,PWRDIST,2060,6074.0839
RE1,PWRDIST,2061,6129.2019
RE1,PWRDIST,2062,6184.8126
RE1,PWRDIST,2063,6217.2422
RE1,PWRDIST,2064,6254.2577
RE1,PWRDIST,2065,6306.7396
RE1,PWRDIST,2066,6359.6809
RE1,PWRDIST,2067,6413.0859
RE1,PWRDIST,2068,6466.9588
RE1,PWRDIST,2069,6521.3039
RE1,PWRDIST,2070,6757.1676
RE1,PWRHYD004,2032,0.5451
RE1,PWRHYD004,2033,0.5451
RE1,PWRHYD004,2034,0.5451
RE1,PWRHYD004,2035,0.5451
RE1,PWRHYD004,2036,0.5451
RE1,PWRHYD004,2037,0.5451
RE1,PWRHYD004,2038,0.5451
RE1,PWRHYD004,2039,0.5451
RE1,PWRHYD004,2040,0.5451
RE1,PWRHYD004,2041,0.5451
RE1,PWRHYD004,2042,0.5451
RE1,PWRHYD004,2043,0.5451
RE1,PWRHYD004,2044,0.5451
RE1,PWRHYD004,2045,0.5451
RE1,PWRHYD004,2046,0.5451
RE1,PWRHYD004,2047,0.5451
RE1,PWRHYD004,2048,0.5451
RE1,PWRHYD004,2049,0.5451
RE1,PWRHYD004,2050,0.5451
RE1,PWRHYD004,2051,0.5451
RE1,PWRHYD004,2052,0.5451
RE1,PWRHYD004,2053,0.5451
RE1,PWRHYD004,2054,0.5451
RE1,PWRHYD004,2055,0.5451
RE1,PWRHYD004,2056,0.5451
RE1,PWRHYD004,2057,0.5451
RE1,PWRHYD004,2058,0.5451
RE1,PWRHYD004,2059,0.5451
RE1,PWRHYD004,2060,0.5451
RE1,PWRHYD004,2061,0.5451
RE1,PWRHYD004,2062,0.5451
RE1,PWRHYD004,2063,0.5451
RE1,PWRHYD004,2064,0.5451
RE1,PWRHYD004,2065,0.5451
RE1,PWRHYD004,2066,0.5451
RE1,PWRHYD004,2067,0.5451
RE1,PWRHYD004,2068,0.5451
RE1,PWRHYD004,2069,0.5451
RE1,PWRHYD004,2070,0.5451
RE1,PWRTRNEXP,2015,7.6
RE1,PWRTRNEXP,2016,4.75
RE1,PWRTRNEXP,2017,3.8
RE1,PWRTRNEXP,2018,3.8
RE1,PWRTRNEXP,2019,3.8
RE1,PWRTRNEXP,2020,3.8
RE1,PWRTRNEXP,2021,3.8
RE1,PWRTRNEXP,2022,3.8
RE1,PWRTRNEXP,2023,3.8
RE1,PWRTRNEXP,2024,3.8
RE1,PWRTRNEXP,2025,3.8
RE1,PWRTRNEXP,2026,3.8
RE1,PWRTRNEXP,2027,3.8
RE1,PWRTRNEXP,2028,3.8
RE1,PWRTRNEXP,2029,3.8
RE1,PWRTRNEXP,2030,3.8
RE1,PWRTRNEXP,2031,3.8
RE1,PWRTRNEXP,2032,3.8
RE1,PWRTRNEXP,2033,3.8
RE1,PWRTRNEXP,2034,3.8
RE1,PWRTRNEXP,2035,3.8
RE1,PWRTRNEXP,2036,3.8
RE1,PWRTRNEXP,2037,3.8
RE1,PWRTRNEXP,2038,3.8
RE1,PWRTRNEXP,2039,3.8
RE1,PWRTRNEXP,2040,3.8
RE1,PWRTRNEXP,2041,3.8
RE1,PWRTRNEXP,2042,3.8
RE1,PWRTRNEXP,2043,3.8
RE1,PWRTRNEXP,2044,3.8
RE1,PWRTRNEXP,2045,3.8
RE1,PWRTRNEXP,2046,3.8
RE1,PWRTRNEXP,2047,3.8
RE1,PWRTRNEXP,2048,3.8
RE1,PWRTRNEXP,2049,3.8
RE1,PWRTRNEXP,2050,3.8
RE1,PWRTRNEXP,2051,3.8
RE1,PWRTRNEXP,2052,3.8
RE1,PWRTRNEXP,2053,3.8
RE1,PWRTRNEXP,2054,3.8
RE1,PWRTRNEXP,2055,3.8
RE1,PWRTRNEXP,2056,3.8
RE1,PWRTRNEXP,2057,3.8
RE1,PWRTRNEXP,2058,3.8
RE1,PWRTRNEXP,2059,3.8
RE1,PWRTRNEXP,2060,3.8
RE1,PWRTRNEXP,2061,3.8
RE1,PWRTRNEXP,2062,3.8
RE1,PWRTRNEXP,2063,3.8
RE1,PWRTRNEXP,2064,3.8
RE1,PWRTRNEXP,2065,3.8
RE1,PWRTRNEXP,2066,3.8
RE1,PWRTRNEXP,2067,3.8
RE1,PWRTRNEXP,2068,3.8
RE1,PWRTRNEXP,2069,3.8
RE1,PWRTRNEXP,2070,3.8
RE1,DEMTRAEVC,2025,315.2839
RE1,DEMTRAEVC,2026,320.9196
RE1,DEMTRAEVC,2027,326.5544
RE1,DEMTRAEVC,2028,370.1454
RE1,DEMTRAEVC,2029,444.2001
RE1,DEMTRAEVC,2030,520.5338
RE1,DEMTRAEVC,2031,597.4004
RE1,DEMTRAEVC,2032,676.1624
RE1,DEMTRAEVC,2033,756.8184
RE1,DEMTRAEVC,2034,839.3676
RE1,DEMTRAEVC,2035,923.8091
RE1,DEMTRAEVC,2036,1009.0522
RE1,DEMTRAEVC,2037,1079.4731
RE1,DEMTRAEVC,2038,1151.2714
RE1,DEMTRAEVC,2039,1224.5035
RE1,DEMTRAEVC,2040,1299.1017
RE1,DEMTRAEVC,2041,1374.4012
RE1,DEMTRAEVC,2042,1451.0032
RE1,DEMTRAEVC,2043,1528.9075
RE1,DEMTRAEVC,2044,1608.1138
RE1,DEMTRAEVC,2045,1688.6218
RE1,DEMTRAEVC,2046,1766.9296
RE1,DEMTRAEVC,2047,1846.2542
RE1,DEMTRAEVC,2048,1919.8655
RE1,DEMTRAEVC,2049,2019.0784
RE1,DEMTRAEVC,2050,2119.562
RE1,DEMTRAEVC,2051,2135.7033
RE1,DEMTRAEVC,2052,2151.9694
RE1,DEMTRAEVC,2053,2168.3614
RE1,DEMTRAEVC,2054,2184.8802
RE1,DEMTRAEVC,2055,2201.5267
RE1,DEMTRAEVC,2056,2218.3021
RE1,DEMTRAEVC,2057,2235.2072
RE1,DEMTRAEVC,2058,2252.2431
RE1,DEMTRAEVC,2059,2269.4109
RE1,DEMTRAEVC,2060,2286.7115
RE1,DEMTRAEVC,2061,2304.146
RE1,DEMTRAEVC,2062,2321.7154
RE1,DEMTRAEVC,2063,2339.4209
RE1,DEMTRAEVC,2064,2357.2633
RE1,DEMTRAEVC,2065,2375.2439
RE1,DEMTRAEVC,2066,2393.3637
RE1,DEMTRAEVC,2067,2411.6237
RE1,DEMTRAEVC,2068,2430.0251
RE1,DEMTRAEVC,2069,2448.569
RE1,DEMTRAEVC,2070,2467.2565
RE1,DEMTRAMCYELC,2025,284.0396
RE1,DEMTRAMCYELC,2026,289.1168
RE1,DEMTRAMCYELC,2027,294.1931
RE1,DEMTRAMCYELC,2028,299.2687
RE1,DEMTRAMCYELC,2029,304.3435
RE1,DEMTRAMCYELC,2030,309.4175
RE1,DEMTRAMCYELC,2031,313.6162
RE1,DEMTRAMCYELC,2032,317.8138
RE1,DEMTRAMCYELC,2033,322.0103
RE1,DEMTRAMCYELC,2034,326.2057
RE1,DEMTRAMCYELC,2035,330.4001
RE1,DEMTRAMCYELC,2036,334.224
RE1,DEMTRAMCYELC,2037,338.0472
RE1,DEMTRAMCYELC,2038,341.8699
RE1,DEMTRAMCYELC,2039,345.6921
RE1,DEMTRAMCYELC,2040,349.5138
RE1,DEMTRAMCYELC,2041,353.1503
RE1,DEMTRAMCYELC,2042,356.7864
RE1,DEMTRAMCYELC,2043,360.4222
RE1,DEMTRAMCYELC,2044,364.0576
RE1,DEMTRAMCYELC,2045,367.6927
RE1,DEMTRAMCYELC,2046,370.5351
RE1,DEMTRAMCYELC,2047,373.3773
RE1,DEMTRAMCYELC,2048,376.2194
RE1,DEMTRAMCYELC,2049,379.0613
RE1,DEMTRAMCYELC,2050,381.9031
RE1,DEMTRAMCYELC,2051,384.8114
RE1,DEMTRAMCYELC,2052,387.7422
RE1,DEMTRAMCYELC,2053,390.6957
RE1,DEMTRAMCYELC,2054,393.6721
RE1,DEMTRAMCYELC,2055,396.6715
RE1,DEMTRAMCYELC,2056,399.6941
RE1,DEMTRAMCYELC,2057,402.74
RE1,DEMTRAMCYELC,2058,405.8096
RE1,DEMTRAMCYELC,2059,408.9029
RE1,DEMTRAMCYELC,2060,412.0201
RE1,DEMTRAMCYELC,2061,415.1614
RE1,DEMTRAMCYELC,2062,418.3271
RE1,DEMTRAMCYELC,2063,421.5173
RE1,DEMTRAMCYELC,2064,424.7321
RE1,DEMTRAMCYELC,2065,427.9719
RE1,DEMTRAMCYELC,2066,431.2367
RE1,DEMTRAMCYELC,2067,434.5268
RE1,DEMTRAMCYELC,2068,437.8424
RE1,DEMTRAMCYELC,2069,441.1836
RE1,DEMTRAMCYELC,2070,444.5507
RE1,DEMTRACARELC,2037,59.6191
RE1,DEMTRACARELC,2038,120.4794
RE1,DEMTRACARELC,2039,182.6321
RE1,DEMTRACARELC,2040,246.016
RE1,DEMTRACARELC,2041,310.217
RE1,DEMTRACARELC,2042,375.5916
RE1,DEMTRACARELC,2043,442.1399
RE1,DEMTRACARELC,2044,509.8615
RE1,DEMTRACARELC,2045,578.7561
RE1,DEMTRACARELC,2046,646.4614
RE1,DEMTRACARELC,2047,715.0827
RE1,DEMTRACARELC,2048,808.8716
RE1,DEMTRACARELC,2049,814.9818
RE1,DEMTRACARELC,2050,821.0916
RE1,DEMTRACARELC,2051,827.3445
RE1,DEMTRACARELC,2052,833.6458
RE1,DEMTRACARELC,2053,839.9959
RE1,DEMTRACARELC,2054,846.395
RE1,DEMTRACARELC,2055,852.8437
RE1,DEMTRACARELC,2056,859.3422
RE1,DEMTRACARELC,2057,865.8911
RE1,DEMTRACARELC,2058,872.4906
RE1,DEMTRACARELC,2059,879.1412
RE1,DEMTRACARELC,2060,885.8432
RE1,DEMTRACARELC,2061,892.5971
RE1,DEMTRACARELC,2062,899.4033
RE1,DEMTRACARELC,2063,906.2621
RE1,DEMTRACARELC,2064,913.1741
RE1,DEMTRACARELC,2065,920.1395
RE1,DEMTRACARELC,2066,927.1589
RE1,DEMTRACARELC,2067,934.2326
RE1,DEMTRACARELC,2068,941.3611
RE1,DEMTRACARELC,2069,948.5448
RE1,DEMTRACARELC,2070,955.784
RE1,DEMTRABUSELC,2028,34.1956
RE1,DEMTRABUSELC,2029,95.8368
RE1,DEMTRABUSELC,2030,159.5318
RE1,DEMTRABUSELC,2031,224.5824
RE1,DEMTRABUSELC,2032,291.3415
RE1,DEMTRABUSELC,2033,359.8081
RE1,DEMTRABUSELC,2034,429.9814
RE1,DEMTRABUSELC,2035,501.8603
RE1,DEMTRABUSELC,2036,574.832
RE1,DEMTRABUSELC,2037,574.832
RE1,DEMTRABUSELC,2038,574.832
RE1,DEMTRABUSELC,2039,574.832
RE1,DEMTRABUSELC,2040,574.832
RE1,DEMTRABUSELC,2041,574.832
RE1,DEMTRABUSELC,2042,574.832
RE1,DEMTRABUSELC,2043,574.832
RE1,DEMTRABUSELC,2044,574.832
RE1,DEMTRABUSELC,2045,574.832
RE1,DEMTRABUSELC,2046,574.832
RE1,DEMTRABUSELC,2047,574.832
RE1,DEMTRABUSELC,2048,544.5176
RE1,DEMTRABUSELC,2049,624.9465
RE1,DEMTRABUSELC,2050,706.5207
RE1,DEMTRABUSELC,2051,711.9011
RE1,DEMTRABUSELC,2052,717.3232
RE1,DEMTRABUSELC,2053,722.7871
RE1,DEMTRABUSELC,2054,728.2934
RE1,DEMTRABUSELC,2055,733.8422
RE1,DEMTRABUSELC,2056,739.434
RE1,DEMTRABUSELC,2057,745.0691
RE1,DEMTRABUSELC,2058,750.7477
RE1,DEMTRABUSELC,2059,756.4703
RE1,DEMTRABUSELC,2060,762.2372
RE1,DEMTRABUSELC,2061,768.0487
RE1,DEMTRABUSELC,2062,773.9051
RE1,DEMTRABUSELC,2063,779.807
RE1,DEMTRABUSELC,2064,785.7544
RE1,DEMTRABUSELC,2065,791.748
RE1,DEMTRABUSELC,2066,797.7879
RE1,DEMTRABUSELC,2067,803.8746
RE1,DEMTRABUSELC,2068,810.0084
RE1,DEMTRABUSELC,2069,816.1897
RE1,DEMTRABUSELC,2070,822.4188
RE1,DEMTRAMCYGSL,2015,229.6235
RE1,DEMTRAMCYGSL,2016,238.4248
RE1,DEMTRAMCYGSL,2017,243.9061
RE1,DEMTRAMCYGSL,2018,249.8175
RE1,DEMTRAMCYGSL,2019,255.529
RE1,DEMTRAMCYGSL,2020,261.2392
RE1,DEMTRAMCYGSL,2021,265.801
RE1,DEMTRAMCYGSL,2022,270.3619
RE1,DEMTRAMCYGSL,2023,274.9219
RE1,DEMTRAMCYGSL,2024,279.4811
RE1,DEMTRACARGSL,2015,493.6906
RE1,DEMTRACARGSL,2016,512.6133
RE1,DEMTRACARGSL,2017,524.3982
RE1,DEMTRACARGSL,2018,537.1075
RE1,DEMTRACARGSL,2019,549.3873
RE1,DEMTRACARGSL,2020,561.6643
RE1,DEMTRACARGSL,2021,571.4721
RE1,DEMTRACARGSL,2022,581.278
RE1,DEMTRACARGSL,2023,591.0821
RE1,DEMTRACARGSL,2024,600.8844
RE1,DEMTRACARGSL,2025,610.6851
RE1,DEMTRACARGSL,2026,621.601
RE1,DEMTRACARGSL,2027,632.5152
RE1,DEMTRACARGSL,2028,643.4276
RE1,DEMTRACARGSL,2029,654.3384
RE1,DEMTRACARGSL,2030,665.2477
RE1,DEMTRACARGSL,2031,674.2749
RE1,DEMTRACARGSL,2032,683.2997
RE1,DEMTRACARGSL,2033,692.3221
RE1,DEMTRACARGSL,2034,701.3422
RE1,DEMTRACARGSL,2035,710.3603
RE1,DEMTRACARGSL,2036,718.5815
RE1,DEMTRACARGSL,2037,667.1824
RE1,DEMTRACARGSL,2038,614.5409
RE1,DEMTRACARGSL,2039,560.6059
RE1,DEMTRACARGSL,2040,505.4387
RE1,DEMTRACARGSL,2041,449.0562
RE1,DEMTRACARGSL,2042,391.4992
RE1,DEMTRACARGSL,2043,332.7678
RE1,DEMTRACARGSL,2044,272.8625
RE1,DEMTRACARGSL,2045,211.7832
RE1,DEMTRACARGSL,2046,150.1891
RE1,DEMTRACARGSL,2047,87.6785
RE1,DEMTRABUSGSL,2015,424.8035
RE1,DEMTRABUSGSL,2016,441.0859
RE1,DEMTRABUSGSL,2017,451.2263
RE1,DEMTRABUSGSL,2018,462.1623
RE1,DEMTRABUSGSL,2019,472.7286
RE1,DEMTRABUSGSL,2020,483.2925
RE1,DEMTRABUSGSL,2021,491.7318
RE1,DEMTRABUSGSL,2022,500.1694
RE1,DEMTRABUSGSL,2023,508.6055
RE1,DEMTRABUSGSL,2024,517.04
RE1,DEMTRABUSGSL,2025,525.4732
RE1,DEMTRABUSGSL,2026,534.866
RE1,DEMTRABUSGSL,2027,544.2573
RE1,DEMTRABUSGSL,2028,519.4514
RE1,DEMTRABUSGSL,2029,467.1986
RE1,DEMTRABUSGSL,2030,412.8906
RE1,DEMTRABUSGSL,2031,355.6077
RE1,DEMTRABUSGSL,2032,296.6141
RE1,DEMTRABUSGSL,2033,235.9108
RE1,DEMTRABUSGSL,2034,173.4992
RE1,DEMTRABUSGSL,2035,109.38
RE1,DEMTRABUSGSL,2036,43.4823
RE1,DEMTRABUSGSL,2037,50.5553
RE1,DEMTRABUSGSL,2038,57.6273
RE1,DEMTRABUSGSL,2039,64.6984
RE1,DEMTRABUSGSL,2040,71.7685
RE1,DEMTRABUSGSL,2041,78.496
RE1,DEMTRABUSGSL,2042,85.2228
RE1,DEMTRABUSGSL,2043,91.949
RE1,DEMTRABUSGSL,2044,98.6746
RE1,DEMTRABUSGSL,2045,105.3995
RE1,DEMTRABUSGSL,2046,110.6579
RE1,DEMTRABUSGSL,2047,115.916
RE1,DEMTRABUSGSL,2048,151.4882
RE1,DEMTRABUSGSL,2049,76.3168
RE1,DEMINDELC,2015,328.0418
RE1,DEMINDELC,2016,347.0108
RE1,DEMINDELC,2017,363.2685
RE1,DEMINDELC,2018,379.5262
RE1,DEMINDELC,2019,395.7839
RE1,DEMINDELC,2020,412.0416
RE1,DEMINDELC,2021,424.52
RE1,DEMINDELC,2022,436.9984
RE1,DEMINDELC,2023,449.4768
RE1,DEMINDELC,2024,461.9553
RE1,DEMINDELC,2025,15.2594
RE1,DEMINDELC,2026,15.6931
RE1,DEMINDELC,2027,16.1268
RE1,DEMINDELC,2028,18.5822
RE1,DEMINDELC,2029,28.9254
RE1,DEMINDELC,2030,13.2157
RE1,DEMINDELC,2031,13.5916
RE1,DEMINDELC,2032,11.2417
RE1,DEMINDELC,2033,11.5442
RE1,DEMINDELC,2034,11.8468
RE1,DEMINDELC,2035,15.0952
RE1,DEMINDELC,2036,15.3978
RE1,DEMINDELC,2037,15.7004
RE1,DEMINDELC,2038,16.0031
RE1,DEMINDELC,2039,16.3057
RE1,DEMINDELC,2040,16.6083
RE1,DEMINDELC,2041,16.9046
RE1,DEMINDELC,2042,17.201
RE1,DEMINDELC,2043,17.4973
RE1,DEMINDELC,2044,17.7937
RE1,DEMINDELC,2045,14.5597
RE1,DEMINDELC,2046,18.2964
RE1,DEMINDELC,2047,18.5027
RE1,DEMINDELC,2048,15.0579
RE1,DEMINDELC,2049,15.224
RE1,DEMINDELC,2050,56.7705
RE1,DEMINDELC,2051,91.3051
RE1,DEMINDELC,2052,132.9502
RE1,DEMINDELC,2053,169.389
RE1,DEMINDELC,2054,205.9276
RE1,DEMINDELC,2055,708.6235
RE1,DEMINDELC,2056,699.1127
RE1,DEMINDELC,2057,587.5056
RE1,DEMINDELC,2058,479.4672
RE1,DEMINDELC,2059,509.8124
RE1,DEMINDELC,2060,75.6417
RE1,DEMINDELC,2061,85.4131
RE1,DEMINDELC,2062,95.2936
RE1,DEMINDELC,2063,49.5781
RE1,DEMINDELC,2064,22.3344
RE1,DEMINDELC,2065,22.5835
RE1,DEMINDELC,2066,22.8355
RE1,DEMINDELC,2067,23.0902
RE1,DEMINDELC,2068,23.3478
RE1,DEMINDELC,2069,23.6082
RE1,DEMINDELC,2070,462.069
RE1,INDENEFFDP,2025,353.211
RE1,INDENEFFDP,2026,363.2497
RE1,INDENEFFDP,2027,373.2884
RE1,INDENEFFDP,2028,381.772
RE1,INDENEFFDP,2029,384.188
RE1,INDENEFFDP,2030,406.6447
RE1,INDENEFFDP,2031,418.211
RE1,INDENEFFDP,2032,431.874
RE1,INDENEFFDP,2033,443.4968
RE1,INDENEFFDP,2034,455.1195
RE1,INDENEFFDP,2035,464.4762
RE1,INDENEFFDP,2036,473.7878
RE1,INDENEFFDP,2037,483.0995
RE1,INDENEFFDP,2038,492.4111
RE1,INDENEFFDP,2039,501.7228
RE1,INDENEFFDP,2040,511.0345
RE1,INDENEFFDP,2041,520.1528
RE1,INDENEFFDP,2042,529.2711
RE1,INDENEFFDP,2043,538.3894
RE1,INDENEFFDP,2044,547.5078
RE1,INDENEFFDP,2045,559.3417
RE1,INDENEFFDP,2046,562.9752
RE1,INDENEFFDP,2047,569.3244
RE1,INDENEFFDP,2048,578.4821
RE1,INDENEFFDP,2049,584.8622
RE1,INDENEFFDP,2050,559.4112
RE1,INDENEFFDP,2051,539.5734
RE1,INDENEFFDP,2052,514.341
RE1,INDENEFFDP,2053,493.1893
RE1,INDENEFFDP,2054,472.0377
RE1,INDENEFFDP,2055,92.381
RE1,INDENEFFDP,2056,106.8079
RE1,INDENEFFDP,2057,199.8499
RE1,INDENEFFDP,2058,290.2268
RE1,INDENEFFDP,2059,274.2359
RE1,INDENEFFDP,2060,615.647
RE1,INDENEFFDP,2061,615.647
RE1,INDENEFFDP,2062,615.647
RE1,INDENEFFDP,2063,658.4978
RE1,INDENEFFDP,2064,687.2254
RE1,INDENEFFDP,2065,694.8913
RE1,INDENEFFDP,2066,702.6427
RE1,INDENEFFDP,2067,710.4806
RE1,INDENEFFDP,2068,718.4058
RE1,INDENEFFDP,2069,726.4196
RE1,INDENEFFDP,2070,397.4477
RE1,DEMINDHEEH,2033,4.7415
RE1,DEMINDHEEH,2034,13.8904
RE1,DEMINDHEEH,2035,23.0243
RE1,DEMINDHEEH,2036,52.1297
RE1,DEMINDHEEH,2037,85.4202
RE1,DEMINDHEEH,2038,169.8091
RE1,DEMINDHEEH,2039,315.21
RE1,DEMINDHEEH,2040,461.3499
RE1,DEMINDHEEH,2041,588.4656
RE1,DEMINDHEEH,2042,700.5352
RE1,DEMINDHEEH,2043,835.7759
RE1,DEMINDHEEH,2044,844.0812
RE1,DEMINDHEEH,2045,829.5773
RE1,DEMINDHEEH,2046,857.9596
RE1,DEMINDHEEH,2047,865.1418
RE1,DEMINDHEEH,2048,871.5186
RE1,DEMINDHEEH,2049,877.8932
RE1,DEMINDHEEH,2050,884.2658
RE1,DEMINDHEEH,2051,890.7889
RE1,DEMINDHEEH,2052,897.3615
RE1,DEMINDHEEH,2053,903.9841
RE1,DEMINDHEEH,2054,910.6572
RE1,DEMINDHEEH,2055,917.3809
RE1,DEMINDHEEH,2056,924.1559
RE1,DEMINDHEEH,2057,930.9824
RE1,DEMINDHEEH,2058,937.8608
RE1,DEMINDHEEH,2059,944.7916
RE1,DEMINDHEEH,2060,951.7751
RE1,DEMINDHEEH,2061,958.8119
RE1,DEMINDHEEH,2062,965.9022
RE1,DEMINDHEEH,2063,973.0464
RE1,DEMINDHEEH,2064,980.2452
RE1,DEMINDHEEH,2065,987.4987
RE1,DEMINDHEEH,2066,994.8075
RE1,DEMINDHEEH,2067,1002.1719
RE1,DEMINDHEEH,2068,1009.5925
RE1,DEMINDHEEH,2069,1017.0697
RE1,DEMINDHEEH,2070,1024.6038
RE1,DEMINDHEEL,2030,106.689
RE1,DEMINDHEEL,2031,112.8219
RE1,DEMINDHEEL,2032,118.943
RE1,DEMINDHEEL,2033,129.8504
RE1,DEMINDHEEL,2034,146.3581
RE1,DEMINDHEEL,2035,176.3805
RE1,DEMINDHEEL,2036,219.5385
RE1,DEMINDHEEL,2037,233.4141
RE1,DEMINDHEEL,2038,268.1302
RE1,DEMINDHEEL,2039,308.0637
RE1,DEMINDHEEL,2040,326.1408
RE1,DEMINDHEEL,2041,364.5126
RE1,DEMINDHEEL,2042,402.4353
RE1,DEMINDHEEL,2043,440.1438
RE1,DEMINDHEEL,2044,468.6847
RE1,DEMINDHEEL,2045,484.1316
RE1,DEMINDHEEL,2046,488.3858
RE1,DEMINDHEEL,2047,513.0694
RE1,DEMINDHEEL,2048,544.0253
RE1,DEMINDHEEL,2049,585.2622
RE1,DEMINDHEEL,2050,589.5105
RE1,DEMINDHEEL,2051,593.8592
RE1,DEMINDHEEL,2052,598.241
RE1,DEMINDHEEL,2053,602.6561
RE1,DEMINDHEEL,2054,607.1048
RE1,DEMINDHEEL,2055,611.5873
RE1,DEMINDHEEL,2056,616.1039
RE1,DEMINDHEEL,2057,620.6549
RE1,DEMINDHEEL,2058,625.2405
RE1,DEMINDHEEL,2059,629.8611
RE1,DEMINDHEEL,2060,634.5168
RE1,DEMINDHEEL,2061,639.2079
RE1,DEMINDHEEL,2062,643.9348
RE1,DEMINDHEEL,2063,648.6976
RE1,DEMINDHEEL,2064,653.4968
RE1,DEMINDHEEL,2065,658.3324
RE1,DEMINDHEEL,2066,663.205
RE1,DEMINDHEEL,2067,668.1146
RE1,DEMINDHEEL,2068,673.0617
RE1,DEMINDHEEL,2069,678.0464
RE1,DEMINDHEEL,2070,683.0692
RE1,DEMINDHEBIO,2015,426.6187
RE1,DEMINDHEBIO,2016,382.5919
RE1,DEMINDHEBIO,2017,389.2174
RE1,DEMINDHEBIO,2018,400.2481
RE1,DEMINDHEBIO,2019,409.232
RE1,DEMINDHEBIO,2020,418.2022
RE1,DEMINDHEBIO,2021,424.4265
RE1,DEMINDHEBIO,2022,430.6414
RE1,DEMINDHEBIO,2023,436.8476
RE1,DEMINDHEBIO,2024,443.0455
RE1,DEMINDHEBIO,2025,449.2357
RE1,DEMINDHEBIO,2026,456.0698
RE1,DEMINDHEBIO,2027,462.8953
RE1,DEMINDHEBIO,2028,469.7126
RE1,DEMINDHEBIO,2029,476.5222
RE1,DEMINDHEBIO,2030,376.6354
RE1,DEMINDHEBIO,2031,376.6354
RE1,DEMINDHEBIO,2032,376.6354
RE1,DEMINDHEBIO,2033,371.8378
RE1,DEMINDHEBIO,2034,361.4293
RE1,DEMINDHEBIO,2035,337.4962
RE1,DEMINDHEBIO,2036,299.6842
RE1,DEMINDHEBIO,2037,291.1489
RE1,DEMINDHEBIO,2038,261.7677
RE1,DEMINDHEBIO,2039,227.1636
RE1,DEMINDHEBIO,2040,214.411
RE1,DEMINDHEBIO,2041,181.5869
RE1,DEMINDHEBIO,2042,149.2082
RE1,DEMINDHEBIO,2043,117.0401
RE1,DEMINDHEBIO,2044,94.0361
RE1,DEMINDHEBIO,2045,84.1227
RE1,DEMINDHEBIO,2046,84.1227
RE1,DEMINDHEBIO,2047,63.6918
RE1,DEMINDHEBIO,2048,36.9871
RE1,DEMRESELC,2015,163.7593
RE1,DEMRESELC,2016,173.2287
RE1,DEMRESELC,2017,181.3446
RE1,DEMRESELC,2018,189.4604
RE1,DEMRESELC,2019,197.5763
RE1,DEMRESELC,2020,205.6922
RE1,DEMRESELC,2021,211.9215
RE1,DEMRESELC,2022,218.1507
RE1,DEMRESELC,2023,224.38
RE1,DEMRESELC,2024,230.6092
RE1,DEMRESELC,2025,7.6175
RE1,DEMRESELC,2026,7.834
RE1,DEMRESELC,2027,8.0505
RE1,DEMRESELC,2028,9.2763
RE1,DEMRESELC,2029,14.4396
RE1,DEMRESELC,2030,6.5973
RE1,DEMRESELC,2031,6.785
RE1,DEMRESELC,2032,5.6119
RE1,DEMRESELC,2033,5.7629
RE1,DEMRESELC,2034,5.9139
RE1,DEMRESELC,2035,7.5356
RE1,DEMRESELC,2036,7.6866
RE1,DEMRESELC,2037,7.8377
RE1,DEMRESELC,2038,7.9888
RE1,DEMRESELC,2039,8.1398
RE1,DEMRESELC,2040,8.2909
RE1,DEMRESELC,2041,8.4388
RE1,DEMRESELC,2042,8.5868
RE1,DEMRESELC,2043,8.7347
RE1,DEMRESELC,2044,8.8826
RE1,DEMRESELC,2045,7.2682
RE1,DEMRESELC,2046,9.1336
RE1,DEMRESELC,2047,9.2366
RE1,DEMRESELC,2048,7.517
RE1,DEMRESELC,2049,7.5999
RE1,DEMRESELC,2050,28.34
RE1,DEMRESELC,2051,45.5798
RE1,DEMRESELC,2052,66.3691
RE1,DEMRESELC,2053,84.5594
RE1,DEMRESELC,2054,102.7996
RE1,DEMRESELC,2055,218.4672
RE1,DEMRESELC,2056,213.7194
RE1,DEMRESELC,2057,212.4924
RE1,DEMRESELC,2058,204.3592
RE1,DEMRESELC,2059,66.0241
RE1,DEMRESELC,2060,37.7605
RE1,DEMRESELC,2061,42.6384
RE1,DEMRESELC,2062,47.5708
RE1,DEMRESELC,2063,34.3999
RE1,DEMRESELC,2064,11.1494
RE1,DEMRESELC,2065,11.2738
RE1,DEMRESELC,2066,11.3995
RE1,DEMRESELC,2067,11.5267
RE1,DEMRESELC,2068,11.6553
RE1,DEMRESELC,2069,11.7853
RE1,DEMRESELC,2070,42.1905
RE1,RESENEFFDP,2025,176.3238
RE1,RESENEFFDP,2026,181.3352
RE1,RESENEFFDP,2027,186.3465
RE1,RESENEFFDP,2028,190.5815
RE1,RESENEFFDP,2029,191.7876
RE1,RESENEFFDP,2030,202.9981
RE1,RESENEFFDP,2031,208.772
RE1,RESENEFFDP,2032,215.5926
RE1,RESENEFFDP,2033,221.3947
RE1,RESENEFFDP,2034,227.1968
RE1,RESENEFFDP,2035,231.8677
RE1,RESENEFFDP,2036,236.5161
RE1,RESENEFFDP,2037,241.1645
RE1,RESENEFFDP,2038,245.8129
RE1,RESENEFFDP,2039,250.4613
RE1,RESENEFFDP,2040,255.1097
RE1,RESENEFFDP,2041,259.6616
RE1,RESENEFFDP,2042,264.2135
RE1,RESENEFFDP,2043,268.7654
RE1,RESENEFFDP,2044,273.3173
RE1,RESENEFFDP,2045,279.2248
RE1,RESENEFFDP,2046,281.0387
RE1,RESENEFFDP,2047,284.2082
RE1,RESENEFFDP,2048,288.7797
RE1,RESENEFFDP,2049,291.9647
RE1,RESENEFFDP,2050,279.2595
RE1,RESENEFFDP,2051,269.3564
RE1,RESENEFFDP,2052,256.7604
RE1,RESENEFFDP,2053,246.2014
RE1,RESENEFFDP,2054,235.6424
RE1,RESENEFFDP,2055,150.1779
RE1,RESENEFFDP,2056,157.3799
RE1,RESENEFFDP,2057,161.9132
RE1,RESENEFFDP,2058,171.7989
RE1,RESENEFFDP,2059,281.8804
RE1,RESENEFFDP,2060,307.3325
RE1,RESENEFFDP,2061,307.3325
RE1,RESENEFFDP,2062,307.3325
RE1,RESENEFFDP,2063,321.3005
RE1,RESENEFFDP,2064,343.0647
RE1,RESENEFFDP,2065,346.8915
RE1,RESENEFFDP,2066,350.761
RE1,RESENEFFDP,2067,354.6737
RE1,RESENEFFDP,2068,358.63
RE1,RESENEFFDP,2069,362.6305
RE1,RESENEFFDP,2070,343.3881
RE1,DEMRESCKNELC,2015,7.0099
RE1,DEMRESCKNELC,2016,6.6639
RE1,DEMRESCKNELC,2017,6.762
RE1,DEMRESCKNELC,2018,7.0044
RE1,DEMRESCKNELC,2019,6.6542
RE1,DEMRESCKNELC,2020,6.304
RE1,DEMRESCKNELC,2021,5.9538
RE1,DEMRESCKNELC,2022,5.6035
RE1,DEMRESCKNELC,2023,5.2533
RE1,DEMRESCKNELC,2024,4.9031
RE1,DEMRESCKNELC,2025,166.3391
RE1,DEMRESCKNELC,2026,182.4178
RE1,DEMRESCKNELC,2027,198.8174
RE1,DEMRESCKNELC,2028,215.5376
RE1,DEMRESCKNELC,2029,241.1293
RE1,DEMRESCKNELC,2030,239.5214
RE1,DEMRESCKNELC,2031,240.5778
RE1,DEMRESCKNELC,2032,252.3013
RE1,DEMRESCKNELC,2033,255.8969
RE1,DEMRESCKNELC,2034,259.4827
RE1,DEMRESCKNELC,2035,263.0593
RE1,DEMRESCKNELC,2036,266.1718
RE1,DEMRESCKNELC,2037,269.2791
RE1,DEMRESCKNELC,2038,272.3814
RE1,DEMRESCKNELC,2039,275.4788
RE1,DEMRESCKNELC,2040,278.5714
RE1,DEMRESCKNELC,2041,281.6592
RE1,DEMRESCKNELC,2042,284.7436
RE1,DEMRESCKNELC,2043,287.8245
RE1,DEMRESCKNELC,2044,290.9023
RE1,DEMRESCKNELC,2045,293.977
RE1,DEMRESCKNELC,2046,296.3069
RE1,DEMRESCKNELC,2047,298.6355
RE1,DEMRESCKNELC,2048,300.9627
RE1,DEMRESCKNELC,2049,303.2886
RE1,DEMRESCKNELC,2050,305.6131
RE1,DEMRESCKNELC,2051,307.9951
RE1,DEMRESCKNELC,2052,310.3956
RE1,DEMRESCKNELC,2053,312.8148
RE1,DEMRESCKNELC,2054,315.2529
RE1,DEMRESCKNELC,2055,317.7099
RE1,DEMRESCKNELC,2056,320.1862
RE1,DEMRESCKNELC,2057,322.6817
RE1,DEMRESCKNELC,2058,325.1966
RE1,DEMRESCKNELC,2059,327.7312
RE1,DEMRESCKNELC,2060,330.2856
RE1,DEMRESCKNELC,2061,332.8598
RE1,DEMRESCKNELC,2062,335.4541
RE1,DEMRESCKNELC,2063,338.0686
RE1,DEMRESCKNELC,2064,340.7035
RE1,DEMRESCKNELC,2065,343.359
RE1,DEMRESCKNELC,2066,346.0351
RE1,DEMRESCKNELC,2067,348.7321
RE1,DEMRESCKNELC,2068,351.4501
RE1,DEMRESCKNELC,2069,354.1893
RE1,DEMRESCKNELC,2070,356.9499
RE1,DEMRESCKNOIL,2015,117.5028
RE1,DEMRESCKNOIL,2016,111.7023
RE1,DEMRESCKNOIL,2017,113.3469
RE1,DEMRESCKNOIL,2018,117.4106
RE1,DEMRESCKNOIL,2019,120.876
RE1,DEMRESCKNOIL,2020,124.3333
RE1,DEMRESCKNOIL,2021,126.9942
RE1,DEMRESCKNOIL,2022,129.6497
RE1,DEMRESCKNOIL,2023,132.3
RE1,DEMRESCKNOIL,2024,134.9456
RE1,DEMRESCKNBIO,2015,72.8133
RE1,DEMRESCKNBIO,2016,69.2189
RE1,DEMRESCKNBIO,2017,70.238
RE1,DEMRESCKNBIO,2018,72.7562
RE1,DEMRESCKNBIO,2019,74.5779
RE1,DEMRESCKNBIO,2020,76.3949
RE1,DEMRESCKNBIO,2021,77.7461
RE1,DEMRESCKNBIO,2022,79.0942
RE1,DEMRESCKNBIO,2023,80.4393
RE1,DEMRESCKNBIO,2024,81.7816
RE1,DEMRESCKNBIO,2025,58.9217
RE1,DEMRESCKNBIO,2026,46.8217
RE1,DEMRESCKNBIO,2027,34.3928
RE1,DEMRESCKNBIO,2028,21.6357
RE1,DEMRESCKNBIO,2030,5.5571
RE1,DEMRESCKNBIO,2031,8.1176
RE1,DEMRESHEBIO,2015,84.502
RE1,DEMRESHEBIO,2016,80.3936
RE1,DEMRESHEBIO,2017,81.5773
RE1,DEMRESHEBIO,2018,84.502
RE1,DEMRESHEBIO,2019,86.6177
RE1,DEMRESHEBIO,2020,88.7281
RE1,DEMRESHEBIO,2021,90.2975
RE1,DEMRESHEBIO,2022,91.8632
RE1,DEMRESHEBIO,2023,93.4254
RE1,DEMRESHEBIO,2024,94.9844
RE1,DEMRESHEBIO,2025,96.5403
RE1,DEMRESHEBIO,2026,98.2455
RE1,DEMRESHEBIO,2027,99.9472
RE1,DEMRESHEBIO,2028,101.6457
RE1,DEMRESHEBIO,2029,103.3411
RE1,DEMRESHEBIO,2030,105.0337
RE1,DEMRESHEBIO,2031,105.0337
RE1,DEMRESHEBIO,2032,105.0337
RE1,DEMRESHEBIO,2033,88.5086
RE1,DEMRESHEBIO,2034,85.2381
RE1,DEMRESHEBIO,2035,81.4535
RE1,DEMRESHEBIO,2036,79.7632
RE1,DEMRESHEBIO,2037,62.8193
RE1,DEMRESHEBIO,2038,64.1488
RE1,DEMRESHEBIO,2039,65.4763
RE1,DEMRESHEBIO,2040,55.214
RE1,DEMRESHEBIO,2041,56.5373
RE1,DEMRESHEBIO,2042,57.8592
RE1,DEMRESHEBIO,2043,57.6092
RE1,DEMRESHEBIO,2044,52.195
RE1,DEMRESHEBIO,2045,6.7593
RE1,DEMRESHEBIO,2046,6.7593
RE1,DEMRESHEBIO,2047,4.9286
RE1,DEMRESHEBIO,2048,0.6337
RE1,DEMRESHEOIL,2015,0.0663
RE1,DEMRESHEEL,2031,1.5501
RE1,DEMRESHEEL,2032,3.0954
RE1,DEMRESHEEL,2033,21.1615
RE1,DEMRESHEEL,2034,25.9688
RE1,DEMRESHEEL,2035,31.2862
RE1,DEMRESHEEL,2036,34.3105
RE1,DEMRESHEEL,2037,52.586
RE1,DEMRESHEEL,2038,52.586
RE1,DEMRESHEEL,2039,52.586
RE1,DEMRESHEEL,2040,64.1738
RE1,DEMRESHEEL,2041,64.1738
RE1,DEMRESHEEL,2042,64.1738
RE1,DEMRESHEEL,2043,65.7442
RE1,DEMRESHEEL,2044,72.4774
RE1,DEMRESHEEL,2045,119.2308
RE1,DEMRESHEEL,2046,120.2294
RE1,DEMRESHEEL,2047,123.058
RE1,DEMRESHEEL,2048,128.3503
RE1,DEMRESHEEL,2049,129.9808
RE1,DEMRESHEEL,2050,130.9771
RE1,DEMRESHEEL,2051,131.9979
RE1,DEMRESHEEL,2052,133.0267
RE1,DEMRESHEEL,2053,134.0635
RE1,DEMRESHEEL,2054,135.1084
RE1,DEMRESHEEL,2055,136.1614
RE1,DEMRESHEEL,2056,137.2226
RE1,DEMRESHEEL,2057,138.2922
RE1,DEMRESHEEL,2058,139.37
RE1,DEMRESHEEL,2059,140.4562
RE1,DEMRESHEEL,2060,141.551
RE1,DEMRESHEEL,2061,142.6542
RE1,DEMRESHEEL,2062,143.766
RE1,DEMRESHEEL,2063,144.8866
RE1,DEMRESHEEL,2064,146.0158
RE1,DEMRESHEEL,2065,147.1538
RE1,DEMRESHEEL,2066,148.3008
RE1,DEMRESHEEL,2067,149.4566
RE1,DEMRESHEEL,2068,150.6215
RE1,DEMRESHEEL,2069,151.7954
RE1,DEMRESHEEL,2070,152.9785
RE1,DEMCOMELC,2015,169.2528
RE1,DEMCOMELC,2016,179.0399
RE1,DEMCOMELC,2017,187.428
RE1,DEMCOMELC,2018,195.8161
RE1,DEMCOMELC,2019,204.2043
RE1,DEMCOMELC,2020,212.5924
RE1,DEMCOMELC,2021,219.0306
RE1,DEMCOMELC,2022,225.4689
RE1,DEMCOMELC,2023,231.9071
RE1,DEMCOMELC,2024,238.3453
RE1,DEMCOMELC,2025,7.8731
RE1,DEMCOMELC,2026,8.0968
RE1,DEMCOMELC,2027,8.3206
RE1,DEMCOMELC,2028,9.5875
RE1,DEMCOMELC,2029,14.924
RE1,DEMCOMELC,2030,6.8186
RE1,DEMCOMELC,2031,7.0126
RE1,DEMCOMELC,2032,5.8001
RE1,DEMCOMELC,2033,5.9562
RE1,DEMCOMELC,2034,6.1123
RE1,DEMCOMELC,2035,7.7883
RE1,DEMCOMELC,2036,7.9445
RE1,DEMCOMELC,2037,8.1006
RE1,DEMCOMELC,2038,8.2568
RE1,DEMCOMELC,2039,8.4129
RE1,DEMCOMELC,2040,8.569
RE1,DEMCOMELC,2041,8.7219
RE1,DEMCOMELC,2042,8.8748
RE1,DEMCOMELC,2043,9.0277
RE1,DEMCOMELC,2044,9.1806
RE1,DEMCOMELC,2045,7.5121
RE1,DEMCOMELC,2046,9.44
RE1,DEMCOMELC,2047,9.5464
RE1,DEMCOMELC,2048,7.7691
RE1,DEMCOMELC,2049,7.8548
RE1,DEMCOMELC,2050,29.2907
RE1,DEMCOMELC,2051,47.1088
RE1,DEMCOMELC,2052,68.5955
RE1,DEMCOMELC,2053,87.3961
RE1,DEMCOMELC,2054,106.2481
RE1,DEMCOMELC,2055,365.6136
RE1,DEMCOMELC,2056,290.2594
RE1,DEMCOMELC,2057,312.5834
RE1,DEMCOMELC,2058,337.3379
RE1,DEMCOMELC,2059,352.9945
RE1,DEMCOMELC,2060,39.0272
RE1,DEMCOMELC,2061,44.0688
RE1,DEMCOMELC,2062,49.1666
RE1,DEMCOMELC,2063,25.5798
RE1,DEMCOMELC,2064,11.5234
RE1,DEMCOMELC,2065,11.652
RE1,DEMCOMELC,2066,11.7819
RE1,DEMCOMELC,2067,11.9134
RE1,DEMCOMELC,2068,12.0462
RE1,DEMCOMELC,2069,12.1806
RE1,DEMCOMELC,2070,328.3613
RE1,COMENEFFDP,2025,182.2389
RE1,COMENEFFDP,2026,187.4183
RE1,COMENEFFDP,2027,192.5978
RE1,COMENEFFDP,2028,196.9748
RE1,COMENEFFDP,2029,198.2214
RE1,COMENEFFDP,2030,209.8079
RE1,COMENEFFDP,2031,215.7755
RE1,COMENEFFDP,2032,222.825
RE1,COMENEFFDP,2033,228.8217
RE1,COMENEFFDP,2034,234.8184
RE1,COMENEFFDP,2035,239.646
RE1,COMENEFFDP,2036,244.4503
RE1,COMENEFFDP,2037,249.2547
RE1,COMENEFFDP,2038,254.059
RE1,COMENEFFDP,2039,258.8634
RE1,COMENEFFDP,2040,263.6677
RE1,COMENEFFDP,2041,268.3723
RE1,COMENEFFDP,2042,273.0769
RE1,COMENEFFDP,2043,277.7815
RE1,COMENEFFDP,2044,282.4861
RE1,COMENEFFDP,2045,288.5918
RE1,COMENEFFDP,2046,290.4665
RE1,COMENEFFDP,2047,293.7423
RE1,COMENEFFDP,2048,298.4672
RE1,COMENEFFDP,2049,301.759
RE1,COMENEFFDP,2050,288.6276
RE1,COMENEFFDP,2051,278.3923
RE1,COMENEFFDP,2052,265.3737
RE1,COMENEFFDP,2053,254.4605
RE1,COMENEFFDP,2054,243.5473
RE1,COMENEFFDP,2055,47.6639
RE1,COMENEFFDP,2056,109.2975
RE1,COMENEFFDP,2057,95.835
RE1,COMENEFFDP,2058,80.5443
RE1,COMENEFFDP,2059,72.2938
RE1,COMENEFFDP,2060,317.6424
RE1,COMENEFFDP,2061,317.6424
RE1,COMENEFFDP,2062,317.6424
RE1,COMENEFFDP,2063,339.7513
RE1,COMENEFFDP,2064,354.5732
RE1,COMENEFFDP,2065,358.5284
RE1,COMENEFFDP,2066,362.5278
RE1,COMENEFFDP,2067,366.5717
RE1,COMENEFFDP,2068,370.6608
RE1,COMENEFFDP,2069,374.7954
RE1,COMENEFFDP,2070,135.8648
RE1,DEMCOMHEBIO,2015,37.209
RE1,DEMCOMHEBIO,2016,39.1015
RE1,DEMCOMHEBIO,2017,40.0453
RE1,DEMCOMHEBIO,2018,40.9891
RE1,DEMCOMHEBIO,2019,41.933
RE1,DEMCOMHEBIO,2020,42.8768
RE1,DEMCOMHEBIO,2021,43.6453
RE1,DEMCOMHEBIO,2022,44.4138
RE1,DEMCOMHEBIO,2023,45.1824
RE1,DEMCOMHEBIO,2024,45.9509
RE1,DEMCOMHEBIO,2025,46.7194
RE1,DEMCOMHEBIO,2026,47.5908
RE1,DEMCOMHEBIO,2027,48.4622
RE1,DEMCOMHEBIO,2028,49.3335
RE1,DEMCOMHEBIO,2029,50.2049
RE1,DEMCOMHEBIO,2030,50.0106
RE1,DEMCOMHEBIO,2031,48.1181
RE1,DEMCOMHEBIO,2032,47.1743
RE1,DEMCOMHEBIO,2033,46.2305
RE1,DEMCOMHEBIO,2034,33.2936
RE1,DEMCOMHEBIO,2035,33.4854
RE1,DEMCOMHEBIO,2036,32.7818
RE1,DEMCOMHEBIO,2037,31.3503
RE1,DEMCOMHEBIO,2038,32.0107
RE1,DEMCOMHEBIO,2039,32.6711
RE1,DEMCOMHEBIO,2040,23.0757
RE1,DEMCOMHEBIO,2041,22.7959
RE1,DEMCOMHEBIO,2042,23.4159
RE1,DEMCOMHEBIO,2043,22.7354
RE1,DEMCOMHEBIO,2044,17.2675
RE1,DEMCOMHEEL,2030,1.0657
RE1,DEMCOMHEEL,2031,3.6753
RE1,DEMCOMHEEL,2032,5.3362
RE1,DEMCOMHEEL,2033,6.9971
RE1,DEMCOMHEEL,2034,20.6511
RE1,DEMCOMHEEL,2035,21.1764
RE1,DEMCOMHEEL,2036,22.5403
RE1,DEMCOMHEEL,2037,24.6322
RE1,DEMCOMHEEL,2038,24.6322
RE1,DEMCOMHEEL,2039,24.6322
RE1,DEMCOMHEEL,2040,34.888
RE1,DEMCOMHEEL,2041,35.7878
RE1,DEMCOMHEEL,2042,35.7878
RE1,DEMCOMHEEL,2043,37.0883
RE1,DEMCOMHEEL,2044,43.1762
RE1,DEMCOMHEEL,2045,61.0637
RE1,DEMCOMHEEL,2046,61.552
RE1,DEMCOMHEEL,2047,62.0404
RE1,DEMCOMHEEL,2048,62.5287
RE1,DEMCOMHEEL,2049,63.017
RE1,DEMCOMHEEL,2050,63.5053
RE1,DEMCOMHEEL,2051,64.0052
RE1,DEMCOMHEEL,2052,64.5091
RE1,DEMCOMHEEL,2053,65.0169
RE1,DEMCOMHEEL,2054,65.5287
RE1,DEMCOMHEEL,2055,66.0445
RE1,DEMCOMHEEL,2056,66.5644
RE1,DEMCOMHEEL,2057,67.0884
RE1,DEMCOMHEEL,2058,67.6165
RE1,DEMCOMHEEL,2059,68.1488
RE1,DEMCOMHEEL,2060,68.6853
RE1,DEMCOMHEEL,2061,69.226
RE1,DEMCOMHEEL,2062,69.7709
RE1,DEMCOMHEEL,2063,70.3201
RE1,DEMCOMHEEL,2064,70.8737
RE1,DEMCOMHEEL,2065,71.4316
RE1,DEMCOMHEEL,2066,71.9939
RE1,DEMCOMHEEL,2067,72.5606
RE1,DEMCOMHEEL,2068,73.1318
RE1,DEMCOMHEEL,2069,73.7075
RE1,DEMCOMHEEL,2070,74.2877
RE1,DEMINDHECOA,2015,639.928
RE1,DEMINDHECOA,2016,573.8878
RE1,DEMINDHECOA,2017,583.8262
RE1,DEMINDHECOA,2018,600.3722
RE1,DEMINDHECOA,2019,613.848
RE1,DEMINDHECOA,2020,627.3034
RE1,DEMINDHECOA,2021,636.6397
RE1,DEMINDHECOA,2022,645.9621
RE1,DEMINDHECOA,2023,655.2714
RE1,DEMINDHECOA,2024,664.5683
RE1,DEMINDHECOA,2025,673.8536
RE1,DEMINDHECOA,2026,684.1048
RE1,DEMINDHECOA,2027,694.343
RE1,DEMINDHECOA,2028,704.5689
RE1,DEMINDHECOA,2029,714.7833
RE1,DEMINDHECOA,2030,724.9866
RE1,DEMINDHECOA,2031,734.1859
RE1,DEMINDHECOA,2032,743.3675
RE1,DEMINDHECOA,2033,747.7908
RE1,DEMINDHECOA,2034,747.7908
RE1,DEMINDHECOA,2035,747.7908
RE1,DEMINDHECOA,2036,726.7044
RE1,DEMINDHECOA,2037,701.4243
RE1,DEMINDHECOA,2038,625.0376
RE1,DEMINDHECOA,2039,487.631
RE1,DEMINDHECOA,2040,349.4777
RE1,DEMINDHECOA,2041,230.6837
RE1,DEMINDHECOA,2042,126.9301
RE1,DEMINDHECOA,2045,22.8041
RE1,DEMINDHECOA,2046,0.8031
