r,t,y,TotalCapacityAnnual
RE1,MINOIL,2024,2141.6499
RE1,MINBIO,2015,1083.0722
RE1,MINBIO,2016,1039.3006
RE1,MINBIO,2017,1077.9026
RE1,MINBIO,2018,1116.6381
RE1,MINBIO,2019,1137.3915
RE1,MINBIO,2020,1170.5173
RE1,MINBIO,2021,1197.7543
RE1,MINBIO,2022,1212.6691
RE1,MINBIO,2023,1227.5592
RE1,MINBIO,2024,1242.4259
RE1,MINBIO,2025,1047.7255
RE1,MINBIO,2026,1018.9087
RE1,MINBIO,2027,1003.415
RE1,MINBIO,2028,1014.8628
RE1,MINBIO,2029,1026.2974
RE1,MINBIO,2030,906.3113
RE1,MINBIO,2031,748.3743
RE1,MINBIO,2032,808.825
RE1,MINBIO,2033,745.266
RE1,MINBIO,2034,672.5899
RE1,MINBIO,2035,620.0393
RE1,MINBIO,2036,584.6656
RE1,MINBIO,2037,548.4332
RE1,MINBIO,2038,511.3438
RE1,MINBIO,2039,473.3993
RE1,MINBIO,2040,434.6014
RE1,MINBIO,2041,395.0202
RE1,MINBIO,2042,354.5741
RE1,MINBIO,2043,313.2644
RE1,MINBIO,2044,271.0921
RE1,MINBIO,2045,274.7258
RE1,MINBIO,2046,250.1344
RE1,MINBIO,2047,163.5476
RE1,MINBIO,2048,102.5887
RE1,MINBIO,2049,102.5887
RE1,IMPCOA,2027,930.4345
RE1,IMPCOA,2028,3954.0386
RE1,IMPCOA,2029,3940.9627
RE1,IMPCOA,2030,3953.5594
RE1,IMPCOA,2031,3923.7247
RE1,IMPCOA,2032,4028.7665
RE1,IMPCOA,2033,4034.2273
RE1,IMPCOA,2034,4034.2273
RE1,IMPCOA,2035,4034.2273
RE1,IMPCOA,2036,3971.7491
RE1,IMPCOA,2037,3801.9454
RE1,IMPCOA,2038,3591.7044
RE1,IMPCOA,2039,3200.6426
RE1,IMPCOA,2040,3005.6997
RE1,IMPCOA,2041,3005.6997
RE1,IMPCOA,2042,2954.014
RE1,IMPCOA,2043,2954.014
RE1,IMPCOA,2044,2632.3552
RE1,IMPCOA,2045,2367.9211
RE1,IMPCOA,2046,1989.8068
RE1,IMPCOA,2047,1568.8362
RE1,IMPCOA,2048,1117.0873
RE1,IMPCOA,2049,489.6451
RE1,MINCOA,2015,1201.8754
RE1,MINCOA,2016,1120.3443
RE1,MINCOA,2017,1132.6138
RE1,MINCOA,2018,1153.041
RE1,MINCOA,2019,2821.0437
RE1,MINCOA,2020,2935.6728
RE1,MINCOA,2021,3016.1627
RE1,MINCOA,2022,3114.3237
RE1,MINCOA,2023,3212.4117
RE1,MINCOA,2024,3310.4278
RE1,MINCOA,2025,3488.5226
RE1,MINCOA,2026,3593.4542
RE1,MINCOA,2027,2767.8712
RE1,IMPLFO,2015,5550.8602
RE1,IMPLFO,2016,5742.9384
RE1,IMPLFO,2017,5873.1206
RE1,IMPLFO,2018,6018.0952
RE1,IMPLFO,2019,6157.2479
RE1,IMPLFO,2020,6296.3538
RE1,IMPLFO,2021,6407.281
RE1,IMPLFO,2022,6518.1763
RE1,IMPLFO,2023,6629.0416
RE1,IMPLFO,2024,4812.3938
RE1,IMPLFO,2025,5155.3181
RE1,IMPLFO,2026,5247.4691
RE1,IMPLFO,2027,5339.6049
RE1,IMPLFO,2028,5294.9436
RE1,IMPLFO,2029,5140.4864
RE1,IMPLFO,2030,4977.8009
RE1,IMPLFO,2031,4793.8054
RE1,IMPLFO,2032,4602.9545
RE1,IMPLFO,2033,4405.2536
RE1,IMPLFO,2034,4200.7077
RE1,IMPLFO,2035,3989.3213
RE1,IMPLFO,2036,3766.8363
RE1,IMPLFO,2037,3538.133
RE1,IMPLFO,2038,3303.2134
RE1,IMPLFO,2039,3061.823
RE1,IMPLFO,2040,2814.2672
RE1,IMPLFO,2041,2559.265
RE1,IMPLFO,2042,2298.3872
RE1,IMPLFO,2043,2031.6353
RE1,IMPLFO,2044,1759.0105
RE1,IMPLFO,2045,1480.5143
RE1,IMPLFO,2046,1193.5769
RE1,IMPLFO,2047,902.0562
RE1,IMPLFO,2048,605.9528
RE1,IMPLFO,2049,305.2673
RE1,UPSREF001,2015,2876.6643
RE1,UPSREF001,2016,2876.6643
RE1,UPSREF001,2017,2876.6643
RE1,UPSREF001,2018,2876.6643
RE1,UPSREF001,2019,2876.6643
RE1,UPSREF001,2020,2876.6643
RE1,UPSREF001,2021,2876.6643
RE1,UPSREF001,2022,2876.6643
RE1,UPSREF001,2023,2876.6643
RE1,UPSREF001,2024,2876.6643
RE1,UPSREF001,2025,2876.6643
RE1,UPSREF001,2026,2876.6643
RE1,UPSREF001,2027,2876.6643
RE1,UPSREF001,2028,2876.6643
RE1,UPSREF001,2029,2876.6643
RE1,UPSREF001,2030,2876.6643
RE1,UPSREF001,2031,2876.6643
RE1,UPSREF001,2032,2876.6643
RE1,UPSREF001,2033,2876.6643
RE1,UPSREF001,2034,2876.6643
RE1,UPSREF001,2035,2876.6643
RE1,UPSREF001,2036,2876.6643
RE1,UPSREF001,2037,2876.6643
RE1,UPSREF001,2038,2876.6643
RE1,UPSREF001,2039,2876.6643
RE1,UPSREF001,2040,2876.6643
RE1,UPSREF001,2041,2876.6643
RE1,UPSREF001,2042,2876.6643
RE1,UPSREF001,2043,2876.6643
RE1,UPSREF001,2044,2876.6643
RE1,UPSREF001,2045,2876.6643
RE1,MINNGS,2015,794.6634
RE1,MINNGS,2016,796.9507
RE1,MINNGS,2017,806.5935
RE1,MINNGS,2018,839.6294
RE1,MINNGS,2039,41.5481
RE1,MINNGS,2040,75.3348
RE1,MINNGS,2041,71.9191
RE1,MINNGS,2042,63.9281
RE1,MINNGS,2043,55.9371
RE1,MINNGS,2044,31.964
RE1,MINSOL,2015,19.2273
RE1,MINSOL,2016,33.282
RE1,MINSOL,2017,36.6855
RE1,MINSOL,2018,40.2789
RE1,MINSOL,2019,40.5636
RE1,MINSOL,2020,40.5636
RE1,MINSOL,2021,41.6077
RE1,MINSOL,2022,41.6077
RE1,MINSOL,2023,41.6077
RE1,MINSOL,2024,41.6077
RE1,MINSOL,2025,1269.7838
RE1,MINSOL,2026,1402.6078
RE1,MINSOL,2027,1540.9929
RE1,MINSOL,2028,1787.9276
RE1,MINSOL,2029,2126.9876
RE1,MINSOL,2030,2589.6247
RE1,MINSOL,2031,2923.6795
RE1,MINSOL,2032,2923.6795
RE1,MINSOL,2033,3068.6955
RE1,MINSOL,2034,3120.1563
RE1,MINSOL,2035,3100.976
RE1,MINSOL,2036,3086.9213
RE1,MINSOL,2037,3083.5178
RE1,MINSOL,2038,3183.8269
RE1,MINSOL,2039,3688.6463
RE1,MINSOL,2040,4191.086
RE1,MINSOL,2041,4626.15
RE1,MINSOL,2042,5004.8664
RE1,MINSOL,2043,5459.5553
RE1,MINSOL,2044,5493.0863
RE1,MINSOL,2045,5497.0677
RE1,MINSOL,2046,5441.0798
RE1,MINSOL,2047,5201.275
RE1,MINSOL,2048,5036.2774
RE1,MINSOL,2049,5564.4112
RE1,MINSOL,2050,6117.7709
RE1,MINSOL,2051,6332.4935
RE1,MINSOL,2052,6489.5106
RE1,MINSOL,2053,6641.7473
RE1,MINSOL,2054,6795.0704
RE1,MINSOL,2055,7389.9222
RE1,MINSOL,2056,7455.7877
RE1,MINSOL,2057,7486.0683
RE1,MINSOL,2058,7486.0683
RE1,MINSOL,2059,7486.0683
RE1,MINSOL,2060,7350.1265
RE1,MINSOL,2061,7515.5656
RE1,MINSOL,2062,8006.8357
RE1,MINSOL,2063,8363.124
RE1,MINSOL,2064,8597.5182
RE1,MINSOL,2065,8887.6904
RE1,MINSOL,2066,9194.9192
RE1,MINSOL,2067,9300.0272
RE1,MINSOL,2068,9396.6471
RE1,MINSOL,2069,9452.6944
RE1,MINSOL,2070,1399.8057
RE1,MINWND,2015,1.5132
RE1,MINWND,2016,3.2785
RE1,MINWND,2017,4.061
RE1,MINWND,2018,7.1325
RE1,MINWND,2019,9.745
RE1,MINWND,2020,9.745
RE1,MINWND,2021,9.9907
RE1,MINWND,2022,9.9907
RE1,MINWND,2023,9.9907
RE1,MINWND,2024,9.9907
RE1,MINWND,2025,9.9907
RE1,MINWND,2026,9.9907
RE1,MINWND,2027,9.9907
RE1,MINWND,2028,9.9907
RE1,MINWND,2029,9.9907
RE1,MINWND,2030,9.9907
RE1,MINWND,2031,9.9907
RE1,MINWND,2032,21.5929
RE1,MINWND,2033,153.2236
RE1,MINWND,2034,287.3543
RE1,MINWND,2035,424.8232
RE1,MINWND,2036,557.5127
RE1,MINWND,2037,706.665
RE1,MINWND,2038,820.8608
RE1,MINWND,2039,910.2586
RE1,MINWND,2040,1006.4265
RE1,MINWND,2041,1127.1679
RE1,MINWND,2042,1270.5831
RE1,MINWND,2043,1397.6539
RE1,MINWND,2044,1658.6057
RE1,MINWND,2045,1948.263
RE1,MINWND,2046,2163.1839
RE1,MINWND,2047,2399.1628
RE1,MINWND,2048,2634.1186
RE1,MINWND,2049,2634.1186
RE1,MINWND,2050,2631.532
RE1,MINWND,2051,2631.532
RE1,MINWND,2052,2631.532
RE1,MINWND,2053,2631.532
RE1,MINWND,2054,2631.532
RE1,MINWND,2055,2631.532
RE1,MINWND,2056,2631.532
RE1,MINWND,2057,2631.532
RE1,MINWND,2058,2631.532
RE1,MINWND,2059,2631.532
RE1,MINWND,2060,2631.532
RE1,MINWND,2061,2631.532
RE1,MINWND,2062,2619.9299
RE1,MINWND,2063,2488.2992
RE1,MINWND,2064,2435.4881
RE1,MINWND,2065,2434.2583
RE1,MINWND,2066,2433.8278
RE1,MINWND,2067,2435.3456
RE1,MINWND,2068,2443.9916
RE1,MINWND,2069,2456.346
RE1,MINWND,2070,5985.3032
RE1,MINGEO,2025,1.4486
RE1,MINGEO,2026,1.4486
RE1,MINGEO,2027,1.4486
RE1,MINGEO,2028,1.4486
RE1,MINGEO,2029,1.4486
RE1,MINGEO,2030,1.4486
RE1,MINGEO,2031,1.4486
RE1,MINGEO,2032,1.4486
RE1,MINGEO,2033,1.4486
RE1,MINGEO,2034,1.4486
RE1,MINGEO,2035,1.4486
RE1,MINGEO,2036,1.4486
RE1,MINGEO,2037,1.4486
RE1,MINGEO,2038,1.4486
RE1,MINGEO,2039,1.4486
RE1,MINGEO,2040,1.4486
RE1,MINGEO,2041,1.4486
RE1,MINGEO,2042,1.4486
RE1,MINGEO,2043,1.4486
RE1,MINGEO,2044,1.4486
RE1,MINGEO,2045,1.4486
RE1,MINGEO,2046,1.4486
RE1,MINGEO,2047,1.4486
RE1,MINGEO,2048,1.4486
RE1,MINGEO,2049,1.4486
RE1,MINGEO,2050,1.4486
RE1,MINGEO,2051,1.4486
RE1,MINGEO,2052,1.4486
RE1,MINGEO,2053,1.4486
RE1,MINGEO,2054,1.4486
RE1,MINGEO,2055,1.4486
RE1,MINGEO,2056,1.4486
RE1,MINGEO,2057,1.4486
RE1,MINGEO,2058,1.4486
RE1,MINGEO,2059,1.4486
RE1,MINGEO,2060,1.4486
RE1,MINGEO,2061,1.4486
RE1,MINGEO,2062,1.4486
RE1,MINGEO,2063,1.4486
RE1,MINGEO,2064,1.4486
RE1,MINGEO,2065,1.4486
RE1,MINGEO,2066,1.4486
RE1,MINGEO,2067,1.4486
RE1,MINGEO,2068,1.4486
RE1,MINGEO,2069,1.4486
RE1,MINHYD,2015,51.7481
RE1,MINHYD,2016,51.7481
RE1,MINHYD,2017,51.7481
RE1,MINHYD,2018,51.7481
RE1,MINHYD,2019,51.7481
RE1,MINHYD,2020,51.7481
RE1,MINHYD,2021,51.7481
RE1,MINHYD,2022,51.7481
RE1,MINHYD,2023,51.7481
RE1,MINHYD,2024,51.7481
RE1,MINHYD,2025,51.7481
RE1,MINHYD,2026,51.7481
RE1,MINHYD,2027,51.7481
RE1,MINHYD,2028,51.7481
RE1,MINHYD,2029,51.7481
RE1,MINHYD,2030,62.0649
RE1,MINHYD,2031,62.0649
RE1,MINHYD,2032,71.6301
RE1,MINHYD,2033,71.6301
RE1,MINHYD,2034,71.6301
RE1,MINHYD,2035,71.6301
RE1,MINHYD,2036,71.6301
RE1,MINHYD,2037,71.6301
RE1,MINHYD,2038,71.6301
RE1,MINHYD,2039,71.6301
RE1,MINHYD,2040,71.6301
RE1,MINHYD,2041,71.6301
RE1,MINHYD,2042,71.6301
RE1,MINHYD,2043,71.6301
RE1,MINHYD,2044,71.6301
RE1,MINHYD,2045,71.6301
RE1,MINHYD,2046,71.6301
RE1,MINHYD,2047,71.6301
RE1,MINHYD,2048,71.6301
RE1,MINHYD,2049,71.6301
RE1,MINHYD,2050,71.6301
RE1,MINHYD,2051,19.8821
RE1,MINHYD,2052,19.8821
RE1,MINHYD,2053,19.8821
RE1,MINHYD,2054,19.8821
RE1,MINHYD,2055,19.8821
RE1,MINHYD,2056,19.8821
RE1,MINHYD,2057,19.8821
RE1,MINHYD,2058,19.8821
RE1,MINHYD,2059,19.8821
RE1,MINHYD,2060,19.8821
RE1,MINHYD,2061,19.8821
RE1,MINHYD,2062,19.8821
RE1,MINHYD,2063,19.8821
RE1,MINHYD,2064,71.6301
RE1,MINHYD,2065,71.6301
RE1,MINHYD,2066,71.6301
RE1,MINHYD,2067,71.6301
RE1,MINHYD,2068,71.6301
RE1,MINHYD,2069,71.6301
RE1,MINHYD,2070,22.5956
RE1,PWRBIO001,2015,2.978
RE1,PWRBIO001,2016,3.404
RE1,PWRBIO001,2017,3.829
RE1,PWRBIO001,2018,4.04
RE1,PWRBIO001,2019,4.04
RE1,PWRBIO001,2020,4.255
RE1,PWRBIO001,2021,4.468
RE1,PWRBIO001,2022,4.468
RE1,PWRBIO001,2023,4.468
RE1,PWRBIO001,2024,4.468
RE1,PWRBIO001,2025,4.468
RE1,PWRBIO001,2026,4.468
RE1,PWRBIO001,2027,4.468
RE1,PWRBIO001,2028,4.468
RE1,PWRBIO001,2029,4.468
RE1,PWRBIO001,2030,4.468
RE1,PWRBIO001,2031,1.49
RE1,PWRBIO001,2032,2.8392
RE1,PWRBIO001,2033,2.8392
RE1,PWRBIO001,2034,2.8392
RE1,PWRBIO001,2035,2.8392
RE1,PWRBIO001,2036,2.8392
RE1,PWRBIO001,2037,2.8392
RE1,PWRBIO001,2038,2.8392
RE1,PWRBIO001,2039,2.8392
RE1,PWRBIO001,2040,2.8392
RE1,PWRBIO001,2041,2.8392
RE1,PWRBIO001,2042,2.8392
RE1,PWRBIO001,2043,2.8392
RE1,PWRBIO001,2044,2.8392
RE1,PWRBIO001,2045,2.8392
RE1,PWRBIO001,2046,2.4132
RE1,PWRBIO001,2047,1.9882
RE1,PWRBIO001,2048,1.7772
RE1,PWRBIO001,2049,1.7772
RE1,PWRBIO001,2050,1.5622
RE1,PWRBIO001,2051,1.3492
RE1,PWRBIO001,2052,1.3492
RE1,PWRBIO001,2053,1.3492
RE1,PWRBIO001,2054,1.3492
RE1,PWRBIO001,2055,1.3492
RE1,PWRBIO001,2056,1.3492
RE1,PWRCOA001,2015,5.259
RE1,PWRCOA001,2016,5.259
RE1,PWRCOA001,2017,5.259
RE1,PWRCOA001,2018,5.259
RE1,PWRCOA001,2019,26.3461
RE1,PWRCOA001,2020,27.5977
RE1,PWRCOA001,2021,28.4784
RE1,PWRCOA001,2022,29.5849
RE1,PWRCOA001,2023,30.6907
RE1,PWRCOA001,2024,31.7957
RE1,PWRCOA001,2025,33.9235
RE1,PWRCOA001,2026,35.1018
RE1,PWRCOA001,2027,36.2793
RE1,PWRCOA001,2028,39.3837
RE1,PWRCOA001,2029,39.0557
RE1,PWRCOA001,2030,39.0557
RE1,PWRCOA001,2031,38.5297
RE1,PWRCOA001,2032,39.7263
RE1,PWRCOA001,2033,39.7263
RE1,PWRCOA001,2034,39.7263
RE1,PWRCOA001,2035,39.7263
RE1,PWRCOA001,2036,39.7263
RE1,PWRCOA001,2037,38.3813
RE1,PWRCOA001,2038,38.3813
RE1,PWRCOA001,2039,38.3813
RE1,PWRCOA001,2040,38.3813
RE1,PWRCOA001,2041,38.3813
RE1,PWRCOA001,2042,37.7213
RE1,PWRCOA001,2043,37.7213
RE1,PWRCOA001,2044,37.7213
RE1,PWRCOA001,2045,37.7213
RE1,PWRCOA001,2046,37.7213
RE1,PWRCOA001,2047,37.7213
RE1,PWRCOA001,2048,37.7213
RE1,PWRCOA001,2049,37.7213
RE1,PWRCOA001,2050,37.7213
RE1,PWRCOA001,2051,37.7213
RE1,PWRCOA001,2052,37.7213
RE1,PWRCOA001,2053,37.7213
RE1,PWRCOA001,2054,37.7213
RE1,PWRCOA001,2055,37.7213
RE1,PWRCOA001,2056,37.7213
RE1,PWRCOA001,2057,37.7213
RE1,PWRCOA001,2058,37.7213
RE1,PWRCOA001,2059,37.7213
RE1,PWRCOA001,2060,37.7213
RE1,PWRCOA001,2061,37.7213
RE1,PWRCOA001,2062,37.7213
RE1,PWRCOA001,2063,37.7213
RE1,PWRCOA001,2064,37.7213
RE1,PWRCOA001,2065,37.7213
RE1,PWRCOA001,2066,37.7213
RE1,PWRCOA001,2067,37.7213
RE1,PWRCOA001,2068,37.7213
RE1,PWRCOA001,2069,37.7213
RE1,PWRCOA001,2070,37.7213
RE1,PWRGEO,2025,0.0066
RE1,PWRGEO,2026,0.0066
RE1,PWRGEO,2027,0.0066
RE1,PWRGEO,2028,0.0066
RE1,PWRGEO,2029,0.0066
RE1,PWRGEO,2030,0.0066
RE1,PWRGEO,2031,0.0066
RE1,PWRGEO,2032,0.0066
RE1,PWRGEO,2033,0.0066
RE1,PWRGEO,2034,0.0066
RE1,PWRGEO,2035,0.0066
RE1,PWRGEO,2036,0.0066
RE1,PWRGEO,2037,0.0066
RE1,PWRGEO,2038,0.0066
RE1,PWRGEO,2039,0.0066
RE1,PWRGEO,2040,0.0066
RE1,PWRGEO,2041,0.0066
RE1,PWRGEO,2042,0.0066
RE1,PWRGEO,2043,0.0066
RE1,PWRGEO,2044,0.0066
RE1,PWRGEO,2045,0.0066
RE1,PWRGEO,2046,0.0066
RE1,PWRGEO,2047,0.0066
RE1,PWRGEO,2048,0.0066
RE1,PWRGEO,2049,0.0066
RE1,PWRGEO,2050,0.0066
RE1,PWRGEO,2051,0.0066
RE1,PWRGEO,2052,0.0066
RE1,PWRGEO,2053,0.0066
RE1,PWRGEO,2054,0.0066
RE1,PWRGEO,2055,0.0066
RE1,PWRGEO,2056,0.0066
RE1,PWRGEO,2057,0.0066
RE1,PWRGEO,2058,0.0066
RE1,PWRGEO,2059,0.0066
RE1,PWRGEO,2060,0.0066
RE1,PWRGEO,2061,0.0066
RE1,PWRGEO,2062,0.0066
RE1,PWRGEO,2063,0.0066
RE1,PWRGEO,2064,0.0066
RE1,PWRGEO,2065,0.0066
RE1,PWRGEO,2066,0.0066
RE1,PWRGEO,2067,0.0066
RE1,PWRGEO,2068,0.0066
RE1,PWRGEO,2069,0.0066
RE1,PWRGEO,2070,0.0066
RE1,PWRNGS001,2015,27.132
RE1,PWRNGS001,2016,27.132
RE1,PWRNGS001,2017,27.132
RE1,PWRNGS001,2018,27.132
RE1,PWRNGS001,2019,27.132
RE1,PWRNGS001,2020,27.132
RE1,PWRNGS001,2021,27.132
RE1,PWRNGS001,2022,27.132
RE1,PWRNGS001,2023,27.132
RE1,PWRNGS001,2024,10.764
RE1,PWRNGS001,2025,10.764
RE1,PWRNGS001,2026,10.016
RE1,PWRNGS001,2027,10.016
RE1,PWRNGS001,2028,9.892
RE1,PWRNGS001,2029,9.77
RE1,PWRNGS001,2030,8.594
RE1,PWRNGS001,2031,8.35
RE1,PWRNGS001,2032,8.35
RE1,PWRNGS001,2033,7.524
RE1,PWRNGS001,2034,7.184
RE1,PWRNGS001,2035,7.184
RE1,PWRNGS001,2036,7.184
RE1,PWRNGS001,2037,7.184
RE1,PWRNGS001,2038,4.316
RE1,PWRNGS001,2039,4.316
RE1,PWRNGS001,2040,3.612
RE1,PWRNGS001,2041,3.2
RE1,PWRNGS001,2042,3.2
RE1,PWRNGS001,2043,3.2
RE1,PWRNGS001,2044,1.6
RE1,PWRSOL001,2015,1.4145
RE1,PWRSOL001,2016,2.451
RE1,PWRSOL001,2017,2.702
RE1,PWRSOL001,2018,2.967
RE1,PWRSOL001,2019,2.988
RE1,PWRSOL001,2020,2.988
RE1,PWRSOL001,2021,3.065
RE1,PWRSOL001,2022,3.065
RE1,PWRSOL001,2023,3.065
RE1,PWRSOL001,2024,3.065
RE1,PWRSOL001,2025,93.64
RE1,PWRSOL001,2026,103.4354
RE1,PWRSOL001,2027,113.641
RE1,PWRSOL001,2028,131.8518
RE1,PWRSOL001,2029,156.8566
RE1,PWRSOL001,2030,190.975
RE1,PWRSOL001,2031,215.6107
RE1,PWRSOL001,2032,215.6107
RE1,PWRSOL001,2033,226.3053
RE1,PWRSOL001,2034,230.1004
RE1,PWRSOL001,2035,228.6859
RE1,PWRSOL001,2036,227.6494
RE1,PWRSOL001,2037,227.3984
RE1,PWRSOL001,2038,234.7959
RE1,PWRSOL001,2039,272.0251
RE1,PWRSOL001,2040,309.0788
RE1,PWRSOL001,2041,341.1637
RE1,PWRSOL001,2042,369.0931
RE1,PWRSOL001,2043,402.6253
RE1,PWRSOL001,2044,405.1016
RE1,PWRSOL001,2045,405.3952
RE1,PWRSOL001,2046,405.3952
RE1,PWRSOL001,2047,405.3952
RE1,PWRSOL001,2048,405.3952
RE1,PWRSOL001,2049,410.3616
RE1,PWRSOL001,2050,451.1706
RE1,PWRSOL001,2051,467.0058
RE1,PWRSOL001,2052,478.5854
RE1,PWRSOL001,2053,489.8125
RE1,PWRSOL001,2054,501.1197
RE1,PWRSOL001,2055,544.9886
RE1,PWRSOL001,2056,549.846
RE1,PWRSOL001,2057,555.7904
RE1,PWRSOL001,2058,562.6604
RE1,PWRSOL001,2059,569.5836
RE1,PWRSOL001,2060,542.0538
RE1,PWRSOL001,2061,554.2545
RE1,PWRSOL001,2062,590.4844
RE1,PWRSOL001,2063,616.7598
RE1,PWRSOL001,2064,634.0458
RE1,PWRSOL001,2065,655.4453
RE1,PWRSOL001,2066,678.1027
RE1,PWRSOL001,2067,685.8541
RE1,PWRSOL001,2068,692.9796
RE1,PWRSOL001,2069,697.113
RE1,PWRSOL001,2070,660.0593
RE1,PWRCSP002,2015,0.005
RE1,PWRCSP002,2016,0.005
RE1,PWRCSP002,2017,0.005
RE1,PWRCSP002,2018,0.005
RE1,PWRCSP002,2019,0.005
RE1,PWRCSP002,2020,0.005
RE1,PWRCSP002,2021,0.005
RE1,PWRCSP002,2022,0.005
RE1,PWRCSP002,2023,0.005
RE1,PWRCSP002,2024,0.005
RE1,PWRCSP002,2025,0.005
RE1,PWRCSP002,2026,0.005
RE1,PWRCSP002,2027,0.005
RE1,PWRCSP002,2028,0.005
RE1,PWRCSP002,2029,0.005
RE1,PWRCSP002,2030,0.005
RE1,PWRCSP002,2031,0.005
RE1,PWRCSP002,2032,0.005
RE1,PWRCSP002,2033,0.005
RE1,PWRCSP002,2034,0.005
RE1,PWRCSP002,2035,0.005
RE1,PWRCSP002,2036,0.005
RE1,PWRCSP002,2037,0.005
RE1,PWRCSP002,2038,0.005
RE1,PWRCSP002,2039,0.005
RE1,PWRCSP002,2040,0.005
RE1,PWRCSP002,2041,0.005
RE1,PWRCSP002,2042,0.005
RE1,PWRCSP002,2043,0.005
RE1,PWRHYD001,2015,3.639
RE1,PWRHYD001,2016,3.639
RE1,PWRHYD001,2017,3.639
RE1,PWRHYD001,2018,3.639
RE1,PWRHYD001,2019,3.639
RE1,PWRHYD001,2020,3.639
RE1,PWRHYD001,2021,3.639
RE1,PWRHYD001,2022,3.639
RE1,PWRHYD001,2023,3.639
RE1,PWRHYD001,2024,3.639
RE1,PWRHYD001,2025,3.639
RE1,PWRHYD001,2026,3.639
RE1,PWRHYD001,2027,3.639
RE1,PWRHYD001,2028,3.639
RE1,PWRHYD001,2029,3.639
RE1,PWRHYD001,2030,4.3645
RE1,PWRHYD001,2031,4.3645
RE1,PWRHYD001,2032,4.3645
RE1,PWRHYD001,2033,4.3645
RE1,PWRHYD001,2034,4.3645
RE1,PWRHYD001,2035,4.3645
RE1,PWRHYD001,2036,4.3645
RE1,PWRHYD001,2037,4.3645
RE1,PWRHYD001,2038,4.3645
RE1,PWRHYD001,2039,4.3645
RE1,PWRHYD001,2040,4.3645
RE1,PWRHYD001,2041,4.3645
RE1,PWRHYD001,2042,4.3645
RE1,PWRHYD001,2043,4.3645
RE1,PWRHYD001,2044,4.3645
RE1,PWRHYD001,2045,4.3645
RE1,PWRHYD001,2046,4.3645
RE1,PWRHYD001,2047,4.3645
RE1,PWRHYD001,2048,4.3645
RE1,PWRHYD001,2049,4.3645
RE1,PWRHYD001,2050,4.3645
RE1,PWRHYD001,2051,0.7255
RE1,PWRHYD001,2052,0.7255
RE1,PWRHYD001,2053,0.7255
RE1,PWRHYD001,2054,0.7255
RE1,PWRHYD001,2055,0.7255
RE1,PWRHYD001,2056,0.7255
RE1,PWRHYD001,2057,0.7255
RE1,PWRHYD001,2058,0.7255
RE1,PWRHYD001,2059,0.7255
RE1,PWRHYD001,2060,0.7255
RE1,PWRHYD001,2061,0.7255
RE1,PWRHYD001,2062,0.7255
RE1,PWRHYD001,2063,0.7255
RE1,PWRHYD001,2064,4.3645
RE1,PWRHYD001,2065,4.3645
RE1,PWRHYD001,2066,4.3645
RE1,PWRHYD001,2067,4.3645
RE1,PWRHYD001,2068,4.3645
RE1,PWRHYD001,2069,4.3645
RE1,PWRHYD001,2070,3.639
RE1,PWRHYD002,2015,0.148
RE1,PWRHYD002,2016,0.148
RE1,PWRHYD002,2017,0.148
RE1,PWRHYD002,2018,0.148
RE1,PWRHYD002,2019,0.148
RE1,PWRHYD002,2020,0.148
RE1,PWRHYD002,2021,0.148
RE1,PWRHYD002,2022,0.148
RE1,PWRHYD002,2023,0.148
RE1,PWRHYD002,2024,0.148
RE1,PWRHYD002,2025,0.148
RE1,PWRHYD002,2026,0.148
RE1,PWRHYD002,2027,0.148
RE1,PWRHYD002,2028,0.148
RE1,PWRHYD002,2029,0.148
RE1,PWRHYD002,2030,0.1775
RE1,PWRHYD002,2031,0.1775
RE1,PWRHYD002,2032,0.1775
RE1,PWRHYD002,2033,0.1775
RE1,PWRHYD002,2034,0.1775
RE1,PWRHYD002,2035,0.1775
RE1,PWRHYD002,2036,0.1775
RE1,PWRHYD002,2037,0.1775
RE1,PWRHYD002,2038,0.1775
RE1,PWRHYD002,2039,0.1775
RE1,PWRHYD002,2040,0.1775
RE1,PWRHYD002,2041,0.1775
RE1,PWRHYD002,2042,0.1775
RE1,PWRHYD002,2043,0.1775
RE1,PWRHYD002,2044,0.1775
RE1,PWRHYD002,2045,0.1775
RE1,PWRHYD002,2046,0.1775
RE1,PWRHYD002,2047,0.1775
RE1,PWRHYD002,2048,0.1775
RE1,PWRHYD002,2049,0.1775
RE1,PWRHYD002,2050,0.1775
RE1,PWRHYD002,2051,0.0295
RE1,PWRHYD002,2052,0.0295
RE1,PWRHYD002,2053,0.0295
RE1,PWRHYD002,2054,0.0295
RE1,PWRHYD002,2055,0.0295
RE1,PWRHYD002,2056,0.0295
RE1,PWRHYD002,2057,0.0295
RE1,PWRHYD002,2058,0.0295
RE1,PWRHYD002,2059,0.0295
RE1,PWRHYD002,2060,0.0295
RE1,PWRHYD002,2061,0.0295
RE1,PWRHYD002,2062,0.0295
RE1,PWRHYD002,2063,0.0295
RE1,PWRHYD002,2064,0.1775
RE1,PWRHYD002,2065,0.1775
RE1,PWRHYD002,2066,0.1775
RE1,PWRHYD002,2067,0.1775
RE1,PWRHYD002,2068,0.1775
RE1,PWRHYD002,2069,0.1775
RE1,PWRHYD002,2070,0.148
RE1,PWRHYD003,2032,0.63
RE1,PWRHYD003,2033,0.63
RE1,PWRHYD003,2034,0.63
RE1,PWRHYD003,2035,0.63
RE1,PWRHYD003,2036,0.63
RE1,PWRHYD003,2037,0.63
RE1,PWRHYD003,2038,0.63
RE1,PWRHYD003,2039,0.63
RE1,PWRHYD003,2040,0.63
RE1,PWRHYD003,2041,0.63
RE1,PWRHYD003,2042,0.63
RE1,PWRHYD003,2043,0.63
RE1,PWRHYD003,2044,0.63
RE1,PWRHYD003,2045,0.63
RE1,PWRHYD003,2046,0.63
RE1,PWRHYD003,2047,0.63
RE1,PWRHYD003,2048,0.63
RE1,PWRHYD003,2049,0.63
RE1,PWRHYD003,2050,0.63
RE1,PWRHYD003,2051,0.63
RE1,PWRHYD003,2052,0.63
RE1,PWRHYD003,2053,0.63
RE1,PWRHYD003,2054,0.63
RE1,PWRHYD003,2055,0.63
RE1,PWRHYD003,2056,0.63
RE1,PWRHYD003,2057,0.63
RE1,PWRHYD003,2058,0.63
RE1,PWRHYD003,2059,0.63
RE1,PWRHYD003,2060,0.63
RE1,PWRHYD003,2061,0.63
RE1,PWRHYD003,2062,0.63
RE1,PWRHYD003,2063,0.63
RE1,PWRHYD003,2064,0.63
RE1,PWRHYD003,2065,0.63
RE1,PWRHYD003,2066,0.63
RE1,PWRHYD003,2067,0.63
RE1,PWRHYD003,2068,0.63
RE1,PWRHYD003,2069,0.63
RE1,PWRHYD003,2070,0.63
RE1,PWRWND001,2015,0.234
RE1,PWRWND001,2016,0.507
RE1,PWRWND001,2017,0.628
RE1,PWRWND001,2018,1.103
RE1,PWRWND001,2019,1.507
RE1,PWRWND001,2020,1.507
RE1,PWRWND001,2021,1.545
RE1,PWRWND001,2022,1.545
RE1,PWRWND001,2023,1.545
RE1,PWRWND001,2024,1.545
RE1,PWRWND001,2025,1.545
RE1,PWRWND001,2026,1.545
RE1,PWRWND001,2027,1.545
RE1,PWRWND001,2028,1.545
RE1,PWRWND001,2029,1.545
RE1,PWRWND001,2030,1.545
RE1,PWRWND001,2031,1.545
RE1,PWRWND001,2032,3.3392
RE1,PWRWND001,2033,23.695
RE1,PWRWND001,2034,44.4374
RE1,PWRWND001,2035,65.6961
RE1,PWRWND001,2036,86.2156
RE1,PWRWND001,2037,109.281
RE1,PWRWND001,2038,126.9406
RE1,PWRWND001,2039,140.7654
RE1,PWRWND001,2040,155.6371
RE1,PWRWND001,2041,174.309
RE1,PWRWND001,2042,196.4872
RE1,PWRWND001,2043,216.1378
RE1,PWRWND001,2044,256.4923
RE1,PWRWND001,2045,301.2859
RE1,PWRWND001,2046,301.2859
RE1,PWRWND001,2047,300.5209
RE1,PWRWND001,2048,300.4139
RE1,PWRWND001,2049,300.4139
RE1,PWRWND001,2050,300.0139
RE1,PWRWND001,2051,300.0139
RE1,PWRWND001,2052,300.0139
RE1,PWRWND001,2053,300.0139
RE1,PWRWND001,2054,300.0139
RE1,PWRWND001,2055,300.0139
RE1,PWRWND001,2056,300.0139
RE1,PWRWND001,2057,300.0139
RE1,PWRWND001,2058,300.0139
RE1,PWRWND001,2059,300.0139
RE1,PWRWND001,2060,300.0139
RE1,PWRWND001,2061,300.0139
RE1,PWRWND001,2062,298.2197
RE1,PWRWND001,2063,277.8639
RE1,PWRWND001,2064,257.1214
RE1,PWRWND001,2065,235.8628
RE1,PWRWND001,2066,215.0702
RE1,PWRWND001,2067,192.0048
RE1,PWRWND001,2068,174.3452
RE1,PWRWND001,2069,160.5205
RE1,PWRWND001,2070,145.6487
RE1,PWRWND002,2046,35.886
RE1,PWRWND002,2047,76.114
RE1,PWRWND002,2048,115.4608
RE1,PWRWND002,2049,115.4608
RE1,PWRWND002,2050,115.4608
RE1,PWRWND002,2051,115.4608
RE1,PWRWND002,2052,115.4608
RE1,PWRWND002,2053,115.4608
RE1,PWRWND002,2054,115.4608
RE1,PWRWND002,2055,115.4608
RE1,PWRWND002,2056,115.4608
RE1,PWRWND002,2057,115.4608
RE1,PWRWND002,2058,115.4608
RE1,PWRWND002,2059,115.4608
RE1,PWRWND002,2060,115.4608
RE1,PWRWND002,2061,115.4608
RE1,PWRWND002,2062,115.4608
RE1,PWRWND002,2063,115.4608
RE1,PWRWND002,2064,129.039
RE1,PWRWND002,2065,151.7872
RE1,PWRWND002,2066,174.1657
RE1,PWRWND002,2067,199.3235
RE1,PWRWND002,2068,219.8347
RE1,PWRWND002,2069,236.8246
RE1,PWRWND002,2070,236.8246
RE1,PWRSOL001S,2031,2.186
RE1,PWRSOL001S,2032,23.6106
RE1,PWRSOL001S,2033,26.6976
RE1,PWRSOL001S,2034,36.9128
RE1,PWRSOL001S,2035,51.5886
RE1,PWRSOL001S,2036,69.4543
RE1,PWRSOL001S,2037,82.3768
RE1,PWRSOL001S,2038,98.1906
RE1,PWRSOL001S,2039,98.1906
RE1,PWRSOL001S,2040,98.1906
RE1,PWRSOL001S,2041,98.1906
RE1,PWRSOL001S,2042,98.1906
RE1,PWRSOL001S,2043,98.1906
RE1,PWRSOL001S,2044,98.1906
RE1,PWRSOL001S,2045,98.1906
RE1,PWRSOL001S,2046,98.1906
RE1,PWRSOL001S,2047,98.1906
RE1,PWRSOL001S,2048,98.1906
RE1,PWRSOL001S,2049,118.9406
RE1,PWRSOL001S,2050,118.9406
RE1,PWRSOL001S,2051,118.9406
RE1,PWRSOL001S,2052,118.9406
RE1,PWRSOL001S,2053,118.9406
RE1,PWRSOL001S,2054,118.9406
RE1,PWRSOL001S,2055,118.9406
RE1,PWRSOL001S,2056,118.9406
RE1,PWRSOL001S,2057,118.9406
RE1,PWRSOL001S,2058,118.9406
RE1,PWRSOL001S,2059,118.9406
RE1,PWRSOL001S,2060,118.9406
RE1,PWRSOL001S,2061,116.7546
RE1,PWRSOL001S,2062,95.33
RE1,PWRSOL001S,2063,92.243
RE1,PWRSOL001S,2064,82.0278
RE1,PWRSOL001S,2065,67.352
RE1,PWRSOL001S,2066,51.6492
RE1,PWRSOL001S,2067,48.0459
RE1,PWRSOL001S,2068,45.1481
RE1,PWRSOL001S,2069,45.1481
RE1,PWRSOL001S,2070,45.1481
RE1,PWRTRNIMP,2015,3.135
RE1,PWRTRNIMP,2016,3.7339
RE1,PWRTRNIMP,2017,4.3449
RE1,PWRTRNIMP,2018,4.6598
RE1,PWRTRNIMP,2019,4.7646
RE1,PWRTRNIMP,2020,4.8461
RE1,PWRTRNIMP,2021,4.8953
RE1,PWRTRNIMP,2022,4.9576
RE1,PWRTRNIMP,2023,5.0199
RE1,PWRTRNIMP,2024,5.0822
RE1,PWRTRNIMP,2025,7.1746
RE1,PWRTRNIMP,2026,7.1949
RE1,PWRTRNIMP,2027,7.2152
RE1,PWRTRNIMP,2028,7.2567
RE1,PWRTRNIMP,2029,6.1232
RE1,PWRTRNIMP,2030,6.1232
RE1,PWRTRNIMP,2031,7.3481
RE1,PWRTRNIMP,2032,8.6346
RE1,PWRTRNIMP,2033,8.5916
RE1,PWRTRNIMP,2034,9.1071
RE1,PWRTRNIMP,2035,10.3419
RE1,PWRTRNIMP,2036,11.5576
RE1,PWRTRNIMP,2037,12.9254
RE1,PWRTRNIMP,2038,13.9702
RE1,PWRTRNIMP,2039,14.7861
RE1,PWRTRNIMP,2040,15.6645
RE1,PWRTRNIMP,2041,16.7701
RE1,PWRTRNIMP,2042,18.0851
RE1,PWRTRNIMP,2043,19.2491
RE1,PWRTRNIMP,2044,21.3845
RE1,PWRTRNIMP,2045,22.9061
RE1,PWRTRNIMP,2046,22.897
RE1,PWRTRNIMP,2047,22.8638
RE1,PWRTRNIMP,2048,22.8514
RE1,PWRTRNIMP,2049,7.3479
RE1,PWRTRNIMP,2050,9.1076
RE1,PWRTRNIMP,2051,11.5722
RE1,PWRTRNIMP,2052,12.8767
RE1,PWRTRNIMP,2053,14.1065
RE1,PWRTRNIMP,2054,15.3444
RE1,PWRTRNIMP,2055,22.8184
RE1,PWRTRNIMP,2056,22.8051
RE1,PWRTRNIMP,2057,22.7916
RE1,PWRTRNIMP,2058,22.778
RE1,PWRTRNIMP,2059,22.7642
RE1,PWRTRNIMP,2060,17.458
RE1,PWRTRNIMP,2061,18.3262
RE1,PWRTRNIMP,2062,19.4145
RE1,PWRTRNIMP,2063,21.8488
RE1,PWRTRNIMP,2064,21.1039
RE1,PWRTRNIMP,2065,20.0143
RE1,PWRTRNIMP,2066,18.9481
RE1,PWRTRNIMP,2067,17.6262
RE1,PWRTRNIMP,2068,16.5631
RE1,PWRTRNIMP,2069,15.7289
RE1,PWRTRNIMP,2070,3.0616
RE1,PWRTRN,2015,42.88
RE1,PWRTRN,2016,42.88
RE1,PWRTRN,2017,42.88
RE1,PWRTRN,2018,42.88
RE1,PWRTRN,2019,42.88
RE1,PWRTRN,2020,42.88
RE1,PWRTRN,2021,42.88
RE1,PWRTRN,2022,42.88
RE1,PWRTRN,2023,42.88
RE1,PWRTRN,2024,42.88
RE1,PWRTRN,2025,49.8599
RE1,PWRTRN,2026,51.9419
RE1,PWRTRN,2027,54.1919
RE1,PWRTRN,2028,57.6369
RE1,PWRTRN,2029,67.369
RE1,PWRTRN,2030,82.1733
RE1,PWRTRN,2031,93.7722
RE1,PWRTRN,2032,103.3692
RE1,PWRTRN,2033,112.6225
RE1,PWRTRN,2034,122.0372
RE1,PWRTRN,2035,131.2116
RE1,PWRTRN,2036,141.8094
RE1,PWRTRN,2037,151.021
RE1,PWRTRN,2038,163.9159
RE1,PWRTRN,2039,182.2523
RE1,PWRTRN,2040,200.6823
RE1,PWRTRN,2041,217.5783
RE1,PWRTRN,2042,233.2446
RE1,PWRTRN,2043,250.9249
RE1,PWRTRN,2044,258.5235
RE1,PWRTRN,2045,265.898
RE1,PWRTRN,2046,270.962
RE1,PWRTRN,2047,270.962
RE1,PWRTRN,2048,270.962
RE1,PWRTRN,2049,298.9308
RE1,PWRTRN,2050,316.5138
RE1,PWRTRN,2051,323.1112
RE1,PWRTRN,2052,328.1188
RE1,PWRTRN,2053,332.9739
RE1,PWRTRN,2054,337.8637
RE1,PWRTRN,2055,356.8346
RE1,PWRTRN,2056,358.9352
RE1,PWRTRN,2057,359.8962
RE1,PWRTRN,2058,359.8962
RE1,PWRTRN,2059,359.8962
RE1,PWRTRN,2060,359.8962
RE1,PWRTRN,2061,359.8962
RE1,PWRTRN,2062,366.0085
RE1,PWRTRN,2063,372.7427
RE1,PWRTRN,2064,375.2882
RE1,PWRTRN,2065,379.1012
RE1,PWRTRN,2066,383.0187
RE1,PWRTRN,2067,385.8858
RE1,PWRTRN,2068,388.7744
RE1,PWRTRN,2069,391.5701
RE1,PWRTRN,2070,391.5701
RE1,PWRDIST,2015,42.88
RE1,PWRDIST,2016,42.88
RE1,PWRDIST,2017,42.88
RE1,PWRDIST,2018,42.88
RE1,PWRDIST,2019,42.88
RE1,PWRDIST,2020,42.88
RE1,PWRDIST,2021,42.88
RE1,PWRDIST,2022,42.88
RE1,PWRDIST,2023,42.88
RE1,PWRDIST,2024,42.88
RE1,PWRDIST,2025,46.9826
RE1,PWRDIST,2026,48.9604
RE1,PWRDIST,2027,51.098
RE1,PWRDIST,2028,54.3641
RE1,PWRDIST,2029,63.5644
RE1,PWRDIST,2030,77.5579
RE1,PWRDIST,2031,88.5343
RE1,PWRDIST,2032,97.627
RE1,PWRDIST,2033,106.401
RE1,PWRDIST,2034,115.3333
RE1,PWRDIST,2035,124.0442
RE1,PWRDIST,2036,134.1067
RE1,PWRDIST,2037,142.8646
RE1,PWRDIST,2038,155.1136
RE1,PWRDIST,2039,172.5216
RE1,PWRDIST,2040,190.0294
RE1,PWRDIST,2041,206.0956
RE1,PWRDIST,2042,221.0071
RE1,PWRDIST,2043,237.8371
RE1,PWRDIST,2044,245.1191
RE1,PWRDIST,2045,252.1931
RE1,PWRDIST,2046,257.0797
RE1,PWRDIST,2047,257.0797
RE1,PWRDIST,2048,257.0797
RE1,PWRDIST,2049,283.8921
RE1,PWRDIST,2050,300.6881
RE1,PWRDIST,2051,306.9557
RE1,PWRDIST,2052,311.7129
RE1,PWRDIST,2053,316.3252
RE1,PWRDIST,2054,320.9705
RE1,PWRDIST,2055,338.9928
RE1,PWRDIST,2056,340.9884
RE1,PWRDIST,2057,341.9014
RE1,PWRDIST,2058,341.9014
RE1,PWRDIST,2059,341.9014
RE1,PWRDIST,2060,341.9014
RE1,PWRDIST,2061,341.9014
RE1,PWRDIST,2062,347.708
RE1,PWRDIST,2063,354.1055
RE1,PWRDIST,2064,356.5238
RE1,PWRDIST,2065,360.1461
RE1,PWRDIST,2066,363.8678
RE1,PWRDIST,2067,366.5915
RE1,PWRDIST,2068,369.3357
RE1,PWRDIST,2069,371.9916
RE1,PWRDIST,2070,371.9916
RE1,PWRHYD004,2032,0.07
RE1,PWRHYD004,2033,0.07
RE1,PWRHYD004,2034,0.07
RE1,PWRHYD004,2035,0.07
RE1,PWRHYD004,2036,0.07
RE1,PWRHYD004,2037,0.07
RE1,PWRHYD004,2038,0.07
RE1,PWRHYD004,2039,0.07
RE1,PWRHYD004,2040,0.07
RE1,PWRHYD004,2041,0.07
RE1,PWRHYD004,2042,0.07
RE1,PWRHYD004,2043,0.07
RE1,PWRHYD004,2044,0.07
RE1,PWRHYD004,2045,0.07
RE1,PWRHYD004,2046,0.07
RE1,PWRHYD004,2047,0.07
RE1,PWRHYD004,2048,0.07
RE1,PWRHYD004,2049,0.07
RE1,PWRHYD004,2050,0.07
RE1,PWRHYD004,2051,0.07
RE1,PWRHYD004,2052,0.07
RE1,PWRHYD004,2053,0.07
RE1,PWRHYD004,2054,0.07
RE1,PWRHYD004,2055,0.07
RE1,PWRHYD004,2056,0.07
RE1,PWRHYD004,2057,0.07
RE1,PWRHYD004,2058,0.07
RE1,PWRHYD004,2059,0.07
RE1,PWRHYD004,2060,0.07
RE1,PWRHYD004,2061,0.07
RE1,PWRHYD004,2062,0.07
RE1,PWRHYD004,2063,0.07
RE1,PWRHYD004,2064,0.07
RE1,PWRHYD004,2065,0.07
RE1,PWRHYD004,2066,0.07
RE1,PWRHYD004,2067,0.07
RE1,PWRHYD004,2068,0.07
RE1,PWRHYD004,2069,0.07
RE1,PWRHYD004,2070,0.07
RE1,PWRTRNEXP,2015,0.277
RE1,PWRTRNEXP,2016,0.1731
RE1,PWRTRNEXP,2017,0.1385
RE1,PWRTRNEXP,2018,0.1385
RE1,PWRTRNEXP,2019,0.1385
RE1,PWRTRNEXP,2020,0.1385
RE1,PWRTRNEXP,2021,0.1385
RE1,PWRTRNEXP,2022,0.1385
RE1,PWRTRNEXP,2023,0.1385
RE1,PWRTRNEXP,2024,0.1385
RE1,PWRTRNEXP,2025,0.2424
RE1,PWRTRNEXP,2026,0.2424
RE1,PWRTRNEXP,2027,0.2424
RE1,PWRTRNEXP,2028,0.2424
RE1,PWRTRNEXP,2029,0.9695
RE1,PWRTRNEXP,2030,0.9695
RE1,PWRTRNEXP,2031,0.9695
RE1,PWRTRNEXP,2032,0.9695
RE1,PWRTRNEXP,2033,0.9695
RE1,PWRTRNEXP,2034,0.9695
RE1,PWRTRNEXP,2035,0.9695
RE1,PWRTRNEXP,2036,0.9695
RE1,PWRTRNEXP,2037,0.9695
RE1,PWRTRNEXP,2038,0.9695
RE1,PWRTRNEXP,2039,0.9695
RE1,PWRTRNEXP,2040,0.9695
RE1,PWRTRNEXP,2041,0.9695
RE1,PWRTRNEXP,2042,0.9695
RE1,PWRTRNEXP,2043,0.9695
RE1,PWRTRNEXP,2044,0.9695
RE1,PWRTRNEXP,2045,0.9695
RE1,PWRTRNEXP,2046,0.9695
RE1,PWRTRNEXP,2047,0.9695
RE1,PWRTRNEXP,2048,0.9695
RE1,PWRTRNEXP,2049,0.9695
RE1,PWRTRNEXP,2050,0.9695
RE1,PWRTRNEXP,2051,0.9695
RE1,PWRTRNEXP,2052,0.9695
RE1,PWRTRNEXP,2053,0.9695
RE1,PWRTRNEXP,2054,0.9695
RE1,PWRTRNEXP,2055,0.9695
RE1,PWRTRNEXP,2056,0.9695
RE1,PWRTRNEXP,2057,0.9695
RE1,PWRTRNEXP,2058,0.9695
RE1,PWRTRNEXP,2059,0.9695
RE1,PWRTRNEXP,2060,0.9695
RE1,PWRTRNEXP,2061,0.9695
RE1,PWRTRNEXP,2062,0.9695
RE1,PWRTRNEXP,2063,0.9695
RE1,PWRTRNEXP,2064,0.9695
RE1,PWRTRNEXP,2065,0.9695
RE1,PWRTRNEXP,2066,0.9695
RE1,PWRTRNEXP,2067,0.9695
RE1,PWRTRNEXP,2068,0.9695
RE1,PWRTRNEXP,2069,0.9695
RE1,PWRTRNEXP,2070,0.1212
RE1,DEMTRAEVC,2025,10.055
RE1,DEMTRAEVC,2026,10.2347
RE1,DEMTRAEVC,2027,10.4144
RE1,DEMTRAEVC,2028,11.8046
RE1,DEMTRAEVC,2029,17.3951
RE1,DEMTRAEVC,2030,22.5228
RE1,DEMTRAEVC,2031,30.0668
RE1,DEMTRAEVC,2032,32.7602
RE1,DEMTRAEVC,2033,35.4047
RE1,DEMTRAEVC,2034,37.9057
RE1,DEMTRAEVC,2035,41.1581
RE1,DEMTRAEVC,2036,44.012
RE1,DEMTRAEVC,2037,46.3932
RE1,DEMTRAEVC,2038,48.8183
RE1,DEMTRAEVC,2039,51.2891
RE1,DEMTRAEVC,2040,53.5112
RE1,DEMTRAEVC,2041,56.3337
RE1,DEMTRAEVC,2042,58.9053
RE1,DEMTRAEVC,2043,61.5186
RE1,DEMTRAEVC,2044,64.1733
RE1,DEMTRAEVC,2045,65.2431
RE1,DEMTRAEVC,2046,69.1172
RE1,DEMTRAEVC,2047,71.8815
RE1,DEMTRAEVC,2048,74.4421
RE1,DEMTRAEVC,2049,83.0439
RE1,DEMTRAEVC,2050,95.5384
RE1,DEMTRAEVC,2051,100.2322
RE1,DEMTRAEVC,2052,104.4455
RE1,DEMTRAEVC,2053,111.3259
RE1,DEMTRAEVC,2054,112.8366
RE1,DEMTRAEVC,2055,112.8366
RE1,DEMTRAEVC,2056,115.2332
RE1,DEMTRAEVC,2057,116.1263
RE1,DEMTRAEVC,2058,117.0263
RE1,DEMTRAEVC,2059,117.9333
RE1,DEMTRAEVC,2060,117.9333
RE1,DEMTRAEVC,2061,117.9333
RE1,DEMTRAEVC,2062,120.4065
RE1,DEMTRAEVC,2063,121.6117
RE1,DEMTRAEVC,2064,122.5392
RE1,DEMTRAEVC,2065,123.4739
RE1,DEMTRAEVC,2066,124.4158
RE1,DEMTRAEVC,2067,125.365
RE1,DEMTRAEVC,2068,126.3216
RE1,DEMTRAEVC,2069,127.2856
RE1,DEMTRAEVC,2070,127.2856
RE1,DEMTRAMCYELC,2025,9.0585
RE1,DEMTRAMCYELC,2026,9.2205
RE1,DEMTRAMCYELC,2027,9.3824
RE1,DEMTRAMCYELC,2028,9.5442
RE1,DEMTRAMCYELC,2029,12.6148
RE1,DEMTRAMCYELC,2030,15.2031
RE1,DEMTRAMCYELC,2031,19.9249
RE1,DEMTRAMCYELC,2032,20.2223
RE1,DEMTRAMCYELC,2033,20.4212
RE1,DEMTRAMCYELC,2034,20.4364
RE1,DEMTRAMCYELC,2035,21.0741
RE1,DEMTRAMCYELC,2036,21.318
RE1,DEMTRAMCYELC,2037,21.5619
RE1,DEMTRAMCYELC,2038,21.8057
RE1,DEMTRAMCYELC,2039,22.0495
RE1,DEMTRAMCYELC,2040,22.03
RE1,DEMTRAMCYELC,2041,22.5252
RE1,DEMTRAMCYELC,2042,22.7571
RE1,DEMTRAMCYELC,2043,22.989
RE1,DEMTRAMCYELC,2044,23.2209
RE1,DEMTRAMCYELC,2045,21.9875
RE1,DEMTRAMCYELC,2046,23.3185
RE1,DEMTRAMCYELC,2047,23.6203
RE1,DEMTRAMCYELC,2048,23.9029
RE1,DEMTRAMCYELC,2049,24.1779
RE1,DEMTRAMCYELC,2050,23.5401
RE1,DEMTRAMCYELC,2051,23.2962
RE1,DEMTRAMCYELC,2052,23.6418
RE1,DEMTRAMCYELC,2053,24.0736
RE1,DEMTRAMCYELC,2054,24.4973
RE1,DEMTRAMCYELC,2055,24.3003
RE1,DEMTRAMCYELC,2056,25.4199
RE1,DEMTRAMCYELC,2057,25.6882
RE1,DEMTRAMCYELC,2058,25.8358
RE1,DEMTRAMCYELC,2059,26.0462
RE1,DEMTRAMCYELC,2060,26.2801
RE1,DEMTRAMCYELC,2061,25.8672
RE1,DEMTRAMCYELC,2062,26.4258
RE1,DEMTRAMCYELC,2063,26.8859
RE1,DEMTRAMCYELC,2064,27.091
RE1,DEMTRAMCYELC,2065,27.2976
RE1,DEMTRAMCYELC,2066,27.5058
RE1,DEMTRAMCYELC,2067,27.7157
RE1,DEMTRAMCYELC,2068,27.9272
RE1,DEMTRAMCYELC,2069,28.1403
RE1,DEMTRAMCYELC,2070,26.0677
RE1,DEMTRACARELC,2037,1.9014
RE1,DEMTRACARELC,2038,3.8423
RE1,DEMTRACARELC,2039,5.8245
RE1,DEMTRACARELC,2040,7.8459
RE1,DEMTRACARELC,2041,9.8934
RE1,DEMTRACARELC,2042,11.9783
RE1,DEMTRACARELC,2043,14.1006
RE1,DEMTRACARELC,2044,16.2604
RE1,DEMTRACARELC,2045,18.4576
RE1,DEMTRACARELC,2046,20.6168
RE1,DEMTRACARELC,2047,22.8053
RE1,DEMTRACARELC,2048,25.7964
RE1,DEMTRACARELC,2049,26.0729
RE1,DEMTRACARELC,2050,43.815
RE1,DEMTRACARELC,2051,45.4871
RE1,DEMTRACARELC,2052,47.5765
RE1,DEMTRACARELC,2053,53.169
RE1,DEMTRACARELC,2054,53.9306
RE1,DEMTRACARELC,2055,53.9506
RE1,DEMTRACARELC,2056,54.812
RE1,DEMTRACARELC,2057,55.1685
RE1,DEMTRACARELC,2058,55.6506
RE1,DEMTRACARELC,2059,56.0748
RE1,DEMTRACARELC,2060,55.6569
RE1,DEMTRACARELC,2061,55.8846
RE1,DEMTRACARELC,2062,57.3672
RE1,DEMTRACARELC,2063,57.8047
RE1,DEMTRACARELC,2064,58.2456
RE1,DEMTRACARELC,2065,58.6899
RE1,DEMTRACARELC,2066,59.1376
RE1,DEMTRACARELC,2067,59.5888
RE1,DEMTRACARELC,2068,60.0434
RE1,DEMTRACARELC,2069,60.5016
RE1,DEMTRACARELC,2070,42.7595
RE1,DEMTRABUSELC,2028,1.0906
RE1,DEMTRABUSELC,2029,3.0564
RE1,DEMTRABUSELC,2030,5.0878
RE1,DEMTRABUSELC,2031,7.1623
RE1,DEMTRABUSELC,2032,9.2914
RE1,DEMTRABUSELC,2033,11.4749
RE1,DEMTRABUSELC,2034,13.7129
RE1,DEMTRABUSELC,2035,16.0052
RE1,DEMTRABUSELC,2036,18.3324
RE1,DEMTRABUSELC,2037,18.3324
RE1,DEMTRABUSELC,2038,18.3324
RE1,DEMTRABUSELC,2039,18.3324
RE1,DEMTRABUSELC,2040,18.3324
RE1,DEMTRABUSELC,2041,18.3324
RE1,DEMTRABUSELC,2042,18.3324
RE1,DEMTRABUSELC,2043,18.3324
RE1,DEMTRABUSELC,2044,18.3324
RE1,DEMTRABUSELC,2045,18.3324
RE1,DEMTRABUSELC,2046,18.3324
RE1,DEMTRABUSELC,2047,18.3324
RE1,DEMTRABUSELC,2048,17.3657
RE1,DEMTRABUSELC,2049,24.5636
RE1,DEMTRABUSELC,2050,22.5322
RE1,DEMTRABUSELC,2051,22.7038
RE1,DEMTRABUSELC,2052,22.8767
RE1,DEMTRABUSELC,2053,23.051
RE1,DEMTRABUSELC,2054,23.2266
RE1,DEMTRABUSELC,2055,23.4036
RE1,DEMTRABUSELC,2056,23.5819
RE1,DEMTRABUSELC,2057,23.7616
RE1,DEMTRABUSELC,2058,23.9427
RE1,DEMTRABUSELC,2059,24.1252
RE1,DEMTRABUSELC,2060,24.3091
RE1,DEMTRABUSELC,2061,24.4945
RE1,DEMTRABUSELC,2062,24.6812
RE1,DEMTRABUSELC,2063,24.8695
RE1,DEMTRABUSELC,2064,25.0591
RE1,DEMTRABUSELC,2065,25.2503
RE1,DEMTRABUSELC,2066,25.4429
RE1,DEMTRABUSELC,2067,25.637
RE1,DEMTRABUSELC,2068,25.8326
RE1,DEMTRABUSELC,2069,26.0298
RE1,DEMTRABUSELC,2070,26.2284
RE1,DEMTRAMCYGSL,2015,7.3231
RE1,DEMTRAMCYGSL,2016,7.6038
RE1,DEMTRAMCYGSL,2017,7.7786
RE1,DEMTRAMCYGSL,2018,7.9671
RE1,DEMTRAMCYGSL,2019,8.1493
RE1,DEMTRAMCYGSL,2020,8.3314
RE1,DEMTRAMCYGSL,2021,8.4769
RE1,DEMTRAMCYGSL,2022,8.6223
RE1,DEMTRAMCYGSL,2023,8.7678
RE1,DEMTRAMCYGSL,2024,8.9132
RE1,DEMTRAMCYGSL,2025,8.9132
RE1,DEMTRAMCYGSL,2026,8.9132
RE1,DEMTRAMCYGSL,2027,8.9132
RE1,DEMTRAMCYGSL,2028,8.9132
RE1,DEMTRAMCYGSL,2029,8.9132
RE1,DEMTRAMCYGSL,2030,1.59
RE1,DEMTRAMCYGSL,2031,1.3094
RE1,DEMTRAMCYGSL,2032,1.1346
RE1,DEMTRAMCYGSL,2033,0.946
RE1,DEMTRAMCYGSL,2034,0.7639
RE1,DEMTRAMCYGSL,2035,0.5818
RE1,DEMTRAMCYGSL,2036,0.4363
RE1,DEMTRAMCYGSL,2037,0.2908
RE1,DEMTRAMCYGSL,2038,0.1454
RE1,DEMTRACARGSL,2015,15.9623
RE1,DEMTRACARGSL,2016,16.3482
RE1,DEMTRACARGSL,2017,17.9874
RE1,DEMTRACARGSL,2018,19.6662
RE1,DEMTRACARGSL,2019,21.3863
RE1,DEMTRACARGSL,2020,23.1457
RE1,DEMTRACARGSL,2021,24.9438
RE1,DEMTRACARGSL,2022,26.7794
RE1,DEMTRACARGSL,2023,28.6525
RE1,DEMTRACARGSL,2024,30.563
RE1,DEMTRACARGSL,2025,32.5109
RE1,DEMTRACARGSL,2026,34.4752
RE1,DEMTRACARGSL,2027,36.4688
RE1,DEMTRACARGSL,2028,39.265
RE1,DEMTRACARGSL,2029,39.265
RE1,DEMTRACARGSL,2030,39.265
RE1,DEMTRACARGSL,2031,39.265
RE1,DEMTRACARGSL,2032,39.265
RE1,DEMTRACARGSL,2033,39.265
RE1,DEMTRACARGSL,2034,39.265
RE1,DEMTRACARGSL,2035,23.3028
RE1,DEMTRACARGSL,2036,22.9169
RE1,DEMTRACARGSL,2037,21.2777
RE1,DEMTRACARGSL,2038,19.5988
RE1,DEMTRACARGSL,2039,17.8787
RE1,DEMTRACARGSL,2040,16.1194
RE1,DEMTRACARGSL,2041,14.3212
RE1,DEMTRACARGSL,2042,12.4856
RE1,DEMTRACARGSL,2043,10.6126
RE1,DEMTRACARGSL,2044,8.7021
RE1,DEMTRACARGSL,2045,6.7542
RE1,DEMTRACARGSL,2046,4.7898
RE1,DEMTRACARGSL,2047,2.7962
RE1,DEMTRABUSGSL,2015,15.1406
RE1,DEMTRABUSGSL,2016,15.8398
RE1,DEMTRABUSGSL,2017,15.8398
RE1,DEMTRABUSGSL,2018,15.8398
RE1,DEMTRABUSGSL,2019,16.2126
RE1,DEMTRABUSGSL,2020,16.8494
RE1,DEMTRABUSGSL,2021,17.3574
RE1,DEMTRABUSGSL,2022,17.3574
RE1,DEMTRABUSGSL,2023,17.3574
RE1,DEMTRABUSGSL,2024,17.3574
RE1,DEMTRABUSGSL,2025,17.3574
RE1,DEMTRABUSGSL,2026,17.3574
RE1,DEMTRABUSGSL,2027,17.3574
RE1,DEMTRABUSGSL,2028,17.3574
RE1,DEMTRABUSGSL,2029,19.7547
RE1,DEMTRABUSGSL,2030,22.1886
RE1,DEMTRABUSGSL,2031,22.1886
RE1,DEMTRABUSGSL,2032,22.1886
RE1,DEMTRABUSGSL,2033,22.1886
RE1,DEMTRABUSGSL,2034,22.1886
RE1,DEMTRABUSGSL,2035,7.048
RE1,DEMTRABUSGSL,2036,6.3488
RE1,DEMTRABUSGSL,2037,6.3488
RE1,DEMTRABUSGSL,2038,6.3488
RE1,DEMTRABUSGSL,2039,5.976
RE1,DEMTRABUSGSL,2040,5.3392
RE1,DEMTRABUSGSL,2041,4.8312
RE1,DEMTRABUSGSL,2042,4.8312
RE1,DEMTRABUSGSL,2043,4.8312
RE1,DEMTRABUSGSL,2044,4.8312
RE1,DEMTRABUSGSL,2045,4.8312
RE1,DEMTRABUSGSL,2046,4.8312
RE1,DEMTRABUSGSL,2047,4.8312
RE1,DEMTRABUSGSL,2048,4.8312
RE1,DEMTRABUSGSL,2049,2.4339
RE1,DEMINDELC,2015,11.2574
RE1,DEMINDELC,2016,11.9084
RE1,DEMINDELC,2017,12.4663
RE1,DEMINDELC,2018,13.0242
RE1,DEMINDELC,2019,13.5821
RE1,DEMINDELC,2020,14.14
RE1,DEMINDELC,2021,14.5682
RE1,DEMINDELC,2022,14.9965
RE1,DEMINDELC,2023,15.4247
RE1,DEMINDELC,2024,15.8529
RE1,DEMINDELC,2025,4.5955
RE1,DEMINDELC,2026,3.9445
RE1,DEMINDELC,2027,3.3866
RE1,DEMINDELC,2028,2.8287
RE1,DEMINDELC,2029,2.2708
RE1,DEMINDELC,2030,1.7129
RE1,DEMINDELC,2031,1.488
RE1,DEMINDELC,2032,1.3553
RE1,DEMINDELC,2033,1.3918
RE1,DEMINDELC,2034,1.4282
RE1,DEMINDELC,2035,1.6526
RE1,DEMINDELC,2036,1.6857
RE1,DEMINDELC,2037,1.7189
RE1,DEMINDELC,2038,1.752
RE1,DEMINDELC,2039,1.7851
RE1,DEMINDELC,2040,1.8183
RE1,DEMINDELC,2041,1.8507
RE1,DEMINDELC,2042,1.8831
RE1,DEMINDELC,2043,1.9156
RE1,DEMINDELC,2044,1.948
RE1,DEMINDELC,2045,1.7553
RE1,DEMINDELC,2046,2.0031
RE1,DEMINDELC,2047,2.0257
RE1,DEMINDELC,2048,1.9925
RE1,DEMINDELC,2049,1.9594
RE1,DEMINDELC,2050,3.662
RE1,DEMINDELC,2051,4.8344
RE1,DEMINDELC,2052,6.184
RE1,DEMINDELC,2053,7.3678
RE1,DEMINDELC,2054,8.555
RE1,DEMINDELC,2055,24.609
RE1,DEMINDELC,2056,24.3282
RE1,DEMINDELC,2057,24.2724
RE1,DEMINDELC,2058,24.2724
RE1,DEMINDELC,2059,24.2724
RE1,DEMINDELC,2060,22.5367
RE1,DEMINDELC,2061,21.1285
RE1,DEMINDELC,2062,19.451
RE1,DEMINDELC,2063,17.77
RE1,DEMINDELC,2064,16.0857
RE1,DEMINDELC,2065,2.4724
RE1,DEMINDELC,2066,2.5
RE1,DEMINDELC,2067,2.5279
RE1,DEMINDELC,2068,2.5561
RE1,DEMINDELC,2069,2.5846
RE1,DEMINDELC,2070,17.1098
RE1,INDENEFFDP,2025,11.4047
RE1,INDENEFFDP,2026,11.7288
RE1,INDENEFFDP,2027,12.053
RE1,INDENEFFDP,2028,12.311
RE1,INDENEFFDP,2029,12.311
RE1,INDENEFFDP,2030,13.1907
RE1,INDENEFFDP,2031,13.5659
RE1,INDENEFFDP,2032,14.0748
RE1,INDENEFFDP,2033,14.4536
RE1,INDENEFFDP,2034,14.8324
RE1,INDENEFFDP,2035,15.0666
RE1,INDENEFFDP,2036,15.3687
RE1,INDENEFFDP,2037,15.6708
RE1,INDENEFFDP,2038,15.9728
RE1,INDENEFFDP,2039,16.2749
RE1,INDENEFFDP,2040,16.5769
RE1,INDENEFFDP,2041,16.8727
RE1,INDENEFFDP,2042,17.1685
RE1,INDENEFFDP,2043,17.4642
RE1,INDENEFFDP,2044,17.76
RE1,INDENEFFDP,2045,18.229
RE1,INDENEFFDP,2046,18.2618
RE1,INDENEFFDP,2047,18.4677
RE1,INDENEFFDP,2048,18.8528
RE1,INDENEFFDP,2049,19.0607
RE1,INDENEFFDP,2050,17.8789
RE1,INDENEFFDP,2051,17.208
RE1,INDENEFFDP,2052,16.4033
RE1,INDENEFFDP,2053,15.7287
RE1,INDENEFFDP,2054,15.0541
RE1,INDENEFFDP,2055,2.9462
RE1,INDENEFFDP,2056,3.4063
RE1,INDENEFFDP,2057,6.3736
RE1,INDENEFFDP,2058,9.2559
RE1,INDENEFFDP,2059,8.7459
RE1,INDENEFFDP,2060,19.6341
RE1,INDENEFFDP,2061,19.6341
RE1,INDENEFFDP,2062,19.6341
RE1,INDENEFFDP,2063,21.101
RE1,INDENEFFDP,2064,22.2922
RE1,INDENEFFDP,2065,22.5408
RE1,INDENEFFDP,2066,22.7923
RE1,INDENEFFDP,2067,23.0465
RE1,INDENEFFDP,2068,23.3036
RE1,INDENEFFDP,2069,23.5636
RE1,INDENEFFDP,2070,12.6753
RE1,DEMINDHEEH,2033,0.378
RE1,DEMINDHEEH,2034,0.9493
RE1,DEMINDHEEH,2035,1.8357
RE1,DEMINDHEEH,2036,4.1563
RE1,DEMINDHEEH,2037,6.7454
RE1,DEMINDHEEH,2038,13.1108
RE1,DEMINDHEEH,2039,24.7189
RE1,DEMINDHEEH,2040,36.7832
RE1,DEMINDHEEH,2041,46.4823
RE1,DEMINDHEEH,2042,55.354
RE1,DEMINDHEEH,2043,66.0853
RE1,DEMINDHEEH,2044,66.0951
RE1,DEMINDHEEH,2045,66.0951
RE1,DEMINDHEEH,2046,66.0951
RE1,DEMINDHEEH,2047,66.0951
RE1,DEMINDHEEH,2048,65.7171
RE1,DEMINDHEEH,2049,66.4404
RE1,DEMINDHEEH,2050,65.554
RE1,DEMINDHEEH,2051,63.2334
RE1,DEMINDHEEH,2052,60.6443
RE1,DEMINDHEEH,2053,54.2789
RE1,DEMINDHEEH,2054,55.3871
RE1,DEMINDHEEH,2055,66.0099
RE1,DEMINDHEEH,2056,64.4297
RE1,DEMINDHEEH,2057,64.9491
RE1,DEMINDHEEH,2058,65.4725
RE1,DEMINDHEEH,2059,65.9998
RE1,DEMINDHEEH,2060,65.9998
RE1,DEMINDHEEH,2061,65.9998
RE1,DEMINDHEEH,2062,65.9998
RE1,DEMINDHEEH,2063,70.8809
RE1,DEMINDHEEH,2064,72.8656
RE1,DEMINDHEEH,2065,74.7812
RE1,DEMINDHEEH,2066,76.774
RE1,DEMINDHEEH,2067,77.7105
RE1,DEMINDHEEH,2068,78.5221
RE1,DEMINDHEEH,2069,79.1182
RE1,DEMINDHEEH,2070,56.431
RE1,DEMINDHEEL,2030,8.5063
RE1,DEMINDHEEL,2031,8.9952
RE1,DEMINDHEEL,2032,9.4833
RE1,DEMINDHEEL,2033,10.3529
RE1,DEMINDHEEL,2034,11.6691
RE1,DEMINDHEEL,2035,14.0627
RE1,DEMINDHEEL,2036,17.5037
RE1,DEMINDHEEL,2037,18.61
RE1,DEMINDHEEL,2038,21.3779
RE1,DEMINDHEEL,2039,24.5618
RE1,DEMINDHEEL,2040,26.0031
RE1,DEMINDHEEL,2041,29.0624
RE1,DEMINDHEEL,2042,32.086
RE1,DEMINDHEEL,2043,35.0925
RE1,DEMINDHEEL,2044,37.368
RE1,DEMINDHEEL,2045,38.8368
RE1,DEMINDHEEL,2046,38.9388
RE1,DEMINDHEEL,2047,40.9068
RE1,DEMINDHEEL,2048,43.3749
RE1,DEMINDHEEL,2049,46.6627
RE1,DEMINDHEEL,2050,47.0014
RE1,DEMINDHEEL,2051,47.3481
RE1,DEMINDHEEL,2052,47.6975
RE1,DEMINDHEEL,2053,48.0495
RE1,DEMINDHEEL,2054,48.4042
RE1,DEMINDHEEL,2055,48.7616
RE1,DEMINDHEEL,2056,49.1217
RE1,DEMINDHEEL,2057,49.4845
RE1,DEMINDHEEL,2058,49.8501
RE1,DEMINDHEEL,2059,50.2185
RE1,DEMINDHEEL,2060,47.6696
RE1,DEMINDHEEL,2061,50.3954
RE1,DEMINDHEEL,2062,51.3406
RE1,DEMINDHEEL,2063,51.7204
RE1,DEMINDHEEL,2064,52.103
RE1,DEMINDHEEL,2065,52.4886
RE1,DEMINDHEEL,2066,52.877
RE1,DEMINDHEEL,2067,53.2685
RE1,DEMINDHEEL,2068,53.6629
RE1,DEMINDHEEL,2069,54.0603
RE1,DEMINDHEEL,2070,52.2617
RE1,DEMINDHEBIO,2015,17.0071
RE1,DEMINDHEBIO,2016,17.0071
RE1,DEMINDHEBIO,2017,17.0071
RE1,DEMINDHEBIO,2018,17.0071
RE1,DEMINDHEBIO,2019,17.0071
RE1,DEMINDHEBIO,2020,17.0071
RE1,DEMINDHEBIO,2021,17.0071
RE1,DEMINDHEBIO,2022,17.1674
RE1,DEMINDHEBIO,2023,17.4148
RE1,DEMINDHEBIO,2024,17.6619
RE1,DEMINDHEBIO,2025,17.9087
RE1,DEMINDHEBIO,2026,18.1811
RE1,DEMINDHEBIO,2027,18.4532
RE1,DEMINDHEBIO,2028,18.725
RE1,DEMINDHEBIO,2029,18.9964
RE1,DEMINDHEBIO,2030,15.0145
RE1,DEMINDHEBIO,2031,15.0145
RE1,DEMINDHEBIO,2032,15.0145
RE1,DEMINDHEBIO,2033,15.0145
RE1,DEMINDHEBIO,2034,15.0145
RE1,DEMINDHEBIO,2035,15.0145
RE1,DEMINDHEBIO,2036,15.0145
RE1,DEMINDHEBIO,2037,14.8541
RE1,DEMINDHEBIO,2038,14.6067
RE1,DEMINDHEBIO,2039,14.3596
RE1,DEMINDHEBIO,2040,14.1129
RE1,DEMINDHEBIO,2041,13.8404
RE1,DEMINDHEBIO,2042,13.5683
RE1,DEMINDHEBIO,2043,13.2966
RE1,DEMINDHEBIO,2044,13.0251
RE1,DEMINDHEBIO,2045,3.3535
RE1,DEMINDHEBIO,2046,3.3535
RE1,DEMINDHEBIO,2047,3.3535
RE1,DEMINDHEBIO,2048,3.3535
RE1,DEMINDHEBIO,2049,3.3535
RE1,DEMINDHEBIO,2050,3.3535
RE1,DEMINDHEBIO,2051,3.3535
RE1,DEMINDHEBIO,2052,3.3535
RE1,DEMINDHEBIO,2053,3.3535
RE1,DEMINDHEBIO,2054,3.3535
RE1,DEMINDHEBIO,2055,3.3535
RE1,DEMINDHEBIO,2056,3.3535
RE1,DEMINDHEBIO,2057,3.3535
RE1,DEMINDHEBIO,2058,3.3535
RE1,DEMINDHEBIO,2059,3.3535
RE1,DEMRESELC,2015,5.6197
RE1,DEMRESELC,2016,5.9447
RE1,DEMRESELC,2017,6.2232
RE1,DEMRESELC,2018,6.5017
RE1,DEMRESELC,2019,6.7802
RE1,DEMRESELC,2020,7.0587
RE1,DEMRESELC,2021,7.2725
RE1,DEMRESELC,2022,7.4863
RE1,DEMRESELC,2023,7.7
RE1,DEMRESELC,2024,7.9138
RE1,DEMRESELC,2025,2.2941
RE1,DEMRESELC,2026,1.9691
RE1,DEMRESELC,2027,1.6906
RE1,DEMRESELC,2028,1.4121
RE1,DEMRESELC,2029,1.1336
RE1,DEMRESELC,2030,0.8551
RE1,DEMRESELC,2031,0.7428
RE1,DEMRESELC,2032,0.6766
RE1,DEMRESELC,2033,0.6948
RE1,DEMRESELC,2034,0.713
RE1,DEMRESELC,2035,0.825
RE1,DEMRESELC,2036,0.8415
RE1,DEMRESELC,2037,0.8581
RE1,DEMRESELC,2038,0.8746
RE1,DEMRESELC,2039,0.8911
RE1,DEMRESELC,2040,0.9077
RE1,DEMRESELC,2041,0.9239
RE1,DEMRESELC,2042,0.9401
RE1,DEMRESELC,2043,0.9563
RE1,DEMRESELC,2044,0.9725
RE1,DEMRESELC,2045,0.8763
RE1,DEMRESELC,2046,0.9999
RE1,DEMRESELC,2047,1.0112
RE1,DEMRESELC,2048,0.9947
RE1,DEMRESELC,2049,0.9781
RE1,DEMRESELC,2050,1.8281
RE1,DEMRESELC,2051,2.4134
RE1,DEMRESELC,2052,3.0871
RE1,DEMRESELC,2053,3.678
RE1,DEMRESELC,2054,4.2707
RE1,DEMRESELC,2055,7.9706
RE1,DEMRESELC,2056,7.8304
RE1,DEMRESELC,2057,7.8026
RE1,DEMRESELC,2058,7.8026
RE1,DEMRESELC,2059,7.8026
RE1,DEMRESELC,2060,6.936
RE1,DEMRESELC,2061,6.2331
RE1,DEMRESELC,2062,5.3957
RE1,DEMRESELC,2063,4.5565
RE1,DEMRESELC,2064,3.7157
RE1,DEMRESELC,2065,1.2342
RE1,DEMRESELC,2066,1.248
RE1,DEMRESELC,2067,1.2619
RE1,DEMRESELC,2068,1.276
RE1,DEMRESELC,2069,1.2902
RE1,DEMRESELC,2070,2.5304
RE1,RESENEFFDP,2025,5.6933
RE1,RESENEFFDP,2026,5.8551
RE1,RESENEFFDP,2027,6.0169
RE1,RESENEFFDP,2028,6.1457
RE1,RESENEFFDP,2029,6.1457
RE1,RESENEFFDP,2030,6.5848
RE1,RESENEFFDP,2031,6.7721
RE1,RESENEFFDP,2032,7.0262
RE1,RESENEFFDP,2033,7.2153
RE1,RESENEFFDP,2034,7.4044
RE1,RESENEFFDP,2035,7.5213
RE1,RESENEFFDP,2036,7.6721
RE1,RESENEFFDP,2037,7.8229
RE1,RESENEFFDP,2038,7.9737
RE1,RESENEFFDP,2039,8.1244
RE1,RESENEFFDP,2040,8.2752
RE1,RESENEFFDP,2041,8.4229
RE1,RESENEFFDP,2042,8.5705
RE1,RESENEFFDP,2043,8.7182
RE1,RESENEFFDP,2044,8.8658
RE1,RESENEFFDP,2045,9.1
RE1,RESENEFFDP,2046,9.1163
RE1,RESENEFFDP,2047,9.2191
RE1,RESENEFFDP,2048,9.4114
RE1,RESENEFFDP,2049,9.5152
RE1,RESENEFFDP,2050,8.9252
RE1,RESENEFFDP,2051,8.5903
RE1,RESENEFFDP,2052,8.1886
RE1,RESENEFFDP,2053,7.8518
RE1,RESENEFFDP,2054,7.5151
RE1,RESENEFFDP,2055,4.7894
RE1,RESENEFFDP,2056,5.0191
RE1,RESENEFFDP,2057,5.1637
RE1,RESENEFFDP,2058,5.479
RE1,RESENEFFDP,2059,8.9897
RE1,RESENEFFDP,2060,9.8014
RE1,RESENEFFDP,2061,9.8014
RE1,RESENEFFDP,2062,9.8014
RE1,RESENEFFDP,2063,10.2631
RE1,RESENEFFDP,2064,11.1283
RE1,RESENEFFDP,2065,11.2524
RE1,RESENEFFDP,2066,11.378
RE1,RESENEFFDP,2067,11.5049
RE1,RESENEFFDP,2068,11.6332
RE1,RESENEFFDP,2069,11.763
RE1,RESENEFFDP,2070,10.9513
RE1,DEMRESCKNELC,2015,1.7885
RE1,DEMRESCKNELC,2016,1.7002
RE1,DEMRESCKNELC,2017,1.7252
RE1,DEMRESCKNELC,2018,1.7871
RE1,DEMRESCKNELC,2019,1.6977
RE1,DEMRESCKNELC,2020,1.6084
RE1,DEMRESCKNELC,2021,1.519
RE1,DEMRESCKNELC,2022,1.4297
RE1,DEMRESCKNELC,2023,1.3403
RE1,DEMRESCKNELC,2024,1.251
RE1,DEMRESCKNELC,2025,97.8237
RE1,DEMRESCKNELC,2026,106.3962
RE1,DEMRESCKNELC,2027,111.9701
RE1,DEMRESCKNELC,2028,124.032
RE1,DEMRESCKNELC,2029,140.3807
RE1,DEMRESCKNELC,2030,148.0872
RE1,DEMRESCKNELC,2031,157.2259
RE1,DEMRESCKNELC,2032,193.5396
RE1,DEMRESCKNELC,2033,215.1449
RE1,DEMRESCKNELC,2034,235.8852
RE1,DEMRESCKNELC,2035,246.2268
RE1,DEMRESCKNELC,2036,256.9282
RE1,DEMRESCKNELC,2037,266.5149
RE1,DEMRESCKNELC,2038,279.0824
RE1,DEMRESCKNELC,2039,296.0783
RE1,DEMRESCKNELC,2040,313.1636
RE1,DEMRESCKNELC,2041,329.0161
RE1,DEMRESCKNELC,2042,343.8893
RE1,DEMRESCKNELC,2043,360.4027
RE1,DEMRESCKNELC,2044,368.7882
RE1,DEMRESCKNELC,2045,368.7882
RE1,DEMRESCKNELC,2046,368.7882
RE1,DEMRESCKNELC,2047,368.7882
RE1,DEMRESCKNELC,2048,368.7882
RE1,DEMRESCKNELC,2049,391.2911
RE1,DEMRESCKNELC,2050,408.6317
RE1,DEMRESCKNELC,2051,420.6938
RE1,DEMRESCKNELC,2052,426.2645
RE1,DEMRESCKNELC,2053,431.7226
RE1,DEMRESCKNELC,2054,437.2213
RE1,DEMRESCKNELC,2055,454.2744
RE1,DEMRESCKNELC,2056,457.5119
RE1,DEMRESCKNELC,2057,452.4098
RE1,DEMRESCKNELC,2058,440.2586
RE1,DEMRESCKNELC,2059,428.0139
RE1,DEMRESCKNELC,2060,460.9408
RE1,DEMRESCKNELC,2061,466.0708
RE1,DEMRESCKNELC,2062,472.6646
RE1,DEMRESCKNELC,2063,479.6822
RE1,DEMRESCKNELC,2064,474.9866
RE1,DEMRESCKNELC,2065,476.0598
RE1,DEMRESCKNELC,2066,477.2927
RE1,DEMRESCKNELC,2067,477.2309
RE1,DEMRESCKNELC,2068,477.9569
RE1,DEMRESCKNELC,2069,479.1925
RE1,DEMRESCKNELC,2070,462.1072
RE1,DEMRESCKNOIL,2015,59.8163
RE1,DEMRESCKNOIL,2016,56.8634
RE1,DEMRESCKNOIL,2017,57.7007
RE1,DEMRESCKNOIL,2018,59.7694
RE1,DEMRESCKNOIL,2019,56.7809
RE1,DEMRESCKNOIL,2020,53.7924
RE1,DEMRESCKNOIL,2021,50.804
RE1,DEMRESCKNOIL,2022,47.8155
RE1,DEMRESCKNOIL,2023,44.827
RE1,DEMRESCKNOIL,2024,41.8386
RE1,DEMRESCKNOIL,2025,38.8501
RE1,DEMRESCKNOIL,2026,35.8616
RE1,DEMRESCKNOIL,2027,32.8731
RE1,DEMRESCKNOIL,2028,29.8847
RE1,DEMRESCKNOIL,2029,26.8962
RE1,DEMRESCKNOIL,2030,23.9077
RE1,DEMRESCKNOIL,2031,20.9193
RE1,DEMRESCKNOIL,2032,17.9308
RE1,DEMRESCKNOIL,2033,14.9423
RE1,DEMRESCKNOIL,2034,11.9539
RE1,DEMRESCKNOIL,2035,8.9654
RE1,DEMRESCKNOIL,2036,5.9769
RE1,DEMRESCKNOIL,2037,2.9885
RE1,DEMRESCKNBIO,2015,55.4578
RE1,DEMRESCKNBIO,2016,52.7201
RE1,DEMRESCKNBIO,2017,53.4964
RE1,DEMRESCKNBIO,2018,55.4143
RE1,DEMRESCKNBIO,2019,52.6436
RE1,DEMRESCKNBIO,2020,49.8729
RE1,DEMRESCKNBIO,2021,47.1022
RE1,DEMRESCKNBIO,2022,44.3314
RE1,DEMRESCKNBIO,2023,41.5607
RE1,DEMRESCKNBIO,2024,38.79
RE1,DEMRESCKNBIO,2025,36.0193
RE1,DEMRESCKNBIO,2026,33.2486
RE1,DEMRESCKNBIO,2027,30.4779
RE1,DEMRESCKNBIO,2028,27.7072
RE1,DEMRESCKNBIO,2029,24.9364
RE1,DEMRESCKNBIO,2030,22.1657
RE1,DEMRESCKNBIO,2031,19.395
RE1,DEMRESCKNBIO,2032,16.6243
RE1,DEMRESCKNBIO,2033,13.8536
RE1,DEMRESCKNBIO,2034,11.0829
RE1,DEMRESCKNBIO,2035,8.3121
RE1,DEMRESCKNBIO,2036,5.5414
RE1,DEMRESCKNBIO,2037,2.7707
RE1,DEMRESHEBIO,2015,3.3687
RE1,DEMRESHEBIO,2016,3.3687
RE1,DEMRESHEBIO,2017,3.3687
RE1,DEMRESHEBIO,2018,3.3687
RE1,DEMRESHEBIO,2019,3.453
RE1,DEMRESHEBIO,2020,3.5371
RE1,DEMRESHEBIO,2021,3.5997
RE1,DEMRESHEBIO,2022,3.6621
RE1,DEMRESHEBIO,2023,3.7244
RE1,DEMRESHEBIO,2024,3.7865
RE1,DEMRESHEBIO,2025,3.8486
RE1,DEMRESHEBIO,2026,3.9165
RE1,DEMRESHEBIO,2027,3.9844
RE1,DEMRESHEBIO,2028,4.0521
RE1,DEMRESHEBIO,2029,4.1197
RE1,DEMRESHEBIO,2030,4.1871
RE1,DEMRESHEBIO,2031,4.1871
RE1,DEMRESHEBIO,2032,4.1871
RE1,DEMRESHEBIO,2033,4.1871
RE1,DEMRESHEBIO,2034,4.1028
RE1,DEMRESHEBIO,2035,4.0187
RE1,DEMRESHEBIO,2036,3.9561
RE1,DEMRESHEBIO,2037,3.8937
RE1,DEMRESHEBIO,2038,3.8314
RE1,DEMRESHEBIO,2039,3.7693
RE1,DEMRESHEBIO,2040,3.7072
RE1,DEMRESHEBIO,2041,3.6393
RE1,DEMRESHEBIO,2042,3.5714
RE1,DEMRESHEBIO,2043,3.5037
RE1,DEMRESHEBIO,2044,3.4361
RE1,DEMRESHEBIO,2045,0.2695
RE1,DEMRESHEBIO,2046,0.2695
RE1,DEMRESHEBIO,2047,0.2695
RE1,DEMRESHEBIO,2048,0.2695
RE1,DEMRESHEBIO,2049,0.2695
RE1,DEMRESHEBIO,2050,0.2695
RE1,DEMRESHEBIO,2051,0.2695
RE1,DEMRESHEBIO,2052,0.2695
RE1,DEMRESHEBIO,2053,0.2695
RE1,DEMRESHEBIO,2054,0.2695
RE1,DEMRESHEBIO,2055,0.2695
RE1,DEMRESHEBIO,2056,0.2695
RE1,DEMRESHEBIO,2057,0.2695
RE1,DEMRESHEBIO,2058,0.2695
RE1,DEMRESHEBIO,2059,0.2695
RE1,DEMRESHEOIL,2015,0.0026
RE1,DEMRESHEOIL,2016,0.0026
RE1,DEMRESHEOIL,2017,0.0026
RE1,DEMRESHEOIL,2018,0.0026
RE1,DEMRESHEOIL,2019,0.0026
RE1,DEMRESHEOIL,2020,0.0026
RE1,DEMRESHEOIL,2021,0.0026
RE1,DEMRESHEOIL,2022,0.0026
RE1,DEMRESHEOIL,2023,0.0026
RE1,DEMRESHEOIL,2024,0.0026
RE1,DEMRESHEOIL,2025,0.0026
RE1,DEMRESHEOIL,2026,0.0026
RE1,DEMRESHEOIL,2027,0.0026
RE1,DEMRESHEOIL,2028,0.0026
RE1,DEMRESHEOIL,2029,0.0026
RE1,DEMRESHEEL,2031,0.1236
RE1,DEMRESHEEL,2032,0.2468
RE1,DEMRESHEEL,2033,1.6872
RE1,DEMRESHEEL,2034,2.0705
RE1,DEMRESHEEL,2035,2.4944
RE1,DEMRESHEEL,2036,2.7356
RE1,DEMRESHEEL,2037,4.1927
RE1,DEMRESHEEL,2038,4.1927
RE1,DEMRESHEEL,2039,4.1927
RE1,DEMRESHEEL,2040,5.1165
RE1,DEMRESHEEL,2041,5.1165
RE1,DEMRESHEEL,2042,5.1165
RE1,DEMRESHEEL,2043,5.2418
RE1,DEMRESHEEL,2044,5.7786
RE1,DEMRESHEEL,2045,9.5062
RE1,DEMRESHEEL,2046,9.5858
RE1,DEMRESHEEL,2047,9.8114
RE1,DEMRESHEEL,2048,10.2333
RE1,DEMRESHEEL,2049,10.3633
RE1,DEMRESHEEL,2050,10.4427
RE1,DEMRESHEEL,2051,10.5241
RE1,DEMRESHEEL,2052,10.6062
RE1,DEMRESHEEL,2053,10.6888
RE1,DEMRESHEEL,2054,10.7721
RE1,DEMRESHEEL,2055,10.8561
RE1,DEMRESHEEL,2056,10.9407
RE1,DEMRESHEEL,2057,11.026
RE1,DEMRESHEEL,2058,11.1119
RE1,DEMRESHEEL,2059,11.1985
RE1,DEMRESHEEL,2060,9.991
RE1,DEMRESHEEL,2061,10.7047
RE1,DEMRESHEEL,2062,11.4624
RE1,DEMRESHEEL,2063,11.5517
RE1,DEMRESHEEL,2064,11.6418
RE1,DEMRESHEEL,2065,11.7325
RE1,DEMRESHEEL,2066,11.824
RE1,DEMRESHEEL,2067,11.9161
RE1,DEMRESHEEL,2068,12.009
RE1,DEMRESHEEL,2069,12.1026
RE1,DEMRESHEEL,2070,11.0947
RE1,DEMCOMELC,2015,5.8082
RE1,DEMCOMELC,2016,6.1441
RE1,DEMCOMELC,2017,6.432
RE1,DEMCOMELC,2018,6.7198
RE1,DEMCOMELC,2019,7.0077
RE1,DEMCOMELC,2020,7.2955
RE1,DEMCOMELC,2021,7.5165
RE1,DEMCOMELC,2022,7.7374
RE1,DEMCOMELC,2023,7.9583
RE1,DEMCOMELC,2024,8.1793
RE1,DEMCOMELC,2025,2.371
RE1,DEMCOMELC,2026,2.0352
RE1,DEMCOMELC,2027,1.7473
RE1,DEMCOMELC,2028,1.4595
RE1,DEMCOMELC,2029,1.1716
RE1,DEMCOMELC,2030,0.8838
RE1,DEMCOMELC,2031,0.7677
RE1,DEMCOMELC,2032,0.6993
RE1,DEMCOMELC,2033,0.7181
RE1,DEMCOMELC,2034,0.7369
RE1,DEMCOMELC,2035,0.8527
RE1,DEMCOMELC,2036,0.8698
RE1,DEMCOMELC,2037,0.8868
RE1,DEMCOMELC,2038,0.9039
RE1,DEMCOMELC,2039,0.921
RE1,DEMCOMELC,2040,0.9381
RE1,DEMCOMELC,2041,0.9549
RE1,DEMCOMELC,2042,0.9716
RE1,DEMCOMELC,2043,0.9883
RE1,DEMCOMELC,2044,1.0051
RE1,DEMCOMELC,2045,0.9056
RE1,DEMCOMELC,2046,1.0335
RE1,DEMCOMELC,2047,1.0451
RE1,DEMCOMELC,2048,1.028
RE1,DEMCOMELC,2049,1.0109
RE1,DEMCOMELC,2050,1.8894
RE1,DEMCOMELC,2051,2.4943
RE1,DEMCOMELC,2052,3.1906
RE1,DEMCOMELC,2053,3.8014
RE1,DEMCOMELC,2054,4.4139
RE1,DEMCOMELC,2055,12.697
RE1,DEMCOMELC,2056,12.5521
RE1,DEMCOMELC,2057,12.5233
RE1,DEMCOMELC,2058,12.5233
RE1,DEMCOMELC,2059,12.5233
RE1,DEMCOMELC,2060,11.6278
RE1,DEMCOMELC,2061,10.9012
RE1,DEMCOMELC,2062,10.0357
RE1,DEMCOMELC,2063,9.1684
RE1,DEMCOMELC,2064,8.2994
RE1,DEMCOMELC,2065,1.2756
RE1,DEMCOMELC,2066,1.2899
RE1,DEMCOMELC,2067,1.3043
RE1,DEMCOMELC,2068,1.3188
RE1,DEMCOMELC,2069,1.3335
RE1,DEMCOMELC,2070,11.6967
RE1,COMENEFFDP,2025,5.8842
RE1,COMENEFFDP,2026,6.0515
RE1,COMENEFFDP,2027,6.2187
RE1,COMENEFFDP,2028,6.3518
RE1,COMENEFFDP,2029,6.3518
RE1,COMENEFFDP,2030,6.8057
RE1,COMENEFFDP,2031,6.9993
RE1,COMENEFFDP,2032,7.2619
RE1,COMENEFFDP,2033,7.4573
RE1,COMENEFFDP,2034,7.6528
RE1,COMENEFFDP,2035,7.7736
RE1,COMENEFFDP,2036,7.9295
RE1,COMENEFFDP,2037,8.0853
RE1,COMENEFFDP,2038,8.2412
RE1,COMENEFFDP,2039,8.397
RE1,COMENEFFDP,2040,8.5528
RE1,COMENEFFDP,2041,8.7054
RE1,COMENEFFDP,2042,8.8581
RE1,COMENEFFDP,2043,9.0107
RE1,COMENEFFDP,2044,9.1633
RE1,COMENEFFDP,2045,9.4052
RE1,COMENEFFDP,2046,9.4221
RE1,COMENEFFDP,2047,9.5284
RE1,COMENEFFDP,2048,9.7271
RE1,COMENEFFDP,2049,9.8344
RE1,COMENEFFDP,2050,9.2246
RE1,COMENEFFDP,2051,8.8784
RE1,COMENEFFDP,2052,8.4633
RE1,COMENEFFDP,2053,8.1152
RE1,COMENEFFDP,2054,7.7672
RE1,COMENEFFDP,2055,1.5201
RE1,COMENEFFDP,2056,3.4857
RE1,COMENEFFDP,2057,3.0564
RE1,COMENEFFDP,2058,2.5687
RE1,COMENEFFDP,2059,2.3056
RE1,COMENEFFDP,2060,10.1302
RE1,COMENEFFDP,2061,10.1302
RE1,COMENEFFDP,2062,10.1302
RE1,COMENEFFDP,2063,10.887
RE1,COMENEFFDP,2064,11.5016
RE1,COMENEFFDP,2065,11.6299
RE1,COMENEFFDP,2066,11.7597
RE1,COMENEFFDP,2067,11.8908
RE1,COMENEFFDP,2068,12.0235
RE1,COMENEFFDP,2069,12.1576
RE1,COMENEFFDP,2070,4.333
RE1,DEMCOMHEBIO,2015,1.4833
RE1,DEMCOMHEBIO,2016,1.5588
RE1,DEMCOMHEBIO,2017,1.5964
RE1,DEMCOMHEBIO,2018,1.634
RE1,DEMCOMHEBIO,2019,1.6716
RE1,DEMCOMHEBIO,2020,1.7093
RE1,DEMCOMHEBIO,2021,1.7399
RE1,DEMCOMHEBIO,2022,1.7705
RE1,DEMCOMHEBIO,2023,1.8012
RE1,DEMCOMHEBIO,2024,1.8318
RE1,DEMCOMHEBIO,2025,1.8625
RE1,DEMCOMHEBIO,2026,1.8972
RE1,DEMCOMHEBIO,2027,1.9319
RE1,DEMCOMHEBIO,2028,1.9667
RE1,DEMCOMHEBIO,2029,2.0014
RE1,DEMCOMHEBIO,2030,1.9937
RE1,DEMCOMHEBIO,2031,1.9182
RE1,DEMCOMHEBIO,2032,1.8806
RE1,DEMCOMHEBIO,2033,1.843
RE1,DEMCOMHEBIO,2034,1.8053
RE1,DEMCOMHEBIO,2035,1.7677
RE1,DEMCOMHEBIO,2036,1.7371
RE1,DEMCOMHEBIO,2037,1.7064
RE1,DEMCOMHEBIO,2038,1.6758
RE1,DEMCOMHEBIO,2039,1.6452
RE1,DEMCOMHEBIO,2040,1.6145
RE1,DEMCOMHEBIO,2041,1.5798
RE1,DEMCOMHEBIO,2042,1.5451
RE1,DEMCOMHEBIO,2043,1.5103
RE1,DEMCOMHEBIO,2044,1.4756
RE1,DEMCOMHEEL,2030,0.085
RE1,DEMCOMHEEL,2031,0.293
RE1,DEMCOMHEEL,2032,0.4255
RE1,DEMCOMHEEL,2033,0.5579
RE1,DEMCOMHEEL,2034,1.6465
RE1,DEMCOMHEEL,2035,1.6884
RE1,DEMCOMHEEL,2036,1.7971
RE1,DEMCOMHEEL,2037,1.9639
RE1,DEMCOMHEEL,2038,1.9639
RE1,DEMCOMHEEL,2039,1.9639
RE1,DEMCOMHEEL,2040,2.7816
RE1,DEMCOMHEEL,2041,2.8533
RE1,DEMCOMHEEL,2042,2.8533
RE1,DEMCOMHEEL,2043,2.957
RE1,DEMCOMHEEL,2044,3.4424
RE1,DEMCOMHEEL,2045,4.8686
RE1,DEMCOMHEEL,2046,4.9075
RE1,DEMCOMHEEL,2047,4.9465
RE1,DEMCOMHEEL,2048,4.9854
RE1,DEMCOMHEEL,2049,5.0243
RE1,DEMCOMHEEL,2050,5.0633
RE1,DEMCOMHEEL,2051,5.1031
RE1,DEMCOMHEEL,2052,5.1433
RE1,DEMCOMHEEL,2053,5.1838
RE1,DEMCOMHEEL,2054,5.2246
RE1,DEMCOMHEEL,2055,5.2657
RE1,DEMCOMHEEL,2056,5.3072
RE1,DEMCOMHEEL,2057,5.3489
RE1,DEMCOMHEEL,2058,5.391
RE1,DEMCOMHEEL,2059,5.4335
RE1,DEMCOMHEEL,2060,5.206
RE1,DEMCOMHEEL,2061,5.2986
RE1,DEMCOMHEEL,2062,5.5628
RE1,DEMCOMHEEL,2063,5.6066
RE1,DEMCOMHEEL,2064,5.6507
RE1,DEMCOMHEEL,2065,5.6952
RE1,DEMCOMHEEL,2066,5.74
RE1,DEMCOMHEEL,2067,5.7852
RE1,DEMCOMHEEL,2068,5.8308
RE1,DEMCOMHEEL,2069,5.8767
RE1,DEMCOMHEEL,2070,5.0179
RE1,DEMINDHECOA,2015,25.5106
RE1,DEMINDHECOA,2016,25.5106
RE1,DEMINDHECOA,2017,25.5106
RE1,DEMINDHECOA,2018,25.5106
RE1,DEMINDHECOA,2019,25.5106
RE1,DEMINDHECOA,2020,25.5106
RE1,DEMINDHECOA,2021,25.5106
RE1,DEMINDHECOA,2022,25.7511
RE1,DEMINDHECOA,2023,26.1222
RE1,DEMINDHECOA,2024,26.4929
RE1,DEMINDHECOA,2025,26.863
RE1,DEMINDHECOA,2026,27.2717
RE1,DEMINDHECOA,2027,27.6798
RE1,DEMINDHECOA,2028,28.0875
RE1,DEMINDHECOA,2029,28.4947
RE1,DEMINDHECOA,2030,28.9014
RE1,DEMINDHECOA,2031,29.2682
RE1,DEMINDHECOA,2032,29.6342
RE1,DEMINDHECOA,2033,29.8105
RE1,DEMINDHECOA,2034,29.8105
RE1,DEMINDHECOA,2035,29.8105
RE1,DEMINDHECOA,2036,29.8105
RE1,DEMINDHECOA,2037,29.57
RE1,DEMINDHECOA,2038,29.1989
RE1,DEMINDHECOA,2039,28.8282
RE1,DEMINDHECOA,2040,28.4581
RE1,DEMINDHECOA,2041,28.0494
RE1,DEMINDHECOA,2042,27.6413
RE1,DEMINDHECOA,2043,27.2336
RE1,DEMINDHECOA,2044,26.8264
RE1,DEMINDHECOA,2045,0.9091
RE1,DEMINDHECOA,2046,0.5424
RE1,DEMINDHECOA,2047,0.1763
