r,t,e,y,AnnualTechnologyEmission
RE1,MINOIL,EMIC02,2023,156982.94
RE1,MINBIO,EMIC02,2015,108315.31
RE1,MINBIO,EMIC02,2016,103930.07
RE1,MINBIO,EMIC02,2017,107790.26
RE1,MINBIO,EMIC02,2018,111663.82
RE1,MINBIO,EMIC02,2019,113739.16
RE1,MINBIO,EMIC02,2020,117051.73
RE1,MINBIO,EMIC02,2021,119775.43
RE1,MINBIO,EMIC02,2022,121266.92
RE1,MINBIO,EMIC02,2023,122755.92
RE1,MINBIO,EMIC02,2024,96380.394
RE1,MINBIO,EMIC02,2025,84883.175
RE1,MINBIO,EMIC02,2026,85948.051
RE1,MINBIO,EMIC02,2027,87001.341
RE1,MINBIO,EMIC02,2028,88052.867
RE1,MINBIO,EMIC02,2029,89196.328
RE1,MINBIO,EMIC02,2030,88726.534
RE1,MINBIO,EMIC02,2031,82588.043
RE1,MINBIO,EMIC02,2032,83610.423
RE1,MINBIO,EMIC02,2033,84630.9
RE1,MINBIO,EMIC02,2034,85649.576
RE1,MINBIO,EMIC02,2035,85277.114
RE1,MINBIO,EMIC02,2036,84992.004
RE1,MINBIO,EMIC02,2037,84216.767
RE1,MINBIO,EMIC02,2038,83175.677
RE1,MINBIO,EMIC02,2039,82135.988
RE1,MINBIO,EMIC02,2040,76066.721
RE1,MINBIO,EMIC02,2041,78591.556
RE1,MINBIO,EMIC02,2042,78803.81
RE1,MINBIO,EMIC02,2043,77659.034
RE1,MINBIO,EMIC02,2044,76515.573
RE1,MINBIO,EMIC02,2045,8495.7984
RE1,MINBIO,EMIC02,2046,6215.9723
RE1,MINBIO,EMIC02,2047,4056.2526
RE1,MINBIO,EMIC02,2048,2413.1628
RE1,MINBIO,EMIC02,2049,1029.4541
RE1,MINBIO,EMIC02,2050,512.3218
RE1,MINBIO,EMIC02,2068,6963.4246
RE1,MINBIO,EMIC02,2069,17293.626
RE1,MINCOA,EMIC02,2015,113697.42
RE1,MINCOA,EMIC02,2016,105984.58
RE1,MINCOA,EMIC02,2017,107145.27
RE1,MINCOA,EMIC02,2018,148236.18
RE1,MINCOA,EMIC02,2019,149810.03
RE1,MINCOA,EMIC02,2020,151381.48
RE1,MINCOA,EMIC02,2021,152471.87
RE1,MINCOA,EMIC02,2022,153560.63
RE1,MINCOA,EMIC02,2023,154647.86
RE1,MINCOA,EMIC02,2024,113881.35
RE1,MINCOA,EMIC02,2025,103577.35
RE1,MINCOA,EMIC02,2026,105037.84
RE1,MINCOA,EMIC02,2027,106233.56
RE1,MINCOA,EMIC02,2028,107427.85
RE1,MINCOA,EMIC02,2029,106415.38
RE1,MINCOA,EMIC02,2030,31678.101
RE1,MINCOA,EMIC02,2031,30054.454
RE1,MINCOA,EMIC02,2032,30054.454
RE1,MINCOA,EMIC02,2033,30054.454
RE1,MINCOA,EMIC02,2034,30054.454
RE1,MINCOA,EMIC02,2035,30054.454
RE1,MINCOA,EMIC02,2036,30054.454
RE1,MINCOA,EMIC02,2037,25198.012
RE1,MINCOA,EMIC02,2038,24110.782
RE1,MINCOA,EMIC02,2039,23024.995
RE1,MINCOA,EMIC02,2040,18353.316
RE1,MINCOA,EMIC02,2041,18353.316
RE1,MINCOA,EMIC02,2042,16316.039
RE1,MINCOA,EMIC02,2043,16316.039
RE1,MINCOA,EMIC02,2044,16316.039
RE1,MINCOA,EMIC02,2045,16316.039
RE1,MINCOA,EMIC02,2046,16316.039
RE1,MINCOA,EMIC02,2047,16316.039
RE1,MINCOA,EMIC02,2048,16316.039
RE1,MINCOA,EMIC02,2049,16316.039
RE1,MINCOA,EMIC02,2050,16316.039
RE1,MINCOA,EMIC02,2051,16316.039
RE1,MINCOA,EMIC02,2052,16316.039
RE1,MINCOA,EMIC02,2053,16316.039
RE1,MINCOA,EMIC02,2054,16316.039
RE1,MINCOA,EMIC02,2055,16316.039
RE1,MINCOA,EMIC02,2056,16316.039
RE1,MINCOA,EMIC02,2057,16316.039
RE1,MINCOA,EMIC02,2058,16316.039
RE1,MINCOA,EMIC02,2059,16316.039
RE1,MINCOA,EMIC02,2060,16316.039
RE1,MINCOA,EMIC02,2061,16316.039
RE1,MINCOA,EMIC02,2062,16316.039
RE1,MINCOA,EMIC02,2063,16316.039
RE1,MINCOA,EMIC02,2064,16316.039
RE1,MINCOA,EMIC02,2065,16316.039
RE1,MINCOA,EMIC02,2066,16316.039
RE1,MINCOA,EMIC02,2067,16316.039
RE1,MINCOA,EMIC02,2068,16316.039
RE1,MINCOA,EMIC02,2069,16316.039
RE1,IMPLFO,EMIC02,2015,384669.74
RE1,IMPLFO,EMIC02,2016,397985.64
RE1,IMPLFO,EMIC02,2017,407007.27
RE1,IMPLFO,EMIC02,2018,417054.01
RE1,IMPLFO,EMIC02,2019,426697.3
RE1,IMPLFO,EMIC02,2020,436337.33
RE1,IMPLFO,EMIC02,2021,444024.59
RE1,IMPLFO,EMIC02,2022,451709.63
RE1,IMPLFO,EMIC02,2023,326546.0
RE1,IMPLFO,EMIC02,2024,351529.94
RE1,IMPLFO,EMIC02,2025,357263.55
RE1,IMPLFO,EMIC02,2026,363649.62
RE1,IMPLFO,EMIC02,2027,370034.63
RE1,IMPLFO,EMIC02,2028,376418.63
RE1,IMPLFO,EMIC02,2029,382801.68
RE1,IMPLFO,EMIC02,2030,389183.84
RE1,IMPLFO,EMIC02,2031,394464.95
RE1,IMPLFO,EMIC02,2032,399744.61
RE1,IMPLFO,EMIC02,2033,405022.9
RE1,IMPLFO,EMIC02,2034,410299.89
RE1,IMPLFO,EMIC02,2035,415575.65
RE1,IMPLFO,EMIC02,2036,420385.21
RE1,IMPLFO,EMIC02,2037,425194.08
RE1,IMPLFO,EMIC02,2038,430002.27
RE1,IMPLFO,EMIC02,2039,434809.81
RE1,IMPLFO,EMIC02,2040,439616.72
RE1,IMPLFO,EMIC02,2041,444190.69
RE1,IMPLFO,EMIC02,2042,448764.19
RE1,IMPLFO,EMIC02,2043,453337.25
RE1,IMPLFO,EMIC02,2044,457909.88
RE1,IMPLFO,EMIC02,2045,462482.09
RE1,IMPLFO,EMIC02,2046,466057.18
RE1,IMPLFO,EMIC02,2047,469632.1
RE1,IMPLFO,EMIC02,2048,473206.83
RE1,IMPLFO,EMIC02,2049,474664.22
RE1,IMPNGS,EMIC02,2015,23384.084
RE1,IMPNGS,EMIC02,2028,11288.428
RE1,IMPNGS,EMIC02,2029,12354.102
RE1,IMPNGS,EMIC02,2030,12564.725
RE1,IMPNGS,EMIC02,2031,16874.946
RE1,IMPNGS,EMIC02,2032,17895.644
RE1,IMPNGS,EMIC02,2033,18915.675
RE1,IMPNGS,EMIC02,2034,19935.041
RE1,IMPNGS,EMIC02,2035,20953.741
RE1,IMPNGS,EMIC02,2036,21834.963
RE1,IMPNGS,EMIC02,2037,23989.629
RE1,IMPNGS,EMIC02,2038,24805.522
RE1,IMPNGS,EMIC02,2039,25620.883
RE1,IMPNGS,EMIC02,2040,26435.713
RE1,IMPNGS,EMIC02,2041,27232.798
RE1,IMPNGS,EMIC02,2042,28686.047
RE1,IMPNGS,EMIC02,2043,29482.094
RE1,IMPNGS,EMIC02,2044,30277.624
RE1,IMPNGS,EMIC02,2045,31072.637
RE1,IMPNGS,EMIC02,2046,32016.568
RE1,IMPNGS,EMIC02,2047,33139.297
RE1,IMPNGS,EMIC02,2048,33908.047
RE1,IMPNGS,EMIC02,2049,34790.694
RE1,IMPNGS,EMIC02,2050,74064.393
RE1,IMPNGS,EMIC02,2051,75140.109
RE1,IMPNGS,EMIC02,2052,76026.807
RE1,IMPNGS,EMIC02,2053,76922.378
RE1,IMPNGS,EMIC02,2054,77826.914
RE1,IMPNGS,EMIC02,2055,78740.507
RE1,IMPNGS,EMIC02,2056,79663.25
RE1,IMPNGS,EMIC02,2057,80595.238
RE1,IMPNGS,EMIC02,2058,81536.565
RE1,IMPNGS,EMIC02,2059,82869.008
RE1,IMPNGS,EMIC02,2060,83404.448
RE1,IMPNGS,EMIC02,2061,84417.551
RE1,IMPNGS,EMIC02,2062,85397.208
RE1,IMPNGS,EMIC02,2063,86386.695
RE1,IMPNGS,EMIC02,2064,87617.962
RE1,IMPNGS,EMIC02,2065,88627.415
RE1,IMPNGS,EMIC02,2066,89647.007
RE1,IMPNGS,EMIC02,2067,90676.84
RE1,IMPNGS,EMIC02,2068,91717.021
RE1,IMPNGS,EMIC02,2069,92767.657
RE1,MINNGS,EMIC02,2015,21196.531
RE1,MINNGS,EMIC02,2016,44708.935
RE1,MINNGS,EMIC02,2017,45249.897
RE1,MINNGS,EMIC02,2018,34481.1
RE1,MINNGS,EMIC02,2019,37732.643
RE1,MINNGS,EMIC02,2020,40721.475
RE1,MINNGS,EMIC02,2021,42824.366
RE1,MINNGS,EMIC02,2022,45466.624
RE1,MINNGS,EMIC02,2023,47512.36
RE1,MINNGS,EMIC02,2024,15290.577
RE1,MINNGS,EMIC02,2025,8753.7793
RE1,MINNGS,EMIC02,2026,9543.0641
RE1,MINNGS,EMIC02,2027,10438.649
