r,t,y,AnnualVariableOperatingCost
RE1,MINOIL,2023,28527.711
RE1,MINBIO,2015,1451.4252
RE1,MINBIO,2016,1392.6629
RE1,MINBIO,2017,1444.3895
RE1,MINBIO,2018,1496.2951
RE1,MINBIO,2019,1524.1047
RE1,MINBIO,2020,1568.4932
RE1,MINBIO,2021,1604.9908
RE1,MINBIO,2022,1624.9767
RE1,MINBIO,2023,1644.9294
RE1,MINBIO,2024,1291.4973
RE1,MINBIO,2025,1137.4345
RE1,MINBIO,2026,1151.7039
RE1,MINBIO,2027,1165.818
RE1,MINBIO,2028,1179.9084
RE1,MINBIO,2029,1195.2308
RE1,MINBIO,2030,1188.9356
RE1,MINBIO,2031,1106.6798
RE1,MINBIO,2032,1120.3797
RE1,MINBIO,2033,1134.0541
RE1,MINBIO,2034,1147.7043
RE1,MINBIO,2035,1142.7133
RE1,MINBIO,2036,1138.8928
RE1,MINBIO,2037,1128.5047
RE1,MINBIO,2038,1114.5541
RE1,MINBIO,2039,1100.6222
RE1,MINBIO,2040,1019.2941
RE1,MINBIO,2041,1053.1269
RE1,MINBIO,2042,1055.971
RE1,MINBIO,2043,1040.6311
RE1,MINBIO,2044,1025.3087
RE1,MINBIO,2045,113.8437
RE1,MINBIO,2046,83.294
RE1,MINBIO,2047,54.3538
RE1,MINBIO,2048,32.3364
RE1,MINBIO,2049,13.7947
RE1,MINBIO,2050,6.8651
RE1,MINBIO,2068,93.3099
RE1,MINBIO,2069,231.7346
RE1,MINCOA,2015,2590.7438
RE1,MINCOA,2016,2542.1017
RE1,MINCOA,2017,2698.4387
RE1,MINCOA,2018,3911.084
RE1,MINCOA,2019,4132.2727
RE1,MINCOA,2020,4357.1673
RE1,MINCOA,2021,4403.9502
RE1,MINCOA,2022,4450.906
RE1,MINCOA,2023,4498.0372
RE1,MINCOA,2024,3323.8169
RE1,MINCOA,2025,3033.538
RE1,MINCOA,2026,3086.9201
RE1,MINCOA,2027,3132.7895
RE1,MINCOA,2028,3178.858
RE1,MINCOA,2029,3159.6457
RE1,MINCOA,2030,943.7736
RE1,MINCOA,2031,906.783
RE1,MINCOA,2032,918.1653
RE1,MINCOA,2033,929.5475
RE1,MINCOA,2034,940.9297
RE1,MINCOA,2035,952.3119
RE1,MINCOA,2036,963.6941
RE1,MINCOA,2037,817.5156
RE1,MINCOA,2038,791.3731
RE1,MINCOA,2039,764.455
RE1,MINCOA,2040,616.3009
RE1,MINCOA,2041,617.6911
RE1,MINCOA,2042,550.3612
RE1,MINCOA,2043,551.5971
RE1,MINCOA,2044,552.8329
RE1,MINCOA,2045,554.0688
RE1,MINCOA,2046,555.3046
RE1,MINCOA,2047,556.5405
RE1,MINCOA,2048,557.7763
RE1,MINCOA,2049,559.0121
RE1,MINCOA,2050,560.248
RE1,MINCOA,2051,560.248
RE1,MINCOA,2052,560.248
RE1,MINCOA,2053,560.248
RE1,MINCOA,2054,560.248
RE1,MINCOA,2055,560.248
RE1,MINCOA,2056,560.248
RE1,MINCOA,2057,560.248
RE1,MINCOA,2058,560.248
RE1,MINCOA,2059,560.248
RE1,MINCOA,2060,560.248
RE1,MINCOA,2061,560.248
RE1,MINCOA,2062,560.248
RE1,MINCOA,2063,560.248
RE1,MINCOA,2064,560.248
RE1,MINCOA,2065,560.248
RE1,MINCOA,2066,560.248
RE1,MINCOA,2067,560.248
RE1,MINCOA,2068,560.248
RE1,MINCOA,2069,560.248
RE1,IMPLFO,2015,37884.26
RE1,IMPLFO,2016,48831.712
RE1,IMPLFO,2017,59793.105
RE1,IMPLFO,2018,71366.78
RE1,IMPLFO,2019,83348.151
RE1,IMPLFO,2020,95795.775
RE1,IMPLFO,2021,99120.952
RE1,IMPLFO,2022,102502.33
RE1,IMPLFO,2023,75304.329
RE1,IMPLFO,2024,82362.218
RE1,IMPLFO,2025,85023.102
RE1,IMPLFO,2026,87883.956
RE1,IMPLFO,2027,90791.65
RE1,IMPLFO,2028,93746.188
RE1,IMPLFO,2029,96747.571
RE1,IMPLFO,2030,99795.803
RE1,IMPLFO,2031,103352.46
RE1,IMPLFO,2032,106967.71
RE1,IMPLFO,2033,110641.54
RE1,IMPLFO,2034,114373.94
RE1,IMPLFO,2035,118164.93
RE1,IMPLFO,2036,121879.66
RE1,IMPLFO,2037,125647.9
RE1,IMPLFO,2038,129469.63
RE1,IMPLFO,2039,133344.86
RE1,IMPLFO,2040,137273.58
RE1,IMPLFO,2041,139742.86
RE1,IMPLFO,2042,142233.44
RE1,IMPLFO,2043,144745.31
RE1,IMPLFO,2044,147278.48
RE1,IMPLFO,2045,149832.95
RE1,IMPLFO,2046,152083.47
RE1,IMPLFO,2047,154350.69
RE1,IMPLFO,2048,156634.6
RE1,IMPLFO,2049,158229.46
RE1,UPSREF001,2023,1537.1693
RE1,IMPNGS,2015,2381.9204
RE1,IMPNGS,2028,2070.4468
RE1,IMPNGS,2029,2274.3212
RE1,IMPNGS,2030,2321.6548
RE1,IMPNGS,2031,3128.8553
RE1,IMPNGS,2032,3329.5357
RE1,IMPNGS,2033,3531.3955
RE1,IMPNGS,2034,3734.4334
RE1,IMPNGS,2035,3938.6484
RE1,IMPNGS,2036,4118.2349
RE1,IMPNGS,2037,4539.9411
RE1,IMPNGS,2038,4710.187
RE1,IMPNGS,2039,4881.3737
RE1,IMPNGS,2040,5053.5003
RE1,IMPNGS,2041,5207.0319
RE1,IMPNGS,2042,5486.1209
RE1,IMPNGS,2043,5639.6178
RE1,IMPNGS,2044,5793.0834
RE1,IMPNGS,2045,5946.5178
RE1,IMPNGS,2046,6128.5256
RE1,IMPNGS,2047,6344.8463
RE1,IMPNGS,2048,6493.4746
RE1,IMPNGS,2049,6663.985
RE1,IMPNGS,2050,14189.821
RE1,IMPNGS,2051,14395.914
RE1,IMPNGS,2052,14565.795
RE1,IMPNGS,2053,14737.375
RE1,IMPNGS,2054,14910.673
RE1,IMPNGS,2055,15085.706
RE1,IMPNGS,2056,15262.492
RE1,IMPNGS,2057,15441.05
RE1,IMPNGS,2058,15621.396
RE1,IMPNGS,2059,15876.676
RE1,IMPNGS,2060,15979.26
RE1,IMPNGS,2061,16173.357
RE1,IMPNGS,2062,16361.048
RE1,IMPNGS,2063,16550.621
RE1,IMPNGS,2064,16786.517
RE1,IMPNGS,2065,16979.915
RE1,IMPNGS,2066,17175.256
RE1,IMPNGS,2067,17372.56
RE1,IMPNGS,2068,17571.846
RE1,IMPNGS,2069,17773.134
RE1,MINNGS,2015,1949.2765
RE1,MINNGS,2016,4720.6405
RE1,MINNGS,2017,5394.2435
RE1,MINNGS,2018,4580.2652
RE1,MINNGS,2019,5526.2508
RE1,MINNGS,2020,6518.7792
RE1,MINNGS,2021,6882.7632
RE1,MINNGS,2022,7336.4648
RE1,MINNGS,2023,7696.9061
RE1,MINNGS,2024,2486.8074
RE1,MINNGS,2025,1429.2753
RE1,MINNGS,2026,1564.2404
RE1,MINNGS,2027,1717.7055
RE1,MINSOL,2015,0.0009
RE1,MINSOL,2016,0.0015
RE1,MINSOL,2017,0.0016
RE1,MINSOL,2018,0.0018
RE1,MINSOL,2019,0.0018
RE1,MINSOL,2020,0.0018
RE1,MINSOL,2021,0.0018
RE1,MINSOL,2022,0.0018
RE1,MINSOL,2023,0.0018
RE1,MINSOL,2024,0.0391
RE1,MINSOL,2025,0.0391
RE1,MINSOL,2026,0.0391
RE1,MINSOL,2027,0.0391
RE1,MINSOL,2028,0.0391
RE1,MINSOL,2029,0.0391
RE1,MINSOL,2030,0.0391
RE1,MINSOL,2031,0.0391
RE1,MINSOL,2032,0.0391
RE1,MINSOL,2033,0.0391
RE1,MINSOL,2034,0.0391
RE1,MINSOL,2035,0.0383
RE1,MINSOL,2036,0.0377
RE1,MINSOL,2037,0.0375
RE1,MINSOL,2038,0.0374
RE1,MINSOL,2039,0.0374
RE1,MINSOL,2040,0.0374
RE1,MINSOL,2041,0.0373
RE1,MINSOL,2042,0.0373
RE1,MINSOL,2043,0.0373
RE1,MINSOL,2044,0.0373
RE1,MINSOL,2045,0.0373
RE1,MINSOL,2046,0.0373
RE1,MINSOL,2047,0.0373
RE1,MINSOL,2048,0.0373
RE1,MINSOL,2049,0.0373
RE1,MINSOL,2050,0.0373
RE1,MINSOL,2051,0.0373
RE1,MINSOL,2052,0.0373
RE1,MINSOL,2053,0.0369
RE1,MINWND,2015,0.0001
RE1,MINWND,2016,0.0003
RE1,MINWND,2017,0.0003
RE1,MINWND,2018,0.0006
RE1,MINWND,2019,0.0008
RE1,MINWND,2020,0.0008
RE1,MINWND,2021,0.0008
RE1,MINWND,2022,0.0008
RE1,MINWND,2023,0.0008
RE1,MINWND,2024,0.0008
RE1,MINWND,2025,0.0008
RE1,MINWND,2026,0.0008
RE1,MINWND,2027,0.0008
RE1,MINWND,2028,0.0008
RE1,MINWND,2029,0.0008
RE1,MINWND,2030,0.0008
RE1,MINWND,2031,0.0008
RE1,MINWND,2032,0.0008
RE1,MINWND,2033,0.0008
RE1,MINWND,2034,0.0008
RE1,MINWND,2035,0.0008
RE1,MINWND,2036,0.0006
RE1,MINWND,2037,0.0006
RE1,MINWND,2038,0.0006
RE1,MINWND,2039,0.0006
RE1,MINWND,2040,0.0006
RE1,MINWND,2041,0.0006
RE1,MINWND,2042,0.0006
RE1,MINWND,2043,0.0006
RE1,MINWND,2044,0.0006
RE1,MINWND,2045,0.0006
RE1,MINWND,2046,0.0006
RE1,MINWND,2047,0.0003
RE1,MINWND,2048,0.0002
RE1,MINWND,2049,0.0002
RE1,MINWND,2070,0.1358
RE1,MINGEO,2024,0.0001
RE1,MINGEO,2025,0.0001
RE1,MINGEO,2026,0.0001
RE1,MINGEO,2027,0.0001
RE1,MINGEO,2028,0.0001
RE1,MINGEO,2029,0.0001
RE1,MINGEO,2030,0.0001
RE1,MINGEO,2031,0.0001
RE1,MINGEO,2032,0.0001
RE1,MINGEO,2033,0.0001
RE1,MINGEO,2034,0.0001
RE1,MINGEO,2035,0.0001
RE1,MINGEO,2036,0.0001
RE1,MINGEO,2037,0.0001
RE1,MINGEO,2038,0.0001
RE1,MINGEO,2039,0.0001
RE1,MINGEO,2040,0.0001
RE1,MINGEO,2041,0.0001
RE1,MINGEO,2042,0.0001
RE1,MINGEO,2043,0.0001
RE1,MINGEO,2044,0.0001
RE1,MINGEO,2045,0.0001
RE1,MINGEO,2046,0.0001
RE1,MINGEO,2047,0.0001
RE1,MINGEO,2048,0.0001
RE1,MINGEO,2049,0.0001
RE1,MINGEO,2050,0.0001
RE1,MINGEO,2051,0.0001
RE1,MINGEO,2052,0.0001
RE1,MINGEO,2053,0.0001
RE1,MINGEO,2054,0.0001
RE1,MINGEO,2055,0.0001
RE1,MINGEO,2056,0.0001
RE1,MINGEO,2057,0.0001
RE1,MINGEO,2058,0.0001
RE1,MINGEO,2059,0.0001
RE1,MINGEO,2060,0.0001
RE1,MINGEO,2061,0.0001
RE1,MINGEO,2062,0.0001
RE1,MINGEO,2063,0.0001
RE1,MINGEO,2064,0.0001
RE1,MINGEO,2065,0.0001
RE1,MINGEO,2066,0.0001
RE1,MINGEO,2067,0.0001
RE1,MINGEO,2068,0.0001
RE1,MINGEO,2069,0.0001
RE1,MINGEO,2070,0.0001
RE1,MINHYD,2015,0.0029
RE1,MINHYD,2016,0.0029
RE1,MINHYD,2017,0.0029
RE1,MINHYD,2018,0.0029
RE1,MINHYD,2019,0.0029
RE1,MINHYD,2020,0.0029
RE1,MINHYD,2021,0.0029
RE1,MINHYD,2022,0.0029
RE1,MINHYD,2023,0.0029
RE1,MINHYD,2024,0.0041
RE1,MINHYD,2025,0.0041
RE1,MINHYD,2026,0.0041
RE1,MINHYD,2027,0.0041
RE1,MINHYD,2028,0.0041
RE1,MINHYD,2029,0.0041
RE1,MINHYD,2030,0.0041
RE1,MINHYD,2031,0.0041
RE1,MINHYD,2032,0.0041
RE1,MINHYD,2033,0.0041
RE1,MINHYD,2034,0.0041
RE1,MINHYD,2035,0.0041
RE1,MINHYD,2036,0.0041
RE1,MINHYD,2037,0.0041
RE1,MINHYD,2038,0.0041
RE1,MINHYD,2039,0.0041
RE1,MINHYD,2040,0.0041
RE1,MINHYD,2041,0.0041
RE1,MINHYD,2042,0.0041
RE1,MINHYD,2043,0.0041
RE1,MINHYD,2044,0.0041
RE1,MINHYD,2045,0.0041
RE1,MINHYD,2046,0.0041
RE1,MINHYD,2047,0.0041
RE1,MINHYD,2048,0.0041
RE1,MINHYD,2049,0.0041
RE1,MINHYD,2050,0.0041
RE1,MINHYD,2051,0.0041
RE1,MINHYD,2052,0.0041
RE1,MINHYD,2053,0.0041
RE1,MINHYD,2054,0.0041
RE1,MINHYD,2055,0.0041
RE1,MINHYD,2056,0.0041
RE1,MINHYD,2057,0.0041
RE1,MINHYD,2058,0.0041
RE1,MINHYD,2059,0.0041
RE1,MINHYD,2060,0.0041
RE1,MINHYD,2061,0.0041
RE1,MINHYD,2062,0.0041
RE1,MINHYD,2063,0.0041
RE1,MINHYD,2064,0.0035
RE1,MINHYD,2065,0.0035
RE1,MINHYD,2066,0.0035
RE1,MINHYD,2067,0.0034
RE1,MINHYD,2068,0.0034
RE1,MINHYD,2069,0.0035
RE1,MINHYD,2070,0.0021
RE1,PWRBIO001,2015,0.0065
RE1,PWRBIO001,2016,0.0075
RE1,PWRBIO001,2017,0.0084
RE1,PWRBIO001,2018,0.0089
RE1,PWRBIO001,2019,0.0089
RE1,PWRBIO001,2020,0.0093
RE1,PWRBIO001,2021,0.0098
RE1,PWRBIO001,2022,0.0098
RE1,PWRBIO001,2023,0.0098
RE1,PWRBIO001,2024,0.0096
RE1,PWRBIO001,2025,0.0048
RE1,PWRBIO001,2026,0.0048
RE1,PWRBIO001,2027,0.0047
RE1,PWRBIO001,2028,0.0047
RE1,PWRBIO001,2029,0.0047
RE1,PWRBIO001,2030,0.0041
RE1,PWRBIO001,2031,0.0014
RE1,PWRBIO001,2032,0.0014
RE1,PWRBIO001,2033,0.0014
RE1,PWRBIO001,2034,0.0014
RE1,PWRBIO001,2035,0.0014
RE1,PWRBIO001,2036,0.0014
RE1,PWRBIO001,2037,0.0014
RE1,PWRBIO001,2038,0.0014
RE1,PWRBIO001,2039,0.0014
RE1,PWRBIO001,2040,0.0014
RE1,PWRBIO001,2041,0.0014
RE1,PWRBIO001,2042,0.0014
RE1,PWRBIO001,2043,0.0014
RE1,PWRBIO001,2044,0.0014
RE1,PWRBIO001,2045,0.0014
RE1,PWRBIO001,2046,0.001
RE1,PWRBIO001,2047,0.0006
RE1,PWRBIO001,2048,0.0004
RE1,PWRBIO001,2049,0.0004
RE1,PWRBIO001,2050,0.0002
RE1,PWRCOA001,2015,0.0124
RE1,PWRCOA001,2016,0.0124
RE1,PWRCOA001,2017,0.0124
RE1,PWRCOA001,2018,0.0248
RE1,PWRCOA001,2019,0.0248
RE1,PWRCOA001,2020,0.0248
RE1,PWRCOA001,2021,0.0248
RE1,PWRCOA001,2022,0.0248
RE1,PWRCOA001,2023,0.0248
RE1,PWRCOA001,2024,0.0115
RE1,PWRCOA001,2025,0.0079
RE1,PWRCOA001,2026,0.008
RE1,PWRCOA001,2027,0.008
RE1,PWRCOA001,2028,0.008
RE1,PWRCOA001,2029,0.0077
RE1,PWRCOA001,2030,0.0077
RE1,PWRCOA001,2031,0.0071
RE1,PWRCOA001,2032,0.0071
RE1,PWRCOA001,2033,0.0071
RE1,PWRCOA001,2034,0.0071
RE1,PWRCOA001,2035,0.0071
RE1,PWRCOA001,2036,0.0071
RE1,PWRCOA001,2037,0.0058
RE1,PWRCOA001,2038,0.0058
RE1,PWRCOA001,2039,0.0058
RE1,PWRCOA001,2040,0.0058
RE1,PWRCOA001,2041,0.0058
RE1,PWRCOA001,2042,0.0052
RE1,PWRCOA001,2043,0.0052
RE1,PWRCOA001,2044,0.0052
RE1,PWRCOA001,2045,0.0052
RE1,PWRCOA001,2046,0.0052
RE1,PWRCOA001,2047,0.0052
RE1,PWRCOA001,2048,0.0052
RE1,PWRCOA001,2049,0.0052
RE1,PWRCOA001,2050,0.0052
RE1,PWRCOA001,2051,0.0052
RE1,PWRCOA001,2052,0.0052
RE1,PWRCOA001,2053,0.0052
RE1,PWRCOA001,2054,0.0052
RE1,PWRCOA001,2055,0.0052
RE1,PWRCOA001,2056,0.0052
RE1,PWRCOA001,2057,0.0052
RE1,PWRCOA001,2058,0.0052
RE1,PWRCOA001,2059,0.0052
RE1,PWRCOA001,2060,0.0052
RE1,PWRCOA001,2061,0.0052
RE1,PWRCOA001,2062,0.0052
RE1,PWRCOA001,2063,0.0052
RE1,PWRCOA001,2064,0.0052
RE1,PWRCOA001,2065,0.0052
RE1,PWRCOA001,2066,0.0052
RE1,PWRCOA001,2067,0.0052
RE1,PWRCOA001,2068,0.0052
RE1,PWRCOA001,2069,0.0052
RE1,PWRGEO,2024,0.0
RE1,PWRGEO,2025,0.0
RE1,PWRGEO,2026,0.0
RE1,PWRGEO,2027,0.0
RE1,PWRGEO,2028,0.0
RE1,PWRGEO,2029,0.0
RE1,PWRGEO,2030,0.0
RE1,PWRGEO,2031,0.0
RE1,PWRGEO,2032,0.0
RE1,PWRGEO,2033,0.0
RE1,PWRGEO,2034,0.0
RE1,PWRGEO,2035,0.0
RE1,PWRGEO,2036,0.0
RE1,PWRGEO,2037,0.0
RE1,PWRGEO,2038,0.0
RE1,PWRGEO,2039,0.0
RE1,PWRGEO,2040,0.0
RE1,PWRGEO,2041,0.0
RE1,PWRGEO,2042,0.0
RE1,PWRGEO,2043,0.0
RE1,PWRGEO,2044,0.0
RE1,PWRGEO,2045,0.0
RE1,PWRGEO,2046,0.0
RE1,PWRGEO,2047,0.0
RE1,PWRGEO,2048,0.0
RE1,PWRGEO,2049,0.0
RE1,PWRGEO,2050,0.0
RE1,PWRGEO,2051,0.0
RE1,PWRGEO,2052,0.0
RE1,PWRGEO,2053,0.0
RE1,PWRGEO,2054,0.0
RE1,PWRGEO,2055,0.0
RE1,PWRGEO,2056,0.0
RE1,PWRGEO,2057,0.0
RE1,PWRGEO,2058,0.0
RE1,PWRGEO,2059,0.0
RE1,PWRGEO,2060,0.0
RE1,PWRGEO,2061,0.0
RE1,PWRGEO,2062,0.0
RE1,PWRGEO,2063,0.0
RE1,PWRGEO,2064,0.0
RE1,PWRGEO,2065,0.0
RE1,PWRGEO,2066,0.0
RE1,PWRGEO,2067,0.0
RE1,PWRGEO,2068,0.0
RE1,PWRGEO,2069,0.0
RE1,PWRGEO,2070,0.0
RE1,PWRNGS001,2015,0.0439
RE1,PWRNGS001,2016,0.044
RE1,PWRNGS001,2017,0.0446
RE1,PWRNGS001,2018,0.034
RE1,PWRNGS001,2019,0.0372
RE1,PWRNGS001,2020,0.0401
RE1,PWRNGS001,2021,0.0422
RE1,PWRNGS001,2022,0.0448
RE1,PWRNGS001,2023,0.0468
RE1,PWRNGS001,2024,0.0151
RE1,PWRNGS001,2025,0.0086
RE1,PWRNGS001,2026,0.0094
RE1,PWRNGS001,2027,0.0103
RE1,PWRNGS001,2028,0.0111
RE1,PWRNGS001,2029,0.0122
RE1,PWRNGS001,2030,0.0124
RE1,PWRNGS001,2031,0.0166
RE1,PWRNGS001,2032,0.0176
RE1,PWRNGS001,2033,0.0186
RE1,PWRNGS001,2034,0.0196
RE1,PWRNGS001,2035,0.0206
RE1,PWRNGS001,2036,0.0215
RE1,PWRNGS001,2037,0.0236
RE1,PWRNGS001,2038,0.0244
RE1,PWRNGS001,2039,0.0252
RE1,PWRNGS001,2040,0.026
RE1,PWRNGS001,2041,0.0268
RE1,PWRNGS001,2042,0.0283
RE1,PWRNGS001,2043,0.029
RE1,PWRNGS001,2044,0.0298
RE1,PWRNGS001,2045,0.0306
RE1,PWRNGS001,2046,0.0315
RE1,PWRNGS001,2047,0.0326
RE1,PWRNGS001,2048,0.0334
RE1,PWRNGS001,2049,0.0343
RE1,PWRNGS001,2050,0.0729
RE1,PWRNGS001,2051,0.074
RE1,PWRNGS001,2052,0.0749
RE1,PWRNGS001,2053,0.0758
RE1,PWRNGS001,2054,0.0766
RE1,PWRNGS001,2055,0.0775
RE1,PWRNGS001,2056,0.0785
RE1,PWRNGS001,2057,0.0794
RE1,PWRNGS001,2058,0.0803
RE1,PWRNGS001,2059,0.0816
RE1,PWRNGS001,2060,0.0821
RE1,PWRNGS001,2061,0.0831
RE1,PWRNGS001,2062,0.0841
RE1,PWRNGS001,2063,0.0851
RE1,PWRNGS001,2064,0.0863
RE1,PWRNGS001,2065,0.0873
RE1,PWRNGS001,2066,0.0883
RE1,PWRNGS001,2067,0.0893
RE1,PWRNGS001,2068,0.0903
RE1,PWRNGS001,2069,0.0914
RE1,PWRSOL001,2015,0.0009
RE1,PWRSOL001,2016,0.0015
RE1,PWRSOL001,2017,0.0016
RE1,PWRSOL001,2018,0.0018
RE1,PWRSOL001,2019,0.0018
RE1,PWRSOL001,2020,0.0018
RE1,PWRSOL001,2021,0.0018
RE1,PWRSOL001,2022,0.0018
RE1,PWRSOL001,2023,0.0018
RE1,PWRSOL001,2024,0.0391
RE1,PWRSOL001,2025,0.0391
RE1,PWRSOL001,2026,0.0391
RE1,PWRSOL001,2027,0.0391
RE1,PWRSOL001,2028,0.0391
RE1,PWRSOL001,2029,0.0391
RE1,PWRSOL001,2030,0.0391
RE1,PWRSOL001,2031,0.0391
RE1,PWRSOL001,2032,0.0391
RE1,PWRSOL001,2033,0.0391
RE1,PWRSOL001,2034,0.0391
RE1,PWRSOL001,2035,0.0383
RE1,PWRSOL001,2036,0.0377
RE1,PWRSOL001,2037,0.0375
RE1,PWRSOL001,2038,0.0374
RE1,PWRSOL001,2039,0.0373
RE1,PWRSOL001,2040,0.0373
RE1,PWRSOL001,2041,0.0373
RE1,PWRSOL001,2042,0.0373
RE1,PWRSOL001,2043,0.0373
RE1,PWRSOL001,2044,0.0373
RE1,PWRSOL001,2045,0.0373
RE1,PWRSOL001,2046,0.0373
RE1,PWRSOL001,2047,0.0373
RE1,PWRSOL001,2048,0.0373
RE1,PWRSOL001,2049,0.0373
RE1,PWRSOL001,2050,0.0373
RE1,PWRSOL001,2051,0.0373
RE1,PWRSOL001,2052,0.0373
RE1,PWRSOL001,2053,0.0369
RE1,PWRCSP002,2015,0.0
RE1,PWRCSP002,2016,0.0
RE1,PWRCSP002,2017,0.0
RE1,PWRCSP002,2018,0.0
RE1,PWRCSP002,2019,0.0
RE1,PWRCSP002,2020,0.0
RE1,PWRCSP002,2021,0.0
RE1,PWRCSP002,2022,0.0
RE1,PWRCSP002,2023,0.0
RE1,PWRCSP002,2024,0.0
RE1,PWRCSP002,2025,0.0
RE1,PWRCSP002,2026,0.0
RE1,PWRCSP002,2027,0.0
RE1,PWRCSP002,2028,0.0
RE1,PWRCSP002,2029,0.0
RE1,PWRCSP002,2030,0.0
RE1,PWRCSP002,2031,0.0
RE1,PWRCSP002,2032,0.0
RE1,PWRCSP002,2033,0.0
RE1,PWRCSP002,2034,0.0
RE1,PWRCSP002,2035,0.0
RE1,PWRCSP002,2036,0.0
RE1,PWRCSP002,2037,0.0
RE1,PWRCSP002,2038,0.0
RE1,PWRCSP002,2039,0.0
RE1,PWRCSP002,2040,0.0
RE1,PWRCSP002,2041,0.0
RE1,PWRCSP002,2042,0.0
RE1,PWRCSP002,2043,0.0
RE1,PWRHYD001,2015,0.0028
RE1,PWRHYD001,2016,0.0028
RE1,PWRHYD001,2017,0.0028
RE1,PWRHYD001,2018,0.0028
RE1,PWRHYD001,2019,0.0028
RE1,PWRHYD001,2020,0.0028
RE1,PWRHYD001,2021,0.0028
RE1,PWRHYD001,2022,0.0028
RE1,PWRHYD001,2023,0.0028
RE1,PWRHYD001,2024,0.0034
RE1,PWRHYD001,2025,0.0034
RE1,PWRHYD001,2026,0.0034
RE1,PWRHYD001,2027,0.0034
RE1,PWRHYD001,2028,0.0034
RE1,PWRHYD001,2029,0.0034
RE1,PWRHYD001,2030,0.0034
RE1,PWRHYD001,2031,0.0034
RE1,PWRHYD001,2032,0.0034
RE1,PWRHYD001,2033,0.0034
RE1,PWRHYD001,2034,0.0034
RE1,PWRHYD001,2035,0.0034
RE1,PWRHYD001,2036,0.0034
RE1,PWRHYD001,2037,0.0034
RE1,PWRHYD001,2038,0.0034
RE1,PWRHYD001,2039,0.0034
RE1,PWRHYD001,2040,0.0034
RE1,PWRHYD001,2041,0.0034
RE1,PWRHYD001,2042,0.0034
RE1,PWRHYD001,2043,0.0034
RE1,PWRHYD001,2044,0.0034
RE1,PWRHYD001,2045,0.0034
RE1,PWRHYD001,2046,0.0034
RE1,PWRHYD001,2047,0.0034
RE1,PWRHYD001,2048,0.0034
RE1,PWRHYD001,2049,0.0034
RE1,PWRHYD001,2050,0.0034
RE1,PWRHYD001,2051,0.0034
RE1,PWRHYD001,2052,0.0034
RE1,PWRHYD001,2053,0.0034
RE1,PWRHYD001,2054,0.0034
RE1,PWRHYD001,2055,0.0034
RE1,PWRHYD001,2056,0.0034
RE1,PWRHYD001,2057,0.0034
RE1,PWRHYD001,2058,0.0034
RE1,PWRHYD001,2059,0.0034
RE1,PWRHYD001,2060,0.0034
RE1,PWRHYD001,2061,0.0034
RE1,PWRHYD001,2062,0.0034
RE1,PWRHYD001,2063,0.0034
RE1,PWRHYD001,2064,0.0034
RE1,PWRHYD001,2065,0.0034
RE1,PWRHYD001,2066,0.0034
RE1,PWRHYD001,2067,0.0033
RE1,PWRHYD001,2068,0.0033
RE1,PWRHYD001,2069,0.0034
RE1,PWRHYD001,2070,0.002
RE1,PWRHYD002,2015,0.0001
RE1,PWRHYD002,2016,0.0001
RE1,PWRHYD002,2017,0.0001
RE1,PWRHYD002,2018,0.0001
RE1,PWRHYD002,2019,0.0001
RE1,PWRHYD002,2020,0.0001
RE1,PWRHYD002,2021,0.0001
RE1,PWRHYD002,2022,0.0001
RE1,PWRHYD002,2023,0.0001
RE1,PWRHYD002,2024,0.0001
RE1,PWRHYD002,2025,0.0001
RE1,PWRHYD002,2026,0.0001
RE1,PWRHYD002,2027,0.0001
RE1,PWRHYD002,2028,0.0001
RE1,PWRHYD002,2029,0.0001
RE1,PWRHYD002,2030,0.0001
RE1,PWRHYD002,2031,0.0001
RE1,PWRHYD002,2032,0.0001
RE1,PWRHYD002,2033,0.0001
RE1,PWRHYD002,2034,0.0001
RE1,PWRHYD002,2035,0.0001
RE1,PWRHYD002,2036,0.0001
RE1,PWRHYD002,2037,0.0001
RE1,PWRHYD002,2038,0.0001
RE1,PWRHYD002,2039,0.0001
RE1,PWRHYD002,2040,0.0001
RE1,PWRHYD002,2041,0.0001
RE1,PWRHYD002,2042,0.0001
RE1,PWRHYD002,2043,0.0001
RE1,PWRHYD002,2044,0.0001
RE1,PWRHYD002,2045,0.0001
RE1,PWRHYD002,2046,0.0001
RE1,PWRHYD002,2047,0.0001
RE1,PWRHYD002,2048,0.0001
RE1,PWRHYD002,2049,0.0001
RE1,PWRHYD002,2050,0.0001
RE1,PWRHYD002,2051,0.0001
RE1,PWRHYD002,2052,0.0001
RE1,PWRHYD002,2053,0.0001
RE1,PWRHYD002,2054,0.0001
RE1,PWRHYD002,2055,0.0001
RE1,PWRHYD002,2056,0.0001
RE1,PWRHYD002,2057,0.0001
RE1,PWRHYD002,2058,0.0001
RE1,PWRHYD002,2059,0.0001
RE1,PWRHYD002,2060,0.0001
RE1,PWRHYD002,2061,0.0001
RE1,PWRHYD002,2062,0.0001
RE1,PWRHYD002,2063,0.0001
RE1,PWRHYD002,2064,0.0001
RE1,PWRHYD002,2065,0.0001
RE1,PWRHYD002,2066,0.0001
RE1,PWRHYD002,2067,0.0001
RE1,PWRHYD002,2068,0.0001
RE1,PWRHYD002,2069,0.0001
RE1,PWRHYD002,2070,0.0001
RE1,PWRHYD003,2024,0.0005
RE1,PWRHYD003,2025,0.0005
RE1,PWRHYD003,2026,0.0005
RE1,PWRHYD003,2027,0.0005
RE1,PWRHYD003,2028,0.0005
RE1,PWRHYD003,2029,0.0005
RE1,PWRHYD003,2030,0.0005
RE1,PWRHYD003,2031,0.0005
RE1,PWRHYD003,2032,0.0005
RE1,PWRHYD003,2033,0.0005
RE1,PWRHYD003,2034,0.0005
RE1,PWRHYD003,2035,0.0005
RE1,PWRHYD003,2036,0.0005
RE1,PWRHYD003,2037,0.0005
RE1,PWRHYD003,2038,0.0005
RE1,PWRHYD003,2039,0.0005
RE1,PWRHYD003,2040,0.0005
RE1,PWRHYD003,2041,0.0005
RE1,PWRHYD003,2042,0.0005
RE1,PWRHYD003,2043,0.0005
RE1,PWRHYD003,2044,0.0005
RE1,PWRHYD003,2045,0.0005
RE1,PWRHYD003,2046,0.0005
RE1,PWRHYD003,2047,0.0005
RE1,PWRHYD003,2048,0.0005
RE1,PWRHYD003,2049,0.0005
RE1,PWRHYD003,2050,0.0005
RE1,PWRHYD003,2051,0.0005
RE1,PWRHYD003,2052,0.0005
RE1,PWRHYD003,2053,0.0005
RE1,PWRHYD003,2054,0.0005
RE1,PWRHYD003,2055,0.0005
RE1,PWRHYD003,2056,0.0005
RE1,PWRHYD003,2057,0.0005
RE1,PWRHYD003,2058,0.0005
RE1,PWRHYD003,2059,0.0005
RE1,PWRHYD003,2060,0.0005
RE1,PWRHYD003,2061,0.0005
RE1,PWRHYD003,2062,0.0005
RE1,PWRHYD003,2063,0.0005
RE1,PWRWND001,2015,0.0001
RE1,PWRWND001,2016,0.0003
RE1,PWRWND001,2017,0.0003
RE1,PWRWND001,2018,0.0006
RE1,PWRWND001,2019,0.0008
RE1,PWRWND001,2020,0.0008
RE1,PWRWND001,2021,0.0008
RE1,PWRWND001,2022,0.0008
RE1,PWRWND001,2023,0.0008
RE1,PWRWND001,2024,0.0008
RE1,PWRWND001,2025,0.0008
RE1,PWRWND001,2026,0.0008
RE1,PWRWND001,2027,0.0008
RE1,PWRWND001,2028,0.0008
RE1,PWRWND001,2029,0.0008
RE1,PWRWND001,2030,0.0008
RE1,PWRWND001,2031,0.0008
RE1,PWRWND001,2032,0.0008
RE1,PWRWND001,2033,0.0008
RE1,PWRWND001,2034,0.0008
RE1,PWRWND001,2035,0.0008
RE1,PWRWND001,2036,0.0006
RE1,PWRWND001,2037,0.0006
RE1,PWRWND001,2038,0.0006
RE1,PWRWND001,2039,0.0006
RE1,PWRWND001,2040,0.0006
RE1,PWRWND001,2041,0.0006
RE1,PWRWND001,2042,0.0006
RE1,PWRWND001,2043,0.0006
RE1,PWRWND001,2044,0.0006
RE1,PWRWND001,2045,0.0006
RE1,PWRWND001,2046,0.0006
RE1,PWRWND001,2047,0.0003
RE1,PWRWND001,2048,0.0002
RE1,PWRWND001,2049,0.0002
RE1,PWRWND001,2070,0.1358
RE1,PWRSOL001S,2024,0.0483
RE1,PWRSOL001S,2025,0.0663
RE1,PWRSOL001S,2026,0.0686
RE1,PWRSOL001S,2027,0.0711
RE1,PWRSOL001S,2028,0.0736
RE1,PWRSOL001S,2029,0.0773
RE1,PWRSOL001S,2030,0.1499
RE1,PWRSOL001S,2031,0.1533
RE1,PWRSOL001S,2032,0.1567
RE1,PWRSOL001S,2033,0.1601
RE1,PWRSOL001S,2034,0.1634
RE1,PWRSOL001S,2035,0.1689
RE1,PWRSOL001S,2036,0.1734
RE1,PWRSOL001S,2037,0.1785
RE1,PWRSOL001S,2038,0.1842
RE1,PWRSOL001S,2039,0.1897
RE1,PWRSOL001S,2040,0.2028
RE1,PWRSOL001S,2041,0.2043
RE1,PWRSOL001S,2042,0.2077
RE1,PWRSOL001S,2043,0.2123
RE1,PWRSOL001S,2044,0.2169
RE1,PWRSOL001S,2045,0.2793
RE1,PWRSOL001S,2046,0.283
RE1,PWRSOL001S,2047,0.2868
RE1,PWRSOL001S,2048,0.2905
RE1,PWRSOL001S,2049,0.2947
RE1,PWRSOL001S,2050,0.457
RE1,PWRSOL001S,2051,0.461
RE1,PWRSOL001S,2052,0.4651
RE1,PWRSOL001S,2053,0.4695
RE1,PWRSOL001S,2054,0.5106
RE1,PWRSOL001S,2055,0.5147
RE1,PWRSOL001S,2056,0.5189
RE1,PWRSOL001S,2057,0.5232
RE1,PWRSOL001S,2058,0.5274
RE1,PWRSOL001S,2059,0.5327
RE1,PWRSOL001S,2060,0.5359
RE1,PWRSOL001S,2061,0.5405
RE1,PWRSOL001S,2062,0.5449
RE1,PWRSOL001S,2063,0.5493
RE1,PWRSOL001S,2064,0.5542
RE1,PWRSOL001S,2065,0.5587
RE1,PWRSOL001S,2066,0.5633
RE1,PWRSOL001S,2067,0.568
RE1,PWRSOL001S,2068,0.5666
RE1,PWRSOL001S,2069,0.5623
RE1,PWRSOL001S,2070,0.5492
RE1,PWRTRNIMP,2015,0.0052
RE1,PWRTRNIMP,2016,0.0071
RE1,PWRTRNIMP,2017,0.0088
RE1,PWRTRNIMP,2018,0.0096
RE1,PWRTRNIMP,2019,0.0096
RE1,PWRTRNIMP,2020,0.0096
RE1,PWRTRNIMP,2021,0.0096
RE1,PWRTRNIMP,2022,0.0096
RE1,PWRTRNIMP,2023,0.0096
RE1,PWRTRNIMP,2024,0.0096
RE1,PWRTRNIMP,2025,0.0096
RE1,PWRTRNIMP,2026,0.0096
RE1,PWRTRNIMP,2027,0.0096
RE1,PWRTRNIMP,2028,0.0096
RE1,PWRTRNIMP,2029,0.0096
RE1,PWRTRNIMP,2030,0.0096
RE1,PWRTRNIMP,2031,0.0096
RE1,PWRTRNIMP,2032,0.0096
RE1,PWRTRNIMP,2033,0.0096
RE1,PWRTRNIMP,2034,0.0096
RE1,PWRTRNIMP,2035,0.0096
RE1,PWRTRNIMP,2036,0.0096
RE1,PWRTRNIMP,2037,0.0096
RE1,PWRTRNIMP,2038,0.0096
RE1,PWRTRNIMP,2039,0.0096
RE1,PWRTRNIMP,2040,0.0096
RE1,PWRTRNIMP,2041,0.0096
RE1,PWRTRNIMP,2042,0.0096
RE1,PWRTRNIMP,2043,0.0096
RE1,PWRTRNIMP,2044,0.0096
RE1,PWRTRNIMP,2045,0.0096
RE1,PWRTRNIMP,2046,0.0096
RE1,PWRTRNIMP,2047,0.0096
RE1,PWRTRNIMP,2048,0.0096
RE1,PWRTRNIMP,2049,0.0096
RE1,PWRTRNIMP,2050,0.0096
RE1,PWRTRNIMP,2051,0.0096
RE1,PWRTRNIMP,2052,0.0096
RE1,PWRTRNIMP,2053,0.0096
RE1,PWRTRNIMP,2054,0.0096
RE1,PWRTRNIMP,2055,0.0096
RE1,PWRTRNIMP,2056,0.0096
RE1,PWRTRNIMP,2057,0.0096
RE1,PWRTRNIMP,2058,0.0096
RE1,PWRTRNIMP,2059,0.0096
RE1,PWRTRNIMP,2060,0.0096
RE1,PWRTRNIMP,2061,0.0096
RE1,PWRTRNIMP,2062,0.0096
RE1,PWRTRNIMP,2063,0.0096
RE1,PWRTRNIMP,2064,0.0096
RE1,PWRTRNIMP,2065,0.0096
RE1,PWRTRNIMP,2066,0.0096
RE1,PWRTRNIMP,2067,0.0096
RE1,PWRTRNIMP,2068,0.0096
RE1,PWRTRNIMP,2069,0.0096
RE1,PWRTRNIMP,2070,0.0096
RE1,PWRTRN,2015,0.0712
RE1,PWRTRN,2016,0.0752
RE1,PWRTRN,2017,0.0786
RE1,PWRTRN,2018,0.0821
RE1,PWRTRN,2019,0.0856
RE1,PWRTRN,2020,0.089
RE1,PWRTRN,2021,0.0916
RE1,PWRTRN,2022,0.0942
RE1,PWRTRN,2023,0.0962
RE1,PWRTRN,2024,0.1377
RE1,PWRTRN,2025,0.1408
RE1,PWRTRN,2026,0.144
RE1,PWRTRN,2027,0.1473
RE1,PWRTRN,2028,0.1506
RE1,PWRTRN,2029,0.155
RE1,PWRTRN,2030,0.2272
RE1,PWRTRN,2031,0.2316
RE1,PWRTRN,2032,0.236
RE1,PWRTRN,2033,0.2404
RE1,PWRTRN,2034,0.2448
RE1,PWRTRN,2035,0.2503
RE1,PWRTRN,2036,0.255
RE1,PWRTRN,2037,0.2608
RE1,PWRTRN,2038,0.2671
RE1,PWRTRN,2039,0.2734
RE1,PWRTRN,2040,0.2873
RE1,PWRTRN,2041,0.2895
RE1,PWRTRN,2042,0.2937
RE1,PWRTRN,2043,0.2991
RE1,PWRTRN,2044,0.3044
RE1,PWRTRN,2045,0.3676
RE1,PWRTRN,2046,0.3719
RE1,PWRTRN,2047,0.376
RE1,PWRTRN,2048,0.3802
RE1,PWRTRN,2049,0.3853
RE1,PWRTRN,2050,0.5858
RE1,PWRTRN,2051,0.5907
RE1,PWRTRN,2052,0.5957
RE1,PWRTRN,2053,0.6006
RE1,PWRTRN,2054,0.6057
RE1,PWRTRN,2055,0.6107
RE1,PWRTRN,2056,0.6158
RE1,PWRTRN,2057,0.621
RE1,PWRTRN,2058,0.6262
RE1,PWRTRN,2059,0.6327
RE1,PWRTRN,2060,0.6365
RE1,PWRTRN,2061,0.6421
RE1,PWRTRN,2062,0.6474
RE1,PWRTRN,2063,0.6529
RE1,PWRTRN,2064,0.6584
RE1,PWRTRN,2065,0.6639
RE1,PWRTRN,2066,0.6695
RE1,PWRTRN,2067,0.6751
RE1,PWRTRN,2068,0.6748
RE1,PWRTRN,2069,0.6716
RE1,PWRTRN,2070,0.6964
RE1,PWRDIST,2015,0.0668
RE1,PWRDIST,2016,0.0706
RE1,PWRDIST,2017,0.0739
RE1,PWRDIST,2018,0.0772
RE1,PWRDIST,2019,0.0805
RE1,PWRDIST,2020,0.0837
RE1,PWRDIST,2021,0.0862
RE1,PWRDIST,2022,0.0887
RE1,PWRDIST,2023,0.0906
RE1,PWRDIST,2024,0.1297
RE1,PWRDIST,2025,0.1327
RE1,PWRDIST,2026,0.1357
RE1,PWRDIST,2027,0.1389
RE1,PWRDIST,2028,0.142
RE1,PWRDIST,2029,0.1463
RE1,PWRDIST,2030,0.2144
RE1,PWRDIST,2031,0.2187
RE1,PWRDIST,2032,0.2229
RE1,PWRDIST,2033,0.2271
RE1,PWRDIST,2034,0.2313
RE1,PWRDIST,2035,0.2367
RE1,PWRDIST,2036,0.2412
RE1,PWRDIST,2037,0.2467
RE1,PWRDIST,2038,0.2527
RE1,PWRDIST,2039,0.2588
RE1,PWRDIST,2040,0.272
RE1,PWRDIST,2041,0.2742
RE1,PWRDIST,2042,0.2783
RE1,PWRDIST,2043,0.2835
RE1,PWRDIST,2044,0.2887
RE1,PWRDIST,2045,0.3487
RE1,PWRDIST,2046,0.3528
RE1,PWRDIST,2047,0.3569
RE1,PWRDIST,2048,0.3609
RE1,PWRDIST,2049,0.366
RE1,PWRDIST,2050,0.5566
RE1,PWRDIST,2051,0.5612
RE1,PWRDIST,2052,0.5659
RE1,PWRDIST,2053,0.5706
RE1,PWRDIST,2054,0.5754
RE1,PWRDIST,2055,0.5802
RE1,PWRDIST,2056,0.585
RE1,PWRDIST,2057,0.5899
RE1,PWRDIST,2058,0.5949
RE1,PWRDIST,2059,0.6011
RE1,PWRDIST,2060,0.6047
RE1,PWRDIST,2061,0.61
RE1,PWRDIST,2062,0.6151
RE1,PWRDIST,2063,0.6202
RE1,PWRDIST,2064,0.6255
RE1,PWRDIST,2065,0.6307
RE1,PWRDIST,2066,0.636
RE1,PWRDIST,2067,0.6414
RE1,PWRDIST,2068,0.641
RE1,PWRDIST,2069,0.638
RE1,PWRDIST,2070,0.6615
RE1,PWRHYD004,2024,0.0001
RE1,PWRHYD004,2025,0.0001
RE1,PWRHYD004,2026,0.0001
RE1,PWRHYD004,2027,0.0001
RE1,PWRHYD004,2028,0.0001
RE1,PWRHYD004,2029,0.0001
RE1,PWRHYD004,2030,0.0001
RE1,PWRHYD004,2031,0.0001
RE1,PWRHYD004,2032,0.0001
RE1,PWRHYD004,2033,0.0001
RE1,PWRHYD004,2034,0.0001
RE1,PWRHYD004,2035,0.0001
RE1,PWRHYD004,2036,0.0001
RE1,PWRHYD004,2037,0.0001
RE1,PWRHYD004,2038,0.0001
RE1,PWRHYD004,2039,0.0001
RE1,PWRHYD004,2040,0.0001
RE1,PWRHYD004,2041,0.0001
RE1,PWRHYD004,2042,0.0001
RE1,PWRHYD004,2043,0.0001
RE1,PWRHYD004,2044,0.0001
RE1,PWRHYD004,2045,0.0001
RE1,PWRHYD004,2046,0.0001
RE1,PWRHYD004,2047,0.0001
RE1,PWRHYD004,2048,0.0001
RE1,PWRHYD004,2049,0.0001
RE1,PWRHYD004,2050,0.0001
RE1,PWRHYD004,2051,0.0001
RE1,PWRHYD004,2052,0.0001
RE1,PWRHYD004,2053,0.0001
RE1,PWRHYD004,2054,0.0001
RE1,PWRHYD004,2055,0.0001
RE1,PWRHYD004,2056,0.0001
RE1,PWRHYD004,2057,0.0001
RE1,PWRHYD004,2058,0.0001
RE1,PWRHYD004,2059,0.0001
RE1,PWRHYD004,2060,0.0001
RE1,PWRHYD004,2061,0.0001
RE1,PWRHYD004,2062,0.0001
RE1,PWRHYD004,2063,0.0001
RE1,PWRTRNEXP,2015,0.0008
RE1,PWRTRNEXP,2016,0.0005
RE1,PWRTRNEXP,2017,0.0004
RE1,PWRTRNEXP,2018,0.0004
RE1,PWRTRNEXP,2019,0.0004
RE1,PWRTRNEXP,2020,0.0004
RE1,PWRTRNEXP,2021,0.0004
RE1,PWRTRNEXP,2022,0.0004
RE1,PWRTRNEXP,2023,0.0004
RE1,PWRTRNEXP,2024,0.0004
RE1,PWRTRNEXP,2025,0.0004
RE1,PWRTRNEXP,2026,0.0004
RE1,PWRTRNEXP,2027,0.0004
RE1,PWRTRNEXP,2028,0.0004
RE1,PWRTRNEXP,2029,0.0004
RE1,PWRTRNEXP,2030,0.0004
RE1,PWRTRNEXP,2031,0.0004
RE1,PWRTRNEXP,2032,0.0004
RE1,PWRTRNEXP,2033,0.0004
RE1,PWRTRNEXP,2034,0.0004
RE1,PWRTRNEXP,2035,0.0004
RE1,PWRTRNEXP,2036,0.0004
RE1,PWRTRNEXP,2037,0.0004
RE1,PWRTRNEXP,2038,0.0004
RE1,PWRTRNEXP,2039,0.0004
RE1,PWRTRNEXP,2040,0.0004
RE1,PWRTRNEXP,2041,0.0004
RE1,PWRTRNEXP,2042,0.0004
RE1,PWRTRNEXP,2043,0.0004
RE1,PWRTRNEXP,2044,0.0004
RE1,PWRTRNEXP,2045,0.0004
RE1,PWRTRNEXP,2046,0.0004
RE1,PWRTRNEXP,2047,0.0004
RE1,PWRTRNEXP,2048,0.0004
RE1,PWRTRNEXP,2049,0.0004
RE1,PWRTRNEXP,2050,0.0004
RE1,PWRTRNEXP,2051,0.0004
RE1,PWRTRNEXP,2052,0.0004
RE1,PWRTRNEXP,2053,0.0004
RE1,PWRTRNEXP,2054,0.0004
RE1,PWRTRNEXP,2055,0.0004
RE1,PWRTRNEXP,2056,0.0004
RE1,PWRTRNEXP,2057,0.0004
RE1,PWRTRNEXP,2058,0.0004
RE1,PWRTRNEXP,2059,0.0004
RE1,PWRTRNEXP,2060,0.0004
RE1,PWRTRNEXP,2061,0.0004
RE1,PWRTRNEXP,2062,0.0004
RE1,PWRTRNEXP,2063,0.0004
RE1,PWRTRNEXP,2064,0.0004
RE1,PWRTRNEXP,2065,0.0004
RE1,PWRTRNEXP,2066,0.0004
RE1,PWRTRNEXP,2067,0.0004
RE1,PWRTRNEXP,2068,0.0004
RE1,PWRTRNEXP,2069,0.0004
RE1,PWRTRNEXP,2070,0.0004
RE1,DEMTRAEVC,2024,0.031
RE1,DEMTRAEVC,2025,0.0315
RE1,DEMTRAEVC,2026,0.0321
RE1,DEMTRAEVC,2027,0.0327
RE1,DEMTRAEVC,2028,0.0332
RE1,DEMTRAEVC,2029,0.0338
RE1,DEMTRAEVC,2030,0.0343
RE1,DEMTRAEVC,2031,0.0348
RE1,DEMTRAEVC,2032,0.0353
RE1,DEMTRAEVC,2033,0.0357
RE1,DEMTRAEVC,2034,0.0362
RE1,DEMTRAEVC,2035,0.0367
RE1,DEMTRAEVC,2036,0.0371
RE1,DEMTRAEVC,2037,0.0375
RE1,DEMTRAEVC,2038,0.0379
RE1,DEMTRAEVC,2039,0.0384
RE1,DEMTRAEVC,2040,0.0388
RE1,DEMTRAEVC,2041,0.0392
RE1,DEMTRAEVC,2042,0.0396
RE1,DEMTRAEVC,2043,0.04
RE1,DEMTRAEVC,2044,0.0404
RE1,DEMTRAEVC,2045,0.0408
RE1,DEMTRAEVC,2046,0.0411
RE1,DEMTRAEVC,2047,0.0414
RE1,DEMTRAEVC,2048,0.0418
RE1,DEMTRAEVC,2049,0.0428
RE1,DEMTRAEVC,2050,0.212
RE1,DEMTRAEVC,2051,0.2136
RE1,DEMTRAEVC,2052,0.2152
RE1,DEMTRAEVC,2053,0.2168
RE1,DEMTRAEVC,2054,0.2185
RE1,DEMTRAEVC,2055,0.2202
RE1,DEMTRAEVC,2056,0.2218
RE1,DEMTRAEVC,2057,0.2235
RE1,DEMTRAEVC,2058,0.2252
RE1,DEMTRAEVC,2059,0.2269
RE1,DEMTRAEVC,2060,0.2287
RE1,DEMTRAEVC,2061,0.2304
RE1,DEMTRAEVC,2062,0.2322
RE1,DEMTRAEVC,2063,0.2339
RE1,DEMTRAEVC,2064,0.2357
RE1,DEMTRAEVC,2065,0.2375
RE1,DEMTRAEVC,2066,0.2393
RE1,DEMTRAEVC,2067,0.2412
RE1,DEMTRAEVC,2068,0.243
RE1,DEMTRAEVC,2069,0.2449
RE1,DEMTRAEVC,2070,0.2467
RE1,DEMTRAMCYELC,2024,0.0279
RE1,DEMTRAMCYELC,2025,0.0284
RE1,DEMTRAMCYELC,2026,0.0289
RE1,DEMTRAMCYELC,2027,0.0294
RE1,DEMTRAMCYELC,2028,0.0299
RE1,DEMTRAMCYELC,2029,0.0304
RE1,DEMTRAMCYELC,2030,0.0309
RE1,DEMTRAMCYELC,2031,0.0314
RE1,DEMTRAMCYELC,2032,0.0318
RE1,DEMTRAMCYELC,2033,0.0322
RE1,DEMTRAMCYELC,2034,0.0326
RE1,DEMTRAMCYELC,2035,0.033
RE1,DEMTRAMCYELC,2036,0.0334
RE1,DEMTRAMCYELC,2037,0.0338
RE1,DEMTRAMCYELC,2038,0.0342
RE1,DEMTRAMCYELC,2039,0.0346
RE1,DEMTRAMCYELC,2040,0.035
RE1,DEMTRAMCYELC,2041,0.0353
RE1,DEMTRAMCYELC,2042,0.0357
RE1,DEMTRAMCYELC,2043,0.036
RE1,DEMTRAMCYELC,2044,0.0364
RE1,DEMTRAMCYELC,2045,0.0368
RE1,DEMTRAMCYELC,2046,0.0371
RE1,DEMTRAMCYELC,2047,0.0373
RE1,DEMTRAMCYELC,2048,0.0376
RE1,DEMTRAMCYELC,2049,0.0379
RE1,DEMTRAMCYELC,2050,0.0382
RE1,DEMTRAMCYELC,2051,0.0385
RE1,DEMTRAMCYELC,2052,0.0388
RE1,DEMTRAMCYELC,2053,0.0391
RE1,DEMTRAMCYELC,2054,0.0394
RE1,DEMTRAMCYELC,2055,0.0397
RE1,DEMTRAMCYELC,2056,0.04
RE1,DEMTRAMCYELC,2057,0.0403
RE1,DEMTRAMCYELC,2058,0.0406
RE1,DEMTRAMCYELC,2059,0.0409
RE1,DEMTRAMCYELC,2060,0.0412
RE1,DEMTRAMCYELC,2061,0.0415
RE1,DEMTRAMCYELC,2062,0.0418
RE1,DEMTRAMCYELC,2063,0.0422
RE1,DEMTRAMCYELC,2064,0.0425
RE1,DEMTRAMCYELC,2065,0.0428
RE1,DEMTRAMCYELC,2066,0.0431
RE1,DEMTRAMCYELC,2067,0.0435
RE1,DEMTRAMCYELC,2068,0.0438
RE1,DEMTRAMCYELC,2069,0.0441
RE1,DEMTRAMCYELC,2070,0.0445
RE1,DEMTRACARELC,2049,0.0006
RE1,DEMTRACARELC,2050,0.0821
RE1,DEMTRACARELC,2051,0.0827
RE1,DEMTRACARELC,2052,0.0834
RE1,DEMTRACARELC,2053,0.084
RE1,DEMTRACARELC,2054,0.0846
RE1,DEMTRACARELC,2055,0.0853
RE1,DEMTRACARELC,2056,0.0859
RE1,DEMTRACARELC,2057,0.0866
RE1,DEMTRACARELC,2058,0.0872
RE1,DEMTRACARELC,2059,0.0879
RE1,DEMTRACARELC,2060,0.0886
RE1,DEMTRACARELC,2061,0.0893
RE1,DEMTRACARELC,2062,0.0899
RE1,DEMTRACARELC,2063,0.0906
RE1,DEMTRACARELC,2064,0.0913
RE1,DEMTRACARELC,2065,0.092
RE1,DEMTRACARELC,2066,0.0927
RE1,DEMTRACARELC,2067,0.0934
RE1,DEMTRACARELC,2068,0.0941
RE1,DEMTRACARELC,2069,0.0949
RE1,DEMTRACARELC,2070,0.0956
RE1,DEMTRABUSELC,2050,0.0707
RE1,DEMTRABUSELC,2051,0.0712
RE1,DEMTRABUSELC,2052,0.0717
RE1,DEMTRABUSELC,2053,0.0723
RE1,DEMTRABUSELC,2054,0.0728
RE1,DEMTRABUSELC,2055,0.0734
RE1,DEMTRABUSELC,2056,0.0739
RE1,DEMTRABUSELC,2057,0.0745
RE1,DEMTRABUSELC,2058,0.0751
RE1,DEMTRABUSELC,2059,0.0756
RE1,DEMTRABUSELC,2060,0.0762
RE1,DEMTRABUSELC,2061,0.0768
RE1,DEMTRABUSELC,2062,0.0774
RE1,DEMTRABUSELC,2063,0.078
RE1,DEMTRABUSELC,2064,0.0786
RE1,DEMTRABUSELC,2065,0.0792
RE1,DEMTRABUSELC,2066,0.0798
RE1,DEMTRABUSELC,2067,0.0804
RE1,DEMTRABUSELC,2068,0.081
RE1,DEMTRABUSELC,2069,0.0816
RE1,DEMTRABUSELC,2070,0.0822
RE1,DEMTRAMCYGSL,2015,0.023
RE1,DEMTRAMCYGSL,2016,0.0238
RE1,DEMTRAMCYGSL,2017,0.0244
RE1,DEMTRAMCYGSL,2018,0.025
RE1,DEMTRAMCYGSL,2019,0.0256
RE1,DEMTRAMCYGSL,2020,0.0261
RE1,DEMTRAMCYGSL,2021,0.0266
RE1,DEMTRAMCYGSL,2022,0.027
RE1,DEMTRAMCYGSL,2023,0.0275
RE1,DEMTRACARGSL,2015,0.0494
RE1,DEMTRACARGSL,2016,0.0513
RE1,DEMTRACARGSL,2017,0.0524
RE1,DEMTRACARGSL,2018,0.0537
RE1,DEMTRACARGSL,2019,0.0549
RE1,DEMTRACARGSL,2020,0.0562
RE1,DEMTRACARGSL,2021,0.0571
RE1,DEMTRACARGSL,2022,0.0581
RE1,DEMTRACARGSL,2023,0.0591
RE1,DEMTRACARGSL,2024,0.0601
RE1,DEMTRACARGSL,2025,0.0611
RE1,DEMTRACARGSL,2026,0.0622
RE1,DEMTRACARGSL,2027,0.0633
RE1,DEMTRACARGSL,2028,0.0643
RE1,DEMTRACARGSL,2029,0.0654
RE1,DEMTRACARGSL,2030,0.0665
RE1,DEMTRACARGSL,2031,0.0674
RE1,DEMTRACARGSL,2032,0.0683
RE1,DEMTRACARGSL,2033,0.0692
RE1,DEMTRACARGSL,2034,0.0701
RE1,DEMTRACARGSL,2035,0.071
RE1,DEMTRACARGSL,2036,0.0719
RE1,DEMTRACARGSL,2037,0.0727
RE1,DEMTRACARGSL,2038,0.0735
RE1,DEMTRACARGSL,2039,0.0743
RE1,DEMTRACARGSL,2040,0.0751
RE1,DEMTRACARGSL,2041,0.0759
RE1,DEMTRACARGSL,2042,0.0767
RE1,DEMTRACARGSL,2043,0.0775
RE1,DEMTRACARGSL,2044,0.0783
RE1,DEMTRACARGSL,2045,0.0791
RE1,DEMTRACARGSL,2046,0.0797
RE1,DEMTRACARGSL,2047,0.0803
RE1,DEMTRACARGSL,2048,0.0809
RE1,DEMTRACARGSL,2049,0.0809
RE1,DEMTRABUSGSL,2015,0.0425
RE1,DEMTRABUSGSL,2016,0.0441
RE1,DEMTRABUSGSL,2017,0.0451
RE1,DEMTRABUSGSL,2018,0.0462
RE1,DEMTRABUSGSL,2019,0.0473
RE1,DEMTRABUSGSL,2020,0.0483
RE1,DEMTRABUSGSL,2021,0.0492
RE1,DEMTRABUSGSL,2022,0.05
RE1,DEMTRABUSGSL,2023,0.0509
RE1,DEMTRABUSGSL,2024,0.0517
RE1,DEMTRABUSGSL,2025,0.0525
RE1,DEMTRABUSGSL,2026,0.0535
RE1,DEMTRABUSGSL,2027,0.0544
RE1,DEMTRABUSGSL,2028,0.0554
RE1,DEMTRABUSGSL,2029,0.0563
RE1,DEMTRABUSGSL,2030,0.0572
RE1,DEMTRABUSGSL,2031,0.058
RE1,DEMTRABUSGSL,2032,0.0588
RE1,DEMTRABUSGSL,2033,0.0596
RE1,DEMTRABUSGSL,2034,0.0603
RE1,DEMTRABUSGSL,2035,0.0611
RE1,DEMTRABUSGSL,2036,0.0618
RE1,DEMTRABUSGSL,2037,0.0625
RE1,DEMTRABUSGSL,2038,0.0632
RE1,DEMTRABUSGSL,2039,0.064
RE1,DEMTRABUSGSL,2040,0.0647
RE1,DEMTRABUSGSL,2041,0.0653
RE1,DEMTRABUSGSL,2042,0.066
RE1,DEMTRABUSGSL,2043,0.0667
RE1,DEMTRABUSGSL,2044,0.0674
RE1,DEMTRABUSGSL,2045,0.068
RE1,DEMTRABUSGSL,2046,0.0685
RE1,DEMTRABUSGSL,2047,0.0691
RE1,DEMTRABUSGSL,2048,0.0696
RE1,DEMTRABUSGSL,2049,0.0701
RE1,DEMINDELC,2015,0.0328
RE1,DEMINDELC,2016,0.0347
RE1,DEMINDELC,2017,0.0363
RE1,DEMINDELC,2018,0.038
RE1,DEMINDELC,2019,0.0396
RE1,DEMINDELC,2020,0.0412
RE1,DEMINDELC,2021,0.0425
RE1,DEMINDELC,2022,0.0437
RE1,DEMINDELC,2023,0.0449
RE1,DEMINDELC,2024,0.0009
RE1,DEMINDELC,2025,0.0012
RE1,DEMINDELC,2026,0.001
RE1,DEMINDELC,2027,0.001
RE1,DEMINDELC,2028,0.001
RE1,DEMINDELC,2029,0.0013
RE1,DEMINDELC,2030,0.0013
RE1,DEMINDELC,2031,0.0014
RE1,DEMINDELC,2032,0.0014
RE1,DEMINDELC,2033,0.0014
RE1,DEMINDELC,2034,0.0015
RE1,DEMINDELC,2035,0.0015
RE1,DEMINDELC,2036,0.0015
RE1,DEMINDELC,2037,0.0016
RE1,DEMINDELC,2038,0.0016
RE1,DEMINDELC,2039,0.0016
RE1,DEMINDELC,2040,0.0017
RE1,DEMINDELC,2041,0.0017
RE1,DEMINDELC,2042,0.0017
RE1,DEMINDELC,2043,0.0017
RE1,DEMINDELC,2044,0.0018
RE1,DEMINDELC,2045,0.0018
RE1,DEMINDELC,2046,0.0018
RE1,DEMINDELC,2047,0.0019
RE1,DEMINDELC,2048,0.0019
RE1,DEMINDELC,2049,0.0019
RE1,DEMINDELC,2050,0.0019
RE1,DEMINDELC,2051,0.0019
RE1,DEMINDELC,2052,0.002
RE1,DEMINDELC,2053,0.002
RE1,DEMINDELC,2054,0.002
RE1,DEMINDELC,2055,0.002
RE1,DEMINDELC,2056,0.002
RE1,DEMINDELC,2057,0.0021
RE1,DEMINDELC,2058,0.0021
RE1,DEMINDELC,2059,0.0047
RE1,DEMINDELC,2060,0.0017
RE1,DEMINDELC,2061,0.0022
RE1,DEMINDELC,2062,0.0022
RE1,DEMINDELC,2063,0.0022
RE1,DEMINDELC,2064,0.0022
RE1,DEMINDELC,2065,0.0023
RE1,DEMINDELC,2066,0.0023
RE1,DEMINDELC,2067,0.0023
RE1,DEMINDELC,2068,0.0023
RE1,DEMINDELC,2069,0.0024
RE1,DEMINDELC,2070,0.0107
RE1,INDENEFFDP,2024,0.0348
RE1,INDENEFFDP,2025,0.0356
RE1,INDENEFFDP,2026,0.0368
RE1,INDENEFFDP,2027,0.0378
RE1,INDENEFFDP,2028,0.0388
RE1,INDENEFFDP,2029,0.0397
RE1,INDENEFFDP,2030,0.0407
RE1,INDENEFFDP,2031,0.0418
RE1,INDENEFFDP,2032,0.043
RE1,INDENEFFDP,2033,0.0441
RE1,INDENEFFDP,2034,0.0453
RE1,INDENEFFDP,2035,0.0464
RE1,INDENEFFDP,2036,0.0474
RE1,INDENEFFDP,2037,0.0483
RE1,INDENEFFDP,2038,0.0492
RE1,INDENEFFDP,2039,0.0502
RE1,INDENEFFDP,2040,0.0511
RE1,INDENEFFDP,2041,0.052
RE1,INDENEFFDP,2042,0.0529
RE1,INDENEFFDP,2043,0.0538
RE1,INDENEFFDP,2044,0.0548
RE1,INDENEFFDP,2045,0.0557
RE1,INDENEFFDP,2046,0.0563
RE1,INDENEFFDP,2047,0.0569
RE1,INDENEFFDP,2048,0.0576
RE1,INDENEFFDP,2049,0.0582
RE1,INDENEFFDP,2050,0.0588
RE1,INDENEFFDP,2051,0.0595
RE1,INDENEFFDP,2052,0.0602
RE1,INDENEFFDP,2053,0.0608
RE1,INDENEFFDP,2054,0.0615
RE1,INDENEFFDP,2055,0.0622
RE1,INDENEFFDP,2056,0.0629
RE1,INDENEFFDP,2057,0.0636
RE1,INDENEFFDP,2058,0.0643
RE1,INDENEFFDP,2059,0.063
RE1,INDENEFFDP,2060,0.0661
RE1,INDENEFFDP,2061,0.0665
RE1,INDENEFFDP,2062,0.0672
RE1,INDENEFFDP,2063,0.068
RE1,INDENEFFDP,2064,0.0687
RE1,INDENEFFDP,2065,0.0695
RE1,INDENEFFDP,2066,0.0703
RE1,INDENEFFDP,2067,0.071
RE1,INDENEFFDP,2068,0.0718
RE1,INDENEFFDP,2069,0.0726
RE1,INDENEFFDP,2070,0.067
RE1,DEMINDHEEH,2029,0.001
RE1,DEMINDHEEH,2030,0.066
RE1,DEMINDHEEH,2031,0.067
RE1,DEMINDHEEH,2032,0.0679
RE1,DEMINDHEEH,2033,0.0688
RE1,DEMINDHEEH,2034,0.0697
RE1,DEMINDHEEH,2035,0.0706
RE1,DEMINDHEEH,2036,0.0714
RE1,DEMINDHEEH,2037,0.0728
RE1,DEMINDHEEH,2038,0.0746
RE1,DEMINDHEEH,2039,0.0763
RE1,DEMINDHEEH,2040,0.0811
RE1,DEMINDHEEH,2041,0.0819
RE1,DEMINDHEEH,2042,0.0827
RE1,DEMINDHEEH,2043,0.0836
RE1,DEMINDHEEH,2044,0.0844
RE1,DEMINDHEEH,2045,0.0852
RE1,DEMINDHEEH,2046,0.0859
RE1,DEMINDHEEH,2047,0.0865
RE1,DEMINDHEEH,2048,0.0872
RE1,DEMINDHEEH,2049,0.0878
RE1,DEMINDHEEH,2050,0.0884
RE1,DEMINDHEEH,2051,0.0891
RE1,DEMINDHEEH,2052,0.0897
RE1,DEMINDHEEH,2053,0.0904
RE1,DEMINDHEEH,2054,0.0911
RE1,DEMINDHEEH,2055,0.0917
RE1,DEMINDHEEH,2056,0.0924
RE1,DEMINDHEEH,2057,0.0931
RE1,DEMINDHEEH,2058,0.0938
RE1,DEMINDHEEH,2059,0.0945
RE1,DEMINDHEEH,2060,0.0952
RE1,DEMINDHEEH,2061,0.0959
RE1,DEMINDHEEH,2062,0.0966
RE1,DEMINDHEEH,2063,0.0973
RE1,DEMINDHEEH,2064,0.098
RE1,DEMINDHEEH,2065,0.0987
RE1,DEMINDHEEH,2066,0.0995
RE1,DEMINDHEEH,2067,0.1002
RE1,DEMINDHEEH,2068,0.101
RE1,DEMINDHEEH,2069,0.1017
RE1,DEMINDHEEH,2070,0.1025
RE1,DEMINDHEEL,2035,0.0006
RE1,DEMINDHEEL,2036,0.0011
RE1,DEMINDHEEL,2037,0.0021
RE1,DEMINDHEEL,2038,0.0032
RE1,DEMINDHEEL,2039,0.0044
RE1,DEMINDHEEL,2040,0.0085
RE1,DEMINDHEEL,2041,0.0075
RE1,DEMINDHEEL,2042,0.008
RE1,DEMINDHEEL,2043,0.0092
RE1,DEMINDHEEL,2044,0.0105
RE1,DEMINDHEEL,2045,0.0544
RE1,DEMINDHEEL,2046,0.0554
RE1,DEMINDHEEL,2047,0.0565
RE1,DEMINDHEEL,2048,0.0575
RE1,DEMINDHEEL,2049,0.0585
RE1,DEMINDHEEL,2050,0.059
RE1,DEMINDHEEL,2051,0.0594
RE1,DEMINDHEEL,2052,0.0598
RE1,DEMINDHEEL,2053,0.0603
RE1,DEMINDHEEL,2054,0.0607
RE1,DEMINDHEEL,2055,0.0612
RE1,DEMINDHEEL,2056,0.0616
RE1,DEMINDHEEL,2057,0.0621
RE1,DEMINDHEEL,2058,0.0625
RE1,DEMINDHEEL,2059,0.063
RE1,DEMINDHEEL,2060,0.0635
RE1,DEMINDHEEL,2061,0.0639
RE1,DEMINDHEEL,2062,0.0644
RE1,DEMINDHEEL,2063,0.0649
RE1,DEMINDHEEL,2064,0.0653
RE1,DEMINDHEEL,2065,0.0658
RE1,DEMINDHEEL,2066,0.0663
RE1,DEMINDHEEL,2067,0.0668
RE1,DEMINDHEEL,2068,0.0631
RE1,DEMINDHEEL,2069,0.0552
RE1,DEMINDHEEL,2070,0.0683
RE1,DEMINDHEBIO,2015,0.0427
RE1,DEMINDHEBIO,2016,0.0383
RE1,DEMINDHEBIO,2017,0.0389
RE1,DEMINDHEBIO,2018,0.04
RE1,DEMINDHEBIO,2019,0.0409
RE1,DEMINDHEBIO,2020,0.0418
RE1,DEMINDHEBIO,2021,0.0424
RE1,DEMINDHEBIO,2022,0.0431
RE1,DEMINDHEBIO,2023,0.0437
RE1,DEMINDHEBIO,2024,0.0443
RE1,DEMINDHEBIO,2025,0.0449
RE1,DEMINDHEBIO,2026,0.0456
RE1,DEMINDHEBIO,2027,0.0463
RE1,DEMINDHEBIO,2028,0.047
RE1,DEMINDHEBIO,2029,0.0477
RE1,DEMINDHEBIO,2030,0.0483
RE1,DEMINDHEBIO,2031,0.0489
RE1,DEMINDHEBIO,2032,0.0496
RE1,DEMINDHEBIO,2033,0.0502
RE1,DEMINDHEBIO,2034,0.0508
RE1,DEMINDHEBIO,2035,0.0508
RE1,DEMINDHEBIO,2036,0.0508
RE1,DEMINDHEBIO,2037,0.0504
RE1,DEMINDHEBIO,2038,0.0498
RE1,DEMINDHEBIO,2039,0.0491
RE1,DEMINDHEBIO,2040,0.0456
RE1,DEMINDHEBIO,2041,0.0471
RE1,DEMINDHEBIO,2042,0.0472
RE1,DEMINDHEBIO,2043,0.0465
RE1,DEMINDHEBIO,2044,0.0458
RE1,DEMINDHEBIO,2045,0.0024
RE1,DEMINDHEBIO,2046,0.0018
RE1,DEMINDHEBIO,2047,0.0012
RE1,DEMINDHEBIO,2048,0.0006
RE1,DEMINDHEBIO,2068,0.0042
RE1,DEMINDHEBIO,2069,0.0126
RE1,DEMRESELC,2015,0.0164
RE1,DEMRESELC,2016,0.0173
RE1,DEMRESELC,2017,0.0181
RE1,DEMRESELC,2018,0.0189
RE1,DEMRESELC,2019,0.0198
RE1,DEMRESELC,2020,0.0206
RE1,DEMRESELC,2021,0.0212
RE1,DEMRESELC,2022,0.0218
RE1,DEMRESELC,2023,0.0224
RE1,DEMRESELC,2024,0.0005
RE1,DEMRESELC,2025,0.0006
RE1,DEMRESELC,2026,0.0005
RE1,DEMRESELC,2027,0.0005
RE1,DEMRESELC,2028,0.0005
RE1,DEMRESELC,2029,0.0006
RE1,DEMRESELC,2030,0.0007
RE1,DEMRESELC,2031,0.0007
RE1,DEMRESELC,2032,0.0007
RE1,DEMRESELC,2033,0.0007
RE1,DEMRESELC,2034,0.0007
RE1,DEMRESELC,2035,0.0008
RE1,DEMRESELC,2036,0.0008
RE1,DEMRESELC,2037,0.0008
RE1,DEMRESELC,2038,0.0008
RE1,DEMRESELC,2039,0.0008
RE1,DEMRESELC,2040,0.0008
RE1,DEMRESELC,2041,0.0008
RE1,DEMRESELC,2042,0.0009
RE1,DEMRESELC,2043,0.0009
RE1,DEMRESELC,2044,0.0009
RE1,DEMRESELC,2045,0.0009
RE1,DEMRESELC,2046,0.0009
RE1,DEMRESELC,2047,0.0009
RE1,DEMRESELC,2048,0.0009
RE1,DEMRESELC,2049,0.0009
RE1,DEMRESELC,2050,0.001
RE1,DEMRESELC,2051,0.001
RE1,DEMRESELC,2052,0.001
RE1,DEMRESELC,2053,0.001
RE1,DEMRESELC,2054,0.001
RE1,DEMRESELC,2055,0.001
RE1,DEMRESELC,2056,0.001
RE1,DEMRESELC,2057,0.001
RE1,DEMRESELC,2058,0.001
RE1,DEMRESELC,2059,0.0024
RE1,DEMRESELC,2060,0.0009
RE1,DEMRESELC,2061,0.0011
RE1,DEMRESELC,2062,0.0011
RE1,DEMRESELC,2063,0.0011
RE1,DEMRESELC,2064,0.0011
RE1,DEMRESELC,2065,0.0011
RE1,DEMRESELC,2066,0.0011
RE1,DEMRESELC,2067,0.0012
RE1,DEMRESELC,2068,0.0012
RE1,DEMRESELC,2069,0.0012
RE1,DEMRESELC,2070,0.0053
RE1,RESENEFFDP,2024,0.0174
RE1,RESENEFFDP,2025,0.0178
RE1,RESENEFFDP,2026,0.0184
RE1,RESENEFFDP,2027,0.0189
RE1,RESENEFFDP,2028,0.0194
RE1,RESENEFFDP,2029,0.0198
RE1,RESENEFFDP,2030,0.0203
RE1,RESENEFFDP,2031,0.0209
RE1,RESENEFFDP,2032,0.0215
RE1,RESENEFFDP,2033,0.022
RE1,RESENEFFDP,2034,0.0226
RE1,RESENEFFDP,2035,0.0232
RE1,RESENEFFDP,2036,0.0237
RE1,RESENEFFDP,2037,0.0241
RE1,RESENEFFDP,2038,0.0246
RE1,RESENEFFDP,2039,0.025
RE1,RESENEFFDP,2040,0.0255
RE1,RESENEFFDP,2041,0.026
RE1,RESENEFFDP,2042,0.0264
RE1,RESENEFFDP,2043,0.0269
RE1,RESENEFFDP,2044,0.0273
RE1,RESENEFFDP,2045,0.0278
RE1,RESENEFFDP,2046,0.0281
RE1,RESENEFFDP,2047,0.0284
RE1,RESENEFFDP,2048,0.0287
RE1,RESENEFFDP,2049,0.0291
RE1,RESENEFFDP,2050,0.0294
RE1,RESENEFFDP,2051,0.0297
RE1,RESENEFFDP,2052,0.03
RE1,RESENEFFDP,2053,0.0304
RE1,RESENEFFDP,2054,0.0307
RE1,RESENEFFDP,2055,0.031
RE1,RESENEFFDP,2056,0.0314
RE1,RESENEFFDP,2057,0.0317
RE1,RESENEFFDP,2058,0.0321
RE1,RESENEFFDP,2059,0.0314
RE1,RESENEFFDP,2060,0.033
RE1,RESENEFFDP,2061,0.0332
RE1,RESENEFFDP,2062,0.0336
RE1,RESENEFFDP,2063,0.0339
RE1,RESENEFFDP,2064,0.0343
RE1,RESENEFFDP,2065,0.0347
RE1,RESENEFFDP,2066,0.0351
RE1,RESENEFFDP,2067,0.0355
RE1,RESENEFFDP,2068,0.0359
RE1,RESENEFFDP,2069,0.0363
RE1,RESENEFFDP,2070,0.0335
RE1,DEMRESCKNELC,2015,0.0007
RE1,DEMRESCKNELC,2016,0.0007
RE1,DEMRESCKNELC,2017,0.0007
RE1,DEMRESCKNELC,2018,0.0007
RE1,DEMRESCKNELC,2019,0.0007
RE1,DEMRESCKNELC,2020,0.0006
RE1,DEMRESCKNELC,2021,0.0006
RE1,DEMRESCKNELC,2022,0.0006
RE1,DEMRESCKNELC,2024,0.0222
RE1,DEMRESCKNELC,2025,0.0225
RE1,DEMRESCKNELC,2026,0.0229
RE1,DEMRESCKNELC,2027,0.0233
RE1,DEMRESCKNELC,2028,0.0237
RE1,DEMRESCKNELC,2029,0.0241
RE1,DEMRESCKNELC,2030,0.0245
RE1,DEMRESCKNELC,2031,0.0249
RE1,DEMRESCKNELC,2032,0.0252
RE1,DEMRESCKNELC,2033,0.0256
RE1,DEMRESCKNELC,2034,0.0259
RE1,DEMRESCKNELC,2035,0.0263
RE1,DEMRESCKNELC,2036,0.0266
RE1,DEMRESCKNELC,2037,0.0269
RE1,DEMRESCKNELC,2038,0.0272
RE1,DEMRESCKNELC,2039,0.0275
RE1,DEMRESCKNELC,2040,0.0279
RE1,DEMRESCKNELC,2041,0.0282
RE1,DEMRESCKNELC,2042,0.0285
RE1,DEMRESCKNELC,2043,0.0288
RE1,DEMRESCKNELC,2044,0.0291
RE1,DEMRESCKNELC,2045,0.0294
RE1,DEMRESCKNELC,2046,0.0296
RE1,DEMRESCKNELC,2047,0.0299
RE1,DEMRESCKNELC,2048,0.0301
RE1,DEMRESCKNELC,2049,0.0303
RE1,DEMRESCKNELC,2050,0.0306
RE1,DEMRESCKNELC,2051,0.0308
RE1,DEMRESCKNELC,2052,0.031
RE1,DEMRESCKNELC,2053,0.0313
RE1,DEMRESCKNELC,2054,0.0315
RE1,DEMRESCKNELC,2055,0.0318
RE1,DEMRESCKNELC,2056,0.032
RE1,DEMRESCKNELC,2057,0.0323
RE1,DEMRESCKNELC,2058,0.0325
RE1,DEMRESCKNELC,2059,0.0328
RE1,DEMRESCKNELC,2060,0.033
RE1,DEMRESCKNELC,2061,0.0333
RE1,DEMRESCKNELC,2062,0.0335
RE1,DEMRESCKNELC,2063,0.0338
RE1,DEMRESCKNELC,2064,0.0341
RE1,DEMRESCKNELC,2065,0.0343
RE1,DEMRESCKNELC,2066,0.0346
RE1,DEMRESCKNELC,2067,0.0349
RE1,DEMRESCKNELC,2068,0.0351
RE1,DEMRESCKNELC,2069,0.0354
RE1,DEMRESCKNELC,2070,0.0357
RE1,DEMRESCKNOIL,2015,0.0118
RE1,DEMRESCKNOIL,2016,0.0112
RE1,DEMRESCKNOIL,2017,0.0113
RE1,DEMRESCKNOIL,2018,0.0117
RE1,DEMRESCKNOIL,2019,0.0121
RE1,DEMRESCKNOIL,2020,0.0124
RE1,DEMRESCKNOIL,2021,0.0127
RE1,DEMRESCKNOIL,2022,0.013
RE1,DEMRESCKNOIL,2023,0.0138
RE1,DEMRESCKNBIO,2015,0.0073
RE1,DEMRESCKNBIO,2016,0.0069
RE1,DEMRESCKNBIO,2017,0.007
RE1,DEMRESCKNBIO,2018,0.0073
RE1,DEMRESCKNBIO,2019,0.0075
RE1,DEMRESCKNBIO,2020,0.0076
RE1,DEMRESCKNBIO,2021,0.0078
RE1,DEMRESCKNBIO,2022,0.0079
RE1,DEMRESCKNBIO,2023,0.008
RE1,DEMRESHEBIO,2015,0.0085
RE1,DEMRESHEBIO,2016,0.008
RE1,DEMRESHEBIO,2017,0.0082
RE1,DEMRESHEBIO,2018,0.0085
RE1,DEMRESHEBIO,2019,0.0087
RE1,DEMRESHEBIO,2020,0.0089
RE1,DEMRESHEBIO,2021,0.009
RE1,DEMRESHEBIO,2022,0.0092
RE1,DEMRESHEBIO,2023,0.0093
RE1,DEMRESHEBIO,2024,0.0095
RE1,DEMRESHEBIO,2025,0.0097
RE1,DEMRESHEBIO,2026,0.0098
RE1,DEMRESHEBIO,2027,0.01
RE1,DEMRESHEBIO,2028,0.0102
RE1,DEMRESHEBIO,2029,0.0103
RE1,DEMRESHEBIO,2030,0.0105
RE1,DEMRESHEBIO,2031,0.0107
RE1,DEMRESHEBIO,2032,0.0108
RE1,DEMRESHEBIO,2033,0.011
RE1,DEMRESHEBIO,2034,0.0111
RE1,DEMRESHEBIO,2035,0.0109
RE1,DEMRESHEBIO,2036,0.0108
RE1,DEMRESHEBIO,2037,0.0106
RE1,DEMRESHEBIO,2038,0.0104
RE1,DEMRESHEBIO,2039,0.0103
RE1,DEMRESHEBIO,2040,0.0093
RE1,DEMRESHEBIO,2041,0.0097
RE1,DEMRESHEBIO,2042,0.0098
RE1,DEMRESHEBIO,2043,0.0096
RE1,DEMRESHEBIO,2044,0.0094
RE1,DEMRESHEBIO,2045,0.0008
RE1,DEMRESHEBIO,2046,0.0007
RE1,DEMRESHEBIO,2047,0.0005
RE1,DEMRESHEBIO,2048,0.0004
RE1,DEMRESHEBIO,2068,0.0014
RE1,DEMRESHEBIO,2069,0.0015
RE1,DEMRESHEEL,2035,0.0004
RE1,DEMRESHEEL,2036,0.0007
RE1,DEMRESHEEL,2037,0.0009
RE1,DEMRESHEEL,2038,0.0012
RE1,DEMRESHEEL,2039,0.0015
RE1,DEMRESHEEL,2040,0.0026
RE1,DEMRESHEEL,2041,0.0024
RE1,DEMRESHEEL,2042,0.0024
RE1,DEMRESHEEL,2043,0.0027
RE1,DEMRESHEEL,2044,0.003
RE1,DEMRESHEEL,2045,0.0118
RE1,DEMRESHEEL,2046,0.012
RE1,DEMRESHEEL,2047,0.0123
RE1,DEMRESHEEL,2048,0.0125
RE1,DEMRESHEEL,2049,0.013
RE1,DEMRESHEEL,2050,0.0131
RE1,DEMRESHEEL,2051,0.0132
RE1,DEMRESHEEL,2052,0.0133
RE1,DEMRESHEEL,2053,0.0134
RE1,DEMRESHEEL,2054,0.0135
RE1,DEMRESHEEL,2055,0.0136
RE1,DEMRESHEEL,2056,0.0137
RE1,DEMRESHEEL,2057,0.0138
RE1,DEMRESHEEL,2058,0.0139
RE1,DEMRESHEEL,2059,0.014
RE1,DEMRESHEEL,2060,0.0142
RE1,DEMRESHEEL,2061,0.0143
RE1,DEMRESHEEL,2062,0.0144
RE1,DEMRESHEEL,2063,0.0145
RE1,DEMRESHEEL,2064,0.0146
RE1,DEMRESHEEL,2065,0.0147
RE1,DEMRESHEEL,2066,0.0148
RE1,DEMRESHEEL,2067,0.0149
RE1,DEMRESHEEL,2068,0.0137
RE1,DEMRESHEEL,2069,0.0137
RE1,DEMRESHEEL,2070,0.0153
RE1,DEMCOMELC,2015,0.0169
RE1,DEMCOMELC,2016,0.0179
RE1,DEMCOMELC,2017,0.0187
RE1,DEMCOMELC,2018,0.0196
RE1,DEMCOMELC,2019,0.0204
RE1,DEMCOMELC,2020,0.0213
RE1,DEMCOMELC,2021,0.0219
RE1,DEMCOMELC,2022,0.0225
RE1,DEMCOMELC,2023,0.0232
RE1,DEMCOMELC,2024,0.0005
RE1,DEMCOMELC,2025,0.0006
RE1,DEMCOMELC,2026,0.0005
RE1,DEMCOMELC,2027,0.0005
RE1,DEMCOMELC,2028,0.0005
RE1,DEMCOMELC,2029,0.0007
RE1,DEMCOMELC,2030,0.0007
RE1,DEMCOMELC,2031,0.0007
RE1,DEMCOMELC,2032,0.0007
RE1,DEMCOMELC,2033,0.0007
RE1,DEMCOMELC,2034,0.0008
RE1,DEMCOMELC,2035,0.0008
RE1,DEMCOMELC,2036,0.0008
RE1,DEMCOMELC,2037,0.0008
RE1,DEMCOMELC,2038,0.0008
RE1,DEMCOMELC,2039,0.0008
RE1,DEMCOMELC,2040,0.0009
RE1,DEMCOMELC,2041,0.0009
RE1,DEMCOMELC,2042,0.0009
RE1,DEMCOMELC,2043,0.0009
RE1,DEMCOMELC,2044,0.0009
RE1,DEMCOMELC,2045,0.0009
RE1,DEMCOMELC,2046,0.0009
RE1,DEMCOMELC,2047,0.001
RE1,DEMCOMELC,2048,0.001
RE1,DEMCOMELC,2049,0.001
RE1,DEMCOMELC,2050,0.001
RE1,DEMCOMELC,2051,0.001
RE1,DEMCOMELC,2052,0.001
RE1,DEMCOMELC,2053,0.001
RE1,DEMCOMELC,2054,0.001
RE1,DEMCOMELC,2055,0.001
RE1,DEMCOMELC,2056,0.0011
RE1,DEMCOMELC,2057,0.0011
RE1,DEMCOMELC,2058,0.0011
RE1,DEMCOMELC,2059,0.0024
RE1,DEMCOMELC,2060,0.0009
RE1,DEMCOMELC,2061,0.0011
RE1,DEMCOMELC,2062,0.0011
RE1,DEMCOMELC,2063,0.0011
RE1,DEMCOMELC,2064,0.0012
RE1,DEMCOMELC,2065,0.0012
RE1,DEMCOMELC,2066,0.0012
RE1,DEMCOMELC,2067,0.0012
RE1,DEMCOMELC,2068,0.0012
RE1,DEMCOMELC,2069,0.0012
RE1,DEMCOMELC,2070,0.0055
RE1,COMENEFFDP,2024,0.018
RE1,COMENEFFDP,2025,0.0184
RE1,COMENEFFDP,2026,0.019
RE1,COMENEFFDP,2027,0.0195
RE1,COMENEFFDP,2028,0.02
RE1,COMENEFFDP,2029,0.0205
RE1,COMENEFFDP,2030,0.021
RE1,COMENEFFDP,2031,0.0216
RE1,COMENEFFDP,2032,0.0222
RE1,COMENEFFDP,2033,0.0228
RE1,COMENEFFDP,2034,0.0234
RE1,COMENEFFDP,2035,0.024
RE1,COMENEFFDP,2036,0.0244
RE1,COMENEFFDP,2037,0.0249
RE1,COMENEFFDP,2038,0.0254
RE1,COMENEFFDP,2039,0.0259
RE1,COMENEFFDP,2040,0.0264
RE1,COMENEFFDP,2041,0.0268
RE1,COMENEFFDP,2042,0.0273
RE1,COMENEFFDP,2043,0.0278
RE1,COMENEFFDP,2044,0.0282
RE1,COMENEFFDP,2045,0.0287
RE1,COMENEFFDP,2046,0.029
RE1,COMENEFFDP,2047,0.0294
RE1,COMENEFFDP,2048,0.0297
RE1,COMENEFFDP,2049,0.03
RE1,COMENEFFDP,2050,0.0304
RE1,COMENEFFDP,2051,0.0307
RE1,COMENEFFDP,2052,0.031
RE1,COMENEFFDP,2053,0.0314
RE1,COMENEFFDP,2054,0.0317
RE1,COMENEFFDP,2055,0.0321
RE1,COMENEFFDP,2056,0.0324
RE1,COMENEFFDP,2057,0.0328
RE1,COMENEFFDP,2058,0.0332
RE1,COMENEFFDP,2059,0.0325
RE1,COMENEFFDP,2060,0.0341
RE1,COMENEFFDP,2061,0.0343
RE1,COMENEFFDP,2062,0.0347
RE1,COMENEFFDP,2063,0.0351
RE1,COMENEFFDP,2064,0.0355
RE1,COMENEFFDP,2065,0.0359
RE1,COMENEFFDP,2066,0.0363
RE1,COMENEFFDP,2067,0.0367
RE1,COMENEFFDP,2068,0.0371
RE1,COMENEFFDP,2069,0.0375
RE1,COMENEFFDP,2070,0.0346
RE1,DEMCOMHEBIO,2015,0.0037
RE1,DEMCOMHEBIO,2016,0.0039
RE1,DEMCOMHEBIO,2017,0.004
RE1,DEMCOMHEBIO,2018,0.0041
RE1,DEMCOMHEBIO,2019,0.0042
RE1,DEMCOMHEBIO,2020,0.0043
RE1,DEMCOMHEBIO,2021,0.0044
RE1,DEMCOMHEBIO,2022,0.0044
RE1,DEMCOMHEBIO,2023,0.0045
RE1,DEMCOMHEBIO,2024,0.0046
RE1,DEMCOMHEBIO,2025,0.0047
RE1,DEMCOMHEBIO,2026,0.0048
RE1,DEMCOMHEBIO,2027,0.0048
RE1,DEMCOMHEBIO,2028,0.0049
RE1,DEMCOMHEBIO,2029,0.005
RE1,DEMCOMHEBIO,2030,0.0051
RE1,DEMCOMHEBIO,2031,0.0052
RE1,DEMCOMHEBIO,2032,0.0053
RE1,DEMCOMHEBIO,2033,0.0053
RE1,DEMCOMHEBIO,2034,0.0054
RE1,DEMCOMHEBIO,2035,0.0053
RE1,DEMCOMHEBIO,2036,0.0052
RE1,DEMCOMHEBIO,2037,0.0051
RE1,DEMCOMHEBIO,2038,0.0051
RE1,DEMCOMHEBIO,2039,0.005
RE1,DEMCOMHEBIO,2040,0.0045
RE1,DEMCOMHEBIO,2041,0.0047
RE1,DEMCOMHEBIO,2042,0.0047
RE1,DEMCOMHEBIO,2043,0.0047
RE1,DEMCOMHEBIO,2044,0.0046
RE1,DEMCOMHEBIO,2045,0.0008
RE1,DEMCOMHEBIO,2046,0.0005
RE1,DEMCOMHEBIO,2047,0.0003
RE1,DEMCOMHEBIO,2048,0.0002
RE1,DEMCOMHEBIO,2068,0.0001
RE1,DEMCOMHEBIO,2069,0.0001
RE1,DEMCOMHEEL,2035,0.0002
RE1,DEMCOMHEEL,2036,0.0003
RE1,DEMCOMHEEL,2037,0.0005
RE1,DEMCOMHEEL,2038,0.0006
RE1,DEMCOMHEEL,2039,0.0007
RE1,DEMCOMHEEL,2040,0.0013
RE1,DEMCOMHEEL,2041,0.0011
RE1,DEMCOMHEEL,2042,0.0012
RE1,DEMCOMHEEL,2043,0.0013
RE1,DEMCOMHEEL,2044,0.0015
RE1,DEMCOMHEEL,2045,0.0053
RE1,DEMCOMHEEL,2046,0.0057
RE1,DEMCOMHEEL,2047,0.0059
RE1,DEMCOMHEEL,2048,0.0061
RE1,DEMCOMHEEL,2049,0.0063
RE1,DEMCOMHEEL,2050,0.0064
RE1,DEMCOMHEEL,2051,0.0064
RE1,DEMCOMHEEL,2052,0.0065
RE1,DEMCOMHEEL,2053,0.0065
RE1,DEMCOMHEEL,2054,0.0066
RE1,DEMCOMHEEL,2055,0.0066
RE1,DEMCOMHEEL,2056,0.0067
RE1,DEMCOMHEEL,2057,0.0067
RE1,DEMCOMHEEL,2058,0.0068
RE1,DEMCOMHEEL,2059,0.0068
RE1,DEMCOMHEEL,2060,0.0069
RE1,DEMCOMHEEL,2061,0.0069
RE1,DEMCOMHEEL,2062,0.007
RE1,DEMCOMHEEL,2063,0.007
RE1,DEMCOMHEEL,2064,0.0071
RE1,DEMCOMHEEL,2065,0.0071
RE1,DEMCOMHEEL,2066,0.0072
RE1,DEMCOMHEEL,2067,0.0073
RE1,DEMCOMHEEL,2068,0.0072
RE1,DEMCOMHEEL,2069,0.0073
RE1,DEMCOMHEEL,2070,0.0074
RE1,DEMINDHECOA,2015,0.064
RE1,DEMINDHECOA,2016,0.0574
RE1,DEMINDHECOA,2017,0.0584
RE1,DEMINDHECOA,2018,0.06
RE1,DEMINDHECOA,2019,0.0614
RE1,DEMINDHECOA,2020,0.0627
RE1,DEMINDHECOA,2021,0.0637
RE1,DEMINDHECOA,2022,0.0646
RE1,DEMINDHECOA,2023,0.0655
RE1,DEMINDHECOA,2024,0.0665
RE1,DEMINDHECOA,2025,0.0674
RE1,DEMINDHECOA,2026,0.0684
RE1,DEMINDHECOA,2027,0.0694
RE1,DEMINDHECOA,2028,0.0705
RE1,DEMINDHECOA,2029,0.0705
RE1,DEMINDHECOA,2030,0.0065
RE1,DEMINDHECOA,2031,0.0065
RE1,DEMINDHECOA,2032,0.0065
RE1,DEMINDHECOA,2033,0.0065
RE1,DEMINDHECOA,2034,0.0065
RE1,DEMINDHECOA,2035,0.0065
RE1,DEMINDHECOA,2036,0.0065
RE1,DEMINDHECOA,2037,0.0059
RE1,DEMINDHECOA,2038,0.0049
RE1,DEMINDHECOA,2039,0.004
