r,t,y,AnnualFixedOperatingCost
RE1,PWRBIO001,2015,250.5689
RE1,PWRBIO001,2016,286.4126
RE1,PWRBIO001,2017,322.1721
RE1,PWRBIO001,2018,339.9256
RE1,PWRBIO001,2019,339.9256
RE1,PWRBIO001,2020,358.0157
RE1,PWRBIO001,2021,375.9375
RE1,PWRBIO001,2022,375.9375
RE1,PWRBIO001,2023,375.9375
RE1,PWRBIO001,2024,375.9375
RE1,PWRBIO001,2025,375.9375
RE1,PWRBIO001,2026,375.9375
RE1,PWRBIO001,2027,375.9375
RE1,PWRBIO001,2028,375.9375
RE1,PWRBIO001,2029,375.9375
RE1,PWRBIO001,2030,375.9375
RE1,PWRBIO001,2031,125.3686
RE1,PWRBIO001,2032,125.3686
RE1,PWRBIO001,2033,125.3686
RE1,PWRBIO001,2034,125.3686
RE1,PWRBIO001,2035,125.3686
RE1,PWRBIO001,2036,125.3686
RE1,PWRBIO001,2037,125.3686
RE1,PWRBIO001,2038,125.3686
RE1,PWRBIO001,2039,125.3686
RE1,PWRBIO001,2040,125.3686
RE1,PWRBIO001,2041,125.3686
RE1,PWRBIO001,2042,125.3686
RE1,PWRBIO001,2043,125.3686
RE1,PWRBIO001,2044,125.3686
RE1,PWRBIO001,2045,125.3686
RE1,PWRBIO001,2046,89.525
RE1,PWRBIO001,2047,53.7655
RE1,PWRBIO001,2048,36.0119
RE1,PWRBIO001,2049,36.0119
RE1,PWRBIO001,2050,17.9218
RE1,PWRCOA001,2015,333.4732
RE1,PWRCOA001,2016,333.4732
RE1,PWRCOA001,2017,333.4732
RE1,PWRCOA001,2018,668.6442
RE1,PWRCOA001,2019,668.6442
RE1,PWRCOA001,2020,668.6442
RE1,PWRCOA001,2021,668.6442
RE1,PWRCOA001,2022,668.6442
RE1,PWRCOA001,2023,668.6442
RE1,PWRCOA001,2024,668.6442
RE1,PWRCOA001,2025,516.4602
RE1,PWRCOA001,2026,516.4602
RE1,PWRCOA001,2027,516.4602
RE1,PWRCOA001,2028,516.4602
RE1,PWRCOA001,2029,495.6617
RE1,PWRCOA001,2030,495.6617
RE1,PWRCOA001,2031,462.308
RE1,PWRCOA001,2032,462.308
RE1,PWRCOA001,2033,462.308
RE1,PWRCOA001,2034,462.308
RE1,PWRCOA001,2035,462.308
RE1,PWRCOA001,2036,462.308
RE1,PWRCOA001,2037,377.0216
RE1,PWRCOA001,2038,377.0216
RE1,PWRCOA001,2039,377.0216
RE1,PWRCOA001,2040,377.0216
RE1,PWRCOA001,2041,377.0216
RE1,PWRCOA001,2042,335.171
RE1,PWRCOA001,2043,335.171
RE1,PWRCOA001,2044,335.171
RE1,PWRCOA001,2045,335.171
RE1,PWRCOA001,2046,335.171
RE1,PWRCOA001,2047,335.171
RE1,PWRCOA001,2048,335.171
RE1,PWRCOA001,2049,335.171
RE1,PWRCOA001,2050,335.171
RE1,PWRCOA001,2051,335.171
RE1,PWRCOA001,2052,335.171
RE1,PWRCOA001,2053,335.171
RE1,PWRCOA001,2054,335.171
RE1,PWRCOA001,2055,335.171
RE1,PWRCOA001,2056,335.171
RE1,PWRCOA001,2057,335.171
RE1,PWRCOA001,2058,335.171
RE1,PWRCOA001,2059,335.171
RE1,PWRCOA001,2060,335.171
RE1,PWRCOA001,2061,335.171
RE1,PWRCOA001,2062,335.171
RE1,PWRCOA001,2063,335.171
RE1,PWRCOA001,2064,335.171
RE1,PWRCOA001,2065,335.171
RE1,PWRCOA001,2066,335.171
RE1,PWRCOA001,2067,335.171
RE1,PWRCOA001,2068,335.171
RE1,PWRCOA001,2069,335.171
RE1,PWRCOA001,2070,335.171
RE1,PWRGEO,2024,0.8048
RE1,PWRGEO,2025,0.8048
RE1,PWRGEO,2026,0.8048
RE1,PWRGEO,2027,0.8048
RE1,PWRGEO,2028,0.8048
RE1,PWRGEO,2029,0.8048
RE1,PWRGEO,2030,0.8048
RE1,PWRGEO,2031,0.8048
RE1,PWRGEO,2032,0.8048
RE1,PWRGEO,2033,0.8048
RE1,PWRGEO,2034,0.8048
RE1,PWRGEO,2035,0.8048
RE1,PWRGEO,2036,0.8048
RE1,PWRGEO,2037,0.8048
RE1,PWRGEO,2038,0.8048
RE1,PWRGEO,2039,0.8048
RE1,PWRGEO,2040,0.8048
RE1,PWRGEO,2041,0.8048
RE1,PWRGEO,2042,0.8048
RE1,PWRGEO,2043,0.8048
RE1,PWRGEO,2044,0.8048
RE1,PWRGEO,2045,0.8048
RE1,PWRGEO,2046,0.8048
RE1,PWRGEO,2047,0.8048
RE1,PWRGEO,2048,0.8048
RE1,PWRGEO,2049,0.8048
RE1,PWRGEO,2050,0.8048
RE1,PWRGEO,2051,0.8048
RE1,PWRGEO,2052,0.8048
RE1,PWRGEO,2053,0.8048
RE1,PWRGEO,2054,0.8048
RE1,PWRGEO,2055,0.8048
RE1,PWRGEO,2056,0.8048
RE1,PWRGEO,2057,0.8048
RE1,PWRGEO,2058,0.8048
RE1,PWRGEO,2059,0.8048
RE1,PWRGEO,2060,0.8048
RE1,PWRGEO,2061,0.8048
RE1,PWRGEO,2062,0.8048
RE1,PWRGEO,2063,0.8048
RE1,PWRGEO,2064,0.8048
RE1,PWRGEO,2065,0.8048
RE1,PWRGEO,2066,0.8048
RE1,PWRGEO,2067,0.8048
RE1,PWRGEO,2068,0.8048
RE1,PWRGEO,2069,0.8048
RE1,PWRGEO,2070,0.8048
RE1,PWRNGS001,2015,1323.2276
RE1,PWRNGS001,2016,1323.2276
RE1,PWRNGS001,2017,1323.2276
RE1,PWRNGS001,2018,1323.2276
RE1,PWRNGS001,2019,1323.2276
RE1,PWRNGS001,2020,1323.2276
RE1,PWRNGS001,2021,1323.2276
RE1,PWRNGS001,2022,1323.2276
RE1,PWRNGS001,2023,1323.2276
RE1,PWRNGS001,2024,524.9603
RE1,PWRNGS001,2025,524.9603
RE1,PWRNGS001,2026,577.4927
RE1,PWRNGS001,2027,637.2334
RE1,PWRNGS001,2028,696.935
RE1,PWRNGS001,2029,780.1638
RE1,PWRNGS001,2030,839.8316
RE1,PWRNGS001,2031,1127.9286
RE1,PWRNGS001,2032,1196.1524
RE1,PWRNGS001,2033,1264.3317
RE1,PWRNGS001,2034,1332.4666
RE1,PWRNGS001,2035,1400.557
RE1,PWRNGS001,2036,1459.4582
RE1,PWRNGS001,2037,1603.477
RE1,PWRNGS001,2038,1658.0116
RE1,PWRNGS001,2039,1712.5107
RE1,PWRNGS001,2040,1766.9743
RE1,PWRNGS001,2041,1820.2518
RE1,PWRNGS001,2042,1917.3876
RE1,PWRNGS001,2043,1970.5957
RE1,PWRNGS001,2044,2023.7693
RE1,PWRNGS001,2045,2076.9082
RE1,PWRNGS001,2046,2140.001
RE1,PWRNGS001,2047,2215.0447
RE1,PWRNGS001,2048,2266.4282
RE1,PWRNGS001,2049,2325.4248
RE1,PWRNGS001,2050,4950.4955
RE1,PWRNGS001,2051,5022.3968
RE1,PWRNGS001,2052,5081.6641
RE1,PWRNGS001,2053,5141.5244
RE1,PWRNGS001,2054,5201.984
RE1,PWRNGS001,2055,5263.049
RE1,PWRNGS001,2056,5324.7255
RE1,PWRNGS001,2057,5387.02
RE1,PWRNGS001,2058,5449.9387
RE1,PWRNGS001,2059,5538.9997
RE1,PWRNGS001,2060,5574.7888
RE1,PWRNGS001,2061,5642.505
RE1,PWRNGS001,2062,5707.9856
RE1,PWRNGS001,2063,5774.1234
RE1,PWRNGS001,2064,5856.4218
RE1,PWRNGS001,2065,5923.8941
RE1,PWRNGS001,2066,5992.044
RE1,PWRNGS001,2067,6060.8785
RE1,PWRNGS001,2068,6130.4046
RE1,PWRNGS001,2069,6200.6296
RE1,PWRNGS001,2070,6111.8319
RE1,PWRSOL001,2015,33.513
RE1,PWRSOL001,2016,58.0702
RE1,PWRSOL001,2017,64.017
RE1,PWRSOL001,2018,70.2955
RE1,PWRSOL001,2019,70.7931
RE1,PWRSOL001,2020,70.7931
RE1,PWRSOL001,2021,72.6174
RE1,PWRSOL001,2022,72.6174
RE1,PWRSOL001,2023,72.6174
RE1,PWRSOL001,2024,1542.6777
RE1,PWRSOL001,2025,1542.6777
RE1,PWRSOL001,2026,1542.6777
RE1,PWRSOL001,2027,1542.6777
RE1,PWRSOL001,2028,1542.6777
RE1,PWRSOL001,2029,1542.6777
RE1,PWRSOL001,2030,1542.6777
RE1,PWRSOL001,2031,1542.6777
RE1,PWRSOL001,2032,1542.6777
RE1,PWRSOL001,2033,1542.6777
RE1,PWRSOL001,2034,1542.6777
RE1,PWRSOL001,2035,1509.1647
RE1,PWRSOL001,2036,1484.6075
RE1,PWRSOL001,2037,1478.6606
RE1,PWRSOL001,2038,1472.3821
RE1,PWRSOL001,2039,1471.8846
RE1,PWRSOL001,2040,1471.8846
RE1,PWRSOL001,2041,1470.0603
RE1,PWRSOL001,2042,1470.0603
RE1,PWRSOL001,2043,1470.0603
RE1,PWRSOL001,2044,1470.0603
RE1,PWRSOL001,2045,1470.0603
RE1,PWRSOL001,2046,1470.0603
RE1,PWRSOL001,2047,1470.0603
RE1,PWRSOL001,2048,1470.0603
RE1,PWRSOL001,2049,1470.0603
RE1,PWRSOL001,2050,1470.0603
RE1,PWRSOL001,2051,1470.0603
RE1,PWRSOL001,2052,1470.0603
RE1,PWRSOL001,2053,1470.0603
RE1,PWRCSP002,2015,0.7316
RE1,PWRCSP002,2016,0.7316
RE1,PWRCSP002,2017,0.7316
RE1,PWRCSP002,2018,0.7316
RE1,PWRCSP002,2019,0.7316
RE1,PWRCSP002,2020,0.7316
RE1,PWRCSP002,2021,0.7316
RE1,PWRCSP002,2022,0.7316
RE1,PWRCSP002,2023,0.7316
RE1,PWRCSP002,2024,0.7316
RE1,PWRCSP002,2025,0.7316
RE1,PWRCSP002,2026,0.7316
RE1,PWRCSP002,2027,0.7316
RE1,PWRCSP002,2028,0.7316
RE1,PWRCSP002,2029,0.7316
RE1,PWRCSP002,2030,0.7316
RE1,PWRCSP002,2031,0.7316
RE1,PWRCSP002,2032,0.7316
RE1,PWRCSP002,2033,0.7316
RE1,PWRCSP002,2034,0.7316
RE1,PWRCSP002,2035,0.7316
RE1,PWRCSP002,2036,0.7316
RE1,PWRCSP002,2037,0.7316
RE1,PWRCSP002,2038,0.7316
RE1,PWRCSP002,2039,0.7316
RE1,PWRCSP002,2040,0.7316
RE1,PWRCSP002,2041,0.7316
RE1,PWRCSP002,2042,0.7316
RE1,PWRCSP002,2043,0.7316
RE1,PWRHYD001,2015,168.0126
RE1,PWRHYD001,2016,168.0126
RE1,PWRHYD001,2017,168.0126
RE1,PWRHYD001,2018,168.0126
RE1,PWRHYD001,2019,168.0126
RE1,PWRHYD001,2020,168.0126
RE1,PWRHYD001,2021,168.0126
RE1,PWRHYD001,2022,168.0126
RE1,PWRHYD001,2023,168.0126
RE1,PWRHYD001,2024,201.5087
RE1,PWRHYD001,2025,201.5087
RE1,PWRHYD001,2026,201.5087
RE1,PWRHYD001,2027,201.5087
RE1,PWRHYD001,2028,201.5087
RE1,PWRHYD001,2029,201.5087
RE1,PWRHYD001,2030,201.5087
RE1,PWRHYD001,2031,201.5087
RE1,PWRHYD001,2032,201.5087
RE1,PWRHYD001,2033,201.5087
RE1,PWRHYD001,2034,201.5087
RE1,PWRHYD001,2035,201.5087
RE1,PWRHYD001,2036,201.5087
RE1,PWRHYD001,2037,201.5087
RE1,PWRHYD001,2038,201.5087
RE1,PWRHYD001,2039,201.5087
RE1,PWRHYD001,2040,201.5087
RE1,PWRHYD001,2041,201.5087
RE1,PWRHYD001,2042,201.5087
RE1,PWRHYD001,2043,201.5087
RE1,PWRHYD001,2044,201.5087
RE1,PWRHYD001,2045,201.5087
RE1,PWRHYD001,2046,201.5087
RE1,PWRHYD001,2047,201.5087
RE1,PWRHYD001,2048,201.5087
RE1,PWRHYD001,2049,201.5087
RE1,PWRHYD001,2050,201.5087
RE1,PWRHYD001,2051,201.5087
RE1,PWRHYD001,2052,201.5087
RE1,PWRHYD001,2053,201.5087
RE1,PWRHYD001,2054,201.5087
RE1,PWRHYD001,2055,201.5087
RE1,PWRHYD001,2056,201.5087
RE1,PWRHYD001,2057,201.5087
RE1,PWRHYD001,2058,201.5087
RE1,PWRHYD001,2059,201.5087
RE1,PWRHYD001,2060,201.5087
RE1,PWRHYD001,2061,201.5087
RE1,PWRHYD001,2062,201.5087
RE1,PWRHYD001,2063,201.5087
RE1,PWRHYD001,2064,201.5087
RE1,PWRHYD001,2065,201.5087
RE1,PWRHYD001,2066,201.5087
RE1,PWRHYD001,2067,201.5087
RE1,PWRHYD001,2068,201.5087
RE1,PWRHYD001,2069,201.5087
RE1,PWRHYD001,2070,201.5087
RE1,PWRHYD002,2015,7.0723
RE1,PWRHYD002,2016,7.0723
RE1,PWRHYD002,2017,7.0723
RE1,PWRHYD002,2018,7.0723
RE1,PWRHYD002,2019,7.0723
RE1,PWRHYD002,2020,7.0723
RE1,PWRHYD002,2021,7.0723
RE1,PWRHYD002,2022,7.0723
RE1,PWRHYD002,2023,7.0723
RE1,PWRHYD002,2024,8.4823
RE1,PWRHYD002,2025,8.4823
RE1,PWRHYD002,2026,8.4823
RE1,PWRHYD002,2027,8.4823
RE1,PWRHYD002,2028,8.4823
RE1,PWRHYD002,2029,8.4823
RE1,PWRHYD002,2030,8.4823
RE1,PWRHYD002,2031,8.4823
RE1,PWRHYD002,2032,8.4823
RE1,PWRHYD002,2033,8.4823
RE1,PWRHYD002,2034,8.4823
RE1,PWRHYD002,2035,8.4823
RE1,PWRHYD002,2036,8.4823
RE1,PWRHYD002,2037,8.4823
RE1,PWRHYD002,2038,8.4823
RE1,PWRHYD002,2039,8.4823
RE1,PWRHYD002,2040,8.4823
RE1,PWRHYD002,2041,8.4823
RE1,PWRHYD002,2042,8.4823
RE1,PWRHYD002,2043,8.4823
RE1,PWRHYD002,2044,8.4823
RE1,PWRHYD002,2045,8.4823
RE1,PWRHYD002,2046,8.4823
RE1,PWRHYD002,2047,8.4823
RE1,PWRHYD002,2048,8.4823
RE1,PWRHYD002,2049,8.4823
RE1,PWRHYD002,2050,8.4823
RE1,PWRHYD002,2051,8.4823
RE1,PWRHYD002,2052,8.4823
RE1,PWRHYD002,2053,8.4823
RE1,PWRHYD002,2054,8.4823
RE1,PWRHYD002,2055,8.4823
RE1,PWRHYD002,2056,8.4823
RE1,PWRHYD002,2057,8.4823
RE1,PWRHYD002,2058,8.4823
RE1,PWRHYD002,2059,8.4823
RE1,PWRHYD002,2060,8.4823
RE1,PWRHYD002,2061,8.4823
RE1,PWRHYD002,2062,8.4823
RE1,PWRHYD002,2063,8.4823
RE1,PWRHYD002,2064,8.4823
RE1,PWRHYD002,2065,8.4823
RE1,PWRHYD002,2066,8.4823
RE1,PWRHYD002,2067,8.4823
RE1,PWRHYD002,2068,8.4823
RE1,PWRHYD002,2069,8.4823
RE1,PWRHYD002,2070,8.4823
RE1,PWRHYD003,2024,40.8618
RE1,PWRHYD003,2025,40.8618
RE1,PWRHYD003,2026,40.8618
RE1,PWRHYD003,2027,40.8618
RE1,PWRHYD003,2028,40.8618
RE1,PWRHYD003,2029,40.8618
RE1,PWRHYD003,2030,40.8618
RE1,PWRHYD003,2031,40.8618
RE1,PWRHYD003,2032,40.8618
RE1,PWRHYD003,2033,40.8618
RE1,PWRHYD003,2034,40.8618
RE1,PWRHYD003,2035,40.8618
RE1,PWRHYD003,2036,40.8618
RE1,PWRHYD003,2037,40.8618
RE1,PWRHYD003,2038,40.8618
RE1,PWRHYD003,2039,40.8618
RE1,PWRHYD003,2040,40.8618
RE1,PWRHYD003,2041,40.8618
RE1,PWRHYD003,2042,40.8618
RE1,PWRHYD003,2043,40.8618
RE1,PWRHYD003,2044,40.8618
RE1,PWRHYD003,2045,40.8618
RE1,PWRHYD003,2046,40.8618
RE1,PWRHYD003,2047,40.8618
RE1,PWRHYD003,2048,40.8618
RE1,PWRHYD003,2049,40.8618
RE1,PWRHYD003,2050,40.8618
RE1,PWRHYD003,2051,40.8618
RE1,PWRHYD003,2052,40.8618
RE1,PWRHYD003,2053,40.8618
RE1,PWRHYD003,2054,40.8618
RE1,PWRHYD003,2055,40.8618
RE1,PWRHYD003,2056,40.8618
RE1,PWRHYD003,2057,40.8618
RE1,PWRHYD003,2058,40.8618
RE1,PWRHYD003,2059,40.8618
RE1,PWRHYD003,2060,40.8618
RE1,PWRHYD003,2061,40.8618
RE1,PWRHYD003,2062,40.8618
RE1,PWRHYD003,2063,40.8618
RE1,PWRWND001,2015,27.7021
RE1,PWRWND001,2016,60.0212
RE1,PWRWND001,2017,74.3458
RE1,PWRWND001,2018,130.5788
RE1,PWRWND001,2019,178.4063
RE1,PWRWND001,2020,178.4063
RE1,PWRWND001,2021,182.905
RE1,PWRWND001,2022,182.905
RE1,PWRWND001,2023,182.905
RE1,PWRWND001,2024,182.905
RE1,PWRWND001,2025,182.905
RE1,PWRWND001,2026,182.905
RE1,PWRWND001,2027,182.905
RE1,PWRWND001,2028,182.905
RE1,PWRWND001,2029,182.905
RE1,PWRWND001,2030,182.905
RE1,PWRWND001,2031,182.905
RE1,PWRWND001,2032,182.905
RE1,PWRWND001,2033,182.905
RE1,PWRWND001,2034,182.905
RE1,PWRWND001,2035,182.905
RE1,PWRWND001,2036,150.5858
RE1,PWRWND001,2037,150.5858
RE1,PWRWND001,2038,150.5858
RE1,PWRWND001,2039,150.5858
RE1,PWRWND001,2040,150.5858
RE1,PWRWND001,2041,150.5858
RE1,PWRWND001,2042,150.5858
RE1,PWRWND001,2043,150.5858
RE1,PWRWND001,2044,150.5858
RE1,PWRWND001,2045,150.5858
RE1,PWRWND001,2046,150.5858
RE1,PWRWND001,2047,60.0212
RE1,PWRWND001,2048,47.354
RE1,PWRWND001,2049,47.354
RE1,PWRWND001,2070,8971.5872
RE1,PWRSOL001S,2024,967.4423
RE1,PWRSOL001S,2025,1216.7237
RE1,PWRSOL001S,2026,1219.2498
RE1,PWRSOL001S,2027,1220.5572
RE1,PWRSOL001S,2028,1219.6744
RE1,PWRSOL001S,2029,1236.2648
RE1,PWRSOL001S,2030,2307.7279
RE1,PWRSOL001S,2031,2315.2126
RE1,PWRSOL001S,2032,2318.4013
RE1,PWRSOL001S,2033,2321.7205
RE1,PWRSOL001S,2034,2320.6618
RE1,PWRSOL001S,2035,2348.4305
RE1,PWRSOL001S,2036,2362.6824
RE1,PWRSOL001S,2037,2383.7013
RE1,PWRSOL001S,2038,2406.9228
RE1,PWRSOL001S,2039,2427.6421
RE1,PWRSOL001S,2040,2537.4359
RE1,PWRSOL001S,2041,2535.4389
RE1,PWRSOL001S,2042,2560.1502
RE1,PWRSOL001S,2043,2595.575
RE1,PWRSOL001S,2044,2633.1405
RE1,PWRSOL001S,2045,3362.9133
RE1,PWRSOL001S,2046,3383.5294
RE1,PWRSOL001S,2047,3400.6293
RE1,PWRSOL001S,2048,3418.963
RE1,PWRSOL001S,2049,3440.0062
RE1,PWRSOL001S,2050,5294.1438
RE1,PWRSOL001S,2051,5340.7936
RE1,PWRSOL001S,2052,5387.837
RE1,PWRSOL001S,2053,5439.74
RE1,PWRSOL001S,2054,5915.3004
RE1,PWRSOL001S,2055,5963.5456
RE1,PWRSOL001S,2056,6012.1983
RE1,PWRSOL001S,2057,6061.2623
RE1,PWRSOL001S,2058,6110.7409
RE1,PWRSOL001S,2059,6171.1967
RE1,PWRSOL001S,2060,6209.0851
RE1,PWRSOL001S,2061,6261.7019
RE1,PWRSOL001S,2062,6312.8762
RE1,PWRSOL001S,2063,6364.4838
RE1,PWRSOL001S,2064,6420.2317
RE1,PWRSOL001S,2065,6472.7172
RE1,PWRSOL001S,2066,6525.6473
RE1,PWRSOL001S,2067,6598.4226
RE1,PWRSOL001S,2068,6578.0511
RE1,PWRSOL001S,2069,6514.2069
RE1,PWRSOL001S,2070,6362.5493
RE1,PWRTRN,2015,175.1791
RE1,PWRTRN,2016,175.1791
RE1,PWRTRN,2017,175.1791
RE1,PWRTRN,2018,175.1791
RE1,PWRTRN,2019,175.1791
RE1,PWRTRN,2020,175.1791
RE1,PWRTRN,2021,175.1791
RE1,PWRTRN,2022,175.1791
RE1,PWRTRN,2023,175.1791
RE1,PWRTRN,2024,245.5654
RE1,PWRTRN,2025,280.4948
RE1,PWRTRN,2026,286.4151
RE1,PWRTRN,2027,292.5647
RE1,PWRTRN,2028,298.8205
RE1,PWRTRN,2029,308.2923
RE1,PWRTRN,2030,491.0766
RE1,PWRTRN,2031,499.6237
RE1,PWRTRN,2032,508.157
RE1,PWRTRN,2033,516.677
RE1,PWRTRN,2034,525.1841
RE1,PWRTRN,2035,536.3573
RE1,PWRTRN,2036,545.8679
RE1,PWRTRN,2037,558.2358
RE1,PWRTRN,2038,572.0382
RE1,PWRTRN,2039,585.8812
RE1,PWRTRN,2040,618.8524
RE1,PWRTRN,2041,622.418
RE1,PWRTRN,2042,631.0376
RE1,PWRTRN,2043,642.6048
RE1,PWRTRN,2044,654.1587
RE1,PWRTRN,2045,811.3316
RE1,PWRTRN,2046,820.7074
RE1,PWRTRN,2047,829.8342
RE1,PWRTRN,2048,838.9366
RE1,PWRTRN,2049,849.7338
RE1,PWRTRN,2050,1258.0511
RE1,PWRTRN,2051,1268.193
RE1,PWRTRN,2052,1278.4205
RE1,PWRTRN,2053,1285.6898
RE1,PWRTRN,2054,1285.6898
RE1,PWRTRN,2055,1296.197
RE1,PWRTRN,2056,1306.793
RE1,PWRTRN,2057,1317.4785
RE1,PWRTRN,2058,1328.2545
RE1,PWRTRN,2059,1341.6548
RE1,PWRTRN,2060,1349.6738
RE1,PWRTRN,2061,1361.1326
RE1,PWRTRN,2062,1372.2781
RE1,PWRTRN,2063,1383.5179
RE1,PWRTRN,2064,1395.488
RE1,PWRTRN,2065,1406.9192
RE1,PWRTRN,2066,1418.4473
RE1,PWRTRN,2067,1418.4473
RE1,PWRTRN,2068,1418.4473
RE1,PWRTRN,2069,1418.4473
RE1,PWRTRN,2070,1418.4473
RE1,PWRDIST,2015,87.5895
RE1,PWRDIST,2016,87.5895
RE1,PWRDIST,2017,87.5895
RE1,PWRDIST,2018,87.5895
RE1,PWRDIST,2019,87.5895
RE1,PWRDIST,2020,87.5895
RE1,PWRDIST,2021,87.5895
RE1,PWRDIST,2022,87.5895
RE1,PWRDIST,2023,87.5895
RE1,PWRDIST,2024,115.6593
RE1,PWRDIST,2025,132.154
RE1,PWRDIST,2026,134.9874
RE1,PWRDIST,2027,137.9309
RE1,PWRDIST,2028,140.9262
RE1,PWRDIST,2029,145.4407
RE1,PWRDIST,2030,231.7472
RE1,PWRDIST,2031,235.8578
RE1,PWRDIST,2032,239.9644
RE1,PWRDIST,2033,244.0674
RE1,PWRDIST,2034,248.167
RE1,PWRDIST,2035,253.5294
RE1,PWRDIST,2036,258.1091
RE1,PWRDIST,2037,264.0432
RE1,PWRDIST,2038,270.6599
RE1,PWRDIST,2039,277.3
RE1,PWRDIST,2040,293.0008
RE1,PWRDIST,2041,294.785
RE1,PWRDIST,2042,298.9646
RE1,PWRDIST,2043,304.5438
RE1,PWRDIST,2044,310.1203
RE1,PWRDIST,2045,384.7571
RE1,PWRDIST,2046,389.3299
RE1,PWRDIST,2047,393.7874
RE1,PWRDIST,2048,398.2362
RE1,PWRDIST,2049,403.4926
RE1,PWRDIST,2050,597.5742
RE1,PWRDIST,2051,602.3917
RE1,PWRDIST,2052,607.2497
RE1,PWRDIST,2053,610.7027
RE1,PWRDIST,2054,610.7027
RE1,PWRDIST,2055,615.6936
RE1,PWRDIST,2056,620.7267
RE1,PWRDIST,2057,625.8023
RE1,PWRDIST,2058,630.9209
RE1,PWRDIST,2059,637.286
RE1,PWRDIST,2060,641.095
RE1,PWRDIST,2061,646.538
RE1,PWRDIST,2062,651.8321
RE1,PWRDIST,2063,657.171
RE1,PWRDIST,2064,662.8568
RE1,PWRDIST,2065,668.2866
RE1,PWRDIST,2066,673.7624
RE1,PWRDIST,2067,673.7624
RE1,PWRDIST,2068,673.7624
RE1,PWRDIST,2069,673.7624
RE1,PWRDIST,2070,673.7624
RE1,PWRHYD004,2024,4.5402
RE1,PWRHYD004,2025,4.5402
RE1,PWRHYD004,2026,4.5402
RE1,PWRHYD004,2027,4.5402
RE1,PWRHYD004,2028,4.5402
RE1,PWRHYD004,2029,4.5402
RE1,PWRHYD004,2030,4.5402
RE1,PWRHYD004,2031,4.5402
RE1,PWRHYD004,2032,4.5402
RE1,PWRHYD004,2033,4.5402
RE1,PWRHYD004,2034,4.5402
RE1,PWRHYD004,2035,4.5402
RE1,PWRHYD004,2036,4.5402
RE1,PWRHYD004,2037,4.5402
RE1,PWRHYD004,2038,4.5402
RE1,PWRHYD004,2039,4.5402
RE1,PWRHYD004,2040,4.5402
RE1,PWRHYD004,2041,4.5402
RE1,PWRHYD004,2042,4.5402
RE1,PWRHYD004,2043,4.5402
RE1,PWRHYD004,2044,4.5402
RE1,PWRHYD004,2045,4.5402
RE1,PWRHYD004,2046,4.5402
RE1,PWRHYD004,2047,4.5402
RE1,PWRHYD004,2048,4.5402
RE1,PWRHYD004,2049,4.5402
RE1,PWRHYD004,2050,4.5402
RE1,PWRHYD004,2051,4.5402
RE1,PWRHYD004,2052,4.5402
RE1,PWRHYD004,2053,4.5402
RE1,PWRHYD004,2054,4.5402
RE1,PWRHYD004,2055,4.5402
RE1,PWRHYD004,2056,4.5402
RE1,PWRHYD004,2057,4.5402
RE1,PWRHYD004,2058,4.5402
RE1,PWRHYD004,2059,4.5402
RE1,PWRHYD004,2060,4.5402
RE1,PWRHYD004,2061,4.5402
RE1,PWRHYD004,2062,4.5402
RE1,PWRHYD004,2063,4.5402
RE1,DEMTRAMCYGSL,2015,220.5428
RE1,DEMTRAMCYGSL,2016,231.243
RE1,DEMTRAMCYGSL,2017,238.8578
RE1,DEMTRAMCYGSL,2018,247.0011
RE1,DEMTRAMCYGSL,2019,255.0563
RE1,DEMTRAMCYGSL,2020,263.2179
RE1,DEMTRAMCYGSL,2021,270.3192
RE1,DEMTRAMCYGSL,2022,277.5055
RE1,DEMTRAMCYGSL,2023,284.7768
RE1,DEMTRAMCYGSL,2024,287.3677
RE1,DEMTRAMCYGSL,2025,289.9586
RE1,DEMTRAMCYGSL,2026,292.5495
RE1,DEMTRAMCYGSL,2027,295.1403
RE1,DEMTRAMCYGSL,2028,297.7312
RE1,DEMTRAMCYGSL,2029,300.3221
RE1,DEMTRAMCYGSL,2030,49.9104
RE1,DEMTRAMCYGSL,2031,40.557
RE1,DEMTRAMCYGSL,2032,34.7582
RE1,DEMTRAMCYGSL,2033,28.3702
RE1,DEMTRAMCYGSL,2034,22.0984
RE1,DEMTRAMCYGSL,2035,15.7205
RE1,DEMTRAMCYGSL,2036,10.5653
RE1,DEMTRAMCYGSL,2037,5.3251
RE1,DEMTRACARGSL,2036,278.1109
RE1,DEMTRACARGSL,2037,742.9876
RE1,DEMTRACARGSL,2038,1207.8643
RE1,DEMTRACARGSL,2039,1672.7411
RE1,DEMTRACARGSL,2040,2137.6178
RE1,DEMTRACARGSL,2041,2602.4946
RE1,DEMTRACARGSL,2042,3067.3713
RE1,DEMTRACARGSL,2043,3532.248
RE1,DEMTRACARGSL,2044,3997.1248
RE1,DEMTRACARGSL,2045,4462.0015
RE1,DEMTRACARGSL,2046,4926.8782
RE1,DEMTRACARGSL,2047,5391.755
RE1,DEMTRACARGSL,2048,5856.6317
RE1,DEMTRACARGSL,2049,6321.5085
RE1,DEMTRABUSGSL,2041,305.3882
RE1,DEMTRABUSGSL,2042,853.2082
RE1,DEMTRABUSGSL,2043,1401.0283
RE1,DEMTRABUSGSL,2044,1948.8483
RE1,DEMTRABUSGSL,2045,2496.6684
RE1,DEMTRABUSGSL,2046,3044.4884
RE1,DEMTRABUSGSL,2047,3592.3085
RE1,DEMTRABUSGSL,2048,4140.1285
RE1,DEMTRABUSGSL,2049,4687.9486
RE1,DEMINDHEBIO,2015,244.2214
RE1,DEMINDHEBIO,2016,244.3914
RE1,DEMINDHEBIO,2017,244.3914
RE1,DEMINDHEBIO,2018,244.5615
RE1,DEMINDHEBIO,2019,244.5615
RE1,DEMINDHEBIO,2020,244.7316
RE1,DEMINDHEBIO,2021,244.9017
RE1,DEMINDHEBIO,2022,247.2109
RE1,DEMINDHEBIO,2023,250.9477
RE1,DEMINDHEBIO,2024,254.6848
RE1,DEMINDHEBIO,2025,258.4223
RE1,DEMINDHEBIO,2026,262.5354
RE1,DEMINDHEBIO,2027,266.4645
RE1,DEMINDHEBIO,2028,270.5761
RE1,DEMINDHEBIO,2029,274.6887
RE1,DEMINDHEBIO,2030,278.8025
RE1,DEMINDHEBIO,2031,282.5353
RE1,DEMINDHEBIO,2032,286.2662
RE1,DEMINDHEBIO,2033,289.9955
RE1,DEMINDHEBIO,2034,293.7235
RE1,DEMINDHEBIO,2035,293.9259
RE1,DEMINDHEBIO,2036,294.1284
RE1,DEMINDHEBIO,2037,292.1999
RE1,DEMINDHEBIO,2038,288.7985
RE1,DEMINDHEBIO,2039,285.3969
RE1,DEMINDHEBIO,2040,281.9949
RE1,DEMINDHEBIO,2041,278.404
RE1,DEMINDHEBIO,2042,274.6194
RE1,DEMINDHEBIO,2043,271.0193
RE1,DEMINDHEBIO,2044,267.2304
RE1,DEMINDHEBIO,2045,14.2966
RE1,DEMINDHEBIO,2046,10.7271
RE1,DEMINDHEBIO,2047,7.1498
RE1,DEMINDHEBIO,2048,3.5767
RE1,DEMINDHEBIO,2068,25.4178
RE1,DEMINDHEBIO,2069,75.4854
RE1,DEMINDHEBIO,2070,75.4854
RE1,DEMRESCKNELC,2015,0.5365
RE1,DEMRESCKNELC,2016,0.5101
RE1,DEMRESCKNELC,2017,0.5176
RE1,DEMRESCKNELC,2018,0.5361
RE1,DEMRESCKNELC,2019,0.5093
RE1,DEMRESCKNELC,2020,0.4825
RE1,DEMRESCKNELC,2021,0.4557
RE1,DEMRESCKNELC,2022,0.4289
RE1,DEMRESCKNELC,2023,0.4021
RE1,DEMRESCKNELC,2024,39.1046
RE1,DEMRESCKNELC,2025,51.4919
RE1,DEMRESCKNELC,2026,52.447
RE1,DEMRESCKNELC,2027,53.5295
RE1,DEMRESCKNELC,2028,54.6175
RE1,DEMRESCKNELC,2029,55.9652
RE1,DEMRESCKNELC,2030,67.1422
RE1,DEMRESCKNELC,2031,68.2853
RE1,DEMRESCKNELC,2032,69.4263
RE1,DEMRESCKNELC,2033,70.5653
RE1,DEMRESCKNELC,2034,71.7025
RE1,DEMRESCKNELC,2035,72.939
RE1,DEMRESCKNELC,2036,74.0051
RE1,DEMRESCKNELC,2037,75.2639
RE1,DEMRESCKNELC,2038,76.5974
RE1,DEMRESCKNELC,2039,77.9218
RE1,DEMRESCKNELC,2040,80.3396
RE1,DEMRESCKNELC,2041,80.3396
RE1,DEMRESCKNELC,2042,82.0969
RE1,DEMRESCKNELC,2043,83.2907
RE1,DEMRESCKNELC,2044,84.4841
RE1,DEMRESCKNELC,2045,92.9339
RE1,DEMRESCKNELC,2046,93.7884
RE1,DEMRESCKNELC,2047,94.5981
RE1,DEMRESCKNELC,2048,95.4368
RE1,DEMRESCKNELC,2049,96.3477
RE1,DEMRESCKNELC,2050,113.0526
RE1,DEMRESCKNELC,2051,113.9376
RE1,DEMRESCKNELC,2052,114.8298
RE1,DEMRESCKNELC,2053,114.8298
RE1,DEMRESCKNELC,2054,110.9095
RE1,DEMRESCKNELC,2055,111.8291
RE1,DEMRESCKNELC,2056,112.7563
RE1,DEMRESCKNELC,2057,113.6911
RE1,DEMRESCKNELC,2058,114.6338
RE1,DEMRESCKNELC,2059,115.9482
RE1,DEMRESCKNELC,2060,116.364
RE1,DEMRESCKNELC,2061,117.5089
RE1,DEMRESCKNELC,2062,118.4832
RE1,DEMRESCKNELC,2063,119.4656
RE1,DEMRESCKNELC,2064,120.6728
RE1,DEMRESCKNELC,2065,121.6716
RE1,DEMRESCKNELC,2066,122.6787
RE1,DEMRESCKNELC,2067,121.3931
RE1,DEMRESCKNELC,2068,120.1691
RE1,DEMRESCKNELC,2069,118.8447
RE1,DEMRESCKNELC,2070,116.427
RE1,DEMRESCKNOIL,2015,17.9449
RE1,DEMRESCKNOIL,2016,17.059
RE1,DEMRESCKNOIL,2017,17.3102
RE1,DEMRESCKNOIL,2018,17.9308
RE1,DEMRESCKNOIL,2019,17.0343
RE1,DEMRESCKNOIL,2020,16.1377
RE1,DEMRESCKNOIL,2021,15.2412
RE1,DEMRESCKNOIL,2022,14.3446
RE1,DEMRESCKNOIL,2023,13.4481
RE1,DEMRESCKNOIL,2024,12.5516
RE1,DEMRESCKNOIL,2025,11.655
RE1,DEMRESCKNOIL,2026,10.7585
RE1,DEMRESCKNOIL,2027,9.8619
RE1,DEMRESCKNOIL,2028,8.9654
RE1,DEMRESCKNOIL,2029,8.0689
RE1,DEMRESCKNOIL,2030,7.1723
RE1,DEMRESCKNOIL,2031,6.2758
RE1,DEMRESCKNOIL,2032,5.3792
RE1,DEMRESCKNOIL,2033,4.4827
RE1,DEMRESCKNOIL,2034,3.5862
RE1,DEMRESCKNOIL,2035,2.6896
RE1,DEMRESCKNOIL,2036,1.7931
RE1,DEMRESCKNOIL,2037,0.8965
RE1,DEMRESCKNBIO,2015,22.1831
RE1,DEMRESCKNBIO,2016,21.0881
RE1,DEMRESCKNBIO,2017,21.3985
RE1,DEMRESCKNBIO,2018,22.1657
RE1,DEMRESCKNBIO,2019,21.0574
RE1,DEMRESCKNBIO,2020,19.9492
RE1,DEMRESCKNBIO,2021,18.8409
RE1,DEMRESCKNBIO,2022,17.7326
RE1,DEMRESCKNBIO,2023,16.6243
RE1,DEMRESCKNBIO,2024,15.516
RE1,DEMRESCKNBIO,2025,14.4077
RE1,DEMRESCKNBIO,2026,13.2994
RE1,DEMRESCKNBIO,2027,12.1911
RE1,DEMRESCKNBIO,2028,11.0829
RE1,DEMRESCKNBIO,2029,9.9746
RE1,DEMRESCKNBIO,2030,8.8663
RE1,DEMRESCKNBIO,2031,7.758
RE1,DEMRESCKNBIO,2032,6.6497
RE1,DEMRESCKNBIO,2033,5.5414
RE1,DEMRESCKNBIO,2034,4.4331
RE1,DEMRESCKNBIO,2035,3.3249
RE1,DEMRESCKNBIO,2036,2.2166
RE1,DEMRESCKNBIO,2037,1.1083
RE1,DEMRESHEBIO,2015,48.4118
RE1,DEMRESHEBIO,2016,48.4455
RE1,DEMRESHEBIO,2017,48.4455
RE1,DEMRESHEBIO,2018,48.4792
RE1,DEMRESHEBIO,2019,49.6541
RE1,DEMRESHEBIO,2020,50.8992
RE1,DEMRESHEBIO,2021,51.8355
RE1,DEMRESHEBIO,2022,52.7343
RE1,DEMRESHEBIO,2023,53.6684
RE1,DEMRESHEBIO,2024,54.6018
RE1,DEMRESHEBIO,2025,55.5347
RE1,DEMRESHEBIO,2026,56.5548
RE1,DEMRESHEBIO,2027,57.5344
RE1,DEMRESHEBIO,2028,58.5526
RE1,DEMRESHEBIO,2029,59.5704
RE1,DEMRESHEBIO,2030,60.588
RE1,DEMRESHEBIO,2031,61.5246
RE1,DEMRESHEBIO,2032,62.4598
RE1,DEMRESHEBIO,2033,63.3936
RE1,DEMRESHEBIO,2034,64.3263
RE1,DEMRESHEBIO,2035,63.149
RE1,DEMRESHEBIO,2036,62.2835
RE1,DEMRESHEBIO,2037,61.4611
RE1,DEMRESHEBIO,2038,60.5965
RE1,DEMRESHEBIO,2039,59.7326
RE1,DEMRESHEBIO,2040,58.8693
RE1,DEMRESHEBIO,2041,57.9576
RE1,DEMRESHEBIO,2042,57.0062
RE1,DEMRESHEBIO,2043,56.0936
RE1,DEMRESHEBIO,2044,55.1425
RE1,DEMRESHEBIO,2045,4.8054
RE1,DEMRESHEBIO,2046,3.9049
RE1,DEMRESHEBIO,2047,3.0025
RE1,DEMRESHEBIO,2048,2.103
RE1,DEMRESHEBIO,2068,8.1891
RE1,DEMRESHEBIO,2069,8.898
RE1,DEMRESHEBIO,2070,8.898
RE1,DEMCOMHEBIO,2015,21.3006
RE1,DEMCOMHEBIO,2016,22.3995
RE1,DEMCOMHEBIO,2017,22.9402
RE1,DEMCOMHEBIO,2018,23.4972
RE1,DEMCOMHEBIO,2019,24.0383
RE1,DEMCOMHEBIO,2020,24.5964
RE1,DEMCOMHEBIO,2021,25.0547
RE1,DEMCOMHEBIO,2022,25.4959
RE1,DEMCOMHEBIO,2023,25.9551
RE1,DEMCOMHEBIO,2024,26.4149
RE1,DEMCOMHEBIO,2025,26.8753
RE1,DEMCOMHEBIO,2026,27.3955
RE1,DEMCOMHEBIO,2027,27.8971
RE1,DEMCOMHEBIO,2028,28.4184
RE1,DEMCOMHEBIO,2029,28.9404
RE1,DEMCOMHEBIO,2030,29.463
RE1,DEMCOMHEBIO,2031,29.8973
RE1,DEMCOMHEBIO,2032,30.3322
RE1,DEMCOMHEBIO,2033,30.7676
RE1,DEMCOMHEBIO,2034,31.2036
RE1,DEMCOMHEBIO,2035,30.6788
RE1,DEMCOMHEBIO,2036,30.2548
RE1,DEMCOMHEBIO,2037,29.8507
RE1,DEMCOMHEBIO,2038,29.4251
RE1,DEMCOMHEBIO,2039,28.9989
RE1,DEMCOMHEBIO,2040,28.5722
RE1,DEMCOMHEBIO,2041,28.1042
RE1,DEMCOMHEBIO,2042,27.6159
RE1,DEMCOMHEBIO,2043,27.1455
RE1,DEMCOMHEBIO,2044,26.6555
RE1,DEMCOMHEBIO,2045,4.4371
RE1,DEMCOMHEBIO,2046,2.916
RE1,DEMCOMHEBIO,2047,1.9453
RE1,DEMCOMHEBIO,2048,0.974
RE1,DEMCOMHEBIO,2068,0.5829
RE1,DEMCOMHEBIO,2069,0.5833
RE1,DEMCOMHEBIO,2070,0.5833
RE1,DEMINDHECOA,2015,688.7859
RE1,DEMINDHECOA,2016,688.7859
RE1,DEMINDHECOA,2017,688.7859
RE1,DEMINDHECOA,2018,688.7859
RE1,DEMINDHECOA,2019,688.7859
RE1,DEMINDHECOA,2020,688.7859
RE1,DEMINDHECOA,2021,688.7859
RE1,DEMINDHECOA,2022,695.2807
RE1,DEMINDHECOA,2023,705.3007
RE1,DEMINDHECOA,2024,715.3074
RE1,DEMINDHECOA,2025,725.3016
RE1,DEMINDHECOA,2026,736.3355
RE1,DEMINDHECOA,2027,747.3554
RE1,DEMINDHECOA,2028,758.362
RE1,DEMINDHECOA,2029,758.362
RE1,DEMINDHECOA,2030,69.5761
RE1,DEMINDHECOA,2031,69.5761
RE1,DEMINDHECOA,2032,69.5761
RE1,DEMINDHECOA,2033,69.5761
RE1,DEMINDHECOA,2034,69.5761
RE1,DEMINDHECOA,2035,69.5761
RE1,DEMINDHECOA,2036,69.5761
RE1,DEMINDHECOA,2037,63.0814
RE1,DEMINDHECOA,2038,53.0614
RE1,DEMINDHECOA,2039,43.0546
RE1,DEMINDHECOA,2040,33.0604
RE1,DEMINDHECOA,2041,22.0266
RE1,DEMINDHECOA,2042,11.0067
