r,t,y,CapitalInvestment
RE1,MINOIL,2023,0.2142
RE1,MINBIO,2015,0.1083
RE1,MINBIO,2016,0.1039
RE1,MINBIO,2017,0.1078
RE1,MINBIO,2018,0.1117
RE1,MINBIO,2019,0.1137
RE1,MINBIO,2020,0.1171
RE1,MINBIO,2021,0.1198
RE1,MINBIO,2022,0.1213
RE1,MINBIO,2023,0.1228
RE1,MINBIO,2024,0.097
RE1,MINBIO,2025,0.098
RE1,MINBIO,2026,0.0992
RE1,MINBIO,2027,0.1003
RE1,MINBIO,2028,0.1015
RE1,MINBIO,2029,0.1026
RE1,MINBIO,2030,0.1038
RE1,MINBIO,2031,0.0876
RE1,MINBIO,2032,0.0886
RE1,MINBIO,2033,0.0896
RE1,MINBIO,2034,0.0907
RE1,MINBIO,2035,0.0903
RE1,MINBIO,2036,0.09
RE1,MINBIO,2037,0.0892
RE1,MINBIO,2038,0.0882
RE1,MINBIO,2039,0.0872
RE1,MINBIO,2040,0.0761
RE1,MINBIO,2041,0.0817
RE1,MINBIO,2042,0.0838
RE1,MINBIO,2043,0.0827
RE1,MINBIO,2044,0.0815
RE1,MINBIO,2045,0.0135
RE1,MINBIO,2046,0.0098
RE1,MINBIO,2047,0.0062
RE1,MINBIO,2048,0.0039
RE1,MINBIO,2049,0.0025
RE1,MINBIO,2050,0.0012
RE1,MINBIO,2068,0.007
RE1,MINBIO,2069,0.0173
RE1,MINCOA,2015,0.1202
RE1,MINCOA,2016,0.112
RE1,MINCOA,2017,0.1133
RE1,MINCOA,2018,0.1567
RE1,MINCOA,2019,0.1584
RE1,MINCOA,2020,0.16
RE1,MINCOA,2021,0.1612
RE1,MINCOA,2022,0.1623
RE1,MINCOA,2023,0.1635
RE1,MINCOA,2024,0.1646
RE1,MINCOA,2025,0.1463
RE1,MINCOA,2026,0.1482
RE1,MINCOA,2027,0.1495
RE1,MINCOA,2028,0.1508
RE1,MINCOA,2029,0.1482
RE1,MINCOA,2030,0.0692
RE1,MINCOA,2031,0.0651
RE1,MINCOA,2032,0.0651
RE1,MINCOA,2033,0.0651
RE1,MINCOA,2034,0.0651
RE1,MINCOA,2035,0.0651
RE1,MINCOA,2036,0.0651
RE1,MINCOA,2037,0.0538
RE1,MINCOA,2038,0.0526
RE1,MINCOA,2039,0.0515
RE1,MINCOA,2040,0.0466
RE1,MINCOA,2041,0.0466
RE1,MINCOA,2042,0.0414
RE1,MINCOA,2043,0.0414
RE1,MINCOA,2044,0.0414
RE1,MINCOA,2045,0.0414
RE1,MINCOA,2046,0.0414
RE1,MINCOA,2047,0.0414
RE1,MINCOA,2048,0.0414
RE1,MINCOA,2049,0.0414
RE1,MINCOA,2050,0.0414
RE1,MINCOA,2051,0.0414
RE1,MINCOA,2052,0.0414
RE1,MINCOA,2053,0.0414
RE1,MINCOA,2054,0.0414
RE1,MINCOA,2055,0.0414
RE1,MINCOA,2056,0.0414
RE1,MINCOA,2057,0.0414
RE1,MINCOA,2058,0.0414
RE1,MINCOA,2059,0.0414
RE1,MINCOA,2060,0.0414
RE1,MINCOA,2061,0.0414
RE1,MINCOA,2062,0.0414
RE1,MINCOA,2063,0.0414
RE1,MINCOA,2064,0.0414
RE1,MINCOA,2065,0.0414
RE1,MINCOA,2066,0.0414
RE1,MINCOA,2067,0.0414
RE1,MINCOA,2068,0.0414
RE1,MINCOA,2069,0.0414
RE1,IMPLFO,2015,0.5551
RE1,IMPLFO,2016,0.5743
RE1,IMPLFO,2017,0.5873
RE1,IMPLFO,2018,0.6018
RE1,IMPLFO,2019,0.6157
RE1,IMPLFO,2020,0.6296
RE1,IMPLFO,2021,0.6407
RE1,IMPLFO,2022,0.6518
RE1,IMPLFO,2023,0.4712
RE1,IMPLFO,2024,0.5073
RE1,IMPLFO,2025,0.5155
RE1,IMPLFO,2026,0.5247
RE1,IMPLFO,2027,0.534
RE1,IMPLFO,2028,0.5432
RE1,IMPLFO,2029,0.5524
RE1,IMPLFO,2030,0.5616
RE1,IMPLFO,2031,0.5692
RE1,IMPLFO,2032,0.5768
RE1,IMPLFO,2033,0.5844
RE1,IMPLFO,2034,0.5921
RE1,IMPLFO,2035,0.5997
RE1,IMPLFO,2036,0.6066
RE1,IMPLFO,2037,0.6136
RE1,IMPLFO,2038,0.6205
RE1,IMPLFO,2039,0.6274
RE1,IMPLFO,2040,0.6344
RE1,IMPLFO,2041,0.641
RE1,IMPLFO,2042,0.6476
RE1,IMPLFO,2043,0.6542
RE1,IMPLFO,2044,0.6608
RE1,IMPLFO,2045,0.6674
RE1,IMPLFO,2046,0.6725
RE1,IMPLFO,2047,0.6777
RE1,IMPLFO,2048,0.6828
RE1,IMPLFO,2049,0.6849
RE1,IMPNGS,2015,0.0417
RE1,IMPNGS,2028,0.0446
RE1,IMPNGS,2029,0.0499
RE1,IMPNGS,2030,0.0538
RE1,IMPNGS,2031,0.0722
RE1,IMPNGS,2032,0.0766
RE1,IMPNGS,2033,0.0809
RE1,IMPNGS,2034,0.0853
RE1,IMPNGS,2035,0.0896
RE1,IMPNGS,2036,0.0934
RE1,IMPNGS,2037,0.1026
RE1,IMPNGS,2038,0.1061
RE1,IMPNGS,2039,0.1096
RE1,IMPNGS,2040,0.1131
RE1,IMPNGS,2041,0.1165
RE1,IMPNGS,2042,0.1227
RE1,IMPNGS,2043,0.1261
RE1,IMPNGS,2044,0.1295
RE1,IMPNGS,2045,0.1329
RE1,IMPNGS,2046,0.137
RE1,IMPNGS,2047,0.1418
RE1,IMPNGS,2048,0.1451
RE1,IMPNGS,2049,0.1488
RE1,IMPNGS,2050,0.3169
RE1,IMPNGS,2051,0.3215
RE1,IMPNGS,2052,0.3252
RE1,IMPNGS,2053,0.3291
RE1,IMPNGS,2054,0.3329
RE1,IMPNGS,2055,0.3369
RE1,IMPNGS,2056,0.3408
RE1,IMPNGS,2057,0.3448
RE1,IMPNGS,2058,0.3488
RE1,IMPNGS,2059,0.3545
RE1,IMPNGS,2060,0.3568
RE1,IMPNGS,2061,0.3611
RE1,IMPNGS,2062,0.3653
RE1,IMPNGS,2063,0.3696
RE1,IMPNGS,2064,0.3748
RE1,IMPNGS,2065,0.3792
RE1,IMPNGS,2066,0.3835
RE1,IMPNGS,2067,0.3879
RE1,IMPNGS,2068,0.3924
RE1,IMPNGS,2069,0.3969
RE1,MINNGS,2015,0.0378
RE1,MINNGS,2016,0.0797
RE1,MINNGS,2017,0.0807
RE1,MINNGS,2018,0.0615
RE1,MINNGS,2019,0.0673
RE1,MINNGS,2020,0.0726
RE1,MINNGS,2021,0.0763
RE1,MINNGS,2022,0.081
RE1,MINNGS,2023,0.0847
RE1,MINNGS,2024,0.0336
RE1,MINNGS,2025,0.0336
RE1,MINNGS,2026,0.037
RE1,MINNGS,2027,0.0408
RE1,MINSOL,2015,0.0019
RE1,MINSOL,2016,0.0033
RE1,MINSOL,2017,0.0037
RE1,MINSOL,2018,0.004
RE1,MINSOL,2019,0.0041
RE1,MINSOL,2020,0.0041
RE1,MINSOL,2021,0.0042
RE1,MINSOL,2022,0.0042
RE1,MINSOL,2023,0.0042
RE1,MINSOL,2024,0.0883
RE1,MINSOL,2025,0.0883
RE1,MINSOL,2026,0.0883
RE1,MINSOL,2027,0.0883
RE1,MINSOL,2028,0.0883
RE1,MINSOL,2029,0.0883
RE1,MINSOL,2030,0.0883
RE1,MINSOL,2031,0.0883
RE1,MINSOL,2032,0.0883
RE1,MINSOL,2033,0.0883
RE1,MINSOL,2034,0.0883
RE1,MINSOL,2035,0.0864
RE1,MINSOL,2036,0.085
RE1,MINSOL,2037,0.0846
RE1,MINSOL,2038,0.0843
RE1,MINSOL,2039,0.0842
RE1,MINSOL,2040,0.0842
RE1,MINSOL,2041,0.0841
RE1,MINSOL,2042,0.0841
RE1,MINSOL,2043,0.0841
RE1,MINSOL,2044,0.0841
RE1,MINSOL,2045,0.0841
RE1,MINSOL,2046,0.0841
RE1,MINSOL,2047,0.0841
RE1,MINSOL,2048,0.0841
RE1,MINSOL,2049,0.0841
RE1,MINSOL,2050,0.0841
RE1,MINSOL,2051,0.0841
RE1,MINSOL,2052,0.0841
RE1,MINSOL,2053,0.0811
RE1,MINWND,2015,0.0002
RE1,MINWND,2016,0.0003
RE1,MINWND,2017,0.0004
RE1,MINWND,2018,0.0007
RE1,MINWND,2019,0.001
RE1,MINWND,2020,0.001
RE1,MINWND,2021,0.001
RE1,MINWND,2022,0.001
RE1,MINWND,2023,0.001
RE1,MINWND,2024,0.001
RE1,MINWND,2025,0.001
RE1,MINWND,2026,0.001
RE1,MINWND,2027,0.001
RE1,MINWND,2028,0.001
RE1,MINWND,2029,0.001
RE1,MINWND,2030,0.001
RE1,MINWND,2031,0.001
RE1,MINWND,2032,0.001
RE1,MINWND,2033,0.001
RE1,MINWND,2034,0.001
RE1,MINWND,2035,0.001
RE1,MINWND,2036,0.0008
RE1,MINWND,2037,0.0008
RE1,MINWND,2038,0.0008
RE1,MINWND,2039,0.0008
RE1,MINWND,2040,0.0008
RE1,MINWND,2041,0.0008
RE1,MINWND,2042,0.0008
RE1,MINWND,2043,0.0008
RE1,MINWND,2044,0.0008
RE1,MINWND,2045,0.0008
RE1,MINWND,2046,0.0008
RE1,MINWND,2047,0.0003
RE1,MINWND,2048,0.0003
RE1,MINWND,2049,0.0003
RE1,MINWND,2070,0.2376
RE1,MINGEO,2024,0.0001
RE1,MINGEO,2025,0.0001
RE1,MINGEO,2026,0.0001
RE1,MINGEO,2027,0.0001
RE1,MINGEO,2028,0.0001
RE1,MINGEO,2029,0.0001
RE1,MINGEO,2030,0.0001
RE1,MINGEO,2031,0.0001
RE1,MINGEO,2032,0.0001
RE1,MINGEO,2033,0.0001
RE1,MINGEO,2034,0.0001
RE1,MINGEO,2035,0.0001
RE1,MINGEO,2036,0.0001
RE1,MINGEO,2037,0.0001
RE1,MINGEO,2038,0.0001
RE1,MINGEO,2039,0.0001
RE1,MINGEO,2040,0.0001
RE1,MINGEO,2041,0.0001
RE1,MINGEO,2042,0.0001
RE1,MINGEO,2043,0.0001
RE1,MINGEO,2044,0.0001
RE1,MINGEO,2045,0.0001
RE1,MINGEO,2046,0.0001
RE1,MINGEO,2047,0.0001
RE1,MINGEO,2048,0.0001
RE1,MINGEO,2049,0.0001
RE1,MINGEO,2050,0.0001
RE1,MINGEO,2051,0.0001
RE1,MINGEO,2052,0.0001
RE1,MINGEO,2053,0.0001
RE1,MINGEO,2054,0.0001
RE1,MINGEO,2055,0.0001
RE1,MINGEO,2056,0.0001
RE1,MINGEO,2057,0.0001
RE1,MINGEO,2058,0.0001
RE1,MINGEO,2059,0.0001
RE1,MINGEO,2060,0.0001
RE1,MINGEO,2061,0.0001
RE1,MINGEO,2062,0.0001
RE1,MINGEO,2063,0.0001
RE1,MINGEO,2064,0.0001
RE1,MINGEO,2065,0.0001
RE1,MINGEO,2066,0.0001
RE1,MINGEO,2067,0.0001
RE1,MINGEO,2068,0.0001
RE1,MINGEO,2069,0.0001
RE1,MINGEO,2070,0.0001
RE1,MINHYD,2015,0.0052
RE1,MINHYD,2016,0.0052
RE1,MINHYD,2017,0.0052
RE1,MINHYD,2018,0.0052
RE1,MINHYD,2019,0.0052
RE1,MINHYD,2020,0.0052
RE1,MINHYD,2021,0.0052
RE1,MINHYD,2022,0.0052
RE1,MINHYD,2023,0.0052
RE1,MINHYD,2024,0.0072
RE1,MINHYD,2025,0.0072
RE1,MINHYD,2026,0.0072
RE1,MINHYD,2027,0.0072
RE1,MINHYD,2028,0.0072
RE1,MINHYD,2029,0.0072
RE1,MINHYD,2030,0.0072
RE1,MINHYD,2031,0.0072
RE1,MINHYD,2032,0.0072
RE1,MINHYD,2033,0.0072
RE1,MINHYD,2034,0.0072
RE1,MINHYD,2035,0.0072
RE1,MINHYD,2036,0.0072
RE1,MINHYD,2037,0.0072
RE1,MINHYD,2038,0.0072
RE1,MINHYD,2039,0.0072
RE1,MINHYD,2040,0.0072
RE1,MINHYD,2041,0.0072
RE1,MINHYD,2042,0.0072
RE1,MINHYD,2043,0.0072
RE1,MINHYD,2044,0.0072
RE1,MINHYD,2045,0.0072
RE1,MINHYD,2046,0.0072
RE1,MINHYD,2047,0.0072
RE1,MINHYD,2048,0.0072
RE1,MINHYD,2049,0.0072
RE1,MINHYD,2050,0.0072
RE1,MINHYD,2051,0.0072
RE1,MINHYD,2052,0.0072
RE1,MINHYD,2053,0.0072
RE1,MINHYD,2054,0.0072
RE1,MINHYD,2055,0.0072
RE1,MINHYD,2056,0.0072
RE1,MINHYD,2057,0.0072
RE1,MINHYD,2058,0.0072
RE1,MINHYD,2059,0.0072
RE1,MINHYD,2060,0.0072
RE1,MINHYD,2061,0.0072
RE1,MINHYD,2062,0.0072
RE1,MINHYD,2063,0.0072
RE1,MINHYD,2064,0.0062
RE1,MINHYD,2065,0.0062
RE1,MINHYD,2066,0.0062
RE1,MINHYD,2067,0.0062
RE1,MINHYD,2068,0.0062
RE1,MINHYD,2069,0.0062
RE1,MINHYD,2070,0.0062
RE1,PWRCOA001,2018,8378.8521
RE1,PWRGEO,2024,20.1194
RE1,PWRNGS001,2026,2225.5102
RE1,PWRNGS001,2027,1493.6523
RE1,PWRNGS001,2028,1643.8764
RE1,PWRNGS001,2029,2229.6684
RE1,PWRNGS001,2030,2925.7965
RE1,PWRNGS001,2031,7500.5983
RE1,PWRNGS001,2032,1705.7502
RE1,PWRNGS001,2033,2711.8282
RE1,PWRNGS001,2034,2118.107
RE1,PWRNGS001,2035,1702.4134
RE1,PWRNGS001,2036,1472.664
RE1,PWRNGS001,2037,3600.7946
RE1,PWRNGS001,2038,4860.6129
RE1,PWRNGS001,2039,1362.6001
RE1,PWRNGS001,2040,2220.1422
RE1,PWRNGS001,2041,1834.4331
RE1,PWRNGS001,2042,2428.6139
RE1,PWRNGS001,2043,1330.3238
RE1,PWRNGS001,2044,3280.4346
RE1,PWRNGS001,2045,3279.5702
RE1,PWRNGS001,2046,1577.4623
RE1,PWRNGS001,2047,1876.2614
RE1,PWRNGS001,2048,1284.704
RE1,PWRNGS001,2049,1475.0461
RE1,PWRNGS001,2050,65632.689
RE1,PWRNGS001,2051,1797.6944
RE1,PWRNGS001,2052,1481.8151
RE1,PWRNGS001,2053,1496.6443
RE1,PWRNGS001,2054,1511.6258
RE1,PWRNGS001,2055,1526.7616
RE1,PWRNGS001,2056,3767.5632
RE1,PWRNGS001,2057,3051.1541
RE1,PWRNGS001,2058,3216.9861
RE1,PWRNGS001,2059,4456.3953
RE1,PWRNGS001,2060,3820.6032
RE1,PWRNGS001,2061,9193.656
RE1,PWRNGS001,2062,3342.9151
RE1,PWRNGS001,2063,4365.4214
RE1,PWRNGS001,2064,4175.7529
RE1,PWRNGS001,2065,3389.3729
RE1,PWRNGS001,2066,3176.5652
RE1,PWRNGS001,2067,5321.8121
RE1,PWRNGS001,2068,6598.9233
RE1,PWRNGS001,2069,3118.3819
RE1,PWRSOL001,2024,55511.816
RE1,PWRHYD001,2024,1361.7519
RE1,PWRHYD001,2051,6830.403
RE1,PWRHYD001,2064,1361.7519
RE1,PWRHYD002,2024,54.8815
RE1,PWRHYD002,2051,275.28
RE1,PWRHYD002,2064,54.8815
RE1,PWRHYD003,2024,1575.0
RE1,PWRWND001,2070,105421.8
RE1,PWRSOL001S,2024,96744.228
RE1,PWRSOL001S,2025,32946.175
RE1,PWRSOL001S,2026,4174.9159
RE1,PWRSOL001S,2027,4192.1201
RE1,PWRSOL001S,2028,4117.5597
RE1,PWRSOL001S,2029,6011.8211
RE1,PWRSOL001S,2030,111721.58
RE1,PWRSOL001S,2031,5125.0596
RE1,PWRSOL001S,2032,5013.0687
RE1,PWRSOL001S,2033,4906.5006
RE1,PWRSOL001S,2034,4795.6658
RE1,PWRSOL001S,2035,7548.8204
RE1,PWRSOL001S,2036,6231.575
RE1,PWRSOL001S,2037,6791.2024
RE1,PWRSOL001S,2038,7403.502
RE1,PWRSOL001S,2039,7051.939
RE1,PWRSOL001S,2040,16378.843
RE1,PWRSOL001S,2041,1824.188
RE1,PWRSOL001S,2042,4218.4619
RE1,PWRSOL001S,2043,5615.18
RE1,PWRSOL001S,2044,5572.4373
RE1,PWRSOL001S,2045,75141.624
RE1,PWRSOL001S,2046,4450.5424
RE1,PWRSOL001S,2047,4534.2351
RE1,PWRSOL001S,2048,4286.8628
RE1,PWRSOL001S,2049,5003.0722
RE1,PWRSOL001S,2050,187935.07
RE1,PWRSOL001S,2051,4664.9798
RE1,PWRSOL001S,2052,4704.3452
RE1,PWRSOL001S,2053,5190.2958
RE1,PWRSOL001S,2054,103564.02
RE1,PWRSOL001S,2055,25621.626
RE1,PWRSOL001S,2056,7588.4574
RE1,PWRSOL001S,2057,7735.0179
RE1,PWRSOL001S,2058,7825.3365
RE1,PWRSOL001S,2059,10402.297
RE1,PWRSOL001S,2060,87864.059
RE1,PWRSOL001S,2061,9193.0625
RE1,PWRSOL001S,2062,9042.4884
RE1,PWRSOL001S,2063,9079.6991
RE1,PWRSOL001S,2064,9487.8286
RE1,PWRSOL001S,2065,11537.327
RE1,PWRSOL001S,2066,10592.894
RE1,PWRSOL001S,2067,13170.328
RE1,PWRSOL001S,2068,4526.8676
RE1,PWRTRNIMP,2015,0.0003
RE1,PWRTRNIMP,2016,0.0004
RE1,PWRTRNIMP,2017,0.0004
RE1,PWRTRNIMP,2018,0.0005
RE1,PWRTRNIMP,2019,0.0005
RE1,PWRTRNIMP,2020,0.0005
RE1,PWRTRNIMP,2021,0.0005
RE1,PWRTRNIMP,2022,0.0005
RE1,PWRTRNIMP,2023,0.0005
RE1,PWRTRNIMP,2024,0.0007
RE1,PWRTRNIMP,2025,0.0008
RE1,PWRTRNIMP,2026,0.0009
RE1,PWRTRNIMP,2027,0.0009
RE1,PWRTRNIMP,2028,0.0009
RE1,PWRTRNIMP,2029,0.0009
RE1,PWRTRNIMP,2030,0.0009
RE1,PWRTRNIMP,2031,0.0009
RE1,PWRTRNIMP,2032,0.0009
RE1,PWRTRNIMP,2033,0.0009
RE1,PWRTRNIMP,2034,0.0009
RE1,PWRTRNIMP,2035,0.0009
RE1,PWRTRNIMP,2036,0.0009
RE1,PWRTRNIMP,2037,0.0009
RE1,PWRTRNIMP,2038,0.0009
RE1,PWRTRNIMP,2039,0.0009
RE1,PWRTRNIMP,2040,0.0009
RE1,PWRTRNIMP,2041,0.0009
RE1,PWRTRNIMP,2042,0.0009
RE1,PWRTRNIMP,2043,0.0009
RE1,PWRTRNIMP,2044,0.0009
RE1,PWRTRNIMP,2045,0.0009
RE1,PWRTRNIMP,2046,0.0009
RE1,PWRTRNIMP,2047,0.0009
RE1,PWRTRNIMP,2048,0.0009
RE1,PWRTRNIMP,2049,0.0009
RE1,PWRTRNIMP,2050,0.0009
RE1,PWRTRNIMP,2051,0.0009
RE1,PWRTRNIMP,2052,0.0009
RE1,PWRTRNIMP,2053,0.0009
RE1,PWRTRNIMP,2054,0.0009
RE1,PWRTRNIMP,2055,0.0009
RE1,PWRTRNIMP,2056,0.0009
RE1,PWRTRNIMP,2057,0.0009
RE1,PWRTRNIMP,2058,0.0009
RE1,PWRTRNIMP,2059,0.0009
RE1,PWRTRNIMP,2060,0.0009
RE1,PWRTRNIMP,2061,0.0009
RE1,PWRTRNIMP,2062,0.0009
RE1,PWRTRNIMP,2063,0.0009
RE1,PWRTRNIMP,2064,0.0009
RE1,PWRTRNIMP,2065,0.0009
RE1,PWRTRNIMP,2066,0.0009
RE1,PWRTRNIMP,2067,0.0009
RE1,PWRTRNIMP,2068,0.0009
RE1,PWRTRNIMP,2069,0.0009
RE1,PWRTRNIMP,2070,0.001
RE1,PWRTRN,2024,4344.9877
RE1,PWRTRN,2025,2156.2109
RE1,PWRTRN,2026,365.4668
RE1,PWRTRN,2027,379.6181
RE1,PWRTRN,2028,386.1731
RE1,PWRTRN,2029,584.6967
RE1,PWRTRN,2030,11283.384
RE1,PWRTRN,2031,527.6144
RE1,PWRTRN,2032,526.7656
RE1,PWRTRN,2033,525.9454
RE1,PWRTRN,2034,525.1514
RE1,PWRTRN,2035,689.7283
RE1,PWRTRN,2036,587.0964
RE1,PWRTRN,2037,763.4737
RE1,PWRTRN,2038,852.0291
RE1,PWRTRN,2039,854.5355
RE1,PWRTRN,2040,2035.3337
RE1,PWRTRN,2041,220.1097
RE1,PWRTRN,2042,532.0933
RE1,PWRTRN,2043,714.0484
RE1,PWRTRN,2044,713.2273
RE1,PWRTRN,2045,9702.376
RE1,PWRTRN,2046,578.7708
RE1,PWRTRN,2047,563.4031
RE1,PWRTRN,2048,561.8971
RE1,PWRTRN,2049,666.5201
RE1,PWRTRN,2050,25205.659
RE1,PWRTRN,2051,11439.975
RE1,PWRTRN,2052,631.3505
RE1,PWRTRN,2053,448.7388
RE1,PWRTRN,2055,648.6134
RE1,PWRTRN,2056,654.0962
RE1,PWRTRN,2057,659.627
RE1,PWRTRN,2058,665.2062
RE1,PWRTRN,2059,827.209
RE1,PWRTRN,2060,495.0139
RE1,PWRTRN,2061,707.3613
RE1,PWRTRN,2062,688.0158
RE1,PWRTRN,2063,693.8436
RE1,PWRTRN,2064,738.9187
RE1,PWRTRN,2065,705.6531
RE1,PWRTRN,2066,711.6356
RE1,PWRDIST,2024,1735.027
RE1,PWRDIST,2025,1019.5591
RE1,PWRDIST,2026,175.1428
RE1,PWRDIST,2027,181.936
RE1,PWRDIST,2028,185.1487
RE1,PWRDIST,2029,279.0464
RE1,PWRDIST,2030,5334.7224
RE1,PWRDIST,2031,254.0769
RE1,PWRDIST,2032,253.8384
RE1,PWRDIST,2033,253.6131
RE1,PWRDIST,2034,253.3998
RE1,PWRDIST,2035,331.4572
RE1,PWRDIST,2036,283.078
RE1,PWRDIST,2037,366.7941
RE1,PWRDIST,2038,408.9846
RE1,PWRDIST,2039,410.4356
RE1,PWRDIST,2040,970.4896
RE1,PWRDIST,2041,110.2803
RE1,PWRDIST,2042,258.3491
RE1,PWRDIST,2043,344.8586
RE1,PWRDIST,2044,344.6892
RE1,PWRDIST,2045,4613.4041
RE1,PWRDIST,2046,282.6499
RE1,PWRDIST,2047,275.5265
RE1,PWRDIST,2048,274.9846
RE1,PWRDIST,2049,324.9029
RE1,PWRDIST,2050,11996.452
RE1,PWRDIST,2051,5711.8
RE1,PWRDIST,2052,300.2839
RE1,PWRDIST,2053,213.4298
RE1,PWRDIST,2055,308.4945
RE1,PWRDIST,2056,311.1023
RE1,PWRDIST,2057,313.7328
RE1,PWRDIST,2058,316.3864
RE1,PWRDIST,2059,393.4384
RE1,PWRDIST,2060,235.4393
RE1,PWRDIST,2061,336.4363
RE1,PWRDIST,2062,327.2351
RE1,PWRDIST,2063,330.007
RE1,PWRDIST,2064,351.4457
RE1,PWRDIST,2065,335.6238
RE1,PWRDIST,2066,338.4692
RE1,PWRHYD004,2024,175.0
RE1,PWRTRNEXP,2015,0.0
RE1,PWRTRNEXP,2016,0.0
RE1,PWRTRNEXP,2017,0.0
RE1,PWRTRNEXP,2018,0.0
RE1,PWRTRNEXP,2019,0.0
RE1,PWRTRNEXP,2020,0.0
RE1,PWRTRNEXP,2021,0.0
RE1,PWRTRNEXP,2022,0.0
RE1,PWRTRNEXP,2023,0.0
RE1,PWRTRNEXP,2024,0.0001
RE1,PWRTRNEXP,2025,0.0001
RE1,PWRTRNEXP,2026,0.0001
RE1,PWRTRNEXP,2027,0.0001
RE1,PWRTRNEXP,2028,0.0001
RE1,PWRTRNEXP,2029,0.0001
RE1,PWRTRNEXP,2030,0.0001
RE1,PWRTRNEXP,2031,0.0001
RE1,PWRTRNEXP,2032,0.0001
RE1,PWRTRNEXP,2033,0.0001
RE1,PWRTRNEXP,2034,0.0001
RE1,PWRTRNEXP,2035,0.0001
RE1,PWRTRNEXP,2036,0.0001
RE1,PWRTRNEXP,2037,0.0001
RE1,PWRTRNEXP,2038,0.0001
RE1,PWRTRNEXP,2039,0.0001
RE1,PWRTRNEXP,2040,0.0001
RE1,PWRTRNEXP,2041,0.0001
RE1,PWRTRNEXP,2042,0.0001
RE1,PWRTRNEXP,2043,0.0001
RE1,PWRTRNEXP,2044,0.0001
RE1,PWRTRNEXP,2045,0.0001
RE1,PWRTRNEXP,2046,0.0001
RE1,PWRTRNEXP,2047,0.0001
RE1,PWRTRNEXP,2048,0.0001
RE1,PWRTRNEXP,2049,0.0001
RE1,PWRTRNEXP,2050,0.0001
RE1,PWRTRNEXP,2051,0.0001
RE1,PWRTRNEXP,2052,0.0001
RE1,PWRTRNEXP,2053,0.0001
RE1,PWRTRNEXP,2054,0.0003
RE1,PWRTRNEXP,2055,0.0003
RE1,PWRTRNEXP,2056,0.0003
RE1,PWRTRNEXP,2057,0.0003
RE1,PWRTRNEXP,2058,0.0003
RE1,PWRTRNEXP,2059,0.0004
RE1,PWRTRNEXP,2060,0.0003
RE1,PWRTRNEXP,2061,0.0003
RE1,PWRTRNEXP,2062,0.0003
RE1,PWRTRNEXP,2063,0.0004
RE1,PWRTRNEXP,2064,0.0004
RE1,PWRTRNEXP,2065,0.0004
RE1,PWRTRNEXP,2066,0.0004
RE1,PWRTRNEXP,2067,0.0001
RE1,PWRTRNEXP,2068,0.0001
RE1,PWRTRNEXP,2069,0.0004
RE1,PWRTRNEXP,2070,0.0
RE1,DEMTRAEVC,2024,7720.8793
RE1,DEMTRAEVC,2025,923.9315
RE1,DEMTRAEVC,2026,142.4124
RE1,DEMTRAEVC,2027,141.516
RE1,DEMTRAEVC,2028,151.9072
RE1,DEMTRAEVC,2029,153.9834
RE1,DEMTRAEVC,2030,153.9618
RE1,DEMTRAEVC,2031,127.4005
RE1,DEMTRAEVC,2032,127.3655
RE1,DEMTRAEVC,2033,127.3324
RE1,DEMTRAEVC,2034,343.6345
RE1,DEMTRAEVC,2035,211.9204
RE1,DEMTRAEVC,2036,74.7841
RE1,DEMTRAEVC,2037,87.5339
RE1,DEMTRAEVC,2038,84.1001
RE1,DEMTRAEVC,2039,86.5403
RE1,DEMTRAEVC,2040,177.0091
RE1,DEMTRAEVC,2042,105.4504
RE1,DEMTRAEVC,2043,96.4895
RE1,DEMTRAEVC,2044,96.4967
RE1,DEMTRAEVC,2045,22.1747
RE1,DEMTRAEVC,2046,86.2449
RE1,DEMTRAEVC,2047,86.2404
RE1,DEMTRAEVC,2048,86.2361
RE1,DEMTRAEVC,2049,194.3809
RE1,DEMTRAEVC,2050,37397.677
RE1,DEMTRAEVC,2051,373.2121
RE1,DEMTRAEVC,2052,376.0988
RE1,DEMTRAEVC,2053,379.0079
RE1,DEMTRAEVC,2054,381.9398
RE1,DEMTRAEVC,2055,384.8945
RE1,DEMTRAEVC,2056,387.8722
RE1,DEMTRAEVC,2057,390.8732
RE1,DEMTRAEVC,2058,393.8976
RE1,DEMTRAEVC,2059,396.9456
RE1,DEMTRAEVC,2060,400.0173
RE1,DEMTRAEVC,2061,403.113
RE1,DEMTRAEVC,2062,406.2329
RE1,DEMTRAEVC,2063,409.3771
RE1,DEMTRAEVC,2064,412.5458
RE1,DEMTRAEVC,2065,415.7392
RE1,DEMTRAEVC,2066,1023.7636
RE1,DEMTRAEVC,2067,671.6288
RE1,DEMTRAEVC,2070,432.084
RE1,DEMTRAMCYELC,2024,24597.567
RE1,DEMTRAMCYELC,2025,2639.8837
RE1,DEMTRAMCYELC,2026,360.1051
RE1,DEMTRAMCYELC,2027,311.3332
RE1,DEMTRAMCYELC,2028,284.2737
RE1,DEMTRAMCYELC,2029,237.5568
RE1,DEMTRAMCYELC,2030,186.9282
RE1,DEMTRAMCYELC,2031,112.813
RE1,DEMTRAMCYELC,2032,70.927
RE1,DEMTRAMCYELC,2033,29.0644
RE1,DEMTRAMCYELC,2034,0.0001
RE1,DEMTRAMCYELC,2035,0.0
RE1,DEMTRAMCYELC,2036,0.0
RE1,DEMTRAMCYELC,2037,0.0
RE1,DEMTRAMCYELC,2038,0.0
RE1,DEMTRAMCYELC,2039,0.0014
RE1,DEMTRAMCYELC,2040,0.0002
RE1,DEMTRAMCYELC,2041,0.0
RE1,DEMTRAMCYELC,2042,0.0
RE1,DEMTRAMCYELC,2043,0.0
RE1,DEMTRAMCYELC,2044,0.0
RE1,DEMTRAMCYELC,2045,0.0
RE1,DEMTRAMCYELC,2046,0.0
RE1,DEMTRAMCYELC,2047,0.0
RE1,DEMTRAMCYELC,2048,0.0
RE1,DEMTRAMCYELC,2049,0.0001
RE1,DEMTRAMCYELC,2050,0.0001
RE1,DEMTRAMCYELC,2051,0.0
RE1,DEMTRAMCYELC,2052,0.0
RE1,DEMTRAMCYELC,2053,0.0
RE1,DEMTRAMCYELC,2054,0.0014
RE1,DEMTRAMCYELC,2055,0.0002
RE1,DEMTRAMCYELC,2056,0.0
RE1,DEMTRAMCYELC,2057,0.0001
RE1,DEMTRAMCYELC,2058,0.0001
RE1,DEMTRAMCYELC,2059,0.0001
RE1,DEMTRAMCYELC,2060,0.0
RE1,DEMTRAMCYELC,2061,0.0001
RE1,DEMTRAMCYELC,2062,0.0001
RE1,DEMTRAMCYELC,2063,0.0001
RE1,DEMTRAMCYELC,2064,0.0001
RE1,DEMTRAMCYELC,2065,0.0001
RE1,DEMTRAMCYELC,2066,0.0001
RE1,DEMTRAMCYELC,2067,0.0001
RE1,DEMTRAMCYELC,2068,0.0
RE1,DEMTRAMCYELC,2069,0.0014
RE1,DEMTRAMCYELC,2070,0.0002
RE1,DEMTRACARELC,2049,1087.655
RE1,DEMTRACARELC,2050,0.0045
RE1,DEMTRACARELC,2051,0.0
RE1,DEMTRACARELC,2052,0.0
RE1,DEMTRACARELC,2053,0.0
RE1,DEMTRACARELC,2054,0.0
RE1,DEMTRACARELC,2055,0.0
RE1,DEMTRACARELC,2056,0.0
RE1,DEMTRACARELC,2057,0.0
RE1,DEMTRACARELC,2058,0.0
RE1,DEMTRACARELC,2059,0.0
RE1,DEMTRACARELC,2060,0.0
RE1,DEMTRACARELC,2061,0.0
RE1,DEMTRACARELC,2062,0.0
RE1,DEMTRACARELC,2063,0.0
RE1,DEMTRACARELC,2064,0.0
RE1,DEMTRACARELC,2065,0.0
RE1,DEMTRACARELC,2066,0.0001
RE1,DEMTRACARELC,2067,0.0
RE1,DEMTRACARELC,2069,0.0
RE1,DEMTRACARELC,2070,0.0045
RE1,DEMTRABUSELC,2050,598806.95
RE1,DEMTRABUSELC,2051,4560.1498
RE1,DEMTRABUSELC,2052,4595.4208
RE1,DEMTRABUSELC,2053,4630.9669
RE1,DEMTRABUSELC,2054,4666.79
RE1,DEMTRABUSELC,2055,4702.8926
RE1,DEMTRABUSELC,2056,4739.2767
RE1,DEMTRABUSELC,2057,4775.9446
RE1,DEMTRABUSELC,2058,4812.8985
RE1,DEMTRABUSELC,2059,4850.1406
RE1,DEMTRABUSELC,2060,4887.6732
RE1,DEMTRABUSELC,2061,4925.4986
RE1,DEMTRABUSELC,2062,4963.6189
RE1,DEMTRABUSELC,2063,5002.0366
RE1,DEMTRABUSELC,2064,5040.754
RE1,DEMTRABUSELC,2065,5079.7735
RE1,DEMTRABUSELC,2066,5119.0974
RE1,DEMTRABUSELC,2067,5158.728
RE1,DEMTRABUSELC,2068,5198.6678
RE1,DEMTRABUSELC,2069,5238.9194
RE1,DEMTRABUSELC,2070,604086.43
RE1,DEMTRAMCYGSL,2015,0.0007
RE1,DEMTRAMCYGSL,2016,0.0
RE1,DEMTRAMCYGSL,2017,0.0
RE1,DEMTRAMCYGSL,2018,0.0
RE1,DEMTRAMCYGSL,2019,0.0
RE1,DEMTRAMCYGSL,2020,0.0
RE1,DEMTRAMCYGSL,2021,0.0
RE1,DEMTRAMCYGSL,2022,0.0
RE1,DEMTRAMCYGSL,2023,0.0
RE1,DEMTRACARGSL,2015,0.0016
RE1,DEMTRACARGSL,2016,0.0004
RE1,DEMTRACARGSL,2030,0.0026
RE1,DEMTRABUSGSL,2015,0.0015
RE1,DEMTRABUSGSL,2018,0.0
RE1,DEMTRABUSGSL,2019,0.0
RE1,DEMTRABUSGSL,2020,0.0
RE1,DEMTRABUSGSL,2021,0.0003
RE1,DEMTRABUSGSL,2030,0.0022
RE1,DEMINDELC,2015,0.0011
RE1,DEMINDELC,2016,0.0001
RE1,DEMINDELC,2017,0.0001
RE1,DEMINDELC,2018,0.0001
RE1,DEMINDELC,2019,0.0001
RE1,DEMINDELC,2020,0.0001
RE1,DEMINDELC,2021,0.0
RE1,DEMINDELC,2022,0.0
RE1,DEMINDELC,2023,0.0
RE1,DEMINDELC,2030,0.0
RE1,DEMINDELC,2031,0.0
RE1,DEMINDELC,2032,0.0
RE1,DEMINDELC,2033,0.0
RE1,DEMINDELC,2034,0.0
RE1,DEMINDELC,2035,0.0
RE1,DEMINDELC,2036,0.0
RE1,DEMINDELC,2037,0.0
RE1,DEMINDELC,2038,0.0
RE1,DEMINDELC,2039,0.0
RE1,DEMINDELC,2040,0.0
RE1,DEMINDELC,2041,0.0001
RE1,DEMINDELC,2042,0.0001
RE1,DEMINDELC,2043,0.0001
RE1,DEMINDELC,2044,0.0
RE1,DEMINDELC,2045,0.0
RE1,DEMINDELC,2046,0.0
RE1,DEMINDELC,2047,0.0
RE1,DEMINDELC,2048,0.0
RE1,DEMINDELC,2049,0.0
RE1,DEMINDELC,2050,0.0
RE1,DEMINDELC,2051,0.0001
RE1,DEMINDELC,2052,0.0001
RE1,DEMINDELC,2053,0.0001
RE1,DEMINDELC,2054,0.0
RE1,DEMINDELC,2055,0.0
RE1,DEMINDELC,2056,0.0
RE1,DEMINDELC,2057,0.0
RE1,DEMINDELC,2058,0.0
RE1,DEMINDELC,2059,0.0001
RE1,DEMINDELC,2062,0.0
RE1,DEMINDELC,2063,0.0001
RE1,DEMINDELC,2064,0.0
RE1,DEMINDELC,2065,0.0
RE1,DEMINDELC,2066,0.0
RE1,DEMINDELC,2067,0.0
RE1,DEMINDELC,2068,0.0
RE1,DEMINDELC,2069,0.0001
RE1,DEMINDELC,2070,0.0003
RE1,INDENEFFDP,2024,10823.361
RE1,INDENEFFDP,2025,186.741
RE1,INDENEFFDP,2026,421.5448
RE1,INDENEFFDP,2027,315.9231
RE1,INDENEFFDP,2028,315.9231
RE1,INDENEFFDP,2029,198.2938
RE1,INDENEFFDP,2030,312.9212
RE1,INDENEFFDP,2031,357.6656
RE1,INDENEFFDP,2032,357.6656
RE1,INDENEFFDP,2033,357.6656
RE1,INDENEFFDP,2034,11181.027
RE1,INDENEFFDP,2035,544.4066
RE1,INDENEFFDP,2036,709.4902
RE1,INDENEFFDP,2037,603.8685
RE1,INDENEFFDP,2038,603.8685
RE1,INDENEFFDP,2039,486.2392
RE1,INDENEFFDP,2040,600.8666
RE1,INDENEFFDP,2041,639.6322
RE1,INDENEFFDP,2042,639.6322
RE1,INDENEFFDP,2043,639.6322
RE1,INDENEFFDP,2044,11462.993
RE1,INDENEFFDP,2045,826.3732
RE1,INDENEFFDP,2046,905.8254
RE1,INDENEFFDP,2047,800.2037
RE1,INDENEFFDP,2048,800.2037
RE1,INDENEFFDP,2049,682.5744
RE1,INDENEFFDP,2050,797.2018
RE1,INDENEFFDP,2051,842.5865
RE1,INDENEFFDP,2052,844.8504
RE1,INDENEFFDP,2053,847.1396
RE1,INDENEFFDP,2054,11672.815
RE1,INDENEFFDP,2055,1038.5359
RE1,INDENEFFDP,2056,1120.3547
RE1,INDENEFFDP,2057,1017.126
RE1,INDENEFFDP,2058,1019.5457
RE1,INDENEFFDP,2059,42.3723
RE1,INDENEFFDP,2060,2078.4728
RE1,INDENEFFDP,2061,874.3336
RE1,INDENEFFDP,2062,1074.1444
RE1,INDENEFFDP,2063,1078.9913
RE1,INDENEFFDP,2064,11907.253
RE1,INDENEFFDP,2065,1275.5889
RE1,INDENEFFDP,2066,1360.052
RE1,INDENEFFDP,2067,1259.4971
RE1,INDENEFFDP,2068,1264.6205
RE1,INDENEFFDP,2069,290.1808
RE1,DEMINDHEEH,2029,177.4709
RE1,DEMINDHEEH,2030,10319.125
RE1,DEMINDHEEH,2031,137.0021
RE1,DEMINDHEEH,2032,136.7457
RE1,DEMINDHEEH,2033,136.5033
RE1,DEMINDHEEH,2035,48.0981
RE1,DEMINDHEEH,2036,124.3998
RE1,DEMINDHEEH,2037,217.8741
RE1,DEMINDHEEH,2038,268.5547
RE1,DEMINDHEEH,2039,268.2402
RE1,DEMINDHEEH,2040,792.6942
RE1,DEMINDHEEH,2041,80.8314
RE1,DEMINDHEEH,2042,129.0068
RE1,DEMINDHEEH,2043,128.9226
RE1,DEMINDHEEH,2044,306.3121
RE1,DEMINDHEEH,2045,10447.888
RE1,DEMINDHEEH,2046,235.9953
RE1,DEMINDHEEH,2047,235.704
RE1,DEMINDHEEH,2048,235.4275
RE1,DEMINDHEEH,2049,98.8909
RE1,DEMINDHEEH,2050,146.9564
RE1,DEMINDHEEH,2051,225.5924
RE1,DEMINDHEEH,2052,319.8362
RE1,DEMINDHEEH,2053,371.2923
RE1,DEMINDHEEH,2054,371.7592
RE1,DEMINDHEEH,2055,897.0008
RE1,DEMINDHEEH,2056,185.9316
RE1,DEMINDHEEH,2057,234.9068
RE1,DEMINDHEEH,2058,235.6284
RE1,DEMINDHEEH,2059,413.8302
RE1,DEMINDHEEH,2060,10556.225
RE1,DEMINDHEEH,2061,345.1566
RE1,DEMINDHEEH,2062,345.6964
RE1,DEMINDHEEH,2063,346.2576
RE1,DEMINDHEEH,2064,210.565
RE1,DEMINDHEEH,2065,259.4811
RE1,DEMINDHEEH,2066,338.9744
RE1,DEMINDHEEH,2067,649.8063
RE1,DEMINDHEEH,2068,314.9525
RE1,DEMINDHEEH,2069,443.4844
RE1,DEMINDHEEH,2070,1013.8784
RE1,DEMINDHEEL,2035,84.6294
RE1,DEMINDHEEL,2036,70.9632
RE1,DEMINDHEEL,2037,122.2316
RE1,DEMINDHEEL,2038,154.043
RE1,DEMINDHEEL,2039,153.7607
RE1,DEMINDHEEL,2040,465.5303
RE1,DEMINDHEEL,2043,165.3755
RE1,DEMINDHEEL,2044,156.0753
RE1,DEMINDHEEL,2045,5603.3784
RE1,DEMINDHEEL,2046,52.5198
RE1,DEMINDHEEL,2047,147.5708
RE1,DEMINDHEEL,2048,84.9382
RE1,DEMINDHEEL,2049,83.2494
RE1,DEMINDHEEL,2050,714.0404
RE1,DEMINDHEEL,2051,207.805
RE1,DEMINDHEEL,2052,220.2654
RE1,DEMINDHEEL,2053,237.3973
RE1,DEMINDHEEL,2054,169.4147
RE1,DEMINDHEEL,2055,339.7659
RE1,DEMINDHEEL,2056,46.7281
RE1,DEMINDHEEL,2057,85.6382
RE1,DEMINDHEEL,2058,299.5033
RE1,DEMINDHEEL,2059,309.4769
RE1,DEMINDHEEL,2060,5362.2093
RE1,DEMINDHEEL,2061,187.9286
RE1,DEMINDHEEL,2062,187.1405
RE1,DEMINDHEEL,2063,281.974
RE1,DEMINDHEEL,2064,90.433
RE1,DEMINDHEEL,2065,791.454
RE1,DEMINDHEEL,2070,709.9336
RE1,DEMINDHEBIO,2015,6118.9699
RE1,DEMINDHEBIO,2022,57.5756
RE1,DEMINDHEBIO,2023,88.7996
RE1,DEMINDHEBIO,2024,88.6422
RE1,DEMINDHEBIO,2025,88.5041
RE1,DEMINDHEBIO,2026,97.6675
RE1,DEMINDHEBIO,2027,97.5138
RE1,DEMINDHEBIO,2028,97.3534
RE1,DEMINDHEBIO,2029,97.1969
RE1,DEMINDHEBIO,2030,6183.8783
RE1,DEMINDHEBIO,2031,87.4671
RE1,DEMINDHEBIO,2032,87.252
RE1,DEMINDHEBIO,2033,87.0463
RE1,DEMINDHEBIO,2034,86.8614
RE1,DEMINDHEBIO,2068,590.6498
RE1,DEMINDHEBIO,2069,1162.0884
RE1,DEMRESELC,2015,0.0006
RE1,DEMRESELC,2016,0.0
RE1,DEMRESELC,2017,0.0
RE1,DEMRESELC,2018,0.0
RE1,DEMRESELC,2019,0.0
RE1,DEMRESELC,2020,0.0
RE1,DEMRESELC,2021,0.0
RE1,DEMRESELC,2022,0.0
RE1,DEMRESELC,2023,0.0
RE1,DEMRESELC,2030,0.0
RE1,DEMRESELC,2031,0.0
RE1,DEMRESELC,2032,0.0
RE1,DEMRESELC,2033,0.0
RE1,DEMRESELC,2034,0.0
RE1,DEMRESELC,2035,0.0
RE1,DEMRESELC,2036,0.0
RE1,DEMRESELC,2037,0.0
RE1,DEMRESELC,2038,0.0
RE1,DEMRESELC,2039,0.0
RE1,DEMRESELC,2040,0.0
RE1,DEMRESELC,2041,0.0
RE1,DEMRESELC,2042,0.0
RE1,DEMRESELC,2043,0.0
RE1,DEMRESELC,2044,0.0
RE1,DEMRESELC,2045,0.0
RE1,DEMRESELC,2046,0.0
RE1,DEMRESELC,2047,0.0
RE1,DEMRESELC,2048,0.0
RE1,DEMRESELC,2049,0.0
RE1,DEMRESELC,2050,0.0
RE1,DEMRESELC,2051,0.0
RE1,DEMRESELC,2052,0.0
RE1,DEMRESELC,2053,0.0
RE1,DEMRESELC,2054,0.0
RE1,DEMRESELC,2055,0.0
RE1,DEMRESELC,2056,0.0
RE1,DEMRESELC,2057,0.0
RE1,DEMRESELC,2058,0.0
RE1,DEMRESELC,2059,0.0001
RE1,DEMRESELC,2062,0.0
RE1,DEMRESELC,2063,0.0
RE1,DEMRESELC,2064,0.0
RE1,DEMRESELC,2065,0.0
RE1,DEMRESELC,2066,0.0
RE1,DEMRESELC,2067,0.0
RE1,DEMRESELC,2068,0.0
RE1,DEMRESELC,2069,0.0001
RE1,DEMRESELC,2070,0.0002
RE1,RESENEFFDP,2024,5403.0494
RE1,RESENEFFDP,2025,93.2216
RE1,RESENEFFDP,2026,210.4363
RE1,RESENEFFDP,2027,157.7096
RE1,RESENEFFDP,2028,157.7096
RE1,RESENEFFDP,2029,98.9888
RE1,RESENEFFDP,2030,156.2111
RE1,RESENEFFDP,2031,178.5476
RE1,RESENEFFDP,2032,178.5476
RE1,RESENEFFDP,2033,178.5476
RE1,RESENEFFDP,2034,5581.597
RE1,RESENEFFDP,2035,271.7692
RE1,RESENEFFDP,2036,354.1793
RE1,RESENEFFDP,2037,301.4527
RE1,RESENEFFDP,2038,301.4527
RE1,RESENEFFDP,2039,242.7318
RE1,RESENEFFDP,2040,299.9542
RE1,RESENEFFDP,2041,319.306
RE1,RESENEFFDP,2042,319.306
RE1,RESENEFFDP,2043,319.306
RE1,RESENEFFDP,2044,5722.3554
RE1,RESENEFFDP,2045,412.5276
RE1,RESENEFFDP,2046,452.1904
RE1,RESENEFFDP,2047,399.4637
RE1,RESENEFFDP,2048,399.4637
RE1,RESENEFFDP,2049,340.7429
RE1,RESENEFFDP,2050,397.9652
RE1,RESENEFFDP,2051,420.6213
RE1,RESENEFFDP,2052,421.7515
RE1,RESENEFFDP,2053,422.8942
RE1,RESENEFFDP,2054,5827.0992
RE1,RESENEFFDP,2055,518.4398
RE1,RESENEFFDP,2056,559.2839
RE1,RESENEFFDP,2057,507.7519
RE1,RESENEFFDP,2058,508.9598
RE1,RESENEFFDP,2059,21.1523
RE1,RESENEFFDP,2060,1037.5789
RE1,RESENEFFDP,2061,436.4696
RE1,RESENEFFDP,2062,536.2156
RE1,RESENEFFDP,2063,538.6352
RE1,RESENEFFDP,2064,5944.1312
RE1,RESENEFFDP,2065,636.7772
RE1,RESENEFFDP,2066,678.9414
RE1,RESENEFFDP,2067,628.7442
RE1,RESENEFFDP,2068,631.3018
RE1,RESENEFFDP,2069,144.859
RE1,DEMRESCKNELC,2024,1549.1711
RE1,DEMRESCKNELC,2025,496.5673
RE1,DEMRESCKNELC,2026,39.273
RE1,DEMRESCKNELC,2027,44.3741
RE1,DEMRESCKNELC,2028,44.5914
RE1,DEMRESCKNELC,2029,54.9803
RE1,DEMRESCKNELC,2030,448.1524
RE1,DEMRESCKNELC,2031,46.795
RE1,DEMRESCKNELC,2032,46.7121
RE1,DEMRESCKNELC,2033,46.6337
RE1,DEMRESCKNELC,2034,46.5596
RE1,DEMRESCKNELC,2035,50.5352
RE1,DEMRESCKNELC,2036,43.7155
RE1,DEMRESCKNELC,2037,51.4248
RE1,DEMRESCKNELC,2038,54.4121
RE1,DEMRESCKNELC,2039,52.9762
RE1,DEMRESCKNELC,2040,96.7084
RE1,DEMRESCKNELC,2042,70.2947
RE1,DEMRESCKNELC,2043,47.7521
RE1,DEMRESCKNELC,2044,47.7347
RE1,DEMRESCKNELC,2045,337.9925
RE1,DEMRESCKNELC,2046,34.1781
RE1,DEMRESCKNELC,2047,32.3894
RE1,DEMRESCKNELC,2048,33.5473
RE1,DEMRESCKNELC,2049,36.4375
RE1,DEMRESCKNELC,2050,668.1971
RE1,DEMRESCKNELC,2051,35.398
RE1,DEMRESCKNELC,2052,35.6902
RE1,DEMRESCKNELC,2054,1392.3592
RE1,DEMRESCKNELC,2055,533.3492
RE1,DEMRESCKNELC,2056,76.36
RE1,DEMRESCKNELC,2057,81.7689
RE1,DEMRESCKNELC,2058,82.2965
RE1,DEMRESCKNELC,2059,107.5581
RE1,DEMRESCKNELC,2060,464.7861
RE1,DEMRESCKNELC,2061,92.5876
RE1,DEMRESCKNELC,2062,85.6853
RE1,DEMRESCKNELC,2063,85.9308
RE1,DEMRESCKNELC,2064,94.8461
RE1,DEMRESCKNELC,2065,90.4882
RE1,DEMRESCKNELC,2066,84.0006
RE1,DEMRESCKNELC,2068,5.4505
RE1,DEMRESHEBIO,2015,1212.9588
RE1,DEMRESHEBIO,2019,29.3623
RE1,DEMRESHEBIO,2020,30.2233
RE1,DEMRESHEBIO,2021,22.4702
RE1,DEMRESHEBIO,2022,22.4093
RE1,DEMRESHEBIO,2023,22.353
RE1,DEMRESHEBIO,2024,22.2965
RE1,DEMRESHEBIO,2025,22.2458
RE1,DEMRESHEBIO,2026,24.3684
RE1,DEMRESHEBIO,2027,24.3121
RE1,DEMRESHEBIO,2028,24.255
RE1,DEMRESHEBIO,2029,24.1999
RE1,DEMRESHEBIO,2030,1230.7356
RE1,DEMRESHEBIO,2031,22.107
RE1,DEMRESHEBIO,2032,22.0286
RE1,DEMRESHEBIO,2033,21.9539
RE1,DEMRESHEBIO,2034,51.0724
RE1,DEMRESHEBIO,2068,190.2963
RE1,DEMRESHEBIO,2069,16.3315
RE1,DEMRESHEEL,2035,50.6336
RE1,DEMRESHEEL,2036,38.5587
RE1,DEMRESHEEL,2037,39.7566
RE1,DEMRESHEEL,2038,35.8163
RE1,DEMRESHEEL,2039,38.5011
RE1,DEMRESHEEL,2040,119.1333
RE1,DEMRESHEEL,2043,33.3683
RE1,DEMRESHEEL,2044,39.3459
RE1,DEMRESHEEL,2045,1076.8851
RE1,DEMRESHEEL,2046,96.045
RE1,DEMRESHEEL,2048,109.1965
RE1,DEMRESHEEL,2049,9.288
RE1,DEMRESHEEL,2050,251.1085
RE1,DEMRESHEEL,2051,2.0567
RE1,DEMRESHEEL,2052,28.6593
RE1,DEMRESHEEL,2053,30.843
RE1,DEMRESHEEL,2055,281.887
RE1,DEMRESHEEL,2056,38.3198
RE1,DEMRESHEEL,2060,1220.0944
RE1,DEMRESHEEL,2061,67.9212
RE1,DEMRESHEEL,2062,97.9401
RE1,DEMRESHEEL,2064,67.4479
RE1,DEMRESHEEL,2065,222.6151
RE1,DEMRESHEEL,2070,156.0395
RE1,DEMCOMELC,2015,0.0006
RE1,DEMCOMELC,2016,0.0
RE1,DEMCOMELC,2017,0.0
RE1,DEMCOMELC,2018,0.0
RE1,DEMCOMELC,2019,0.0
RE1,DEMCOMELC,2020,0.0
RE1,DEMCOMELC,2021,0.0
RE1,DEMCOMELC,2022,0.0
RE1,DEMCOMELC,2023,0.0
RE1,DEMCOMELC,2030,0.0
RE1,DEMCOMELC,2031,0.0
RE1,DEMCOMELC,2032,0.0
RE1,DEMCOMELC,2033,0.0
RE1,DEMCOMELC,2034,0.0
RE1,DEMCOMELC,2035,0.0
RE1,DEMCOMELC,2036,0.0
RE1,DEMCOMELC,2037,0.0
RE1,DEMCOMELC,2038,0.0
RE1,DEMCOMELC,2039,0.0
RE1,DEMCOMELC,2040,0.0
RE1,DEMCOMELC,2041,0.0
RE1,DEMCOMELC,2042,0.0
RE1,DEMCOMELC,2043,0.0
RE1,DEMCOMELC,2044,0.0
RE1,DEMCOMELC,2045,0.0
RE1,DEMCOMELC,2046,0.0
RE1,DEMCOMELC,2047,0.0
RE1,DEMCOMELC,2048,0.0
RE1,DEMCOMELC,2049,0.0
RE1,DEMCOMELC,2050,0.0
RE1,DEMCOMELC,2051,0.0
RE1,DEMCOMELC,2052,0.0
RE1,DEMCOMELC,2053,0.0
RE1,DEMCOMELC,2054,0.0
RE1,DEMCOMELC,2055,0.0
RE1,DEMCOMELC,2056,0.0
RE1,DEMCOMELC,2057,0.0
RE1,DEMCOMELC,2058,0.0
RE1,DEMCOMELC,2059,0.0001
RE1,DEMCOMELC,2062,0.0
RE1,DEMCOMELC,2063,0.0
RE1,DEMCOMELC,2064,0.0
RE1,DEMCOMELC,2065,0.0
RE1,DEMCOMELC,2066,0.0
RE1,DEMCOMELC,2067,0.0
RE1,DEMCOMELC,2068,0.0
RE1,DEMCOMELC,2069,0.0001
RE1,DEMCOMELC,2070,0.0002
RE1,COMENEFFDP,2024,5584.3019
RE1,COMENEFFDP,2025,96.3488
RE1,COMENEFFDP,2026,217.4956
RE1,COMENEFFDP,2027,163.0002
RE1,COMENEFFDP,2028,163.0002
RE1,COMENEFFDP,2029,102.3095
RE1,COMENEFFDP,2030,161.4514
RE1,COMENEFFDP,2031,184.5372
RE1,COMENEFFDP,2032,184.5372
RE1,COMENEFFDP,2033,184.5372
RE1,COMENEFFDP,2034,5768.8391
RE1,COMENEFFDP,2035,280.886
RE1,COMENEFFDP,2036,366.0608
RE1,COMENEFFDP,2037,311.5653
RE1,COMENEFFDP,2038,311.5653
RE1,COMENEFFDP,2039,250.8746
RE1,COMENEFFDP,2040,310.0165
RE1,COMENEFFDP,2041,330.0176
RE1,COMENEFFDP,2042,330.0176
RE1,COMENEFFDP,2043,330.0176
RE1,COMENEFFDP,2044,5914.3194
RE1,COMENEFFDP,2045,426.3664
RE1,COMENEFFDP,2046,467.3597
RE1,COMENEFFDP,2047,412.8643
RE1,COMENEFFDP,2048,412.8643
RE1,COMENEFFDP,2049,352.1735
RE1,COMENEFFDP,2050,411.3154
RE1,COMENEFFDP,2051,434.7316
RE1,COMENEFFDP,2052,435.8997
RE1,COMENEFFDP,2053,437.0808
RE1,COMENEFFDP,2054,6022.5769
RE1,COMENEFFDP,2055,535.8315
RE1,COMENEFFDP,2056,578.0458
RE1,COMENEFFDP,2057,524.7851
RE1,COMENEFFDP,2058,526.0336
RE1,COMENEFFDP,2059,21.8619
RE1,COMENEFFDP,2060,1072.3859
RE1,COMENEFFDP,2061,451.1115
RE1,COMENEFFDP,2062,554.2037
RE1,COMENEFFDP,2063,556.7044
RE1,COMENEFFDP,2064,6143.535
RE1,COMENEFFDP,2065,658.1388
RE1,COMENEFFDP,2066,701.7174
RE1,COMENEFFDP,2067,649.8362
RE1,COMENEFFDP,2068,652.4796
RE1,COMENEFFDP,2069,149.7185
RE1,DEMCOMHEBIO,2015,533.6865
RE1,DEMCOMHEBIO,2016,27.1383
RE1,DEMCOMHEBIO,2017,13.5298
RE1,DEMCOMHEBIO,2018,13.5264
RE1,DEMCOMHEBIO,2019,13.5223
RE1,DEMCOMHEBIO,2020,13.517
RE1,DEMCOMHEBIO,2021,11.0036
RE1,DEMCOMHEBIO,2022,10.9996
RE1,DEMCOMHEBIO,2023,10.9962
RE1,DEMCOMHEBIO,2024,10.9913
RE1,DEMCOMHEBIO,2025,10.988
RE1,DEMCOMHEBIO,2026,12.453
RE1,DEMCOMHEBIO,2027,12.4491
RE1,DEMCOMHEBIO,2028,12.4436
RE1,DEMCOMHEBIO,2029,12.4377
RE1,DEMCOMHEBIO,2030,543.3155
RE1,DEMCOMHEBIO,2031,37.2177
RE1,DEMCOMHEBIO,2032,23.6756
RE1,DEMCOMHEBIO,2033,23.663
RE1,DEMCOMHEBIO,2034,23.6538
RE1,DEMCOMHEBIO,2068,13.5446
RE1,DEMCOMHEEL,2035,23.0839
RE1,DEMCOMHEEL,2036,19.8548
RE1,DEMCOMHEEL,2037,17.4293
RE1,DEMCOMHEEL,2038,19.0723
RE1,DEMCOMHEEL,2039,19.0596
RE1,DEMCOMHEEL,2040,58.8328
RE1,DEMCOMHEEL,2043,16.5208
RE1,DEMCOMHEEL,2044,19.466
RE1,DEMCOMHEEL,2045,492.1837
RE1,DEMCOMHEEL,2046,57.8712
RE1,DEMCOMHEEL,2047,50.5113
RE1,DEMCOMHEEL,2049,129.3816
RE1,DEMCOMHEEL,2050,75.62
RE1,DEMCOMHEEL,2052,11.1828
RE1,DEMCOMHEEL,2053,5.6498
RE1,DEMCOMHEEL,2055,100.3536
RE1,DEMCOMHEEL,2060,594.8866
RE1,DEMCOMHEEL,2061,40.4733
RE1,DEMCOMHEEL,2064,163.184
RE1,DEMCOMHEEL,2065,109.7088
RE1,DEMINDHECOA,2015,11403.233
RE1,DEMINDHECOA,2022,107.5244
RE1,DEMINDHECOA,2023,165.8868
RE1,DEMINDHECOA,2024,165.6668
RE1,DEMINDHECOA,2025,165.4594
RE1,DEMINDHECOA,2026,182.6719
RE1,DEMINDHECOA,2027,182.4404
RE1,DEMINDHECOA,2028,182.2218
