r,t,y,DiscountedSalvageValue
RE1,PWRCOA001,2018,166.6694
RE1,PWRGEO,2024,0.1953
RE1,PWRNGS001,2042,9.791
RE1,PWRNGS001,2043,10.471
RE1,PWRNGS001,2044,37.8159
RE1,PWRNGS001,2045,49.2273
RE1,PWRNGS001,2046,28.9102
RE1,PWRNGS001,2047,40.313
RE1,PWRNGS001,2048,31.4677
RE1,PWRNGS001,2049,40.3562
RE1,PWRNGS001,2050,1974.7533
RE1,PWRNGS001,2051,58.7607
RE1,PWRNGS001,2052,52.1031
RE1,PWRNGS001,2053,56.1523
RE1,PWRNGS001,2054,60.1079
RE1,PWRNGS001,2055,63.9739
RE1,PWRNGS001,2056,165.5388
RE1,PWRNGS001,2057,139.9781
RE1,PWRNGS001,2058,153.5274
RE1,PWRNGS001,2059,220.5154
RE1,PWRNGS001,2060,195.4548
RE1,PWRNGS001,2061,484.9975
RE1,PWRNGS001,2062,181.4298
RE1,PWRNGS001,2063,243.2413
RE1,PWRNGS001,2064,238.4278
RE1,PWRNGS001,2065,197.9757
RE1,PWRNGS001,2066,189.5163
RE1,PWRNGS001,2067,323.839
RE1,PWRNGS001,2068,409.0348
RE1,PWRNGS001,2069,196.6605
RE1,PWRHYD001,2051,322.8096
RE1,PWRHYD001,2064,82.6404
RE1,PWRHYD002,2051,13.0099
RE1,PWRHYD002,2064,3.3306
RE1,PWRWND001,2070,6756.8337
RE1,PWRSOL001S,2042,17.0067
RE1,PWRSOL001S,2043,44.1972
RE1,PWRSOL001S,2044,64.2375
RE1,PWRSOL001S,2045,1127.8968
RE1,PWRSOL001S,2046,81.5651
RE1,PWRSOL001S,2047,97.4216
RE1,PWRSOL001S,2048,105.0031
RE1,PWRSOL001S,2049,136.8804
RE1,PWRSOL001S,2050,5654.5819
RE1,PWRSOL001S,2051,152.4828
RE1,PWRSOL001S,2052,165.4127
RE1,PWRSOL001S,2053,194.7338
RE1,PWRSOL001S,2054,4118.0899
RE1,PWRSOL001S,2055,1073.5898
RE1,PWRSOL001S,2056,333.4208
RE1,PWRSOL001S,2057,354.8603
RE1,PWRSOL001S,2058,373.4563
RE1,PWRSOL001S,2059,514.736
RE1,PWRSOL001S,2060,4494.9574
RE1,PWRSOL001S,2061,484.9662
RE1,PWRSOL001S,2062,490.7623
RE1,PWRSOL001S,2063,505.9208
RE1,PWRSOL001S,2064,541.7376
RE1,PWRSOL001S,2065,673.9034
RE1,PWRSOL001S,2066,631.98
RE1,PWRSOL001S,2067,801.4311
RE1,PWRSOL001S,2068,280.5983
RE1,PWRTRN,2024,42.1766
RE1,PWRTRN,2025,27.2533
RE1,PWRTRN,2026,5.64
RE1,PWRTRN,2027,6.8681
RE1,PWRTRN,2028,7.965
RE1,PWRTRN,2029,13.4702
RE1,PWRTRN,2030,285.8718
RE1,PWRTRN,2031,14.522
RE1,PWRTRN,2032,15.5965
RE1,PWRTRN,2033,16.6161
RE1,PWRTRN,2034,17.5837
RE1,PWRTRN,2035,24.336
RE1,PWRTRN,2036,21.7214
RE1,PWRTRN,2037,29.4937
RE1,PWRTRN,2038,34.2397
RE1,PWRTRN,2039,35.6061
RE1,PWRTRN,2040,87.6777
RE1,PWRTRN,2041,9.7775
RE1,PWRTRN,2042,24.317
RE1,PWRTRN,2043,33.5026
RE1,PWRTRN,2044,34.2917
RE1,PWRTRN,2045,477.2103
RE1,PWRTRN,2046,29.076
RE1,PWRTRN,2047,28.8688
RE1,PWRTRN,2048,29.3281
RE1,PWRTRN,2049,35.3949
RE1,PWRTRN,2050,1360.3483
RE1,PWRTRN,2051,626.8499
RE1,PWRTRN,2052,35.0906
RE1,PWRTRN,2053,25.2767
RE1,PWRTRN,2055,37.4374
RE1,PWRTRN,2056,38.1766
RE1,PWRTRN,2057,38.9053
RE1,PWRTRN,2058,39.6243
RE1,PWRTRN,2059,49.7361
RE1,PWRTRN,2060,30.026
RE1,PWRTRN,2061,43.2644
RE1,PWRTRN,2062,42.4129
RE1,PWRTRN,2063,43.0909
RE1,PWRTRN,2064,46.2134
RE1,PWRTRN,2065,44.4268
RE1,PWRTRN,2066,45.0858
RE1,PWRDIST,2024,78.7327
RE1,PWRDIST,2025,47.3294
RE1,PWRDIST,2026,8.3044
RE1,PWRDIST,2027,8.7986
RE1,PWRDIST,2028,9.1208
RE1,PWRDIST,2029,13.9859
RE1,PWRDIST,2030,271.7385
RE1,PWRDIST,2031,13.1399
RE1,PWRDIST,2032,13.3157
RE1,PWRDIST,2033,13.483
RE1,PWRDIST,2034,13.642
RE1,PWRDIST,2035,18.0566
RE1,PWRDIST,2036,15.5937
RE1,PWRDIST,2037,20.4183
RE1,PWRDIST,2038,22.9932
RE1,PWRDIST,2039,23.291
RE1,PWRDIST,2040,55.5594
RE1,PWRDIST,2041,6.3661
RE1,PWRDIST,2042,15.0312
RE1,PWRDIST,2043,20.214
RE1,PWRDIST,2044,20.3463
RE1,PWRDIST,2045,274.1341
RE1,PWRDIST,2046,16.9012
RE1,PWRDIST,2047,16.5735
RE1,PWRDIST,2048,16.6343
RE1,PWRDIST,2049,19.7591
RE1,PWRDIST,2050,733.2632
RE1,PWRDIST,2051,350.8
RE1,PWRDIST,2052,18.5263
RE1,PWRDIST,2053,13.2246
RE1,PWRDIST,2055,19.2676
RE1,PWRDIST,2056,19.502
RE1,PWRDIST,2057,19.7356
RE1,PWRDIST,2058,19.9685
RE1,PWRDIST,2059,24.9097
RE1,PWRDIST,2060,14.9509
RE1,PWRDIST,2061,21.425
RE1,PWRDIST,2062,20.8951
RE1,PWRDIST,2063,21.126
RE1,PWRDIST,2064,22.5532
RE1,PWRDIST,2065,21.5876
RE1,PWRDIST,2066,21.8183
RE1,DEMTRAEVC,2024,74.9462
RE1,DEMTRAEVC,2025,11.678
RE1,DEMTRAEVC,2026,2.1978
RE1,DEMTRAEVC,2027,2.5603
RE1,DEMTRAEVC,2028,3.1331
RE1,DEMTRAEVC,2029,3.5475
RE1,DEMTRAEVC,2030,3.9007
RE1,DEMTRAEVC,2031,3.5066
RE1,DEMTRAEVC,2032,3.771
RE1,DEMTRAEVC,2033,4.0228
RE1,DEMTRAEVC,2034,11.506
RE1,DEMTRAEVC,2035,7.4773
RE1,DEMTRAEVC,2036,2.7669
RE1,DEMTRAEVC,2037,3.3815
RE1,DEMTRAEVC,2038,3.3797
RE1,DEMTRAEVC,2039,3.6059
RE1,DEMTRAEVC,2040,7.6252
RE1,DEMTRAEVC,2042,4.8192
RE1,DEMTRAEVC,2043,4.5272
RE1,DEMTRAEVC,2044,4.6395
RE1,DEMTRAEVC,2045,1.0907
RE1,DEMTRAEVC,2046,4.3327
RE1,DEMTRAEVC,2047,4.419
RE1,DEMTRAEVC,2048,4.5011
RE1,DEMTRAEVC,2049,10.3224
RE1,DEMTRAEVC,2050,2018.351
RE1,DEMTRAEVC,2051,20.45
RE1,DEMTRAEVC,2052,20.9036
RE1,DEMTRAEVC,2053,21.3488
RE1,DEMTRAEVC,2054,21.7861
RE1,DEMTRAEVC,2055,22.2158
RE1,DEMTRAEVC,2056,22.6383
RE1,DEMTRAEVC,2057,23.054
RE1,DEMTRAEVC,2058,23.4633
RE1,DEMTRAEVC,2059,23.8664
RE1,DEMTRAEVC,2060,24.2638
RE1,DEMTRAEVC,2061,24.6556
RE1,DEMTRAEVC,2062,25.0424
RE1,DEMTRAEVC,2063,25.4242
RE1,DEMTRAEVC,2064,25.8014
RE1,DEMTRAEVC,2065,26.1743
RE1,DEMTRAEVC,2066,64.8607
RE1,DEMTRAEVC,2067,42.8049
RE1,DEMTRAEVC,2070,27.9826
RE1,DEMTRAMCYELC,2057,0.0
RE1,DEMTRAMCYELC,2058,0.0
RE1,DEMTRAMCYELC,2059,0.0
RE1,DEMTRAMCYELC,2060,0.0
RE1,DEMTRAMCYELC,2061,0.0
RE1,DEMTRAMCYELC,2062,0.0
RE1,DEMTRAMCYELC,2063,0.0
RE1,DEMTRAMCYELC,2064,0.0
RE1,DEMTRAMCYELC,2065,0.0
RE1,DEMTRAMCYELC,2066,0.0
RE1,DEMTRAMCYELC,2067,0.0
RE1,DEMTRAMCYELC,2068,0.0
RE1,DEMTRAMCYELC,2069,0.0001
RE1,DEMTRAMCYELC,2070,0.0
RE1,DEMTRACARELC,2052,0.0
RE1,DEMTRACARELC,2053,0.0
RE1,DEMTRACARELC,2054,0.0
RE1,DEMTRACARELC,2055,0.0
RE1,DEMTRACARELC,2056,0.0
RE1,DEMTRACARELC,2057,0.0
RE1,DEMTRACARELC,2058,0.0
RE1,DEMTRACARELC,2059,0.0
RE1,DEMTRACARELC,2060,0.0
RE1,DEMTRACARELC,2061,0.0
RE1,DEMTRACARELC,2062,0.0
RE1,DEMTRACARELC,2063,0.0
RE1,DEMTRACARELC,2064,0.0
RE1,DEMTRACARELC,2065,0.0
RE1,DEMTRACARELC,2066,0.0
RE1,DEMTRACARELC,2067,0.0
RE1,DEMTRACARELC,2069,0.0
RE1,DEMTRACARELC,2070,0.0003
RE1,DEMTRABUSELC,2052,22.8528
RE1,DEMTRABUSELC,2053,44.9626
RE1,DEMTRABUSELC,2054,66.3605
RE1,DEMTRABUSELC,2055,87.0767
RE1,DEMTRABUSELC,2056,107.14
RE1,DEMTRABUSELC,2057,126.5781
RE1,DEMTRABUSELC,2058,145.4177
RE1,DEMTRABUSELC,2059,163.6843
RE1,DEMTRABUSELC,2060,181.4023
RE1,DEMTRABUSELC,2061,198.5954
RE1,DEMTRABUSELC,2062,215.2862
RE1,DEMTRABUSELC,2063,231.4963
RE1,DEMTRABUSELC,2064,247.2467
RE1,DEMTRABUSELC,2065,262.5573
RE1,DEMTRABUSELC,2066,277.4474
RE1,DEMTRABUSELC,2067,291.9354
RE1,DEMTRABUSELC,2068,306.039
RE1,DEMTRABUSELC,2069,319.7754
RE1,DEMTRABUSELC,2070,38120.751
RE1,DEMINDELC,2062,0.0
RE1,DEMINDELC,2063,0.0
RE1,DEMINDELC,2064,0.0
RE1,DEMINDELC,2065,0.0
RE1,DEMINDELC,2066,0.0
RE1,DEMINDELC,2067,0.0
RE1,DEMINDELC,2068,0.0
RE1,DEMINDELC,2069,0.0
RE1,DEMINDELC,2070,0.0
RE1,INDENEFFDP,2062,8.621
RE1,INDENEFFDP,2063,16.9074
RE1,INDENEFFDP,2064,273.2645
RE1,INDENEFFDP,2065,38.1178
RE1,INDENEFFDP,2066,49.6221
RE1,INDENEFFDP,2067,53.8737
RE1,INDENEFFDP,2068,61.6667
RE1,INDENEFFDP,2069,15.8053
RE1,DEMINDHEEH,2057,1.4026
RE1,DEMINDHEEH,2058,2.7468
RE1,DEMINDHEEH,2059,7.0652
RE1,DEMINDHEEH,2060,234.67
RE1,DEMINDHEEH,2061,9.3685
RE1,DEMINDHEEH,2062,11.0003
RE1,DEMINDHEEH,2063,12.5609
RE1,DEMINDHEEH,2064,8.532
RE1,DEMINDHEEH,2065,11.5627
RE1,DEMINDHEEH,2066,16.4096
RE1,DEMINDHEEH,2067,33.8387
RE1,DEMINDHEEH,2068,17.5007
RE1,DEMINDHEEH,2069,26.1171
RE1,DEMINDHEEH,2070,62.9184
RE1,DEMINDHEEL,2057,0.5113
RE1,DEMINDHEEL,2058,3.4913
RE1,DEMINDHEEL,2059,5.2836
RE1,DEMINDHEEL,2060,119.2045
RE1,DEMINDHEEL,2061,5.1009
RE1,DEMINDHEEL,2062,5.955
RE1,DEMINDHEEL,2063,10.229
RE1,DEMINDHEEL,2064,3.6643
RE1,DEMINDHEEL,2065,35.2678
RE1,DEMINDHEEL,2070,44.0565
RE1,DEMINDHEBIO,2068,32.8201
RE1,DEMINDHEBIO,2069,68.4362
RE1,DEMRESELC,2062,0.0
RE1,DEMRESELC,2063,0.0
RE1,DEMRESELC,2064,0.0
RE1,DEMRESELC,2065,0.0
RE1,DEMRESELC,2066,0.0
RE1,DEMRESELC,2067,0.0
RE1,DEMRESELC,2068,0.0
RE1,DEMRESELC,2069,0.0
RE1,DEMRESELC,2070,0.0
RE1,RESENEFFDP,2062,4.3036
RE1,RESENEFFDP,2063,8.4402
RE1,RESENEFFDP,2064,136.4143
RE1,RESENEFFDP,2065,19.0285
RE1,RESENEFFDP,2066,24.7715
RE1,RESENEFFDP,2067,26.8939
RE1,RESENEFFDP,2068,30.7842
RE1,RESENEFFDP,2069,7.89
RE1,DEMRESCKNELC,2042,0.2834
RE1,DEMRESCKNELC,2043,0.3759
RE1,DEMRESCKNELC,2044,0.5503
RE1,DEMRESCKNELC,2045,5.0734
RE1,DEMRESCKNELC,2046,0.6264
RE1,DEMRESCKNELC,2047,0.6959
RE1,DEMRESCKNELC,2048,0.8217
RE1,DEMRESCKNELC,2049,0.9969
RE1,DEMRESCKNELC,2050,20.1047
RE1,DEMRESCKNELC,2051,1.157
RE1,DEMRESCKNELC,2052,1.2549
RE1,DEMRESCKNELC,2054,55.3654
RE1,DEMRESCKNELC,2055,22.3482
RE1,DEMRESCKNELC,2056,3.3551
RE1,DEMRESCKNELC,2057,3.7513
RE1,DEMRESCKNELC,2058,3.9275
RE1,DEMRESCKNELC,2059,5.3223
RE1,DEMRESCKNELC,2060,23.7776
RE1,DEMRESCKNELC,2061,4.8843
RE1,DEMRESCKNELC,2062,4.6504
RE1,DEMRESCKNELC,2063,4.7881
RE1,DEMRESCKNELC,2064,5.4155
RE1,DEMRESCKNELC,2065,5.2855
RE1,DEMRESCKNELC,2066,5.0115
RE1,DEMRESCKNELC,2068,0.3379
RE1,DEMRESHEBIO,2068,10.574
RE1,DEMRESHEBIO,2069,0.9618
RE1,DEMRESHEEL,2060,27.1233
RE1,DEMRESHEEL,2061,1.8436
RE1,DEMRESHEEL,2062,3.1165
RE1,DEMRESHEEL,2064,2.733
RE1,DEMRESHEEL,2065,9.9199
RE1,DEMRESHEEL,2070,9.6834
RE1,DEMCOMELC,2062,0.0
RE1,DEMCOMELC,2063,0.0
RE1,DEMCOMELC,2064,0.0
RE1,DEMCOMELC,2065,0.0
RE1,DEMCOMELC,2066,0.0
RE1,DEMCOMELC,2067,0.0
RE1,DEMCOMELC,2068,0.0
RE1,DEMCOMELC,2069,0.0
RE1,DEMCOMELC,2070,0.0
RE1,COMENEFFDP,2062,4.448
RE1,COMENEFFDP,2063,8.7234
RE1,COMENEFFDP,2064,140.9905
RE1,COMENEFFDP,2065,19.6668
RE1,COMENEFFDP,2066,25.6025
RE1,COMENEFFDP,2067,27.7961
RE1,COMENEFFDP,2068,31.8169
RE1,COMENEFFDP,2069,8.1547
RE1,DEMCOMHEBIO,2068,0.7526
RE1,DEMCOMHEEL,2060,13.2246
RE1,DEMCOMHEEL,2061,1.0986
RE1,DEMCOMHEEL,2064,6.6121
RE1,DEMCOMHEEL,2065,4.8887
