r,t,y,NewCapacity
RE1,MINOIL,2023,2141.6499
RE1,MINBIO,2015,1083.1531
RE1,MINBIO,2016,1039.3006
RE1,MINBIO,2017,1077.9026
RE1,MINBIO,2018,1116.6381
RE1,MINBIO,2019,1137.3915
RE1,MINBIO,2020,1170.5173
RE1,MINBIO,2021,1197.7543
RE1,MINBIO,2022,1212.6691
RE1,MINBIO,2023,1227.5592
RE1,MINBIO,2024,970.0932
RE1,MINBIO,2025,980.4769
RE1,MINBIO,2026,991.9534
RE1,MINBIO,2027,1003.415
RE1,MINBIO,2028,1014.8628
RE1,MINBIO,2029,1026.2974
RE1,MINBIO,2030,1037.7195
RE1,MINBIO,2031,876.0543
RE1,MINBIO,2032,886.2781
RE1,MINBIO,2033,896.4828
RE1,MINBIO,2034,906.6696
RE1,MINBIO,2035,902.945
RE1,MINBIO,2036,900.0939
RE1,MINBIO,2037,892.3415
RE1,MINBIO,2038,881.9306
RE1,MINBIO,2039,871.5337
RE1,MINBIO,2040,760.6672
RE1,MINBIO,2041,817.0715
RE1,MINBIO,2042,838.2119
RE1,MINBIO,2043,826.7642
RE1,MINBIO,2044,815.3296
RE1,MINBIO,2045,135.1318
RE1,MINBIO,2046,97.9886
RE1,MINBIO,2047,62.08
RE1,MINBIO,2048,38.544
RE1,MINBIO,2049,24.7069
RE1,MINBIO,2050,12.2957
RE1,MINBIO,2068,69.6342
RE1,MINBIO,2069,172.9362
RE1,MINCOA,2015,1201.8754
RE1,MINCOA,2016,1120.3443
RE1,MINCOA,2017,1132.6138
RE1,MINCOA,2018,1566.9786
RE1,MINCOA,2019,1583.6154
RE1,MINCOA,2020,1600.227
RE1,MINCOA,2021,1611.7533
RE1,MINCOA,2022,1623.2624
RE1,MINCOA,2023,1634.7554
RE1,MINCOA,2024,1646.233
RE1,MINCOA,2025,1463.0699
RE1,MINCOA,2026,1482.4043
RE1,MINCOA,2027,1495.044
RE1,MINCOA,2028,1507.6687
RE1,MINCOA,2029,1481.9824
RE1,MINCOA,2030,691.9478
RE1,MINCOA,2031,650.7559
RE1,MINCOA,2032,650.7559
RE1,MINCOA,2033,650.7559
RE1,MINCOA,2034,650.7559
RE1,MINCOA,2035,650.7559
RE1,MINCOA,2036,650.7559
RE1,MINCOA,2037,537.9773
RE1,MINCOA,2038,526.4844
RE1,MINCOA,2039,515.0067
RE1,MINCOA,2040,465.6232
RE1,MINCOA,2041,465.6232
RE1,MINCOA,2042,413.9376
RE1,MINCOA,2043,413.9376
RE1,MINCOA,2044,413.9376
RE1,MINCOA,2045,413.9376
RE1,MINCOA,2046,413.9376
RE1,MINCOA,2047,413.9376
RE1,MINCOA,2048,413.9376
RE1,MINCOA,2049,413.9376
RE1,MINCOA,2050,413.9376
RE1,MINCOA,2051,413.9376
RE1,MINCOA,2052,413.9376
RE1,MINCOA,2053,413.9376
RE1,MINCOA,2054,413.9376
RE1,MINCOA,2055,413.9376
RE1,MINCOA,2056,413.9376
RE1,MINCOA,2057,413.9376
RE1,MINCOA,2058,413.9376
RE1,MINCOA,2059,413.9376
RE1,MINCOA,2060,413.9376
RE1,MINCOA,2061,413.9376
RE1,MINCOA,2062,413.9376
RE1,MINCOA,2063,413.9376
RE1,MINCOA,2064,413.9376
RE1,MINCOA,2065,413.9376
RE1,MINCOA,2066,413.9376
RE1,MINCOA,2067,413.9376
RE1,MINCOA,2068,413.9376
RE1,MINCOA,2069,413.9376
RE1,IMPLFO,2015,5550.7897
RE1,IMPLFO,2016,5742.9384
RE1,IMPLFO,2017,5873.1206
RE1,IMPLFO,2018,6018.0952
RE1,IMPLFO,2019,6157.2479
RE1,IMPLFO,2020,6296.3538
RE1,IMPLFO,2021,6407.281
RE1,IMPLFO,2022,6518.1763
RE1,IMPLFO,2023,4712.0633
RE1,IMPLFO,2024,5072.582
RE1,IMPLFO,2025,5155.3181
RE1,IMPLFO,2026,5247.4691
RE1,IMPLFO,2027,5339.6049
RE1,IMPLFO,2028,5431.7261
RE1,IMPLFO,2029,5523.8336
RE1,IMPLFO,2030,5615.9282
RE1,IMPLFO,2031,5692.1347
RE1,IMPLFO,2032,5768.3203
RE1,IMPLFO,2033,5844.4861
RE1,IMPLFO,2034,5920.6331
RE1,IMPLFO,2035,5996.7624
RE1,IMPLFO,2036,6066.1645
RE1,IMPLFO,2037,6135.5564
RE1,IMPLFO,2038,6204.9387
RE1,IMPLFO,2039,6274.3116
RE1,IMPLFO,2040,6343.6755
RE1,IMPLFO,2041,6409.6778
RE1,IMPLFO,2042,6475.6735
RE1,IMPLFO,2043,6541.6628
RE1,IMPLFO,2044,6607.6459
RE1,IMPLFO,2045,6673.623
RE1,IMPLFO,2046,6725.2117
RE1,IMPLFO,2047,6776.7977
RE1,IMPLFO,2048,6828.3811
RE1,IMPLFO,2049,6849.4113
RE1,IMPNGS,2015,416.8286
RE1,IMPNGS,2028,446.0684
RE1,IMPNGS,2029,499.3384
RE1,IMPNGS,2030,537.5283
RE1,IMPNGS,2031,721.9228
RE1,IMPNGS,2032,765.589
RE1,IMPNGS,2033,809.2267
RE1,IMPNGS,2034,852.8359
RE1,IMPNGS,2035,896.4167
RE1,IMPNGS,2036,934.116
RE1,IMPNGS,2037,1026.2943
RE1,IMPNGS,2038,1061.1988
RE1,IMPNGS,2039,1096.0805
RE1,IMPNGS,2040,1130.9396
RE1,IMPNGS,2041,1165.0394
RE1,IMPNGS,2042,1227.2105
RE1,IMPNGS,2043,1261.266
RE1,IMPNGS,2044,1295.2994
RE1,IMPNGS,2045,1329.3106
RE1,IMPNGS,2046,1369.6927
RE1,IMPNGS,2047,1417.7239
RE1,IMPNGS,2048,1450.6116
RE1,IMPNGS,2049,1488.3719
RE1,IMPNGS,2050,3168.5301
RE1,IMPNGS,2051,3214.55
RE1,IMPNGS,2052,3252.4836
RE1,IMPNGS,2053,3290.7968
RE1,IMPNGS,2054,3329.4935
RE1,IMPNGS,2055,3368.5777
RE1,IMPNGS,2056,3408.0534
RE1,IMPNGS,2057,3447.9245
RE1,IMPNGS,2058,3488.1952
RE1,IMPNGS,2059,3545.1981
RE1,IMPNGS,2060,3568.1046
RE1,IMPNGS,2061,3611.4459
RE1,IMPNGS,2062,3653.3564
RE1,IMPNGS,2063,3695.6874
RE1,IMPNGS,2064,3748.3619
RE1,IMPNGS,2065,3791.5471
RE1,IMPNGS,2066,3835.1659
RE1,IMPNGS,2067,3879.223
RE1,IMPNGS,2068,3923.7227
RE1,IMPNGS,2069,3968.6697
RE1,MINNGS,2015,377.8348
RE1,MINNGS,2016,796.9507
RE1,MINNGS,2017,806.5935
RE1,MINNGS,2018,614.6363
RE1,MINNGS,2019,672.5961
RE1,MINNGS,2020,725.873
RE1,MINNGS,2021,763.3577
RE1,MINNGS,2022,810.4567
RE1,MINNGS,2023,846.9226
RE1,MINNGS,2024,335.9972
RE1,MINNGS,2025,335.9972
RE1,MINNGS,2026,369.6202
RE1,MINNGS,2027,407.8568
RE1,MINSOL,2015,19.2273
RE1,MINSOL,2016,33.282
RE1,MINSOL,2017,36.6855
RE1,MINSOL,2018,40.2789
RE1,MINSOL,2019,40.5636
RE1,MINSOL,2020,40.5636
RE1,MINSOL,2021,41.6077
RE1,MINSOL,2022,41.6077
RE1,MINSOL,2023,41.6077
RE1,MINSOL,2024,882.959
RE1,MINSOL,2025,882.959
RE1,MINSOL,2026,882.959
RE1,MINSOL,2027,882.959
RE1,MINSOL,2028,882.959
RE1,MINSOL,2029,882.959
RE1,MINSOL,2030,882.959
RE1,MINSOL,2031,882.959
RE1,MINSOL,2032,882.959
RE1,MINSOL,2033,882.959
RE1,MINSOL,2034,882.959
RE1,MINSOL,2035,863.7787
RE1,MINSOL,2036,849.724
RE1,MINSOL,2037,846.3205
RE1,MINSOL,2038,842.7271
RE1,MINSOL,2039,842.4424
RE1,MINSOL,2040,842.4424
RE1,MINSOL,2041,841.3983
RE1,MINSOL,2042,841.3983
RE1,MINSOL,2043,841.3983
RE1,MINSOL,2044,841.3512
RE1,MINSOL,2045,841.3512
RE1,MINSOL,2046,841.3512
RE1,MINSOL,2047,841.3512
RE1,MINSOL,2048,841.3512
RE1,MINSOL,2049,841.3512
RE1,MINSOL,2050,841.3512
RE1,MINSOL,2051,841.3512
RE1,MINSOL,2052,841.3512
RE1,MINSOL,2053,810.6823
RE1,MINWND,2015,1.5132
RE1,MINWND,2016,3.2785
RE1,MINWND,2017,4.061
RE1,MINWND,2018,7.1325
RE1,MINWND,2019,9.745
RE1,MINWND,2020,9.745
RE1,MINWND,2021,9.9907
RE1,MINWND,2022,9.9907
RE1,MINWND,2023,9.9907
RE1,MINWND,2024,9.9907
RE1,MINWND,2025,9.9907
RE1,MINWND,2026,9.9907
RE1,MINWND,2027,9.9907
RE1,MINWND,2028,9.9907
RE1,MINWND,2029,9.9907
RE1,MINWND,2030,9.9907
RE1,MINWND,2031,9.9907
RE1,MINWND,2032,9.9907
RE1,MINWND,2033,9.9907
RE1,MINWND,2034,9.9907
RE1,MINWND,2035,9.9907
RE1,MINWND,2036,8.2254
RE1,MINWND,2037,8.2254
RE1,MINWND,2038,8.2254
RE1,MINWND,2039,8.2254
RE1,MINWND,2040,8.2254
RE1,MINWND,2041,8.2254
RE1,MINWND,2042,8.2254
RE1,MINWND,2043,8.2254
RE1,MINWND,2044,8.2254
RE1,MINWND,2045,8.2254
RE1,MINWND,2046,8.2254
RE1,MINWND,2047,3.2785
RE1,MINWND,2048,2.5866
RE1,MINWND,2049,2.5866
RE1,MINWND,2070,2376.2544
RE1,MINGEO,2024,1.4486
RE1,MINGEO,2025,1.4486
RE1,MINGEO,2026,1.4486
RE1,MINGEO,2027,1.4486
RE1,MINGEO,2028,1.4486
RE1,MINGEO,2029,1.4486
RE1,MINGEO,2030,1.4486
RE1,MINGEO,2031,1.4486
RE1,MINGEO,2032,1.4486
RE1,MINGEO,2033,1.4486
RE1,MINGEO,2034,1.4486
RE1,MINGEO,2035,1.4486
RE1,MINGEO,2036,1.4486
RE1,MINGEO,2037,1.4486
RE1,MINGEO,2038,1.4486
RE1,MINGEO,2039,1.4486
RE1,MINGEO,2040,1.4486
RE1,MINGEO,2041,1.4486
RE1,MINGEO,2042,1.4486
RE1,MINGEO,2043,1.4486
RE1,MINGEO,2044,1.4486
RE1,MINGEO,2045,1.4486
RE1,MINGEO,2046,1.4486
RE1,MINGEO,2047,1.4486
RE1,MINGEO,2048,1.4486
RE1,MINGEO,2049,1.4486
RE1,MINGEO,2050,1.4486
RE1,MINGEO,2051,1.4486
RE1,MINGEO,2052,1.4486
RE1,MINGEO,2053,1.4486
RE1,MINGEO,2054,1.4486
RE1,MINGEO,2055,1.4486
RE1,MINGEO,2056,1.4486
RE1,MINGEO,2057,1.4486
RE1,MINGEO,2058,1.4486
RE1,MINGEO,2059,1.4486
RE1,MINGEO,2060,1.4486
RE1,MINGEO,2061,1.4486
RE1,MINGEO,2062,1.4486
RE1,MINGEO,2063,1.4486
RE1,MINGEO,2064,1.4486
RE1,MINGEO,2065,1.4486
RE1,MINGEO,2066,1.4486
RE1,MINGEO,2067,1.4486
RE1,MINGEO,2068,1.4486
RE1,MINGEO,2069,1.4486
RE1,MINGEO,2070,1.4486
RE1,MINHYD,2015,51.7481
RE1,MINHYD,2016,51.7481
RE1,MINHYD,2017,51.7481
RE1,MINHYD,2018,51.7481
RE1,MINHYD,2019,51.7481
RE1,MINHYD,2020,51.7481
RE1,MINHYD,2021,51.7481
RE1,MINHYD,2022,51.7481
RE1,MINHYD,2023,51.7481
RE1,MINHYD,2024,71.6301
RE1,MINHYD,2025,71.6301
RE1,MINHYD,2026,71.6301
RE1,MINHYD,2027,71.6301
RE1,MINHYD,2028,71.6301
RE1,MINHYD,2029,71.6301
RE1,MINHYD,2030,71.6301
RE1,MINHYD,2031,71.6301
RE1,MINHYD,2032,71.6301
RE1,MINHYD,2033,71.6301
RE1,MINHYD,2034,71.6301
RE1,MINHYD,2035,71.6301
RE1,MINHYD,2036,71.6301
RE1,MINHYD,2037,71.6301
RE1,MINHYD,2038,71.6301
RE1,MINHYD,2039,71.6301
RE1,MINHYD,2040,71.6301
RE1,MINHYD,2041,71.6301
RE1,MINHYD,2042,71.6301
RE1,MINHYD,2043,71.6301
RE1,MINHYD,2044,71.6301
RE1,MINHYD,2045,71.6301
RE1,MINHYD,2046,71.6301
RE1,MINHYD,2047,71.6301
RE1,MINHYD,2048,71.6301
RE1,MINHYD,2049,71.6301
RE1,MINHYD,2050,71.6301
RE1,MINHYD,2051,71.6301
RE1,MINHYD,2052,71.6301
RE1,MINHYD,2053,71.6301
RE1,MINHYD,2054,71.6301
RE1,MINHYD,2055,71.6301
RE1,MINHYD,2056,71.6301
RE1,MINHYD,2057,71.6301
RE1,MINHYD,2058,71.6301
RE1,MINHYD,2059,71.6301
RE1,MINHYD,2060,71.6301
RE1,MINHYD,2061,71.6301
RE1,MINHYD,2062,71.6301
RE1,MINHYD,2063,71.6301
RE1,MINHYD,2064,62.0649
RE1,MINHYD,2065,62.0649
RE1,MINHYD,2066,62.0649
RE1,MINHYD,2067,62.0649
RE1,MINHYD,2068,62.0649
RE1,MINHYD,2069,62.0649
RE1,MINHYD,2070,62.0649
RE1,PWRCOA001,2018,5.2858
RE1,PWRGEO,2024,0.0066
RE1,PWRNGS001,2026,1.8251
RE1,PWRNGS001,2027,1.2249
RE1,PWRNGS001,2028,1.3481
RE1,PWRNGS001,2029,1.8286
RE1,PWRNGS001,2030,2.3995
RE1,PWRNGS001,2031,6.1513
RE1,PWRNGS001,2032,1.3989
RE1,PWRNGS001,2033,2.224
RE1,PWRNGS001,2034,1.7371
RE1,PWRNGS001,2035,1.3962
RE1,PWRNGS001,2036,1.2077
RE1,PWRNGS001,2037,2.953
RE1,PWRNGS001,2038,3.9862
RE1,PWRNGS001,2039,1.1175
RE1,PWRNGS001,2040,1.8207
RE1,PWRNGS001,2041,1.5044
RE1,PWRNGS001,2042,1.9917
RE1,PWRNGS001,2043,1.091
RE1,PWRNGS001,2044,2.6903
RE1,PWRNGS001,2045,2.6896
RE1,PWRNGS001,2046,1.2937
RE1,PWRNGS001,2047,1.5387
RE1,PWRNGS001,2048,1.0536
RE1,PWRNGS001,2049,1.2097
RE1,PWRNGS001,2050,53.8255
RE1,PWRNGS001,2051,1.4743
RE1,PWRNGS001,2052,1.2152
RE1,PWRNGS001,2053,1.2274
RE1,PWRNGS001,2054,1.2397
RE1,PWRNGS001,2055,1.2521
RE1,PWRNGS001,2056,3.0898
RE1,PWRNGS001,2057,2.5023
RE1,PWRNGS001,2058,2.6383
RE1,PWRNGS001,2059,3.6547
RE1,PWRNGS001,2060,3.1333
RE1,PWRNGS001,2061,7.5397
RE1,PWRNGS001,2062,2.7415
RE1,PWRNGS001,2063,3.5801
RE1,PWRNGS001,2064,3.4245
RE1,PWRNGS001,2065,2.7796
RE1,PWRNGS001,2066,2.6051
RE1,PWRNGS001,2067,4.3644
RE1,PWRNGS001,2068,5.4118
RE1,PWRNGS001,2069,2.5574
RE1,PWRSOL001,2024,62.0476
RE1,PWRHYD001,2024,0.7255
RE1,PWRHYD001,2051,3.639
RE1,PWRHYD001,2064,0.7255
RE1,PWRHYD002,2024,0.0295
RE1,PWRHYD002,2051,0.148
RE1,PWRHYD002,2064,0.0295
RE1,PWRHYD003,2024,0.63
RE1,PWRWND001,2070,75.7831
RE1,PWRSOL001S,2024,68.9226
RE1,PWRSOL001S,2025,25.5926
RE1,PWRSOL001S,2026,3.3511
RE1,PWRSOL001S,2027,3.4809
RE1,PWRSOL001S,2028,3.541
RE1,PWRSOL001S,2029,5.3613
RE1,PWRSOL001S,2030,103.4617
RE1,PWRSOL001S,2031,4.8379
RE1,PWRSOL001S,2032,4.8301
RE1,PWRSOL001S,2033,4.8226
RE1,PWRSOL001S,2034,4.8153
RE1,PWRSOL001S,2035,7.7389
RE1,PWRSOL001S,2036,6.522
RE1,PWRSOL001S,2037,7.2516
RE1,PWRSOL001S,2038,8.0776
RE1,PWRSOL001S,2039,7.8566
RE1,PWRSOL001S,2040,18.6628
RE1,PWRSOL001S,2041,2.0953
RE1,PWRSOL001S,2042,4.879
RE1,PWRSOL001S,2043,6.5474
RE1,PWRSOL001S,2044,6.5433
RE1,PWRSOL001S,2045,88.9648
RE1,PWRSOL001S,2046,5.307
RE1,PWRSOL001S,2047,5.4523
RE1,PWRSOL001S,2048,5.1923
RE1,PWRSOL001S,2049,6.1116
RE1,PWRSOL001S,2050,231.2701
RE1,PWRSOL001S,2051,5.7407
RE1,PWRSOL001S,2052,5.7891
RE1,PWRSOL001S,2053,6.3871
RE1,PWRSOL001S,2054,127.4443
RE1,PWRSOL001S,2055,31.5296
RE1,PWRSOL001S,2056,9.3382
RE1,PWRSOL001S,2057,9.5186
RE1,PWRSOL001S,2058,9.6297
RE1,PWRSOL001S,2059,12.8009
RE1,PWRSOL001S,2060,108.1242
RE1,PWRSOL001S,2061,11.3128
RE1,PWRSOL001S,2062,11.1276
RE1,PWRSOL001S,2063,11.1733
RE1,PWRSOL001S,2064,11.6756
RE1,PWRSOL001S,2065,14.1977
RE1,PWRSOL001S,2066,13.0355
RE1,PWRSOL001S,2067,16.2072
RE1,PWRSOL001S,2068,5.5707
RE1,PWRTRNIMP,2015,3.135
RE1,PWRTRNIMP,2016,3.7339
RE1,PWRTRNIMP,2017,4.3449
RE1,PWRTRNIMP,2018,4.6598
RE1,PWRTRNIMP,2019,4.7646
RE1,PWRTRNIMP,2020,4.8461
RE1,PWRTRNIMP,2021,4.8953
RE1,PWRTRNIMP,2022,4.9576
RE1,PWRTRNIMP,2023,5.0199
RE1,PWRTRNIMP,2024,7.3479
RE1,PWRTRNIMP,2025,8.4806
RE1,PWRTRNIMP,2026,8.5179
RE1,PWRTRNIMP,2027,8.5374
RE1,PWRTRNIMP,2028,8.5569
RE1,PWRTRNIMP,2029,8.5566
RE1,PWRTRNIMP,2030,8.5755
RE1,PWRTRNIMP,2031,8.5972
RE1,PWRTRNIMP,2032,8.6189
RE1,PWRTRNIMP,2033,8.6406
RE1,PWRTRNIMP,2034,8.6623
RE1,PWRTRNIMP,2035,8.6839
RE1,PWRTRNIMP,2036,8.7022
RE1,PWRTRNIMP,2037,8.7195
RE1,PWRTRNIMP,2038,8.7368
RE1,PWRTRNIMP,2039,8.7542
RE1,PWRTRNIMP,2040,8.7715
RE1,PWRTRNIMP,2041,8.7884
RE1,PWRTRNIMP,2042,8.8053
RE1,PWRTRNIMP,2043,8.8223
RE1,PWRTRNIMP,2044,8.8392
RE1,PWRTRNIMP,2045,8.8561
RE1,PWRTRNIMP,2046,8.8677
RE1,PWRTRNIMP,2047,8.8818
RE1,PWRTRNIMP,2048,8.8938
RE1,PWRTRNIMP,2049,8.9054
RE1,PWRTRNIMP,2050,8.9183
RE1,PWRTRNIMP,2051,8.9307
RE1,PWRTRNIMP,2052,8.9432
RE1,PWRTRNIMP,2053,8.9559
RE1,PWRTRNIMP,2054,8.9687
RE1,PWRTRNIMP,2055,8.9816
RE1,PWRTRNIMP,2056,8.9947
RE1,PWRTRNIMP,2057,9.0079
RE1,PWRTRNIMP,2058,9.0213
RE1,PWRTRNIMP,2059,9.3226
RE1,PWRTRNIMP,2060,9.0811
RE1,PWRTRNIMP,2061,9.0624
RE1,PWRTRNIMP,2062,9.0764
RE1,PWRTRNIMP,2063,9.0905
RE1,PWRTRNIMP,2064,9.0431
RE1,PWRTRNIMP,2065,9.0575
RE1,PWRTRNIMP,2066,9.0722
RE1,PWRTRNIMP,2067,9.0869
RE1,PWRTRNIMP,2068,9.1019
RE1,PWRTRNIMP,2069,9.117
RE1,PWRTRNIMP,2070,9.5953
RE1,PWRTRN,2024,17.229
RE1,PWRTRN,2025,8.5499
RE1,PWRTRN,2026,1.4492
RE1,PWRTRN,2027,1.5053
RE1,PWRTRN,2028,1.5313
RE1,PWRTRN,2029,2.3185
RE1,PWRTRN,2030,44.7416
RE1,PWRTRN,2031,2.0921
RE1,PWRTRN,2032,2.0888
RE1,PWRTRN,2033,2.0855
RE1,PWRTRN,2034,2.0824
RE1,PWRTRN,2035,2.735
RE1,PWRTRN,2036,2.328
RE1,PWRTRN,2037,3.0274
RE1,PWRTRN,2038,3.3785
RE1,PWRTRN,2039,3.3885
RE1,PWRTRN,2040,8.0706
RE1,PWRTRN,2041,0.8728
RE1,PWRTRN,2042,2.1099
RE1,PWRTRN,2043,2.8314
RE1,PWRTRN,2044,2.8281
RE1,PWRTRN,2045,38.4725
RE1,PWRTRN,2046,2.295
RE1,PWRTRN,2047,2.234
RE1,PWRTRN,2048,2.2281
RE1,PWRTRN,2049,2.6429
RE1,PWRTRN,2050,99.9471
RE1,PWRTRN,2051,45.3625
RE1,PWRTRN,2052,2.5035
RE1,PWRTRN,2053,1.7794
RE1,PWRTRN,2055,2.5719
RE1,PWRTRN,2056,2.5937
RE1,PWRTRN,2057,2.6156
RE1,PWRTRN,2058,2.6377
RE1,PWRTRN,2059,3.2801
RE1,PWRTRN,2060,1.9629
RE1,PWRTRN,2061,2.8049
RE1,PWRTRN,2062,2.7282
RE1,PWRTRN,2063,2.7513
RE1,PWRTRN,2064,2.93
RE1,PWRTRN,2065,2.7981
RE1,PWRTRN,2066,2.8218
RE1,PWRDIST,2024,13.7417
RE1,PWRDIST,2025,8.0751
RE1,PWRDIST,2026,1.3872
RE1,PWRDIST,2027,1.441
RE1,PWRDIST,2028,1.4664
RE1,PWRDIST,2029,2.2101
RE1,PWRDIST,2030,42.2519
RE1,PWRDIST,2031,2.0123
RE1,PWRDIST,2032,2.0104
RE1,PWRDIST,2033,2.0087
RE1,PWRDIST,2034,2.007
RE1,PWRDIST,2035,2.6252
RE1,PWRDIST,2036,2.242
RE1,PWRDIST,2037,2.9051
RE1,PWRDIST,2038,3.2392
RE1,PWRDIST,2039,3.2507
RE1,PWRDIST,2040,7.6864
RE1,PWRDIST,2041,0.8734
RE1,PWRDIST,2042,2.0462
RE1,PWRDIST,2043,2.7313
RE1,PWRDIST,2044,2.73
RE1,PWRDIST,2045,36.5389
RE1,PWRDIST,2046,2.2386
RE1,PWRDIST,2047,2.1822
RE1,PWRDIST,2048,2.1779
RE1,PWRDIST,2049,2.5733
RE1,PWRDIST,2050,95.0139
RE1,PWRDIST,2051,45.2384
RE1,PWRDIST,2052,2.3783
RE1,PWRDIST,2053,1.6904
RE1,PWRDIST,2055,2.4433
RE1,PWRDIST,2056,2.464
RE1,PWRDIST,2057,2.4848
RE1,PWRDIST,2058,2.5058
RE1,PWRDIST,2059,3.1161
RE1,PWRDIST,2060,1.8647
RE1,PWRDIST,2061,2.6646
RE1,PWRDIST,2062,2.5918
RE1,PWRDIST,2063,2.6137
RE1,PWRDIST,2064,2.7835
RE1,PWRDIST,2065,2.6582
RE1,PWRDIST,2066,2.6807
RE1,PWRHYD004,2024,0.07
RE1,PWRTRNEXP,2015,0.277
RE1,PWRTRNEXP,2016,0.1731
RE1,PWRTRNEXP,2017,0.1385
RE1,PWRTRNEXP,2018,0.1385
RE1,PWRTRNEXP,2019,0.1385
RE1,PWRTRNEXP,2020,0.1385
RE1,PWRTRNEXP,2021,0.1385
RE1,PWRTRNEXP,2022,0.1385
RE1,PWRTRNEXP,2023,0.1385
RE1,PWRTRNEXP,2024,0.9695
RE1,PWRTRNEXP,2025,0.9695
RE1,PWRTRNEXP,2026,0.9695
RE1,PWRTRNEXP,2027,0.9695
RE1,PWRTRNEXP,2028,0.9695
RE1,PWRTRNEXP,2029,0.9695
RE1,PWRTRNEXP,2030,0.9695
RE1,PWRTRNEXP,2031,0.9695
RE1,PWRTRNEXP,2032,0.9695
RE1,PWRTRNEXP,2033,0.9695
RE1,PWRTRNEXP,2034,0.9695
RE1,PWRTRNEXP,2035,0.9695
RE1,PWRTRNEXP,2036,0.9695
RE1,PWRTRNEXP,2037,0.9695
RE1,PWRTRNEXP,2038,0.9695
RE1,PWRTRNEXP,2039,0.9695
RE1,PWRTRNEXP,2040,0.9695
RE1,PWRTRNEXP,2041,0.9695
RE1,PWRTRNEXP,2042,0.9695
RE1,PWRTRNEXP,2043,0.9695
RE1,PWRTRNEXP,2044,0.9695
RE1,PWRTRNEXP,2045,0.9695
RE1,PWRTRNEXP,2046,0.9695
RE1,PWRTRNEXP,2047,0.9695
RE1,PWRTRNEXP,2048,0.9695
RE1,PWRTRNEXP,2049,0.9695
RE1,PWRTRNEXP,2050,0.9695
RE1,PWRTRNEXP,2051,0.9695
RE1,PWRTRNEXP,2052,0.9695
RE1,PWRTRNEXP,2053,0.9695
RE1,PWRTRNEXP,2054,3.2521
RE1,PWRTRNEXP,2055,3.2791
RE1,PWRTRNEXP,2056,3.3064
RE1,PWRTRNEXP,2057,3.334
RE1,PWRTRNEXP,2058,3.362
RE1,PWRTRNEXP,2059,3.7392
RE1,PWRTRNEXP,2060,3.4187
RE1,PWRTRNEXP,2061,3.4476
RE1,PWRTRNEXP,2062,3.4768
RE1,PWRTRNEXP,2063,3.5063
RE1,PWRTRNEXP,2064,3.5362
RE1,PWRTRNEXP,2065,3.5663
RE1,PWRTRNEXP,2066,3.5968
RE1,PWRTRNEXP,2067,0.831
RE1,PWRTRNEXP,2068,0.831
RE1,PWRTRNEXP,2069,3.6904
RE1,PWRTRNEXP,2070,0.2564
RE1,DEMTRAEVC,2024,15.4418
RE1,DEMTRAEVC,2025,1.8479
RE1,DEMTRAEVC,2026,0.2848
RE1,DEMTRAEVC,2027,0.283
RE1,DEMTRAEVC,2028,0.3038
RE1,DEMTRAEVC,2029,0.308
RE1,DEMTRAEVC,2030,0.3079
RE1,DEMTRAEVC,2031,0.2548
RE1,DEMTRAEVC,2032,0.2547
RE1,DEMTRAEVC,2033,0.2547
RE1,DEMTRAEVC,2034,0.6873
RE1,DEMTRAEVC,2035,0.4238
RE1,DEMTRAEVC,2036,0.1496
RE1,DEMTRAEVC,2037,0.1751
RE1,DEMTRAEVC,2038,0.1682
RE1,DEMTRAEVC,2039,0.1731
RE1,DEMTRAEVC,2040,0.354
RE1,DEMTRAEVC,2042,0.2109
RE1,DEMTRAEVC,2043,0.193
RE1,DEMTRAEVC,2044,0.193
RE1,DEMTRAEVC,2045,0.0443
RE1,DEMTRAEVC,2046,0.1725
RE1,DEMTRAEVC,2047,0.1725
RE1,DEMTRAEVC,2048,0.1725
RE1,DEMTRAEVC,2049,0.3888
RE1,DEMTRAEVC,2050,74.7954
RE1,DEMTRAEVC,2051,0.7464
RE1,DEMTRAEVC,2052,0.7522
RE1,DEMTRAEVC,2053,0.758
RE1,DEMTRAEVC,2054,0.7639
RE1,DEMTRAEVC,2055,0.7698
RE1,DEMTRAEVC,2056,0.7757
RE1,DEMTRAEVC,2057,0.7817
RE1,DEMTRAEVC,2058,0.7878
RE1,DEMTRAEVC,2059,0.7939
RE1,DEMTRAEVC,2060,0.8
RE1,DEMTRAEVC,2061,0.8062
RE1,DEMTRAEVC,2062,0.8125
RE1,DEMTRAEVC,2063,0.8188
RE1,DEMTRAEVC,2064,0.8251
RE1,DEMTRAEVC,2065,0.8315
RE1,DEMTRAEVC,2066,2.0475
RE1,DEMTRAEVC,2067,1.3433
RE1,DEMTRAEVC,2070,0.8642
RE1,DEMTRAMCYELC,2024,13.9115
RE1,DEMTRAMCYELC,2025,1.6647
RE1,DEMTRAMCYELC,2026,0.2566
RE1,DEMTRAMCYELC,2027,0.255
RE1,DEMTRAMCYELC,2028,0.2737
RE1,DEMTRAMCYELC,2029,0.2774
RE1,DEMTRAMCYELC,2030,0.2774
RE1,DEMTRAMCYELC,2031,0.2296
RE1,DEMTRAMCYELC,2032,0.2295
RE1,DEMTRAMCYELC,2033,0.2294
RE1,DEMTRAMCYELC,2034,0.6192
RE1,DEMTRAMCYELC,2035,0.3818
RE1,DEMTRAMCYELC,2036,0.1347
RE1,DEMTRAMCYELC,2037,0.1577
RE1,DEMTRAMCYELC,2038,0.1515
RE1,DEMTRAMCYELC,2039,14.0674
RE1,DEMTRAMCYELC,2040,1.9837
RE1,DEMTRAMCYELC,2041,0.2566
RE1,DEMTRAMCYELC,2042,0.445
RE1,DEMTRAMCYELC,2043,0.4476
RE1,DEMTRAMCYELC,2044,0.4513
RE1,DEMTRAMCYELC,2045,0.3174
RE1,DEMTRAMCYELC,2046,0.3849
RE1,DEMTRAMCYELC,2047,0.3849
RE1,DEMTRAMCYELC,2048,0.3848
RE1,DEMTRAMCYELC,2049,0.7745
RE1,DEMTRAMCYELC,2050,0.5372
RE1,DEMTRAMCYELC,2051,0.2938
RE1,DEMTRAMCYELC,2052,0.318
RE1,DEMTRAMCYELC,2053,0.313
RE1,DEMTRAMCYELC,2054,14.2301
RE1,DEMTRAMCYELC,2055,2.1477
RE1,DEMTRAMCYELC,2056,0.4218
RE1,DEMTRAMCYELC,2057,0.6115
RE1,DEMTRAMCYELC,2058,0.6154
RE1,DEMTRAMCYELC,2059,0.6204
RE1,DEMTRAMCYELC,2060,0.4878
RE1,DEMTRAMCYELC,2061,0.5567
RE1,DEMTRAMCYELC,2062,0.5579
RE1,DEMTRAMCYELC,2063,0.5592
RE1,DEMTRAMCYELC,2064,0.9503
RE1,DEMTRAMCYELC,2065,0.7143
RE1,DEMTRAMCYELC,2066,0.5879
RE1,DEMTRAMCYELC,2067,0.9702
RE1,DEMTRAMCYELC,2068,0.1511
RE1,DEMTRAMCYELC,2069,14.168
RE1,DEMTRAMCYELC,2070,2.3317
RE1,DEMTRACARELC,2049,0.1949
RE1,DEMTRACARELC,2050,44.6956
RE1,DEMTRACARELC,2051,0.3419
RE1,DEMTRACARELC,2052,0.3445
RE1,DEMTRACARELC,2053,0.3472
RE1,DEMTRACARELC,2054,0.3499
RE1,DEMTRACARELC,2055,0.3526
RE1,DEMTRACARELC,2056,0.3553
RE1,DEMTRACARELC,2057,0.358
RE1,DEMTRACARELC,2058,0.3608
RE1,DEMTRACARELC,2059,0.3636
RE1,DEMTRACARELC,2060,0.3664
RE1,DEMTRACARELC,2061,0.3692
RE1,DEMTRACARELC,2062,0.3721
RE1,DEMTRACARELC,2063,0.375
RE1,DEMTRACARELC,2064,0.3779
RE1,DEMTRACARELC,2065,0.3808
RE1,DEMTRACARELC,2066,1.3579
RE1,DEMTRACARELC,2067,0.3637
RE1,DEMTRACARELC,2069,0.0262
RE1,DEMTRACARELC,2070,45.0914
RE1,DEMTRABUSELC,2050,22.5322
RE1,DEMTRABUSELC,2051,0.1716
RE1,DEMTRABUSELC,2052,0.1729
RE1,DEMTRABUSELC,2053,0.1743
RE1,DEMTRABUSELC,2054,0.1756
RE1,DEMTRABUSELC,2055,0.177
RE1,DEMTRABUSELC,2056,0.1783
RE1,DEMTRABUSELC,2057,0.1797
RE1,DEMTRABUSELC,2058,0.1811
RE1,DEMTRABUSELC,2059,0.1825
RE1,DEMTRABUSELC,2060,0.1839
RE1,DEMTRABUSELC,2061,0.1853
RE1,DEMTRABUSELC,2062,0.1868
RE1,DEMTRABUSELC,2063,0.1882
RE1,DEMTRABUSELC,2064,0.1897
RE1,DEMTRABUSELC,2065,0.1911
RE1,DEMTRABUSELC,2066,0.1926
RE1,DEMTRABUSELC,2067,0.1941
RE1,DEMTRABUSELC,2068,0.1956
RE1,DEMTRABUSELC,2069,0.1971
RE1,DEMTRABUSELC,2070,22.7309
RE1,DEMTRAMCYGSL,2015,7.3231
RE1,DEMTRAMCYGSL,2016,0.2807
RE1,DEMTRAMCYGSL,2017,0.1748
RE1,DEMTRAMCYGSL,2018,0.1885
RE1,DEMTRAMCYGSL,2019,0.1822
RE1,DEMTRAMCYGSL,2020,0.1821
RE1,DEMTRAMCYGSL,2021,0.1455
RE1,DEMTRAMCYGSL,2022,0.1455
RE1,DEMTRAMCYGSL,2023,0.1454
RE1,DEMTRACARGSL,2015,16.3992
RE1,DEMTRACARGSL,2016,4.4688
RE1,DEMTRACARGSL,2030,25.7964
RE1,DEMTRABUSGSL,2015,14.5944
RE1,DEMTRABUSGSL,2018,0.1447
RE1,DEMTRABUSGSL,2019,0.337
RE1,DEMTRABUSGSL,2020,0.3369
RE1,DEMTRABUSGSL,2021,2.5431
RE1,DEMTRABUSGSL,2030,22.3646
RE1,DEMINDELC,2015,11.2574
RE1,DEMINDELC,2016,0.651
RE1,DEMINDELC,2017,0.5579
RE1,DEMINDELC,2018,0.5579
RE1,DEMINDELC,2019,0.5579
RE1,DEMINDELC,2020,0.5579
RE1,DEMINDELC,2021,0.4282
RE1,DEMINDELC,2022,0.4282
RE1,DEMINDELC,2023,0.4282
RE1,DEMINDELC,2030,0.1622
RE1,DEMINDELC,2031,0.4694
RE1,DEMINDELC,2032,0.4694
RE1,DEMINDELC,2033,0.4694
RE1,DEMINDELC,2034,0.0412
RE1,DEMINDELC,2035,0.0412
RE1,DEMINDELC,2036,0.0331
RE1,DEMINDELC,2037,0.0331
RE1,DEMINDELC,2038,0.0331
RE1,DEMINDELC,2039,0.0331
RE1,DEMINDELC,2040,0.1953
RE1,DEMINDELC,2041,0.5018
RE1,DEMINDELC,2042,0.5018
RE1,DEMINDELC,2043,0.5018
RE1,DEMINDELC,2044,0.0736
RE1,DEMINDELC,2045,0.0736
RE1,DEMINDELC,2046,0.0557
RE1,DEMINDELC,2047,0.0557
RE1,DEMINDELC,2048,0.0557
RE1,DEMINDELC,2049,0.0557
RE1,DEMINDELC,2050,0.2179
RE1,DEMINDELC,2051,0.5252
RE1,DEMINDELC,2052,0.5254
RE1,DEMINDELC,2053,0.5257
RE1,DEMINDELC,2054,0.0977
RE1,DEMINDELC,2055,0.098
RE1,DEMINDELC,2056,0.0804
RE1,DEMINDELC,2057,0.0807
RE1,DEMINDELC,2058,0.081
RE1,DEMINDELC,2059,1.2567
RE1,DEMINDELC,2062,0.1713
RE1,DEMINDELC,2063,0.5524
RE1,DEMINDELC,2064,0.1247
RE1,DEMINDELC,2065,0.1253
RE1,DEMINDELC,2066,0.108
RE1,DEMINDELC,2067,0.1086
RE1,DEMINDELC,2068,0.1092
RE1,DEMINDELC,2069,1.2852
RE1,DEMINDELC,2070,3.2049
RE1,INDENEFFDP,2024,11.3536
RE1,INDENEFFDP,2025,0.1959
RE1,INDENEFFDP,2026,0.4422
RE1,INDENEFFDP,2027,0.3314
RE1,INDENEFFDP,2028,0.3314
RE1,INDENEFFDP,2029,0.208
RE1,INDENEFFDP,2030,0.3283
RE1,INDENEFFDP,2031,0.3752
RE1,INDENEFFDP,2032,0.3752
RE1,INDENEFFDP,2033,0.3752
RE1,INDENEFFDP,2034,11.7288
RE1,INDENEFFDP,2035,0.5711
RE1,INDENEFFDP,2036,0.7442
RE1,INDENEFFDP,2037,0.6335
RE1,INDENEFFDP,2038,0.6335
RE1,INDENEFFDP,2039,0.5101
RE1,INDENEFFDP,2040,0.6303
RE1,INDENEFFDP,2041,0.671
RE1,INDENEFFDP,2042,0.671
RE1,INDENEFFDP,2043,0.671
RE1,INDENEFFDP,2044,12.0245
RE1,INDENEFFDP,2045,0.8669
RE1,INDENEFFDP,2046,0.9502
RE1,INDENEFFDP,2047,0.8394
RE1,INDENEFFDP,2048,0.8394
RE1,INDENEFFDP,2049,0.716
RE1,INDENEFFDP,2050,0.8363
RE1,INDENEFFDP,2051,0.8839
RE1,INDENEFFDP,2052,0.8862
RE1,INDENEFFDP,2053,0.8886
RE1,INDENEFFDP,2054,12.2446
RE1,INDENEFFDP,2055,1.0894
RE1,INDENEFFDP,2056,1.1752
RE1,INDENEFFDP,2057,1.067
RE1,INDENEFFDP,2058,1.0695
RE1,INDENEFFDP,2059,0.0444
RE1,INDENEFFDP,2060,2.1803
RE1,INDENEFFDP,2061,0.9172
RE1,INDENEFFDP,2062,1.1268
RE1,INDENEFFDP,2063,1.1318
RE1,INDENEFFDP,2064,12.4906
RE1,INDENEFFDP,2065,1.3381
RE1,INDENEFFDP,2066,1.4267
RE1,INDENEFFDP,2067,1.3212
RE1,INDENEFFDP,2068,1.3266
RE1,INDENEFFDP,2069,0.3044
RE1,DEMINDHEEH,2029,0.7818
RE1,DEMINDHEEH,2030,45.4587
RE1,DEMINDHEEH,2031,0.6035
RE1,DEMINDHEEH,2032,0.6024
RE1,DEMINDHEEH,2033,0.6013
RE1,DEMINDHEEH,2035,0.2119
RE1,DEMINDHEEH,2036,0.548
RE1,DEMINDHEEH,2037,0.9598
RE1,DEMINDHEEH,2038,1.1831
RE1,DEMINDHEEH,2039,1.1817
RE1,DEMINDHEEH,2040,3.492
RE1,DEMINDHEEH,2041,0.3561
RE1,DEMINDHEEH,2042,0.5683
RE1,DEMINDHEEH,2043,0.5679
RE1,DEMINDHEEH,2044,1.3494
RE1,DEMINDHEEH,2045,46.0259
RE1,DEMINDHEEH,2046,1.0396
RE1,DEMINDHEEH,2047,1.0383
RE1,DEMINDHEEH,2048,1.0371
RE1,DEMINDHEEH,2049,0.4356
RE1,DEMINDHEEH,2050,0.6474
RE1,DEMINDHEEH,2051,0.9938
RE1,DEMINDHEEH,2052,1.409
RE1,DEMINDHEEH,2053,1.6356
RE1,DEMINDHEEH,2054,1.6377
RE1,DEMINDHEEH,2055,3.9515
RE1,DEMINDHEEH,2056,0.8191
RE1,DEMINDHEEH,2057,1.0348
RE1,DEMINDHEEH,2058,1.038
RE1,DEMINDHEEH,2059,1.823
RE1,DEMINDHEEH,2060,46.5032
RE1,DEMINDHEEH,2061,1.5205
RE1,DEMINDHEEH,2062,1.5229
RE1,DEMINDHEEH,2063,1.5254
RE1,DEMINDHEEH,2064,0.9276
RE1,DEMINDHEEH,2065,1.1431
RE1,DEMINDHEEH,2066,1.4933
RE1,DEMINDHEEH,2067,2.8626
RE1,DEMINDHEEH,2068,1.3875
RE1,DEMINDHEEH,2069,1.9537
RE1,DEMINDHEEH,2070,4.4664
RE1,DEMINDHEEL,2035,0.4661
RE1,DEMINDHEEL,2036,0.3909
RE1,DEMINDHEEL,2037,0.6737
RE1,DEMINDHEEL,2038,0.8494
RE1,DEMINDHEEL,2039,0.8484
RE1,DEMINDHEEL,2040,2.5692
RE1,DEMINDHEEL,2043,0.9141
RE1,DEMINDHEEL,2044,0.8634
RE1,DEMINDHEEL,2045,31.0059
RE1,DEMINDHEEL,2046,0.2909
RE1,DEMINDHEEL,2047,0.8176
RE1,DEMINDHEEL,2048,0.4709
RE1,DEMINDHEEL,2049,0.4618
RE1,DEMINDHEEL,2050,3.9638
RE1,DEMINDHEEL,2051,1.1543
RE1,DEMINDHEEL,2052,1.2241
RE1,DEMINDHEEL,2053,1.3201
RE1,DEMINDHEEL,2054,0.9427
RE1,DEMINDHEEL,2055,1.8924
RE1,DEMINDHEEL,2056,0.2603
RE1,DEMINDHEEL,2057,0.4776
RE1,DEMINDHEEL,2058,1.6712
RE1,DEMINDHEEL,2059,1.7277
RE1,DEMINDHEEL,2060,29.9615
RE1,DEMINDHEEL,2061,1.0508
RE1,DEMINDHEEL,2062,1.0465
RE1,DEMINDHEEL,2063,1.577
RE1,DEMINDHEEL,2064,0.5059
RE1,DEMINDHEEL,2065,4.4272
RE1,DEMINDHEEL,2070,3.975
RE1,DEMINDHEBIO,2015,17.0071
RE1,DEMINDHEBIO,2022,0.1604
RE1,DEMINDHEBIO,2023,0.2474
RE1,DEMINDHEBIO,2024,0.2471
RE1,DEMINDHEBIO,2025,0.2468
RE1,DEMINDHEBIO,2026,0.2724
RE1,DEMINDHEBIO,2027,0.2721
RE1,DEMINDHEBIO,2028,0.2718
RE1,DEMINDHEBIO,2029,0.2715
RE1,DEMINDHEBIO,2030,17.2782
RE1,DEMINDHEBIO,2031,0.2445
RE1,DEMINDHEBIO,2032,0.244
RE1,DEMINDHEBIO,2033,0.2436
RE1,DEMINDHEBIO,2034,0.2431
RE1,DEMINDHEBIO,2068,1.6923
RE1,DEMINDHEBIO,2069,3.3301
RE1,DEMRESELC,2015,5.6197
RE1,DEMRESELC,2016,0.325
RE1,DEMRESELC,2017,0.2785
RE1,DEMRESELC,2018,0.2785
RE1,DEMRESELC,2019,0.2785
RE1,DEMRESELC,2020,0.2785
RE1,DEMRESELC,2021,0.2138
RE1,DEMRESELC,2022,0.2138
RE1,DEMRESELC,2023,0.2138
RE1,DEMRESELC,2030,0.081
RE1,DEMRESELC,2031,0.2343
RE1,DEMRESELC,2032,0.2343
RE1,DEMRESELC,2033,0.2343
RE1,DEMRESELC,2034,0.0205
RE1,DEMRESELC,2035,0.0205
RE1,DEMRESELC,2036,0.0165
RE1,DEMRESELC,2037,0.0165
RE1,DEMRESELC,2038,0.0165
RE1,DEMRESELC,2039,0.0165
RE1,DEMRESELC,2040,0.0975
RE1,DEMRESELC,2041,0.2505
RE1,DEMRESELC,2042,0.2505
RE1,DEMRESELC,2043,0.2505
RE1,DEMRESELC,2044,0.0367
RE1,DEMRESELC,2045,0.0367
RE1,DEMRESELC,2046,0.0278
RE1,DEMRESELC,2047,0.0278
RE1,DEMRESELC,2048,0.0278
RE1,DEMRESELC,2049,0.0278
RE1,DEMRESELC,2050,0.1088
RE1,DEMRESELC,2051,0.2622
RE1,DEMRESELC,2052,0.2623
RE1,DEMRESELC,2053,0.2624
RE1,DEMRESELC,2054,0.0488
RE1,DEMRESELC,2055,0.0489
RE1,DEMRESELC,2056,0.0401
RE1,DEMRESELC,2057,0.0403
RE1,DEMRESELC,2058,0.0404
RE1,DEMRESELC,2059,0.6274
RE1,DEMRESELC,2062,0.0855
RE1,DEMRESELC,2063,0.2757
RE1,DEMRESELC,2064,0.0623
RE1,DEMRESELC,2065,0.0625
RE1,DEMRESELC,2066,0.0539
RE1,DEMRESELC,2067,0.0542
RE1,DEMRESELC,2068,0.0545
RE1,DEMRESELC,2069,0.6416
RE1,DEMRESELC,2070,1.5999
RE1,RESENEFFDP,2024,5.6677
RE1,RESENEFFDP,2025,0.0978
RE1,RESENEFFDP,2026,0.2207
RE1,RESENEFFDP,2027,0.1654
RE1,RESENEFFDP,2028,0.1654
RE1,RESENEFFDP,2029,0.1038
RE1,RESENEFFDP,2030,0.1639
RE1,RESENEFFDP,2031,0.1873
RE1,RESENEFFDP,2032,0.1873
RE1,RESENEFFDP,2033,0.1873
RE1,RESENEFFDP,2034,5.855
RE1,RESENEFFDP,2035,0.2851
RE1,RESENEFFDP,2036,0.3715
RE1,RESENEFFDP,2037,0.3162
RE1,RESENEFFDP,2038,0.3162
RE1,RESENEFFDP,2039,0.2546
RE1,RESENEFFDP,2040,0.3146
RE1,RESENEFFDP,2041,0.3349
RE1,RESENEFFDP,2042,0.3349
RE1,RESENEFFDP,2043,0.3349
RE1,RESENEFFDP,2044,6.0027
RE1,RESENEFFDP,2045,0.4327
RE1,RESENEFFDP,2046,0.4743
RE1,RESENEFFDP,2047,0.419
RE1,RESENEFFDP,2048,0.419
RE1,RESENEFFDP,2049,0.3574
RE1,RESENEFFDP,2050,0.4175
RE1,RESENEFFDP,2051,0.4412
RE1,RESENEFFDP,2052,0.4424
RE1,RESENEFFDP,2053,0.4436
RE1,RESENEFFDP,2054,6.1126
RE1,RESENEFFDP,2055,0.5438
RE1,RESENEFFDP,2056,0.5867
RE1,RESENEFFDP,2057,0.5326
RE1,RESENEFFDP,2058,0.5339
RE1,RESENEFFDP,2059,0.0222
RE1,RESENEFFDP,2060,1.0884
RE1,RESENEFFDP,2061,0.4579
RE1,RESENEFFDP,2062,0.5625
RE1,RESENEFFDP,2063,0.565
RE1,RESENEFFDP,2064,6.2353
RE1,RESENEFFDP,2065,0.668
RE1,RESENEFFDP,2066,0.7122
RE1,RESENEFFDP,2067,0.6595
RE1,RESENEFFDP,2068,0.6622
RE1,RESENEFFDP,2069,0.152
RE1,DEMRESCKNELC,2024,129.0976
RE1,DEMRESCKNELC,2025,41.3806
RE1,DEMRESCKNELC,2026,3.2727
RE1,DEMRESCKNELC,2027,3.6978
RE1,DEMRESCKNELC,2028,3.7159
RE1,DEMRESCKNELC,2029,4.5817
RE1,DEMRESCKNELC,2030,37.346
RE1,DEMRESCKNELC,2031,3.8996
RE1,DEMRESCKNELC,2032,3.8927
RE1,DEMRESCKNELC,2033,3.8861
RE1,DEMRESCKNELC,2034,3.88
RE1,DEMRESCKNELC,2035,4.2113
RE1,DEMRESCKNELC,2036,3.643
RE1,DEMRESCKNELC,2037,4.2854
RE1,DEMRESCKNELC,2038,4.5343
RE1,DEMRESCKNELC,2039,4.4147
RE1,DEMRESCKNELC,2040,8.059
RE1,DEMRESCKNELC,2042,5.8579
RE1,DEMRESCKNELC,2043,3.9793
RE1,DEMRESCKNELC,2044,3.9779
RE1,DEMRESCKNELC,2045,28.166
RE1,DEMRESCKNELC,2046,2.8482
RE1,DEMRESCKNELC,2047,2.6991
RE1,DEMRESCKNELC,2048,2.7956
RE1,DEMRESCKNELC,2049,3.0365
RE1,DEMRESCKNELC,2050,55.6831
RE1,DEMRESCKNELC,2051,2.9498
RE1,DEMRESCKNELC,2052,2.9742
RE1,DEMRESCKNELC,2054,116.0299
RE1,DEMRESCKNELC,2055,44.4458
RE1,DEMRESCKNELC,2056,6.3633
RE1,DEMRESCKNELC,2057,6.8141
RE1,DEMRESCKNELC,2058,6.858
RE1,DEMRESCKNELC,2059,8.9632
RE1,DEMRESCKNELC,2060,38.7322
RE1,DEMRESCKNELC,2061,7.7156
RE1,DEMRESCKNELC,2062,7.1404
RE1,DEMRESCKNELC,2063,7.1609
RE1,DEMRESCKNELC,2064,7.9038
RE1,DEMRESCKNELC,2065,7.5407
RE1,DEMRESCKNELC,2066,7.0
RE1,DEMRESCKNELC,2068,0.4542
RE1,DEMRESHEBIO,2015,3.3713
RE1,DEMRESHEBIO,2019,0.0817
RE1,DEMRESHEBIO,2020,0.0841
RE1,DEMRESHEBIO,2021,0.0626
RE1,DEMRESHEBIO,2022,0.0624
RE1,DEMRESHEBIO,2023,0.0623
RE1,DEMRESHEBIO,2024,0.0621
RE1,DEMRESHEBIO,2025,0.062
RE1,DEMRESHEBIO,2026,0.068
RE1,DEMRESHEBIO,2027,0.0678
RE1,DEMRESHEBIO,2028,0.0677
RE1,DEMRESHEBIO,2029,0.0676
RE1,DEMRESHEBIO,2030,3.4388
RE1,DEMRESHEBIO,2031,0.0618
RE1,DEMRESHEBIO,2032,0.0616
RE1,DEMRESHEBIO,2033,0.0614
RE1,DEMRESHEBIO,2034,0.143
RE1,DEMRESHEBIO,2068,0.5452
RE1,DEMRESHEBIO,2069,0.0468
RE1,DEMRESHEEL,2035,0.2788
RE1,DEMRESHEEL,2036,0.2124
RE1,DEMRESHEEL,2037,0.2191
RE1,DEMRESHEEL,2038,0.1975
RE1,DEMRESHEEL,2039,0.2124
RE1,DEMRESHEEL,2040,0.6575
RE1,DEMRESHEEL,2043,0.1844
RE1,DEMRESHEEL,2044,0.2177
RE1,DEMRESHEEL,2045,5.9589
RE1,DEMRESHEEL,2046,0.5319
RE1,DEMRESHEEL,2048,0.6054
RE1,DEMRESHEEL,2049,0.0515
RE1,DEMRESHEEL,2050,1.394
RE1,DEMRESHEEL,2051,0.0114
RE1,DEMRESHEEL,2052,0.1593
RE1,DEMRESHEEL,2053,0.1715
RE1,DEMRESHEEL,2055,1.5701
RE1,DEMRESHEEL,2056,0.2135
RE1,DEMRESHEEL,2060,6.8173
RE1,DEMRESHEEL,2061,0.3798
RE1,DEMRESHEEL,2062,0.5477
RE1,DEMRESHEEL,2064,0.3773
RE1,DEMRESHEEL,2065,1.2453
RE1,DEMRESHEEL,2070,0.8737
RE1,DEMCOMELC,2015,5.8082
RE1,DEMCOMELC,2016,0.3359
RE1,DEMCOMELC,2017,0.2879
RE1,DEMCOMELC,2018,0.2879
RE1,DEMCOMELC,2019,0.2879
RE1,DEMCOMELC,2020,0.2879
RE1,DEMCOMELC,2021,0.2209
RE1,DEMCOMELC,2022,0.2209
RE1,DEMCOMELC,2023,0.2209
RE1,DEMCOMELC,2030,0.0837
RE1,DEMCOMELC,2031,0.2422
RE1,DEMCOMELC,2032,0.2422
RE1,DEMCOMELC,2033,0.2422
RE1,DEMCOMELC,2034,0.0212
RE1,DEMCOMELC,2035,0.0212
RE1,DEMCOMELC,2036,0.0171
RE1,DEMCOMELC,2037,0.0171
RE1,DEMCOMELC,2038,0.0171
RE1,DEMCOMELC,2039,0.0171
RE1,DEMCOMELC,2040,0.1008
RE1,DEMCOMELC,2041,0.2589
RE1,DEMCOMELC,2042,0.2589
RE1,DEMCOMELC,2043,0.2589
RE1,DEMCOMELC,2044,0.038
RE1,DEMCOMELC,2045,0.038
RE1,DEMCOMELC,2046,0.0287
RE1,DEMCOMELC,2047,0.0287
RE1,DEMCOMELC,2048,0.0287
RE1,DEMCOMELC,2049,0.0287
RE1,DEMCOMELC,2050,0.1124
RE1,DEMCOMELC,2051,0.271
RE1,DEMCOMELC,2052,0.2711
RE1,DEMCOMELC,2053,0.2712
RE1,DEMCOMELC,2054,0.0504
RE1,DEMCOMELC,2055,0.0506
RE1,DEMCOMELC,2056,0.0415
RE1,DEMCOMELC,2057,0.0416
RE1,DEMCOMELC,2058,0.0418
RE1,DEMCOMELC,2059,0.6484
RE1,DEMCOMELC,2062,0.0884
RE1,DEMCOMELC,2063,0.285
RE1,DEMCOMELC,2064,0.0643
RE1,DEMCOMELC,2065,0.0646
RE1,DEMCOMELC,2066,0.0557
RE1,DEMCOMELC,2067,0.056
RE1,DEMCOMELC,2068,0.0563
RE1,DEMCOMELC,2069,0.6631
RE1,DEMCOMELC,2070,1.6536
RE1,COMENEFFDP,2024,5.8579
RE1,COMENEFFDP,2025,0.1011
RE1,COMENEFFDP,2026,0.2282
RE1,COMENEFFDP,2027,0.171
RE1,COMENEFFDP,2028,0.171
RE1,COMENEFFDP,2029,0.1073
RE1,COMENEFFDP,2030,0.1694
RE1,COMENEFFDP,2031,0.1936
RE1,COMENEFFDP,2032,0.1936
RE1,COMENEFFDP,2033,0.1936
RE1,COMENEFFDP,2034,6.0514
RE1,COMENEFFDP,2035,0.2946
RE1,COMENEFFDP,2036,0.384
RE1,COMENEFFDP,2037,0.3268
RE1,COMENEFFDP,2038,0.3268
RE1,COMENEFFDP,2039,0.2632
RE1,COMENEFFDP,2040,0.3252
RE1,COMENEFFDP,2041,0.3462
RE1,COMENEFFDP,2042,0.3462
RE1,COMENEFFDP,2043,0.3462
RE1,COMENEFFDP,2044,6.204
RE1,COMENEFFDP,2045,0.4473
RE1,COMENEFFDP,2046,0.4903
RE1,COMENEFFDP,2047,0.4331
RE1,COMENEFFDP,2048,0.4331
RE1,COMENEFFDP,2049,0.3694
RE1,COMENEFFDP,2050,0.4315
RE1,COMENEFFDP,2051,0.456
RE1,COMENEFFDP,2052,0.4573
RE1,COMENEFFDP,2053,0.4585
RE1,COMENEFFDP,2054,6.3176
RE1,COMENEFFDP,2055,0.5621
RE1,COMENEFFDP,2056,0.6064
RE1,COMENEFFDP,2057,0.5505
RE1,COMENEFFDP,2058,0.5518
RE1,COMENEFFDP,2059,0.0229
RE1,COMENEFFDP,2060,1.1249
RE1,COMENEFFDP,2061,0.4732
RE1,COMENEFFDP,2062,0.5814
RE1,COMENEFFDP,2063,0.584
RE1,COMENEFFDP,2064,6.4445
RE1,COMENEFFDP,2065,0.6904
RE1,COMENEFFDP,2066,0.7361
RE1,COMENEFFDP,2067,0.6817
RE1,COMENEFFDP,2068,0.6844
RE1,COMENEFFDP,2069,0.1571
RE1,DEMCOMHEBIO,2015,1.4833
RE1,DEMCOMHEBIO,2016,0.0754
RE1,DEMCOMHEBIO,2017,0.0376
RE1,DEMCOMHEBIO,2018,0.0376
RE1,DEMCOMHEBIO,2019,0.0376
RE1,DEMCOMHEBIO,2020,0.0376
RE1,DEMCOMHEBIO,2021,0.0306
RE1,DEMCOMHEBIO,2022,0.0306
RE1,DEMCOMHEBIO,2023,0.0306
RE1,DEMCOMHEBIO,2024,0.0306
RE1,DEMCOMHEBIO,2025,0.0306
RE1,DEMCOMHEBIO,2026,0.0347
RE1,DEMCOMHEBIO,2027,0.0347
RE1,DEMCOMHEBIO,2028,0.0347
RE1,DEMCOMHEBIO,2029,0.0347
RE1,DEMCOMHEBIO,2030,1.5181
RE1,DEMCOMHEBIO,2031,0.104
RE1,DEMCOMHEBIO,2032,0.0662
RE1,DEMCOMHEBIO,2033,0.0662
RE1,DEMCOMHEBIO,2034,0.0662
RE1,DEMCOMHEBIO,2068,0.0388
RE1,DEMCOMHEEL,2035,0.1271
RE1,DEMCOMHEEL,2036,0.1094
RE1,DEMCOMHEEL,2037,0.0961
RE1,DEMCOMHEEL,2038,0.1052
RE1,DEMCOMHEEL,2039,0.1052
RE1,DEMCOMHEEL,2040,0.3247
RE1,DEMCOMHEEL,2043,0.0913
RE1,DEMCOMHEEL,2044,0.1077
RE1,DEMCOMHEEL,2045,2.7235
RE1,DEMCOMHEEL,2046,0.3205
RE1,DEMCOMHEEL,2047,0.2798
RE1,DEMCOMHEEL,2049,0.7178
RE1,DEMCOMHEEL,2050,0.4198
RE1,DEMCOMHEEL,2052,0.0621
RE1,DEMCOMHEEL,2053,0.0314
RE1,DEMCOMHEEL,2055,0.5589
RE1,DEMCOMHEEL,2060,3.3239
RE1,DEMCOMHEEL,2061,0.2263
RE1,DEMCOMHEEL,2064,0.9129
RE1,DEMCOMHEEL,2065,0.6137
RE1,DEMINDHECOA,2015,25.5106
RE1,DEMINDHECOA,2022,0.2405
RE1,DEMINDHECOA,2023,0.3711
RE1,DEMINDHECOA,2024,0.3706
RE1,DEMINDHECOA,2025,0.3702
RE1,DEMINDHECOA,2026,0.4087
RE1,DEMINDHECOA,2027,0.4081
RE1,DEMINDHECOA,2028,0.4077
