r,t,f,y,ProductionByTechnologyAnnual
RE1,COMENEFFDP,COMELC,2024,233.6666
RE1,COMENEFFDP,COMELC,2025,238.8134
RE1,COMENEFFDP,COMELC,2026,246.799
RE1,COMENEFFDP,COMELC,2027,253.6194
RE1,COMENEFFDP,COMELC,2028,260.4399
RE1,COMENEFFDP,COMELC,2029,265.9629
RE1,COMENEFFDP,COMELC,2030,272.7502
RE1,COMENEFFDP,COMELC,2031,280.5081
RE1,COMENEFFDP,COMELC,2032,288.2661
RE1,COMENEFFDP,COMELC,2033,296.024
RE1,COMENEFFDP,COMELC,2034,303.7819
RE1,COMENEFFDP,COMELC,2035,311.5398
RE1,COMENEFFDP,COMELC,2036,317.7854
RE1,COMENEFFDP,COMELC,2037,324.0311
RE1,COMENEFFDP,COMELC,2038,330.2767
RE1,COMENEFFDP,COMELC,2039,336.5223
RE1,COMENEFFDP,COMELC,2040,342.7681
RE1,COMENEFFDP,COMELC,2041,348.884
RE1,COMENEFFDP,COMELC,2042,354.9999
RE1,COMENEFFDP,COMELC,2043,361.1159
RE1,COMENEFFDP,COMELC,2044,367.2318
RE1,COMENEFFDP,COMELC,2045,373.3478
RE1,COMENEFFDP,COMELC,2046,377.6064
RE1,COMENEFFDP,COMELC,2047,381.8651
RE1,COMENEFFDP,COMELC,2048,386.1236
RE1,COMENEFFDP,COMELC,2049,390.3822
RE1,COMENEFFDP,COMELC,2050,394.6407
RE1,COMENEFFDP,COMELC,2051,399.0429
RE1,COMENEFFDP,COMELC,2052,403.4942
RE1,COMENEFFDP,COMELC,2053,407.9951
RE1,COMENEFFDP,COMELC,2054,412.5462
RE1,COMENEFFDP,COMELC,2055,417.1482
RE1,COMENEFFDP,COMELC,2056,421.8014
RE1,COMENEFFDP,COMELC,2057,426.5065
RE1,COMENEFFDP,COMELC,2058,431.264
RE1,COMENEFFDP,COMELC,2059,422.5069
RE1,COMENEFFDP,COMELC,2060,443.0903
RE1,COMENEFFDP,COMELC,2061,445.8577
RE1,COMENEFFDP,COMELC,2062,450.8312
RE1,COMENEFFDP,COMELC,2063,455.8602
RE1,COMENEFFDP,COMELC,2064,460.9452
RE1,COMENEFFDP,COMELC,2065,466.087
RE1,COMENEFFDP,COMELC,2066,471.2861
RE1,COMENEFFDP,COMELC,2067,476.5432
RE1,COMENEFFDP,COMELC,2068,481.8589
RE1,COMENEFFDP,COMELC,2069,487.234
RE1,COMENEFFDP,COMELC,2070,449.7225
RE1,DEMCOMELC,COMELC,2015,169.2528
RE1,DEMCOMELC,COMELC,2016,179.0399
RE1,DEMCOMELC,COMELC,2017,187.428
RE1,DEMCOMELC,COMELC,2018,195.8162
RE1,DEMCOMELC,COMELC,2019,204.2043
RE1,DEMCOMELC,COMELC,2020,212.5924
RE1,DEMCOMELC,COMELC,2021,219.0306
RE1,DEMCOMELC,COMELC,2022,225.4689
RE1,DEMCOMELC,COMELC,2023,231.9071
RE1,DEMCOMELC,COMELC,2024,4.6787
RE1,DEMCOMELC,COMELC,2025,5.9702
RE1,DEMCOMELC,COMELC,2026,4.9417
RE1,DEMCOMELC,COMELC,2027,5.0783
RE1,DEMCOMELC,COMELC,2028,5.2148
RE1,DEMCOMELC,COMELC,2029,6.649
RE1,DEMCOMELC,COMELC,2030,6.8186
RE1,DEMCOMELC,COMELC,2031,7.0126
RE1,DEMCOMELC,COMELC,2032,7.2065
RE1,DEMCOMELC,COMELC,2033,7.4005
RE1,DEMCOMELC,COMELC,2034,7.5944
RE1,DEMCOMELC,COMELC,2035,7.7883
RE1,DEMCOMELC,COMELC,2036,7.9445
RE1,DEMCOMELC,COMELC,2037,8.1006
RE1,DEMCOMELC,COMELC,2038,8.2568
RE1,DEMCOMELC,COMELC,2039,8.4129
RE1,DEMCOMELC,COMELC,2040,8.569
RE1,DEMCOMELC,COMELC,2041,8.7219
RE1,DEMCOMELC,COMELC,2042,8.8748
RE1,DEMCOMELC,COMELC,2043,9.0277
RE1,DEMCOMELC,COMELC,2044,9.1806
RE1,DEMCOMELC,COMELC,2045,9.3335
RE1,DEMCOMELC,COMELC,2046,9.44
RE1,DEMCOMELC,COMELC,2047,9.5464
RE1,DEMCOMELC,COMELC,2048,9.6529
RE1,DEMCOMELC,COMELC,2049,9.7594
RE1,DEMCOMELC,COMELC,2050,9.8658
RE1,DEMCOMELC,COMELC,2051,9.9759
RE1,DEMCOMELC,COMELC,2052,10.0872
RE1,DEMCOMELC,COMELC,2053,10.1997
RE1,DEMCOMELC,COMELC,2054,10.3135
RE1,DEMCOMELC,COMELC,2055,10.4285
RE1,DEMCOMELC,COMELC,2056,10.5448
RE1,DEMCOMELC,COMELC,2057,10.6625
RE1,DEMCOMELC,COMELC,2058,10.7814
RE1,DEMCOMELC,COMELC,2059,24.4696
RE1,DEMCOMELC,COMELC,2060,8.872
RE1,DEMCOMELC,COMELC,2061,11.1462
RE1,DEMCOMELC,COMELC,2062,11.2706
RE1,DEMCOMELC,COMELC,2063,11.3963
RE1,DEMCOMELC,COMELC,2064,11.5234
RE1,DEMCOMELC,COMELC,2065,11.652
RE1,DEMCOMELC,COMELC,2066,11.7819
RE1,DEMCOMELC,COMELC,2067,11.9134
RE1,DEMCOMELC,COMELC,2068,12.0463
RE1,DEMCOMELC,COMELC,2069,12.1806
RE1,DEMCOMELC,COMELC,2070,55.263
RE1,DEMCOMHEBIO,COMHEL,2015,37.209
RE1,DEMCOMHEBIO,COMHEL,2016,39.1015
RE1,DEMCOMHEBIO,COMHEL,2017,40.0453
RE1,DEMCOMHEBIO,COMHEL,2018,40.9891
RE1,DEMCOMHEBIO,COMHEL,2019,41.933
RE1,DEMCOMHEBIO,COMHEL,2020,42.8768
RE1,DEMCOMHEBIO,COMHEL,2021,43.6453
RE1,DEMCOMHEBIO,COMHEL,2022,44.4138
RE1,DEMCOMHEBIO,COMHEL,2023,45.1824
RE1,DEMCOMHEBIO,COMHEL,2024,45.9509
RE1,DEMCOMHEBIO,COMHEL,2025,46.7194
RE1,DEMCOMHEBIO,COMHEL,2026,47.5908
RE1,DEMCOMHEBIO,COMHEL,2027,48.4622
RE1,DEMCOMHEBIO,COMHEL,2028,49.3335
RE1,DEMCOMHEBIO,COMHEL,2029,50.2049
RE1,DEMCOMHEBIO,COMHEL,2030,51.0763
RE1,DEMCOMHEBIO,COMHEL,2031,51.7934
RE1,DEMCOMHEBIO,COMHEL,2032,52.5105
RE1,DEMCOMHEBIO,COMHEL,2033,53.2276
RE1,DEMCOMHEBIO,COMHEL,2034,53.9447
RE1,DEMCOMHEBIO,COMHEL,2035,53.0008
RE1,DEMCOMHEBIO,COMHEL,2036,52.2323
RE1,DEMCOMHEBIO,COMHEL,2037,51.4638
RE1,DEMCOMHEBIO,COMHEL,2038,50.6953
RE1,DEMCOMHEBIO,COMHEL,2039,49.9267
RE1,DEMCOMHEBIO,COMHEL,2040,45.2686
RE1,DEMCOMHEBIO,COMHEL,2041,47.4149
RE1,DEMCOMHEBIO,COMHEL,2042,47.4155
RE1,DEMCOMHEBIO,COMHEL,2043,46.5441
RE1,DEMCOMHEBIO,COMHEL,2044,45.6727
RE1,DEMCOMHEBIO,COMHEL,2045,7.5924
RE1,DEMCOMHEBIO,COMHEL,2046,4.9828
RE1,DEMCOMHEBIO,COMHEL,2047,3.3219
RE1,DEMCOMHEBIO,COMHEL,2048,1.6609
RE1,DEMCOMHEBIO,COMHEL,2068,0.9735
RE1,DEMCOMHEBIO,COMHEL,2069,0.9735
RE1,DEMCOMHEEL,COMHEL,2035,1.6609
RE1,DEMCOMHEEL,COMHEL,2036,3.0898
RE1,DEMCOMHEEL,COMHEL,2037,4.5187
RE1,DEMCOMHEEL,COMHEL,2038,5.9477
RE1,DEMCOMHEEL,COMHEL,2039,7.3765
RE1,DEMCOMHEEL,COMHEL,2040,12.695
RE1,DEMCOMHEEL,COMHEL,2041,11.1687
RE1,DEMCOMHEEL,COMHEL,2042,11.7882
RE1,DEMCOMHEEL,COMHEL,2043,13.2796
RE1,DEMCOMHEEL,COMHEL,2044,14.771
RE1,DEMCOMHEEL,COMHEL,2045,53.4714
RE1,DEMCOMHEEL,COMHEL,2046,56.5693
RE1,DEMCOMHEEL,COMHEL,2047,58.7185
RE1,DEMCOMHEEL,COMHEL,2048,60.8678
RE1,DEMCOMHEEL,COMHEL,2049,63.017
RE1,DEMCOMHEEL,COMHEL,2050,63.5053
RE1,DEMCOMHEEL,COMHEL,2051,64.0052
RE1,DEMCOMHEEL,COMHEL,2052,64.509
RE1,DEMCOMHEEL,COMHEL,2053,65.0169
RE1,DEMCOMHEEL,COMHEL,2054,65.5287
RE1,DEMCOMHEEL,COMHEL,2055,66.0446
RE1,DEMCOMHEEL,COMHEL,2056,66.5645
RE1,DEMCOMHEEL,COMHEL,2057,67.0884
RE1,DEMCOMHEEL,COMHEL,2058,67.6165
RE1,DEMCOMHEEL,COMHEL,2059,68.1488
RE1,DEMCOMHEEL,COMHEL,2060,68.6853
RE1,DEMCOMHEEL,COMHEL,2061,69.226
RE1,DEMCOMHEEL,COMHEL,2062,69.7709
RE1,DEMCOMHEEL,COMHEL,2063,70.3201
RE1,DEMCOMHEEL,COMHEL,2064,70.8737
RE1,DEMCOMHEEL,COMHEL,2065,71.4316
RE1,DEMCOMHEEL,COMHEL,2066,71.9939
RE1,DEMCOMHEEL,COMHEL,2067,72.5606
RE1,DEMCOMHEEL,COMHEL,2068,72.1584
RE1,DEMCOMHEEL,COMHEL,2069,72.7341
RE1,DEMCOMHEEL,COMHEL,2070,74.2877
RE1,DEMINDELC,INDELC,2015,328.0418
RE1,DEMINDELC,INDELC,2016,347.0108
RE1,DEMINDELC,INDELC,2017,363.2685
RE1,DEMINDELC,INDELC,2018,379.5262
RE1,DEMINDELC,INDELC,2019,395.7839
RE1,DEMINDELC,INDELC,2020,412.0416
RE1,DEMINDELC,INDELC,2021,424.52
RE1,DEMINDELC,INDELC,2022,436.9984
RE1,DEMINDELC,INDELC,2023,449.4769
RE1,DEMINDELC,INDELC,2024,9.0682
RE1,DEMINDELC,INDELC,2025,11.5714
RE1,DEMINDELC,INDELC,2026,9.5779
RE1,DEMINDELC,INDELC,2027,9.8425
RE1,DEMINDELC,INDELC,2028,10.1072
RE1,DEMINDELC,INDELC,2029,12.8868
RE1,DEMINDELC,INDELC,2030,13.2157
RE1,DEMINDELC,INDELC,2031,13.5916
RE1,DEMINDELC,INDELC,2032,13.9675
RE1,DEMINDELC,INDELC,2033,14.3434
RE1,DEMINDELC,INDELC,2034,14.7193
RE1,DEMINDELC,INDELC,2035,15.0952
RE1,DEMINDELC,INDELC,2036,15.3978
RE1,DEMINDELC,INDELC,2037,15.7005
RE1,DEMINDELC,INDELC,2038,16.0031
RE1,DEMINDELC,INDELC,2039,16.3057
RE1,DEMINDELC,INDELC,2040,16.6083
RE1,DEMINDELC,INDELC,2041,16.9047
RE1,DEMINDELC,INDELC,2042,17.201
RE1,DEMINDELC,INDELC,2043,17.4973
RE1,DEMINDELC,INDELC,2044,17.7937
RE1,DEMINDELC,INDELC,2045,18.09
RE1,DEMINDELC,INDELC,2046,18.2964
RE1,DEMINDELC,INDELC,2047,18.5027
RE1,DEMINDELC,INDELC,2048,18.709
RE1,DEMINDELC,INDELC,2049,18.9154
RE1,DEMINDELC,INDELC,2050,19.1217
RE1,DEMINDELC,INDELC,2051,19.335
RE1,DEMINDELC,INDELC,2052,19.5507
RE1,DEMINDELC,INDELC,2053,19.7688
RE1,DEMINDELC,INDELC,2054,19.9893
RE1,DEMINDELC,INDELC,2055,20.2123
RE1,DEMINDELC,INDELC,2056,20.4378
RE1,DEMINDELC,INDELC,2057,20.6657
RE1,DEMINDELC,INDELC,2058,20.8963
RE1,DEMINDELC,INDELC,2059,47.4263
RE1,DEMINDELC,INDELC,2060,17.1956
RE1,DEMINDELC,INDELC,2061,21.6034
RE1,DEMINDELC,INDELC,2062,21.8444
RE1,DEMINDELC,INDELC,2063,22.088
RE1,DEMINDELC,INDELC,2064,22.3344
RE1,DEMINDELC,INDELC,2065,22.5836
RE1,DEMINDELC,INDELC,2066,22.8355
RE1,DEMINDELC,INDELC,2067,23.0902
RE1,DEMINDELC,INDELC,2068,23.3478
RE1,DEMINDELC,INDELC,2069,23.6082
RE1,DEMINDELC,INDELC,2070,107.1094
RE1,DEMINDHEBIO,INDHEL,2015,426.6187
RE1,DEMINDHEBIO,INDHEL,2016,382.5919
RE1,DEMINDHEBIO,INDHEL,2017,389.2174
RE1,DEMINDHEBIO,INDHEL,2018,400.2481
RE1,DEMINDHEBIO,INDHEL,2019,409.232
RE1,DEMINDHEBIO,INDHEL,2020,418.2023
RE1,DEMINDHEBIO,INDHEL,2021,424.4265
RE1,DEMINDHEBIO,INDHEL,2022,430.6414
RE1,DEMINDHEBIO,INDHEL,2023,436.8476
RE1,DEMINDHEBIO,INDHEL,2024,443.0455
RE1,DEMINDHEBIO,INDHEL,2025,449.2357
RE1,DEMINDHEBIO,INDHEL,2026,456.0698
RE1,DEMINDHEBIO,INDHEL,2027,462.8953
RE1,DEMINDHEBIO,INDHEL,2028,469.7126
RE1,DEMINDHEBIO,INDHEL,2029,476.5222
RE1,DEMINDHEBIO,INDHEL,2030,483.3244
RE1,DEMINDHEBIO,INDHEL,2031,489.4573
RE1,DEMINDHEBIO,INDHEL,2032,495.5783
RE1,DEMINDHEBIO,INDHEL,2033,501.6882
RE1,DEMINDHEBIO,INDHEL,2034,507.7874
RE1,DEMINDHEBIO,INDHEL,2035,507.7874
RE1,DEMINDHEBIO,INDHEL,2036,507.7874
RE1,DEMINDHEBIO,INDHEL,2037,503.7647
RE1,DEMINDHEBIO,INDHEL,2038,497.5585
RE1,DEMINDHEBIO,INDHEL,2039,491.3606
RE1,DEMINDHEBIO,INDHEL,2040,455.7168
RE1,DEMINDHEBIO,INDHEL,2041,470.8539
RE1,DEMINDHEBIO,INDHEL,2042,471.5108
RE1,DEMINDHEBIO,INDHEL,2043,464.6935
RE1,DEMINDHEBIO,INDHEL,2044,457.884
RE1,DEMINDHEBIO,INDHEL,2045,24.463
RE1,DEMINDHEBIO,INDHEL,2046,18.3302
RE1,DEMINDHEBIO,INDHEL,2047,12.2091
RE1,DEMINDHEBIO,INDHEL,2048,6.0993
RE1,DEMINDHEBIO,INDHEL,2068,42.45
RE1,DEMINDHEBIO,INDHEL,2069,125.9837
RE1,DEMINDHECOA,INDHEH,2015,639.928
RE1,DEMINDHECOA,INDHEH,2016,573.8878
RE1,DEMINDHECOA,INDHEH,2017,583.8261
RE1,DEMINDHECOA,INDHEH,2018,600.3722
RE1,DEMINDHECOA,INDHEH,2019,613.848
RE1,DEMINDHECOA,INDHEH,2020,627.3034
RE1,DEMINDHECOA,INDHEH,2021,636.6397
RE1,DEMINDHECOA,INDHEH,2022,645.9621
RE1,DEMINDHECOA,INDHEH,2023,655.2714
RE1,DEMINDHECOA,INDHEH,2024,664.5683
RE1,DEMINDHECOA,INDHEH,2025,673.8535
RE1,DEMINDHECOA,INDHEH,2026,684.1047
RE1,DEMINDHECOA,INDHEH,2027,694.3429
RE1,DEMINDHECOA,INDHEH,2028,704.5689
RE1,DEMINDHECOA,INDHEH,2029,704.5689
RE1,DEMINDHECOA,INDHEH,2030,64.6409
RE1,DEMINDHECOA,INDHEH,2031,64.6409
RE1,DEMINDHECOA,INDHEH,2032,64.6409
RE1,DEMINDHECOA,INDHEH,2033,64.6409
RE1,DEMINDHECOA,INDHEH,2034,64.6409
RE1,DEMINDHECOA,INDHEH,2035,64.6409
RE1,DEMINDHECOA,INDHEH,2036,64.6409
RE1,DEMINDHECOA,INDHEH,2037,58.6068
RE1,DEMINDHECOA,INDHEH,2038,49.2975
RE1,DEMINDHECOA,INDHEH,2039,40.0006
RE1,DEMINDHEEH,INDHEH,2029,10.2143
RE1,DEMINDHEEH,INDHEH,2030,660.3458
RE1,DEMINDHEEH,INDHEH,2031,669.5451
RE1,DEMINDHEEH,INDHEH,2032,678.7266
RE1,DEMINDHEEH,INDHEH,2033,687.8914
RE1,DEMINDHEEH,INDHEH,2034,697.0403
RE1,DEMINDHEEH,INDHEH,2035,706.1741
RE1,DEMINDHEEH,INDHEH,2036,714.1932
RE1,DEMINDHEEH,INDHEH,2037,728.2377
RE1,DEMINDHEEH,INDHEH,2038,745.5492
RE1,DEMINDHEEH,INDHEH,2039,762.8404
RE1,DEMINDHEEH,INDHEH,2040,810.8277
RE1,DEMINDHEEH,INDHEH,2041,819.1493
RE1,DEMINDHEEH,INDHEH,2042,827.4653
RE1,DEMINDHEEH,INDHEH,2043,835.7759
RE1,DEMINDHEEH,INDHEH,2044,844.0812
RE1,DEMINDHEEH,INDHEH,2045,852.3815
RE1,DEMINDHEEH,INDHEH,2046,858.7627
RE1,DEMINDHEEH,INDHEH,2047,865.1418
RE1,DEMINDHEEH,INDHEH,2048,871.5186
RE1,DEMINDHEEH,INDHEH,2049,877.8932
RE1,DEMINDHEEH,INDHEH,2050,884.2658
RE1,DEMINDHEEH,INDHEH,2051,890.7889
RE1,DEMINDHEEH,INDHEH,2052,897.3615
RE1,DEMINDHEEH,INDHEH,2053,903.9842
RE1,DEMINDHEEH,INDHEH,2054,910.6572
RE1,DEMINDHEEH,INDHEH,2055,917.3809
RE1,DEMINDHEEH,INDHEH,2056,924.1559
RE1,DEMINDHEEH,INDHEH,2057,930.9824
RE1,DEMINDHEEH,INDHEH,2058,937.8608
RE1,DEMINDHEEH,INDHEH,2059,944.7916
RE1,DEMINDHEEH,INDHEH,2060,951.7752
RE1,DEMINDHEEH,INDHEH,2061,958.8118
RE1,DEMINDHEEH,INDHEH,2062,965.9021
RE1,DEMINDHEEH,INDHEH,2063,973.0465
RE1,DEMINDHEEH,INDHEH,2064,980.2451
RE1,DEMINDHEEH,INDHEH,2065,987.4987
RE1,DEMINDHEEH,INDHEH,2066,994.8075
RE1,DEMINDHEEH,INDHEH,2067,1002.172
RE1,DEMINDHEEH,INDHEH,2068,1009.5925
RE1,DEMINDHEEH,INDHEH,2069,1017.0696
RE1,DEMINDHEEH,INDHEH,2070,1024.6038
RE1,DEMINDHEEL,INDHEL,2035,6.0892
RE1,DEMINDHEEL,INDHEL,2036,11.4353
RE1,DEMINDHEEL,INDHEL,2037,20.7983
RE1,DEMINDHEEL,INDHEL,2038,32.3392
RE1,DEMINDHEEL,INDHEL,2039,43.8667
RE1,DEMINDHEEL,INDHEL,2040,84.835
RE1,DEMINDHEEL,INDHEL,2041,75.2457
RE1,DEMINDHEEL,INDHEL,2042,80.1327
RE1,DEMINDHEEL,INDHEL,2043,92.4904
RE1,DEMINDHEEL,INDHEL,2044,104.8368
RE1,DEMINDHEEL,INDHEL,2045,543.7913
RE1,DEMINDHEEL,INDHEL,2046,554.1784
RE1,DEMINDHEEL,INDHEL,2047,564.552
RE1,DEMINDHEEL,INDHEL,2048,574.9131
RE1,DEMINDHEEL,INDHEL,2049,585.2622
RE1,DEMINDHEEL,INDHEL,2050,589.5105
RE1,DEMINDHEEL,INDHEL,2051,593.8593
RE1,DEMINDHEEL,INDHEL,2052,598.241
RE1,DEMINDHEEL,INDHEL,2053,602.6561
RE1,DEMINDHEEL,INDHEL,2054,607.1048
RE1,DEMINDHEEL,INDHEL,2055,611.5873
RE1,DEMINDHEEL,INDHEL,2056,616.1039
RE1,DEMINDHEEL,INDHEL,2057,620.6549
RE1,DEMINDHEEL,INDHEL,2058,625.2405
RE1,DEMINDHEEL,INDHEL,2059,629.861
RE1,DEMINDHEEL,INDHEL,2060,634.5168
RE1,DEMINDHEEL,INDHEL,2061,639.2079
RE1,DEMINDHEEL,INDHEL,2062,643.9348
RE1,DEMINDHEEL,INDHEL,2063,648.6976
RE1,DEMINDHEEL,INDHEL,2064,653.4967
RE1,DEMINDHEEL,INDHEL,2065,658.3324
RE1,DEMINDHEEL,INDHEL,2066,663.205
RE1,DEMINDHEEL,INDHEL,2067,668.1146
RE1,DEMINDHEEL,INDHEL,2068,630.6117
RE1,DEMINDHEEL,INDHEL,2069,552.0627
RE1,DEMINDHEEL,INDHEL,2070,683.0692
RE1,DEMRESCKNBIO,RESCKN,2015,72.8133
RE1,DEMRESCKNBIO,RESCKN,2016,69.2189
RE1,DEMRESCKNBIO,RESCKN,2017,70.2381
RE1,DEMRESCKNBIO,RESCKN,2018,72.7562
RE1,DEMRESCKNBIO,RESCKN,2019,74.5778
RE1,DEMRESCKNBIO,RESCKN,2020,76.3949
RE1,DEMRESCKNBIO,RESCKN,2021,77.7461
RE1,DEMRESCKNBIO,RESCKN,2022,79.0942
RE1,DEMRESCKNBIO,RESCKN,2023,80.4393
RE1,DEMRESCKNELC,RESCKN,2015,7.0099
RE1,DEMRESCKNELC,RESCKN,2016,6.6639
RE1,DEMRESCKNELC,RESCKN,2017,6.762
RE1,DEMRESCKNELC,RESCKN,2018,7.0044
RE1,DEMRESCKNELC,RESCKN,2019,6.6542
RE1,DEMRESCKNELC,RESCKN,2020,6.304
RE1,DEMRESCKNELC,RESCKN,2021,5.9538
RE1,DEMRESCKNELC,RESCKN,2022,5.6035
RE1,DEMRESCKNELC,RESCKN,2024,221.6303
RE1,DEMRESCKNELC,RESCKN,2025,225.2608
RE1,DEMRESCKNELC,RESCKN,2026,229.2395
RE1,DEMRESCKNELC,RESCKN,2027,233.2102
RE1,DEMRESCKNELC,RESCKN,2028,237.1733
RE1,DEMRESCKNELC,RESCKN,2029,241.1293
RE1,DEMRESCKNELC,RESCKN,2030,245.0786
RE1,DEMRESCKNELC,RESCKN,2031,248.6954
RE1,DEMRESCKNELC,RESCKN,2032,252.3013
RE1,DEMRESCKNELC,RESCKN,2033,255.8969
RE1,DEMRESCKNELC,RESCKN,2034,259.4827
RE1,DEMRESCKNELC,RESCKN,2035,263.0593
RE1,DEMRESCKNELC,RESCKN,2036,266.1718
RE1,DEMRESCKNELC,RESCKN,2037,269.2791
RE1,DEMRESCKNELC,RESCKN,2038,272.3814
RE1,DEMRESCKNELC,RESCKN,2039,275.4788
RE1,DEMRESCKNELC,RESCKN,2040,278.5714
RE1,DEMRESCKNELC,RESCKN,2041,281.6592
RE1,DEMRESCKNELC,RESCKN,2042,284.7436
RE1,DEMRESCKNELC,RESCKN,2043,287.8245
RE1,DEMRESCKNELC,RESCKN,2044,290.9023
RE1,DEMRESCKNELC,RESCKN,2045,293.977
RE1,DEMRESCKNELC,RESCKN,2046,296.3069
RE1,DEMRESCKNELC,RESCKN,2047,298.6355
RE1,DEMRESCKNELC,RESCKN,2048,300.9627
RE1,DEMRESCKNELC,RESCKN,2049,303.2885
RE1,DEMRESCKNELC,RESCKN,2050,305.6131
RE1,DEMRESCKNELC,RESCKN,2051,307.9951
RE1,DEMRESCKNELC,RESCKN,2052,310.3956
RE1,DEMRESCKNELC,RESCKN,2053,312.8148
RE1,DEMRESCKNELC,RESCKN,2054,315.2529
RE1,DEMRESCKNELC,RESCKN,2055,317.7099
RE1,DEMRESCKNELC,RESCKN,2056,320.1861
RE1,DEMRESCKNELC,RESCKN,2057,322.6817
RE1,DEMRESCKNELC,RESCKN,2058,325.1966
RE1,DEMRESCKNELC,RESCKN,2059,327.7312
RE1,DEMRESCKNELC,RESCKN,2060,330.2856
RE1,DEMRESCKNELC,RESCKN,2061,332.8598
RE1,DEMRESCKNELC,RESCKN,2062,335.4541
RE1,DEMRESCKNELC,RESCKN,2063,338.0686
RE1,DEMRESCKNELC,RESCKN,2064,340.7035
RE1,DEMRESCKNELC,RESCKN,2065,343.359
RE1,DEMRESCKNELC,RESCKN,2066,346.0351
RE1,DEMRESCKNELC,RESCKN,2067,348.7321
RE1,DEMRESCKNELC,RESCKN,2068,351.4501
RE1,DEMRESCKNELC,RESCKN,2069,354.1893
RE1,DEMRESCKNELC,RESCKN,2070,356.9499
RE1,DEMRESCKNOIL,RESCKN,2015,117.5028
RE1,DEMRESCKNOIL,RESCKN,2016,111.7023
RE1,DEMRESCKNOIL,RESCKN,2017,113.3469
RE1,DEMRESCKNOIL,RESCKN,2018,117.4106
RE1,DEMRESCKNOIL,RESCKN,2019,120.876
RE1,DEMRESCKNOIL,RESCKN,2020,124.3333
RE1,DEMRESCKNOIL,RESCKN,2021,126.9942
RE1,DEMRESCKNOIL,RESCKN,2022,129.6497
RE1,DEMRESCKNOIL,RESCKN,2023,137.5534
RE1,DEMRESELC,RESELC,2015,163.7593
RE1,DEMRESELC,RESELC,2016,173.2287
RE1,DEMRESELC,RESELC,2017,181.3445
RE1,DEMRESELC,RESELC,2018,189.4604
RE1,DEMRESELC,RESELC,2019,197.5763
RE1,DEMRESELC,RESELC,2020,205.6922
RE1,DEMRESELC,RESELC,2021,211.9215
RE1,DEMRESELC,RESELC,2022,218.1507
RE1,DEMRESELC,RESELC,2023,224.38
RE1,DEMRESELC,RESELC,2024,4.5269
RE1,DEMRESELC,RESELC,2025,5.7764
RE1,DEMRESELC,RESELC,2026,4.7813
RE1,DEMRESELC,RESELC,2027,4.9134
RE1,DEMRESELC,RESELC,2028,5.0456
RE1,DEMRESELC,RESELC,2029,6.4331
RE1,DEMRESELC,RESELC,2030,6.5973
RE1,DEMRESELC,RESELC,2031,6.785
RE1,DEMRESELC,RESELC,2032,6.9726
RE1,DEMRESELC,RESELC,2033,7.1603
RE1,DEMRESELC,RESELC,2034,7.3479
RE1,DEMRESELC,RESELC,2035,7.5356
RE1,DEMRESELC,RESELC,2036,7.6866
RE1,DEMRESELC,RESELC,2037,7.8377
RE1,DEMRESELC,RESELC,2038,7.9888
RE1,DEMRESELC,RESELC,2039,8.1398
RE1,DEMRESELC,RESELC,2040,8.2909
RE1,DEMRESELC,RESELC,2041,8.4388
RE1,DEMRESELC,RESELC,2042,8.5868
RE1,DEMRESELC,RESELC,2043,8.7347
RE1,DEMRESELC,RESELC,2044,8.8826
RE1,DEMRESELC,RESELC,2045,9.0306
RE1,DEMRESELC,RESELC,2046,9.1336
RE1,DEMRESELC,RESELC,2047,9.2366
RE1,DEMRESELC,RESELC,2048,9.3396
RE1,DEMRESELC,RESELC,2049,9.4426
RE1,DEMRESELC,RESELC,2050,9.5456
RE1,DEMRESELC,RESELC,2051,9.6521
RE1,DEMRESELC,RESELC,2052,9.7598
RE1,DEMRESELC,RESELC,2053,9.8686
RE1,DEMRESELC,RESELC,2054,9.9787
RE1,DEMRESELC,RESELC,2055,10.09
RE1,DEMRESELC,RESELC,2056,10.2026
RE1,DEMRESELC,RESELC,2057,10.3164
RE1,DEMRESELC,RESELC,2058,10.4315
RE1,DEMRESELC,RESELC,2059,23.6753
RE1,DEMRESELC,RESELC,2060,8.5841
RE1,DEMRESELC,RESELC,2061,10.7845
RE1,DEMRESELC,RESELC,2062,10.9048
RE1,DEMRESELC,RESELC,2063,11.0264
RE1,DEMRESELC,RESELC,2064,11.1494
RE1,DEMRESELC,RESELC,2065,11.2738
RE1,DEMRESELC,RESELC,2066,11.3995
RE1,DEMRESELC,RESELC,2067,11.5267
RE1,DEMRESELC,RESELC,2068,11.6553
RE1,DEMRESELC,RESELC,2069,11.7853
RE1,DEMRESELC,RESELC,2070,53.4693
RE1,DEMRESHEBIO,RESHEL,2015,84.5683
RE1,DEMRESHEBIO,RESHEL,2016,80.3936
RE1,DEMRESHEBIO,RESHEL,2017,81.5773
RE1,DEMRESHEBIO,RESHEL,2018,84.502
RE1,DEMRESHEBIO,RESHEL,2019,86.6177
RE1,DEMRESHEBIO,RESHEL,2020,88.7281
RE1,DEMRESHEBIO,RESHEL,2021,90.2975
RE1,DEMRESHEBIO,RESHEL,2022,91.8632
RE1,DEMRESHEBIO,RESHEL,2023,93.4254
RE1,DEMRESHEBIO,RESHEL,2024,94.9844
RE1,DEMRESHEBIO,RESHEL,2025,96.5403
RE1,DEMRESHEBIO,RESHEL,2026,98.2455
RE1,DEMRESHEBIO,RESHEL,2027,99.9472
RE1,DEMRESHEBIO,RESHEL,2028,101.6457
RE1,DEMRESHEBIO,RESHEL,2029,103.3411
RE1,DEMRESHEBIO,RESHEL,2030,105.0337
RE1,DEMRESHEBIO,RESHEL,2031,106.5837
RE1,DEMRESHEBIO,RESHEL,2032,108.1291
RE1,DEMRESHEBIO,RESHEL,2033,109.6701
RE1,DEMRESHEBIO,RESHEL,2034,111.2069
RE1,DEMRESHEBIO,RESHEL,2035,109.0965
RE1,DEMRESHEBIO,RESHEL,2036,107.5271
RE1,DEMRESHEBIO,RESHEL,2037,105.9614
RE1,DEMRESHEBIO,RESHEL,2038,104.3992
RE1,DEMRESHEBIO,RESHEL,2039,102.8402
RE1,DEMRESHEBIO,RESHEL,2040,93.3741
RE1,DEMRESHEBIO,RESHEL,2041,96.7943
RE1,DEMRESHEBIO,RESHEL,2042,97.8774
RE1,DEMRESHEBIO,RESHEL,2043,96.1789
RE1,DEMRESHEBIO,RESHEL,2044,94.4835
RE1,DEMRESHEBIO,RESHEL,2045,8.2226
RE1,DEMRESHEBIO,RESHEL,2046,6.6726
RE1,DEMRESHEBIO,RESHEL,2047,5.1272
RE1,DEMRESHEBIO,RESHEL,2048,3.5862
RE1,DEMRESHEBIO,RESHEL,2068,13.6766
RE1,DEMRESHEBIO,RESHEL,2069,14.8505
RE1,DEMRESHEEL,RESHEL,2035,3.6432
RE1,DEMRESHEEL,RESHEL,2036,6.5465
RE1,DEMRESHEEL,RESHEL,2037,9.4439
RE1,DEMRESHEEL,RESHEL,2038,12.3357
RE1,DEMRESHEEL,RESHEL,2039,15.2221
RE1,DEMRESHEEL,RESHEL,2040,26.0137
RE1,DEMRESHEEL,RESHEL,2041,23.9168
RE1,DEMRESHEEL,RESHEL,2042,24.1556
RE1,DEMRESHEEL,RESHEL,2043,27.1745
RE1,DEMRESHEEL,RESHEL,2044,30.189
RE1,DEMRESHEEL,RESHEL,2045,117.7675
RE1,DEMRESHEEL,RESHEL,2046,120.3161
RE1,DEMRESHEEL,RESHEL,2047,122.8595
RE1,DEMRESHEEL,RESHEL,2048,125.3978
RE1,DEMRESHEEL,RESHEL,2049,129.9808
RE1,DEMRESHEEL,RESHEL,2050,130.9771
RE1,DEMRESHEEL,RESHEL,2051,131.9979
RE1,DEMRESHEEL,RESHEL,2052,133.0267
RE1,DEMRESHEEL,RESHEL,2053,134.0635
RE1,DEMRESHEEL,RESHEL,2054,135.1084
RE1,DEMRESHEEL,RESHEL,2055,136.1614
RE1,DEMRESHEEL,RESHEL,2056,137.2226
RE1,DEMRESHEEL,RESHEL,2057,138.2921
RE1,DEMRESHEEL,RESHEL,2058,139.37
RE1,DEMRESHEEL,RESHEL,2059,140.4562
RE1,DEMRESHEEL,RESHEL,2060,141.5509
RE1,DEMRESHEEL,RESHEL,2061,142.6542
RE1,DEMRESHEEL,RESHEL,2062,143.766
RE1,DEMRESHEEL,RESHEL,2063,144.8866
RE1,DEMRESHEEL,RESHEL,2064,146.0158
RE1,DEMRESHEEL,RESHEL,2065,147.1538
RE1,DEMRESHEEL,RESHEL,2066,148.3007
RE1,DEMRESHEEL,RESHEL,2067,149.4566
RE1,DEMRESHEEL,RESHEL,2068,136.9449
RE1,DEMRESHEEL,RESHEL,2069,136.9449
RE1,DEMRESHEEL,RESHEL,2070,152.9785
RE1,DEMTRABUSELC,TRABUS,2050,706.5206
RE1,DEMTRABUSELC,TRABUS,2051,711.9011
RE1,DEMTRABUSELC,TRABUS,2052,717.3231
RE1,DEMTRABUSELC,TRABUS,2053,722.7871
RE1,DEMTRABUSELC,TRABUS,2054,728.2934
RE1,DEMTRABUSELC,TRABUS,2055,733.8422
RE1,DEMTRABUSELC,TRABUS,2056,739.434
RE1,DEMTRABUSELC,TRABUS,2057,745.069
RE1,DEMTRABUSELC,TRABUS,2058,750.7477
RE1,DEMTRABUSELC,TRABUS,2059,756.4703
RE1,DEMTRABUSELC,TRABUS,2060,762.2371
RE1,DEMTRABUSELC,TRABUS,2061,768.0486
RE1,DEMTRABUSELC,TRABUS,2062,773.9051
RE1,DEMTRABUSELC,TRABUS,2063,779.8069
RE1,DEMTRABUSELC,TRABUS,2064,785.7544
RE1,DEMTRABUSELC,TRABUS,2065,791.7479
RE1,DEMTRABUSELC,TRABUS,2066,797.7879
RE1,DEMTRABUSELC,TRABUS,2067,803.8745
RE1,DEMTRABUSELC,TRABUS,2068,810.0083
RE1,DEMTRABUSELC,TRABUS,2069,816.1896
RE1,DEMTRABUSELC,TRABUS,2070,822.4188
RE1,DEMTRABUSGSL,TRABUS,2015,424.8035
RE1,DEMTRABUSGSL,TRABUS,2016,441.0859
RE1,DEMTRABUSGSL,TRABUS,2017,451.2263
RE1,DEMTRABUSGSL,TRABUS,2018,462.1623
RE1,DEMTRABUSGSL,TRABUS,2019,472.7286
RE1,DEMTRABUSGSL,TRABUS,2020,483.2925
RE1,DEMTRABUSGSL,TRABUS,2021,491.7318
RE1,DEMTRABUSGSL,TRABUS,2022,500.1694
RE1,DEMTRABUSGSL,TRABUS,2023,508.6055
RE1,DEMTRABUSGSL,TRABUS,2024,517.0401
RE1,DEMTRABUSGSL,TRABUS,2025,525.4732
RE1,DEMTRABUSGSL,TRABUS,2026,534.866
RE1,DEMTRABUSGSL,TRABUS,2027,544.2573
RE1,DEMTRABUSGSL,TRABUS,2028,553.647
RE1,DEMTRABUSGSL,TRABUS,2029,563.0354
RE1,DEMTRABUSGSL,TRABUS,2030,572.4224
RE1,DEMTRABUSGSL,TRABUS,2031,580.19
RE1,DEMTRABUSGSL,TRABUS,2032,587.9555
RE1,DEMTRABUSGSL,TRABUS,2033,595.719
RE1,DEMTRABUSGSL,TRABUS,2034,603.4805
RE1,DEMTRABUSGSL,TRABUS,2035,611.2403
RE1,DEMTRABUSGSL,TRABUS,2036,618.3143
RE1,DEMTRABUSGSL,TRABUS,2037,625.3873
RE1,DEMTRABUSGSL,TRABUS,2038,632.4593
RE1,DEMTRABUSGSL,TRABUS,2039,639.5304
RE1,DEMTRABUSGSL,TRABUS,2040,646.6006
RE1,DEMTRABUSGSL,TRABUS,2041,653.3281
RE1,DEMTRABUSGSL,TRABUS,2042,660.0549
RE1,DEMTRABUSGSL,TRABUS,2043,666.7811
RE1,DEMTRABUSGSL,TRABUS,2044,673.5066
RE1,DEMTRABUSGSL,TRABUS,2045,680.2316
RE1,DEMTRABUSGSL,TRABUS,2046,685.4899
RE1,DEMTRABUSGSL,TRABUS,2047,690.748
RE1,DEMTRABUSGSL,TRABUS,2048,696.0058
RE1,DEMTRABUSGSL,TRABUS,2049,701.2633
RE1,DEMTRACARELC,TRACAR,2049,6.1101
RE1,DEMTRACARELC,TRACAR,2050,821.0916
RE1,DEMTRACARELC,TRACAR,2051,827.3445
RE1,DEMTRACARELC,TRACAR,2052,833.6458
RE1,DEMTRACARELC,TRACAR,2053,839.9959
RE1,DEMTRACARELC,TRACAR,2054,846.395
RE1,DEMTRACARELC,TRACAR,2055,852.8437
RE1,DEMTRACARELC,TRACAR,2056,859.3423
RE1,DEMTRACARELC,TRACAR,2057,865.8911
RE1,DEMTRACARELC,TRACAR,2058,872.4906
RE1,DEMTRACARELC,TRACAR,2059,879.1412
RE1,DEMTRACARELC,TRACAR,2060,885.8432
RE1,DEMTRACARELC,TRACAR,2061,892.5971
RE1,DEMTRACARELC,TRACAR,2062,899.4033
RE1,DEMTRACARELC,TRACAR,2063,906.2621
RE1,DEMTRACARELC,TRACAR,2064,913.1741
RE1,DEMTRACARELC,TRACAR,2065,920.1395
RE1,DEMTRACARELC,TRACAR,2066,927.1589
RE1,DEMTRACARELC,TRACAR,2067,934.2326
RE1,DEMTRACARELC,TRACAR,2068,941.3611
RE1,DEMTRACARELC,TRACAR,2069,948.5448
RE1,DEMTRACARELC,TRACAR,2070,955.7841
RE1,DEMTRACARGSL,TRACAR,2015,493.6906
RE1,DEMTRACARGSL,TRACAR,2016,512.6133
RE1,DEMTRACARGSL,TRACAR,2017,524.3982
RE1,DEMTRACARGSL,TRACAR,2018,537.1076
RE1,DEMTRACARGSL,TRACAR,2019,549.3873
RE1,DEMTRACARGSL,TRACAR,2020,561.6643
RE1,DEMTRACARGSL,TRACAR,2021,571.4721
RE1,DEMTRACARGSL,TRACAR,2022,581.278
RE1,DEMTRACARGSL,TRACAR,2023,591.082
RE1,DEMTRACARGSL,TRACAR,2024,600.8844
RE1,DEMTRACARGSL,TRACAR,2025,610.6851
RE1,DEMTRACARGSL,TRACAR,2026,621.601
RE1,DEMTRACARGSL,TRACAR,2027,632.5152
RE1,DEMTRACARGSL,TRACAR,2028,643.4276
RE1,DEMTRACARGSL,TRACAR,2029,654.3384
RE1,DEMTRACARGSL,TRACAR,2030,665.2477
RE1,DEMTRACARGSL,TRACAR,2031,674.2749
RE1,DEMTRACARGSL,TRACAR,2032,683.2997
RE1,DEMTRACARGSL,TRACAR,2033,692.322
RE1,DEMTRACARGSL,TRACAR,2034,701.3422
RE1,DEMTRACARGSL,TRACAR,2035,710.3603
RE1,DEMTRACARGSL,TRACAR,2036,718.5815
RE1,DEMTRACARGSL,TRACAR,2037,726.8015
RE1,DEMTRACARGSL,TRACAR,2038,735.0203
RE1,DEMTRACARGSL,TRACAR,2039,743.238
RE1,DEMTRACARGSL,TRACAR,2040,751.4547
RE1,DEMTRACARGSL,TRACAR,2041,759.2732
RE1,DEMTRACARGSL,TRACAR,2042,767.0908
RE1,DEMTRACARGSL,TRACAR,2043,774.9078
RE1,DEMTRACARGSL,TRACAR,2044,782.7239
RE1,DEMTRACARGSL,TRACAR,2045,790.5394
RE1,DEMTRACARGSL,TRACAR,2046,796.6505
RE1,DEMTRACARGSL,TRACAR,2047,802.7612
RE1,DEMTRACARGSL,TRACAR,2048,808.8716
RE1,DEMTRACARGSL,TRACAR,2049,808.8716
RE1,DEMTRAEVC,ELCEV,2024,310.224
RE1,DEMTRAEVC,ELCEV,2025,315.2839
RE1,DEMTRAEVC,ELCEV,2026,320.9196
RE1,DEMTRAEVC,ELCEV,2027,326.5544
RE1,DEMTRAEVC,ELCEV,2028,332.1882
RE1,DEMTRAEVC,ELCEV,2029,337.8212
RE1,DEMTRAEVC,ELCEV,2030,343.4535
RE1,DEMTRAEVC,ELCEV,2031,348.114
RE1,DEMTRAEVC,ELCEV,2032,352.7733
RE1,DEMTRAEVC,ELCEV,2033,357.4314
RE1,DEMTRAEVC,ELCEV,2034,362.0883
RE1,DEMTRAEVC,ELCEV,2035,366.7442
RE1,DEMTRAEVC,ELCEV,2036,370.9886
RE1,DEMTRAEVC,ELCEV,2037,375.2324
RE1,DEMTRAEVC,ELCEV,2038,379.4756
RE1,DEMTRAEVC,ELCEV,2039,383.7183
RE1,DEMTRAEVC,ELCEV,2040,387.9604
RE1,DEMTRAEVC,ELCEV,2041,391.9969
RE1,DEMTRAEVC,ELCEV,2042,396.033
RE1,DEMTRAEVC,ELCEV,2043,400.0686
RE1,DEMTRAEVC,ELCEV,2044,404.104
RE1,DEMTRAEVC,ELCEV,2045,408.1389
RE1,DEMTRAEVC,ELCEV,2046,411.2939
RE1,DEMTRAEVC,ELCEV,2047,414.4488
RE1,DEMTRAEVC,ELCEV,2048,417.6035
RE1,DEMTRAEVC,ELCEV,2049,427.5403
RE1,DEMTRAEVC,ELCEV,2050,2119.562
RE1,DEMTRAEVC,ELCEV,2051,2135.7033
RE1,DEMTRAEVC,ELCEV,2052,2151.9695
RE1,DEMTRAEVC,ELCEV,2053,2168.3614
RE1,DEMTRAEVC,ELCEV,2054,2184.8801
RE1,DEMTRAEVC,ELCEV,2055,2201.5267
RE1,DEMTRAEVC,ELCEV,2056,2218.3021
RE1,DEMTRAEVC,ELCEV,2057,2235.2072
RE1,DEMTRAEVC,ELCEV,2058,2252.2431
RE1,DEMTRAEVC,ELCEV,2059,2269.4109
RE1,DEMTRAEVC,ELCEV,2060,2286.7115
RE1,DEMTRAEVC,ELCEV,2061,2304.146
RE1,DEMTRAEVC,ELCEV,2062,2321.7155
RE1,DEMTRAEVC,ELCEV,2063,2339.4208
RE1,DEMTRAEVC,ELCEV,2064,2357.2633
RE1,DEMTRAEVC,ELCEV,2065,2375.2439
RE1,DEMTRAEVC,ELCEV,2066,2393.3637
RE1,DEMTRAEVC,ELCEV,2067,2411.6237
RE1,DEMTRAEVC,ELCEV,2068,2430.0252
RE1,DEMTRAEVC,ELCEV,2069,2448.569
RE1,DEMTRAEVC,ELCEV,2070,2467.2565
RE1,DEMTRAMCYELC,TRAMCY,2024,279.4811
RE1,DEMTRAMCYELC,TRAMCY,2025,284.0395
RE1,DEMTRAMCYELC,TRAMCY,2026,289.1168
RE1,DEMTRAMCYELC,TRAMCY,2027,294.1931
RE1,DEMTRAMCYELC,TRAMCY,2028,299.2687
RE1,DEMTRAMCYELC,TRAMCY,2029,304.3434
RE1,DEMTRAMCYELC,TRAMCY,2030,309.4176
RE1,DEMTRAMCYELC,TRAMCY,2031,313.6162
RE1,DEMTRAMCYELC,TRAMCY,2032,317.8138
RE1,DEMTRAMCYELC,TRAMCY,2033,322.0103
RE1,DEMTRAMCYELC,TRAMCY,2034,326.2057
RE1,DEMTRAMCYELC,TRAMCY,2035,330.4001
RE1,DEMTRAMCYELC,TRAMCY,2036,334.2239
RE1,DEMTRAMCYELC,TRAMCY,2037,338.0472
RE1,DEMTRAMCYELC,TRAMCY,2038,341.8699
RE1,DEMTRAMCYELC,TRAMCY,2039,345.6921
RE1,DEMTRAMCYELC,TRAMCY,2040,349.5138
RE1,DEMTRAMCYELC,TRAMCY,2041,353.1503
RE1,DEMTRAMCYELC,TRAMCY,2042,356.7864
RE1,DEMTRAMCYELC,TRAMCY,2043,360.4222
RE1,DEMTRAMCYELC,TRAMCY,2044,364.0576
RE1,DEMTRAMCYELC,TRAMCY,2045,367.6927
RE1,DEMTRAMCYELC,TRAMCY,2046,370.5351
RE1,DEMTRAMCYELC,TRAMCY,2047,373.3773
RE1,DEMTRAMCYELC,TRAMCY,2048,376.2193
RE1,DEMTRAMCYELC,TRAMCY,2049,379.0613
RE1,DEMTRAMCYELC,TRAMCY,2050,381.903
RE1,DEMTRAMCYELC,TRAMCY,2051,384.8114
RE1,DEMTRAMCYELC,TRAMCY,2052,387.7423
RE1,DEMTRAMCYELC,TRAMCY,2053,390.6957
RE1,DEMTRAMCYELC,TRAMCY,2054,393.6721
RE1,DEMTRAMCYELC,TRAMCY,2055,396.6715
RE1,DEMTRAMCYELC,TRAMCY,2056,399.6941
RE1,DEMTRAMCYELC,TRAMCY,2057,402.7401
RE1,DEMTRAMCYELC,TRAMCY,2058,405.8096
RE1,DEMTRAMCYELC,TRAMCY,2059,408.9029
RE1,DEMTRAMCYELC,TRAMCY,2060,412.0201
RE1,DEMTRAMCYELC,TRAMCY,2061,415.1614
RE1,DEMTRAMCYELC,TRAMCY,2062,418.3271
RE1,DEMTRAMCYELC,TRAMCY,2063,421.5173
RE1,DEMTRAMCYELC,TRAMCY,2064,424.7321
RE1,DEMTRAMCYELC,TRAMCY,2065,427.9718
RE1,DEMTRAMCYELC,TRAMCY,2066,431.2367
RE1,DEMTRAMCYELC,TRAMCY,2067,434.5268
RE1,DEMTRAMCYELC,TRAMCY,2068,437.8424
RE1,DEMTRAMCYELC,TRAMCY,2069,441.1836
RE1,DEMTRAMCYELC,TRAMCY,2070,444.5507
RE1,DEMTRAMCYGSL,TRAMCY,2015,229.6235
RE1,DEMTRAMCYGSL,TRAMCY,2016,238.4248
RE1,DEMTRAMCYGSL,TRAMCY,2017,243.9061
RE1,DEMTRAMCYGSL,TRAMCY,2018,249.8174
RE1,DEMTRAMCYGSL,TRAMCY,2019,255.529
RE1,DEMTRAMCYGSL,TRAMCY,2020,261.2392
RE1,DEMTRAMCYGSL,TRAMCY,2021,265.801
RE1,DEMTRAMCYGSL,TRAMCY,2022,270.3618
RE1,DEMTRAMCYGSL,TRAMCY,2023,274.9219
RE1,IMPLFO,LFO,2015,5550.7899
RE1,IMPLFO,LFO,2016,5742.9386
RE1,IMPLFO,LFO,2017,5873.1208
RE1,IMPLFO,LFO,2018,6018.0954
RE1,IMPLFO,LFO,2019,6157.2481
RE1,IMPLFO,LFO,2020,6296.354
RE1,IMPLFO,LFO,2021,6407.2812
RE1,IMPLFO,LFO,2022,6518.1765
RE1,IMPLFO,LFO,2023,4712.0635
RE1,IMPLFO,LFO,2024,5072.5822
RE1,IMPLFO,LFO,2025,5155.3183
RE1,IMPLFO,LFO,2026,5247.4693
RE1,IMPLFO,LFO,2027,5339.6051
RE1,IMPLFO,LFO,2028,5431.7263
RE1,IMPLFO,LFO,2029,5523.8338
RE1,IMPLFO,LFO,2030,5615.9284
RE1,IMPLFO,LFO,2031,5692.1349
RE1,IMPLFO,LFO,2032,5768.3205
RE1,IMPLFO,LFO,2033,5844.4863
RE1,IMPLFO,LFO,2034,5920.6333
RE1,IMPLFO,LFO,2035,5996.7626
RE1,IMPLFO,LFO,2036,6066.1647
RE1,IMPLFO,LFO,2037,6135.5566
RE1,IMPLFO,LFO,2038,6204.9389
RE1,IMPLFO,LFO,2039,6274.3118
RE1,IMPLFO,LFO,2040,6343.6757
RE1,IMPLFO,LFO,2041,6409.678
RE1,IMPLFO,LFO,2042,6475.6737
RE1,IMPLFO,LFO,2043,6541.663
RE1,IMPLFO,LFO,2044,6607.6461
RE1,IMPLFO,LFO,2045,6673.6232
RE1,IMPLFO,LFO,2046,6725.2119
RE1,IMPLFO,LFO,2047,6776.7979
RE1,IMPLFO,LFO,2048,6828.3813
RE1,IMPLFO,LFO,2049,6849.4115
RE1,IMPNGS,NGS,2015,416.8286
RE1,IMPNGS,NGS,2028,201.2197
RE1,IMPNGS,NGS,2029,220.2157
RE1,IMPNGS,NGS,2030,223.9701
RE1,IMPNGS,NGS,2031,300.8012
RE1,IMPNGS,NGS,2032,318.9954
RE1,IMPNGS,NGS,2033,337.1778
RE1,IMPNGS,NGS,2034,355.3483
RE1,IMPNGS,NGS,2035,373.507
RE1,IMPNGS,NGS,2036,389.215
RE1,IMPNGS,NGS,2037,427.6226
RE1,IMPNGS,NGS,2038,442.1662
RE1,IMPNGS,NGS,2039,456.7002
RE1,IMPNGS,NGS,2040,471.2248
RE1,IMPNGS,NGS,2041,485.4331
RE1,IMPNGS,NGS,2042,511.3377
RE1,IMPNGS,NGS,2043,525.5275
RE1,IMPNGS,NGS,2044,539.7081
RE1,IMPNGS,NGS,2045,553.8794
RE1,IMPNGS,NGS,2046,570.7053
RE1,IMPNGS,NGS,2047,590.7183
RE1,IMPNGS,NGS,2048,604.4215
RE1,IMPNGS,NGS,2049,620.155
RE1,IMPNGS,NGS,2050,1320.2209
RE1,IMPNGS,NGS,2051,1339.3959
RE1,IMPNGS,NGS,2052,1355.2015
RE1,IMPNGS,NGS,2053,1371.1654
RE1,IMPNGS,NGS,2054,1387.289
RE1,IMPNGS,NGS,2055,1403.5741
RE1,IMPNGS,NGS,2056,1420.0223
RE1,IMPNGS,NGS,2057,1436.6353
RE1,IMPNGS,NGS,2058,1453.4147
RE1,IMPNGS,NGS,2059,1477.1659
RE1,IMPNGS,NGS,2060,1486.7103
RE1,IMPNGS,NGS,2061,1504.7692
RE1,IMPNGS,NGS,2062,1522.2319
RE1,IMPNGS,NGS,2063,1539.8698
RE1,IMPNGS,NGS,2064,1561.8175
RE1,IMPNGS,NGS,2065,1579.8113
RE1,IMPNGS,NGS,2066,1597.9858
RE1,IMPNGS,NGS,2067,1616.343
RE1,IMPNGS,NGS,2068,1634.8845
RE1,IMPNGS,NGS,2069,1653.6124
RE1,INDENEFFDP,INDELC,2024,452.887
RE1,INDENEFFDP,INDELC,2025,462.8623
RE1,INDENEFFDP,INDELC,2026,478.3399
RE1,INDENEFFDP,INDELC,2027,491.5592
RE1,INDENEFFDP,INDELC,2028,504.7785
RE1,INDENEFFDP,INDELC,2029,515.4829
RE1,INDENEFFDP,INDELC,2030,528.638
RE1,INDENEFFDP,INDELC,2031,543.6743
RE1,INDENEFFDP,INDELC,2032,558.7105
RE1,INDENEFFDP,INDELC,2033,573.7466
RE1,INDENEFFDP,INDELC,2034,588.7828
RE1,INDENEFFDP,INDELC,2035,603.819
RE1,INDENEFFDP,INDELC,2036,615.9242
RE1,INDENEFFDP,INDELC,2037,628.0293
RE1,INDENEFFDP,INDELC,2038,640.1345
RE1,INDENEFFDP,INDELC,2039,652.2396
RE1,INDENEFFDP,INDELC,2040,664.3448
RE1,INDENEFFDP,INDELC,2041,676.1987
RE1,INDENEFFDP,INDELC,2042,688.0524
RE1,INDENEFFDP,INDELC,2043,699.9063
RE1,INDENEFFDP,INDELC,2044,711.7601
RE1,INDENEFFDP,INDELC,2045,723.6139
RE1,INDENEFFDP,INDELC,2046,731.8678
RE1,INDENEFFDP,INDELC,2047,740.1217
RE1,INDENEFFDP,INDELC,2048,748.3755
RE1,INDENEFFDP,INDELC,2049,756.6295
RE1,INDENEFFDP,INDELC,2050,764.8834
RE1,INDENEFFDP,INDELC,2051,773.4155
RE1,INDENEFFDP,INDELC,2052,782.0428
RE1,INDENEFFDP,INDELC,2053,790.7664
RE1,INDENEFFDP,INDELC,2054,799.5872
RE1,INDENEFFDP,INDELC,2055,808.5065
RE1,INDENEFFDP,INDELC,2056,817.5253
RE1,INDENEFFDP,INDELC,2057,826.6446
RE1,INDENEFFDP,INDELC,2058,835.8657
RE1,INDENEFFDP,INDELC,2059,818.8928
RE1,INDENEFFDP,INDELC,2060,858.7871
RE1,INDENEFFDP,INDELC,2061,864.1508
RE1,INDENEFFDP,INDELC,2062,873.7903
RE1,INDENEFFDP,INDELC,2063,883.5373
RE1,INDENEFFDP,INDELC,2064,893.393
RE1,INDENEFFDP,INDELC,2065,903.3587
RE1,INDENEFFDP,INDELC,2066,913.4355
RE1,INDENEFFDP,INDELC,2067,923.6247
RE1,INDENEFFDP,INDELC,2068,933.9276
RE1,INDENEFFDP,INDELC,2069,944.3455
RE1,INDENEFFDP,INDELC,2070,871.6416
RE1,MINBIO,BIO,2015,1083.1531
RE1,MINBIO,BIO,2016,1039.3006
RE1,MINBIO,BIO,2017,1077.9026
RE1,MINBIO,BIO,2018,1116.6381
RE1,MINBIO,BIO,2019,1137.3915
RE1,MINBIO,BIO,2020,1170.5173
RE1,MINBIO,BIO,2021,1197.7543
RE1,MINBIO,BIO,2022,1212.6691
RE1,MINBIO,BIO,2023,1227.5592
RE1,MINBIO,BIO,2024,963.8039
RE1,MINBIO,BIO,2025,848.8317
RE1,MINBIO,BIO,2026,859.4805
RE1,MINBIO,BIO,2027,870.0134
RE1,MINBIO,BIO,2028,880.5287
RE1,MINBIO,BIO,2029,891.9633
RE1,MINBIO,BIO,2030,887.2653
RE1,MINBIO,BIO,2031,825.8804
RE1,MINBIO,BIO,2032,836.1042
RE1,MINBIO,BIO,2033,846.309
RE1,MINBIO,BIO,2034,856.4958
RE1,MINBIO,BIO,2035,852.7711
RE1,MINBIO,BIO,2036,849.92
RE1,MINBIO,BIO,2037,842.1677
RE1,MINBIO,BIO,2038,831.7568
RE1,MINBIO,BIO,2039,821.3599
RE1,MINBIO,BIO,2040,760.6672
RE1,MINBIO,BIO,2041,785.9156
RE1,MINBIO,BIO,2042,788.0381
RE1,MINBIO,BIO,2043,776.5903
RE1,MINBIO,BIO,2044,765.1557
RE1,MINBIO,BIO,2045,84.958
RE1,MINBIO,BIO,2046,62.1597
RE1,MINBIO,BIO,2047,40.5625
RE1,MINBIO,BIO,2048,24.1316
RE1,MINBIO,BIO,2049,10.2945
RE1,MINBIO,BIO,2050,5.1232
RE1,MINBIO,BIO,2068,69.6342
RE1,MINBIO,BIO,2069,172.9362
RE1,MINCOA,COA,2015,1201.8754
RE1,MINCOA,COA,2016,1120.3443
RE1,MINCOA,COA,2017,1132.6138
RE1,MINCOA,COA,2018,1566.9787
RE1,MINCOA,COA,2019,1583.6155
RE1,MINCOA,COA,2020,1600.2271
RE1,MINCOA,COA,2021,1611.7534
RE1,MINCOA,COA,2022,1623.2625
RE1,MINCOA,COA,2023,1634.7555
RE1,MINCOA,COA,2024,1203.8198
RE1,MINCOA,COA,2025,1094.898
RE1,MINCOA,COA,2026,1110.3365
RE1,MINCOA,COA,2027,1122.9763
RE1,MINCOA,COA,2028,1135.6009
RE1,MINCOA,COA,2029,1124.8983
RE1,MINCOA,COA,2030,334.8636
RE1,MINCOA,COA,2031,317.7003
RE1,MINCOA,COA,2032,317.7003
RE1,MINCOA,COA,2033,317.7003
RE1,MINCOA,COA,2034,317.7003
RE1,MINCOA,COA,2035,317.7003
RE1,MINCOA,COA,2036,317.7003
RE1,MINCOA,COA,2037,266.3638
RE1,MINCOA,COA,2038,254.8709
RE1,MINCOA,COA,2039,243.3932
RE1,MINCOA,COA,2040,194.0097
RE1,MINCOA,COA,2041,194.0097
RE1,MINCOA,COA,2042,172.474
RE1,MINCOA,COA,2043,172.474
RE1,MINCOA,COA,2044,172.474
RE1,MINCOA,COA,2045,172.474
RE1,MINCOA,COA,2046,172.474
RE1,MINCOA,COA,2047,172.474
RE1,MINCOA,COA,2048,172.474
RE1,MINCOA,COA,2049,172.474
RE1,MINCOA,COA,2050,172.474
RE1,MINCOA,COA,2051,172.474
RE1,MINCOA,COA,2052,172.474
RE1,MINCOA,COA,2053,172.474
RE1,MINCOA,COA,2054,172.474
RE1,MINCOA,COA,2055,172.474
RE1,MINCOA,COA,2056,172.474
RE1,MINCOA,COA,2057,172.474
RE1,MINCOA,COA,2058,172.474
RE1,MINCOA,COA,2059,172.474
RE1,MINCOA,COA,2060,172.474
RE1,MINCOA,COA,2061,172.474
RE1,MINCOA,COA,2062,172.474
RE1,MINCOA,COA,2063,172.474
RE1,MINCOA,COA,2064,172.474
RE1,MINCOA,COA,2065,172.474
RE1,MINCOA,COA,2066,172.474
RE1,MINCOA,COA,2067,172.474
RE1,MINCOA,COA,2068,172.474
RE1,MINCOA,COA,2069,172.474
RE1,MINGEO,GEO,2024,1.4486
RE1,MINGEO,GEO,2025,1.4486
RE1,MINGEO,GEO,2026,1.4486
RE1,MINGEO,GEO,2027,1.4486
RE1,MINGEO,GEO,2028,1.4486
RE1,MINGEO,GEO,2029,1.4486
RE1,MINGEO,GEO,2030,1.4486
RE1,MINGEO,GEO,2031,1.4486
RE1,MINGEO,GEO,2032,1.4486
RE1,MINGEO,GEO,2033,1.4486
RE1,MINGEO,GEO,2034,1.4486
RE1,MINGEO,GEO,2035,1.4486
RE1,MINGEO,GEO,2036,1.4486
RE1,MINGEO,GEO,2037,1.4486
RE1,MINGEO,GEO,2038,1.4486
RE1,MINGEO,GEO,2039,1.4486
RE1,MINGEO,GEO,2040,1.4486
RE1,MINGEO,GEO,2041,1.4486
RE1,MINGEO,GEO,2042,1.4486
RE1,MINGEO,GEO,2043,1.4486
RE1,MINGEO,GEO,2044,1.4486
RE1,MINGEO,GEO,2045,1.4486
RE1,MINGEO,GEO,2046,1.4486
RE1,MINGEO,GEO,2047,1.4486
RE1,MINGEO,GEO,2048,1.4486
RE1,MINGEO,GEO,2049,1.4486
RE1,MINGEO,GEO,2050,1.4486
RE1,MINGEO,GEO,2051,1.4486
RE1,MINGEO,GEO,2052,1.4486
RE1,MINGEO,GEO,2053,1.2675
RE1,MINGEO,GEO,2054,1.4486
RE1,MINGEO,GEO,2055,1.4486
RE1,MINGEO,GEO,2056,1.4486
RE1,MINGEO,GEO,2057,1.4486
RE1,MINGEO,GEO,2058,1.4486
RE1,MINGEO,GEO,2059,1.4486
RE1,MINGEO,GEO,2060,1.4486
RE1,MINGEO,GEO,2061,1.4486
RE1,MINGEO,GEO,2062,1.4486
RE1,MINGEO,GEO,2063,1.4486
RE1,MINGEO,GEO,2064,1.4486
RE1,MINGEO,GEO,2065,1.4486
RE1,MINGEO,GEO,2066,1.4486
RE1,MINGEO,GEO,2067,1.2373
RE1,MINGEO,GEO,2068,1.2373
RE1,MINGEO,GEO,2069,1.4486
RE1,MINGEO,GEO,2070,0.6036
RE1,MINHYD,HYD,2015,29.4911
RE1,MINHYD,HYD,2016,29.4911
RE1,MINHYD,HYD,2017,29.4911
RE1,MINHYD,HYD,2018,29.4911
RE1,MINHYD,HYD,2019,29.4911
RE1,MINHYD,HYD,2020,29.4911
RE1,MINHYD,HYD,2021,29.4911
RE1,MINHYD,HYD,2022,29.4911
RE1,MINHYD,HYD,2023,29.4911
RE1,MINHYD,HYD,2024,40.8218
RE1,MINHYD,HYD,2025,40.8218
RE1,MINHYD,HYD,2026,40.8218
RE1,MINHYD,HYD,2027,40.8218
RE1,MINHYD,HYD,2028,40.8218
RE1,MINHYD,HYD,2029,40.8218
RE1,MINHYD,HYD,2030,40.8218
RE1,MINHYD,HYD,2031,40.8218
RE1,MINHYD,HYD,2032,40.8218
RE1,MINHYD,HYD,2033,40.8218
RE1,MINHYD,HYD,2034,40.8218
RE1,MINHYD,HYD,2035,40.8218
RE1,MINHYD,HYD,2036,40.8218
RE1,MINHYD,HYD,2037,40.8218
RE1,MINHYD,HYD,2038,40.8218
RE1,MINHYD,HYD,2039,40.8218
RE1,MINHYD,HYD,2040,40.8218
RE1,MINHYD,HYD,2041,40.8218
RE1,MINHYD,HYD,2042,40.8218
RE1,MINHYD,HYD,2043,40.8218
RE1,MINHYD,HYD,2044,40.8218
RE1,MINHYD,HYD,2045,40.8218
RE1,MINHYD,HYD,2046,40.8218
RE1,MINHYD,HYD,2047,40.8218
RE1,MINHYD,HYD,2048,40.8218
RE1,MINHYD,HYD,2049,40.8218
RE1,MINHYD,HYD,2050,40.8218
RE1,MINHYD,HYD,2051,40.8218
RE1,MINHYD,HYD,2052,40.8218
RE1,MINHYD,HYD,2053,40.8218
RE1,MINHYD,HYD,2054,40.8218
RE1,MINHYD,HYD,2055,40.8218
RE1,MINHYD,HYD,2056,40.8218
RE1,MINHYD,HYD,2057,40.8218
RE1,MINHYD,HYD,2058,40.8218
RE1,MINHYD,HYD,2059,40.8218
RE1,MINHYD,HYD,2060,40.8218
RE1,MINHYD,HYD,2061,40.8218
RE1,MINHYD,HYD,2062,40.8218
RE1,MINHYD,HYD,2063,40.8218
RE1,MINHYD,HYD,2064,35.3706
RE1,MINHYD,HYD,2065,35.3706
RE1,MINHYD,HYD,2066,35.3706
RE1,MINHYD,HYD,2067,33.9972
RE1,MINHYD,HYD,2068,33.9972
RE1,MINHYD,HYD,2069,35.3706
RE1,MINHYD,HYD,2070,21.0522
RE1,MINNGS,NGS,2015,377.8348
RE1,MINNGS,NGS,2016,796.9507
RE1,MINNGS,NGS,2017,806.5935
RE1,MINNGS,NGS,2018,614.6363
RE1,MINNGS,NGS,2019,672.5961
RE1,MINNGS,NGS,2020,725.873
RE1,MINNGS,NGS,2021,763.3577
RE1,MINNGS,NGS,2022,810.4567
RE1,MINNGS,NGS,2023,846.9226
RE1,MINNGS,NGS,2024,272.5593
RE1,MINNGS,NGS,2025,156.0389
RE1,MINNGS,NGS,2026,170.1081
RE1,MINNGS,NGS,2027,186.0722
RE1,MINOIL,OIL,2023,2141.65
RE1,MINSOL,SOL,2015,8.5316
RE1,MINSOL,SOL,2016,14.7631
RE1,MINSOL,SOL,2017,16.2721
RE1,MINSOL,SOL,2018,17.8654
RE1,MINSOL,SOL,2019,17.9916
RE1,MINSOL,SOL,2020,17.9916
RE1,MINSOL,SOL,2021,18.4545
RE1,MINSOL,SOL,2022,18.4545
RE1,MINSOL,SOL,2023,18.4545
RE1,MINSOL,SOL,2024,391.4914
RE1,MINSOL,SOL,2025,391.4914
RE1,MINSOL,SOL,2026,391.4914
RE1,MINSOL,SOL,2027,391.4914
RE1,MINSOL,SOL,2028,391.4914
RE1,MINSOL,SOL,2029,391.4914
RE1,MINSOL,SOL,2030,391.4914
RE1,MINSOL,SOL,2031,391.4914
RE1,MINSOL,SOL,2032,391.4914
RE1,MINSOL,SOL,2033,391.4914
RE1,MINSOL,SOL,2034,391.4914
RE1,MINSOL,SOL,2035,382.9873
RE1,MINSOL,SOL,2036,376.7557
RE1,MINSOL,SOL,2037,375.2467
RE1,MINSOL,SOL,2038,373.6535
RE1,MINSOL,SOL,2039,373.5272
RE1,MINSOL,SOL,2040,373.5272
RE1,MINSOL,SOL,2041,373.0643
RE1,MINSOL,SOL,2042,373.0643
RE1,MINSOL,SOL,2043,373.0643
RE1,MINSOL,SOL,2044,373.0368
RE1,MINSOL,SOL,2045,373.0368
RE1,MINSOL,SOL,2046,373.0368
RE1,MINSOL,SOL,2047,373.0368
RE1,MINSOL,SOL,2048,373.0368
RE1,MINSOL,SOL,2049,373.0368
RE1,MINSOL,SOL,2050,373.0368
RE1,MINSOL,SOL,2051,373.0368
RE1,MINSOL,SOL,2052,373.0368
RE1,MINSOL,SOL,2053,369.2032
RE1,MINWND,WND,2015,1.1747
RE1,MINWND,WND,2016,2.545
RE1,MINWND,WND,2017,3.1524
RE1,MINWND,WND,2018,5.5368
RE1,MINWND,WND,2019,7.5648
RE1,MINWND,WND,2020,7.5648
RE1,MINWND,WND,2021,7.7555
RE1,MINWND,WND,2022,7.7555
RE1,MINWND,WND,2023,7.7555
RE1,MINWND,WND,2024,7.7555
RE1,MINWND,WND,2025,7.7555
RE1,MINWND,WND,2026,7.7555
RE1,MINWND,WND,2027,7.7555
RE1,MINWND,WND,2028,7.7555
RE1,MINWND,WND,2029,7.7555
RE1,MINWND,WND,2030,7.7555
RE1,MINWND,WND,2031,7.7555
RE1,MINWND,WND,2032,7.7555
RE1,MINWND,WND,2033,7.7555
RE1,MINWND,WND,2034,7.7555
RE1,MINWND,WND,2035,7.7555
RE1,MINWND,WND,2036,6.3851
RE1,MINWND,WND,2037,6.3851
RE1,MINWND,WND,2038,6.3851
RE1,MINWND,WND,2039,6.3851
RE1,MINWND,WND,2040,6.3851
RE1,MINWND,WND,2041,6.3851
RE1,MINWND,WND,2042,6.3851
RE1,MINWND,WND,2043,6.3851
RE1,MINWND,WND,2044,6.3851
RE1,MINWND,WND,2045,6.3851
RE1,MINWND,WND,2046,6.3851
RE1,MINWND,WND,2047,2.545
RE1,MINWND,WND,2048,2.0079
RE1,MINWND,WND,2049,2.0079
RE1,MINWND,WND,2070,1358.4219
RE1,PWRBIO001,ELC001,2015,65.3647
RE1,PWRBIO001,ELC001,2016,74.7151
RE1,PWRBIO001,ELC001,2017,84.0435
RE1,PWRBIO001,ELC001,2018,88.6748
RE1,PWRBIO001,ELC001,2019,88.6748
RE1,PWRBIO001,ELC001,2020,93.3938
RE1,PWRBIO001,ELC001,2021,98.069
RE1,PWRBIO001,ELC001,2022,98.069
RE1,PWRBIO001,ELC001,2023,98.069
RE1,PWRBIO001,ELC001,2024,95.6776
RE1,PWRBIO001,ELC001,2025,48.0138
RE1,PWRBIO001,ELC001,2026,47.6991
RE1,PWRBIO001,ELC001,2027,47.346
RE1,PWRBIO001,ELC001,2028,46.9914
RE1,PWRBIO001,ELC001,2029,46.9914
RE1,PWRBIO001,ELC001,2030,40.8621
RE1,PWRBIO001,ELC001,2031,13.6268
RE1,PWRBIO001,ELC001,2032,13.6268
RE1,PWRBIO001,ELC001,2033,13.6268
RE1,PWRBIO001,ELC001,2034,13.6268
RE1,PWRBIO001,ELC001,2035,13.6268
RE1,PWRBIO001,ELC001,2036,13.6268
RE1,PWRBIO001,ELC001,2037,13.6268
RE1,PWRBIO001,ELC001,2038,13.6268
RE1,PWRBIO001,ELC001,2039,13.6268
RE1,PWRBIO001,ELC001,2040,13.6268
RE1,PWRBIO001,ELC001,2041,13.6268
RE1,PWRBIO001,ELC001,2042,13.6268
RE1,PWRBIO001,ELC001,2043,13.6268
RE1,PWRBIO001,ELC001,2044,13.6268
RE1,PWRBIO001,ELC001,2045,13.6268
RE1,PWRBIO001,ELC001,2046,9.7308
RE1,PWRBIO001,ELC001,2047,5.844
RE1,PWRBIO001,ELC001,2048,3.9143
RE1,PWRBIO001,ELC001,2049,3.9143
RE1,PWRBIO001,ELC001,2050,1.948
RE1,PWRCOA001,ELC001,2015,123.6759
RE1,PWRCOA001,ELC001,2016,123.6759
RE1,PWRCOA001,ELC001,2017,123.6759
RE1,PWRCOA001,ELC001,2018,247.9815
RE1,PWRCOA001,ELC001,2019,247.9815
RE1,PWRCOA001,ELC001,2020,247.9815
RE1,PWRCOA001,ELC001,2021,247.9815
RE1,PWRCOA001,ELC001,2022,247.9815
RE1,PWRCOA001,ELC001,2023,247.9815
RE1,PWRCOA001,ELC001,2024,115.1247
RE1,PWRCOA001,ELC001,2025,78.973
RE1,PWRCOA001,ELC001,2026,79.8086
RE1,PWRCOA001,ELC001,2027,79.8086
RE1,PWRCOA001,ELC001,2028,79.8086
RE1,PWRCOA001,ELC001,2029,76.5946
RE1,PWRCOA001,ELC001,2030,76.5946
RE1,PWRCOA001,ELC001,2031,71.4405
RE1,PWRCOA001,ELC001,2032,71.4405
RE1,PWRCOA001,ELC001,2033,71.4405
RE1,PWRCOA001,ELC001,2034,71.4405
RE1,PWRCOA001,ELC001,2035,71.4405
RE1,PWRCOA001,ELC001,2036,71.4405
RE1,PWRCOA001,ELC001,2037,58.2612
RE1,PWRCOA001,ELC001,2038,58.2612
RE1,PWRCOA001,ELC001,2039,58.2612
RE1,PWRCOA001,ELC001,2040,58.2612
RE1,PWRCOA001,ELC001,2041,58.2612
RE1,PWRCOA001,ELC001,2042,51.794
RE1,PWRCOA001,ELC001,2043,51.794
RE1,PWRCOA001,ELC001,2044,51.794
RE1,PWRCOA001,ELC001,2045,51.794
RE1,PWRCOA001,ELC001,2046,51.794
RE1,PWRCOA001,ELC001,2047,51.794
RE1,PWRCOA001,ELC001,2048,51.794
RE1,PWRCOA001,ELC001,2049,51.794
RE1,PWRCOA001,ELC001,2050,51.794
RE1,PWRCOA001,ELC001,2051,51.794
RE1,PWRCOA001,ELC001,2052,51.794
RE1,PWRCOA001,ELC001,2053,51.794
RE1,PWRCOA001,ELC001,2054,51.794
RE1,PWRCOA001,ELC001,2055,51.794
RE1,PWRCOA001,ELC001,2056,51.794
RE1,PWRCOA001,ELC001,2057,51.794
RE1,PWRCOA001,ELC001,2058,51.794
RE1,PWRCOA001,ELC001,2059,51.794
RE1,PWRCOA001,ELC001,2060,51.794
RE1,PWRCOA001,ELC001,2061,51.794
RE1,PWRCOA001,ELC001,2062,51.794
RE1,PWRCOA001,ELC001,2063,51.794
RE1,PWRCOA001,ELC001,2064,51.794
RE1,PWRCOA001,ELC001,2065,51.794
RE1,PWRCOA001,ELC001,2066,51.794
RE1,PWRCOA001,ELC001,2067,51.794
RE1,PWRCOA001,ELC001,2068,51.794
RE1,PWRCOA001,ELC001,2069,51.794
RE1,PWRCSP002,ELC001,2015,0.0274
RE1,PWRCSP002,ELC001,2016,0.0274
RE1,PWRCSP002,ELC001,2017,0.0274
RE1,PWRCSP002,ELC001,2018,0.0274
RE1,PWRCSP002,ELC001,2019,0.0274
RE1,PWRCSP002,ELC001,2020,0.0274
RE1,PWRCSP002,ELC001,2021,0.0274
RE1,PWRCSP002,ELC001,2022,0.0274
RE1,PWRCSP002,ELC001,2023,0.0274
RE1,PWRCSP002,ELC001,2024,0.0274
RE1,PWRCSP002,ELC001,2025,0.0274
RE1,PWRCSP002,ELC001,2026,0.0274
RE1,PWRCSP002,ELC001,2027,0.0274
RE1,PWRCSP002,ELC001,2028,0.0274
RE1,PWRCSP002,ELC001,2029,0.0274
RE1,PWRCSP002,ELC001,2030,0.0274
RE1,PWRCSP002,ELC001,2031,0.0274
RE1,PWRCSP002,ELC001,2032,0.0274
RE1,PWRCSP002,ELC001,2033,0.0274
RE1,PWRCSP002,ELC001,2034,0.0274
RE1,PWRCSP002,ELC001,2035,0.0274
RE1,PWRCSP002,ELC001,2036,0.0274
RE1,PWRCSP002,ELC001,2037,0.0274
RE1,PWRCSP002,ELC001,2038,0.0274
RE1,PWRCSP002,ELC001,2039,0.0274
RE1,PWRCSP002,ELC001,2040,0.0274
RE1,PWRCSP002,ELC001,2041,0.0274
RE1,PWRCSP002,ELC001,2042,0.0274
RE1,PWRCSP002,ELC001,2043,0.0274
RE1,PWRDIST,ELC003,2015,668.4143
RE1,PWRDIST,ELC003,2016,706.2764
RE1,PWRDIST,ELC003,2017,739.1412
RE1,PWRDIST,ELC003,2018,772.1574
RE1,PWRDIST,ELC003,2019,804.5514
RE1,PWRDIST,ELC003,2020,836.9454
RE1,PWRDIST,ELC003,2021,861.7236
RE1,PWRDIST,ELC003,2022,886.5018
RE1,PWRDIST,ELC003,2023,905.764
RE1,PWRDIST,ELC003,2024,1296.8169
RE1,PWRDIST,ELC003,2025,1326.7525
RE1,PWRDIST,ELC003,2026,1357.1605
RE1,PWRDIST,ELC003,2027,1388.6091
RE1,PWRDIST,ELC003,2028,1420.0489
RE1,PWRDIST,ELC003,2029,1462.8641
RE1,PWRDIST,ELC003,2030,2144.4488
RE1,PWRDIST,ELC003,2031,2186.6843
RE1,PWRDIST,ELC003,2032,2228.8891
RE1,PWRDIST,ELC003,2033,2271.0651
RE1,PWRDIST,ELC003,2034,2313.2136
RE1,PWRDIST,ELC003,2035,2366.7295
RE1,PWRDIST,ELC003,2036,2411.7805
RE1,PWRDIST,ELC003,2037,2466.862
RE1,PWRDIST,ELC003,2038,2527.3767
RE1,PWRDIST,ELC003,2039,2587.8465
RE1,PWRDIST,ELC003,2040,2720.2423
RE1,PWRDIST,ELC003,2041,2742.0461
RE1,PWRDIST,ELC003,2042,2782.7981
RE1,PWRDIST,ELC003,2043,2834.6632
RE1,PWRDIST,ELC003,2044,2886.5037
RE1,PWRDIST,ELC003,2045,3486.7165
RE1,PWRDIST,ELC003,2046,3528.2901
RE1,PWRDIST,ELC003,2047,3568.8926
RE1,PWRDIST,ELC003,2048,3609.4737
RE1,PWRDIST,ELC003,2049,3659.612
RE1,PWRDIST,ELC003,2050,5565.5127
RE1,PWRDIST,ELC003,2051,5611.9788
RE1,PWRDIST,ELC003,2052,5658.8497
RE1,PWRDIST,ELC003,2053,5706.1293
RE1,PWRDIST,ELC003,2054,5753.8213
RE1,PWRDIST,ELC003,2055,5801.9293
RE1,PWRDIST,ELC003,2056,5850.4571
RE1,PWRDIST,ELC003,2057,5899.4086
RE1,PWRDIST,ELC003,2058,5948.7876
RE1,PWRDIST,ELC003,2059,6010.8269
RE1,PWRDIST,ELC003,2060,6046.9045
RE1,PWRDIST,ELC003,2061,6099.5282
RE1,PWRDIST,ELC003,2062,6150.6562
RE1,PWRDIST,ELC003,2063,6202.2313
RE1,PWRDIST,ELC003,2064,6254.8029
RE1,PWRDIST,ELC003,2065,6307.2847
RE1,PWRDIST,ELC003,2066,6360.226
RE1,PWRDIST,ELC003,2067,6413.631
RE1,PWRDIST,ELC003,2068,6410.4038
RE1,PWRDIST,ELC003,2069,6380.0413
RE1,PWRDIST,ELC003,2070,6615.379
RE1,PWRGEO,ELC001,2024,0.1449
RE1,PWRGEO,ELC001,2025,0.1449
RE1,PWRGEO,ELC001,2026,0.1449
RE1,PWRGEO,ELC001,2027,0.1449
RE1,PWRGEO,ELC001,2028,0.1449
RE1,PWRGEO,ELC001,2029,0.1449
RE1,PWRGEO,ELC001,2030,0.1449
RE1,PWRGEO,ELC001,2031,0.1449
RE1,PWRGEO,ELC001,2032,0.1449
RE1,PWRGEO,ELC001,2033,0.1449
RE1,PWRGEO,ELC001,2034,0.1449
RE1,PWRGEO,ELC001,2035,0.1449
RE1,PWRGEO,ELC001,2036,0.1449
RE1,PWRGEO,ELC001,2037,0.1449
RE1,PWRGEO,ELC001,2038,0.1449
RE1,PWRGEO,ELC001,2039,0.1449
RE1,PWRGEO,ELC001,2040,0.1449
RE1,PWRGEO,ELC001,2041,0.1449
RE1,PWRGEO,ELC001,2042,0.1449
RE1,PWRGEO,ELC001,2043,0.1449
RE1,PWRGEO,ELC001,2044,0.1449
RE1,PWRGEO,ELC001,2045,0.1449
RE1,PWRGEO,ELC001,2046,0.1449
RE1,PWRGEO,ELC001,2047,0.1449
RE1,PWRGEO,ELC001,2048,0.1449
RE1,PWRGEO,ELC001,2049,0.1449
RE1,PWRGEO,ELC001,2050,0.1449
RE1,PWRGEO,ELC001,2051,0.1449
RE1,PWRGEO,ELC001,2052,0.1449
RE1,PWRGEO,ELC001,2053,0.1268
RE1,PWRGEO,ELC001,2054,0.1449
RE1,PWRGEO,ELC001,2055,0.1449
RE1,PWRGEO,ELC001,2056,0.1449
RE1,PWRGEO,ELC001,2057,0.1449
RE1,PWRGEO,ELC001,2058,0.1449
RE1,PWRGEO,ELC001,2059,0.1449
RE1,PWRGEO,ELC001,2060,0.1449
RE1,PWRGEO,ELC001,2061,0.1449
RE1,PWRGEO,ELC001,2062,0.1449
RE1,PWRGEO,ELC001,2063,0.1449
RE1,PWRGEO,ELC001,2064,0.1449
RE1,PWRGEO,ELC001,2065,0.1449
RE1,PWRGEO,ELC001,2066,0.1449
RE1,PWRGEO,ELC001,2067,0.1238
RE1,PWRGEO,ELC001,2068,0.1238
RE1,PWRGEO,ELC001,2069,0.1449
RE1,PWRGEO,ELC001,2070,0.0604
RE1,PWRHYD001,ELC001,2015,28.3385
RE1,PWRHYD001,ELC001,2016,28.3385
RE1,PWRHYD001,ELC001,2017,28.3385
RE1,PWRHYD001,ELC001,2018,28.3385
RE1,PWRHYD001,ELC001,2019,28.3385
RE1,PWRHYD001,ELC001,2020,28.3385
RE1,PWRHYD001,ELC001,2021,28.3385
RE1,PWRHYD001,ELC001,2022,28.3385
RE1,PWRHYD001,ELC001,2023,28.3385
RE1,PWRHYD001,ELC001,2024,33.9883
RE1,PWRHYD001,ELC001,2025,33.9883
RE1,PWRHYD001,ELC001,2026,33.9883
RE1,PWRHYD001,ELC001,2027,33.9883
RE1,PWRHYD001,ELC001,2028,33.9883
RE1,PWRHYD001,ELC001,2029,33.9883
RE1,PWRHYD001,ELC001,2030,33.9883
RE1,PWRHYD001,ELC001,2031,33.9883
RE1,PWRHYD001,ELC001,2032,33.9883
RE1,PWRHYD001,ELC001,2033,33.9883
RE1,PWRHYD001,ELC001,2034,33.9883
RE1,PWRHYD001,ELC001,2035,33.9883
RE1,PWRHYD001,ELC001,2036,33.9883
RE1,PWRHYD001,ELC001,2037,33.9883
RE1,PWRHYD001,ELC001,2038,33.9883
RE1,PWRHYD001,ELC001,2039,33.9883
RE1,PWRHYD001,ELC001,2040,33.9883
RE1,PWRHYD001,ELC001,2041,33.9883
RE1,PWRHYD001,ELC001,2042,33.9883
RE1,PWRHYD001,ELC001,2043,33.9883
RE1,PWRHYD001,ELC001,2044,33.9883
RE1,PWRHYD001,ELC001,2045,33.9883
RE1,PWRHYD001,ELC001,2046,33.9883
RE1,PWRHYD001,ELC001,2047,33.9883
RE1,PWRHYD001,ELC001,2048,33.9883
RE1,PWRHYD001,ELC001,2049,33.9883
RE1,PWRHYD001,ELC001,2050,33.9883
RE1,PWRHYD001,ELC001,2051,33.9883
RE1,PWRHYD001,ELC001,2052,33.9883
RE1,PWRHYD001,ELC001,2053,33.9883
RE1,PWRHYD001,ELC001,2054,33.9883
RE1,PWRHYD001,ELC001,2055,33.9883
RE1,PWRHYD001,ELC001,2056,33.9883
RE1,PWRHYD001,ELC001,2057,33.9883
RE1,PWRHYD001,ELC001,2058,33.9883
RE1,PWRHYD001,ELC001,2059,33.9883
RE1,PWRHYD001,ELC001,2060,33.9883
RE1,PWRHYD001,ELC001,2061,33.9883
RE1,PWRHYD001,ELC001,2062,33.9883
RE1,PWRHYD001,ELC001,2063,33.9883
RE1,PWRHYD001,ELC001,2064,33.9883
RE1,PWRHYD001,ELC001,2065,33.9883
RE1,PWRHYD001,ELC001,2066,33.9883
RE1,PWRHYD001,ELC001,2067,32.6685
RE1,PWRHYD001,ELC001,2068,32.6685
RE1,PWRHYD001,ELC001,2069,33.9883
RE1,PWRHYD001,ELC001,2070,20.2478
RE1,PWRHYD002,ELC001,2015,1.1526
RE1,PWRHYD002,ELC001,2016,1.1526
RE1,PWRHYD002,ELC001,2017,1.1526
RE1,PWRHYD002,ELC001,2018,1.1526
RE1,PWRHYD002,ELC001,2019,1.1526
RE1,PWRHYD002,ELC001,2020,1.1526
RE1,PWRHYD002,ELC001,2021,1.1526
RE1,PWRHYD002,ELC001,2022,1.1526
RE1,PWRHYD002,ELC001,2023,1.1526
RE1,PWRHYD002,ELC001,2024,1.3823
RE1,PWRHYD002,ELC001,2025,1.3823
RE1,PWRHYD002,ELC001,2026,1.3823
RE1,PWRHYD002,ELC001,2027,1.3823
RE1,PWRHYD002,ELC001,2028,1.3823
RE1,PWRHYD002,ELC001,2029,1.3823
RE1,PWRHYD002,ELC001,2030,1.3823
RE1,PWRHYD002,ELC001,2031,1.3823
RE1,PWRHYD002,ELC001,2032,1.3823
RE1,PWRHYD002,ELC001,2033,1.3823
RE1,PWRHYD002,ELC001,2034,1.3823
RE1,PWRHYD002,ELC001,2035,1.3823
RE1,PWRHYD002,ELC001,2036,1.3823
RE1,PWRHYD002,ELC001,2037,1.3823
RE1,PWRHYD002,ELC001,2038,1.3823
RE1,PWRHYD002,ELC001,2039,1.3823
RE1,PWRHYD002,ELC001,2040,1.3823
RE1,PWRHYD002,ELC001,2041,1.3823
RE1,PWRHYD002,ELC001,2042,1.3823
RE1,PWRHYD002,ELC001,2043,1.3823
RE1,PWRHYD002,ELC001,2044,1.3823
RE1,PWRHYD002,ELC001,2045,1.3823
RE1,PWRHYD002,ELC001,2046,1.3823
RE1,PWRHYD002,ELC001,2047,1.3823
RE1,PWRHYD002,ELC001,2048,1.3823
RE1,PWRHYD002,ELC001,2049,1.3823
RE1,PWRHYD002,ELC001,2050,1.3823
RE1,PWRHYD002,ELC001,2051,1.3823
RE1,PWRHYD002,ELC001,2052,1.3823
RE1,PWRHYD002,ELC001,2053,1.3823
RE1,PWRHYD002,ELC001,2054,1.3823
RE1,PWRHYD002,ELC001,2055,1.3823
RE1,PWRHYD002,ELC001,2056,1.3823
RE1,PWRHYD002,ELC001,2057,1.3823
RE1,PWRHYD002,ELC001,2058,1.3823
RE1,PWRHYD002,ELC001,2059,1.3823
RE1,PWRHYD002,ELC001,2060,1.3823
RE1,PWRHYD002,ELC001,2061,1.3823
RE1,PWRHYD002,ELC001,2062,1.3823
RE1,PWRHYD002,ELC001,2063,1.3823
RE1,PWRHYD002,ELC001,2064,1.3823
RE1,PWRHYD002,ELC001,2065,1.3823
RE1,PWRHYD002,ELC001,2066,1.3823
RE1,PWRHYD002,ELC001,2067,1.3287
RE1,PWRHYD002,ELC001,2068,1.3287
RE1,PWRHYD002,ELC001,2069,1.3823
RE1,PWRHYD002,ELC001,2070,0.8043
RE1,PWRHYD003,ELC001,2024,4.9061
RE1,PWRHYD003,ELC001,2025,4.9061
RE1,PWRHYD003,ELC001,2026,4.9061
RE1,PWRHYD003,ELC001,2027,4.9061
RE1,PWRHYD003,ELC001,2028,4.9061
RE1,PWRHYD003,ELC001,2029,4.9061
RE1,PWRHYD003,ELC001,2030,4.9061
RE1,PWRHYD003,ELC001,2031,4.9061
RE1,PWRHYD003,ELC001,2032,4.9061
RE1,PWRHYD003,ELC001,2033,4.9061
RE1,PWRHYD003,ELC001,2034,4.9061
RE1,PWRHYD003,ELC001,2035,4.9061
RE1,PWRHYD003,ELC001,2036,4.9061
RE1,PWRHYD003,ELC001,2037,4.9061
RE1,PWRHYD003,ELC001,2038,4.9061
RE1,PWRHYD003,ELC001,2039,4.9061
RE1,PWRHYD003,ELC001,2040,4.9061
RE1,PWRHYD003,ELC001,2041,4.9061
RE1,PWRHYD003,ELC001,2042,4.9061
RE1,PWRHYD003,ELC001,2043,4.9061
RE1,PWRHYD003,ELC001,2044,4.9061
RE1,PWRHYD003,ELC001,2045,4.9061
RE1,PWRHYD003,ELC001,2046,4.9061
RE1,PWRHYD003,ELC001,2047,4.9061
RE1,PWRHYD003,ELC001,2048,4.9061
RE1,PWRHYD003,ELC001,2049,4.9061
RE1,PWRHYD003,ELC001,2050,4.9061
RE1,PWRHYD003,ELC001,2051,4.9061
RE1,PWRHYD003,ELC001,2052,4.9061
RE1,PWRHYD003,ELC001,2053,4.9061
RE1,PWRHYD003,ELC001,2054,4.9061
RE1,PWRHYD003,ELC001,2055,4.9061
RE1,PWRHYD003,ELC001,2056,4.9061
RE1,PWRHYD003,ELC001,2057,4.9061
RE1,PWRHYD003,ELC001,2058,4.9061
RE1,PWRHYD003,ELC001,2059,4.9061
RE1,PWRHYD003,ELC001,2060,4.9061
RE1,PWRHYD003,ELC001,2061,4.9061
RE1,PWRHYD003,ELC001,2062,4.9061
RE1,PWRHYD003,ELC001,2063,4.9061
RE1,PWRHYD004,ELC003,2024,0.5451
RE1,PWRHYD004,ELC003,2025,0.5451
RE1,PWRHYD004,ELC003,2026,0.5451
RE1,PWRHYD004,ELC003,2027,0.5451
RE1,PWRHYD004,ELC003,2028,0.5451
RE1,PWRHYD004,ELC003,2029,0.5451
RE1,PWRHYD004,ELC003,2030,0.5451
RE1,PWRHYD004,ELC003,2031,0.5451
RE1,PWRHYD004,ELC003,2032,0.5451
RE1,PWRHYD004,ELC003,2033,0.5451
RE1,PWRHYD004,ELC003,2034,0.5451
RE1,PWRHYD004,ELC003,2035,0.5451
RE1,PWRHYD004,ELC003,2036,0.5451
RE1,PWRHYD004,ELC003,2037,0.5451
RE1,PWRHYD004,ELC003,2038,0.5451
RE1,PWRHYD004,ELC003,2039,0.5451
RE1,PWRHYD004,ELC003,2040,0.5451
RE1,PWRHYD004,ELC003,2041,0.5451
RE1,PWRHYD004,ELC003,2042,0.5451
RE1,PWRHYD004,ELC003,2043,0.5451
RE1,PWRHYD004,ELC003,2044,0.5451
RE1,PWRHYD004,ELC003,2045,0.5451
RE1,PWRHYD004,ELC003,2046,0.5451
RE1,PWRHYD004,ELC003,2047,0.5451
RE1,PWRHYD004,ELC003,2048,0.5451
RE1,PWRHYD004,ELC003,2049,0.5451
RE1,PWRHYD004,ELC003,2050,0.5451
RE1,PWRHYD004,ELC003,2051,0.5451
RE1,PWRHYD004,ELC003,2052,0.5451
RE1,PWRHYD004,ELC003,2053,0.5451
RE1,PWRHYD004,ELC003,2054,0.5451
RE1,PWRHYD004,ELC003,2055,0.5451
RE1,PWRHYD004,ELC003,2056,0.5451
RE1,PWRHYD004,ELC003,2057,0.5451
RE1,PWRHYD004,ELC003,2058,0.5451
RE1,PWRHYD004,ELC003,2059,0.5451
RE1,PWRHYD004,ELC003,2060,0.5451
RE1,PWRHYD004,ELC003,2061,0.5451
RE1,PWRHYD004,ELC003,2062,0.5451
RE1,PWRHYD004,ELC003,2063,0.5451
RE1,PWRNGS001,ELC001,2015,439.0405
RE1,PWRNGS001,ELC001,2016,440.3042
RE1,PWRNGS001,ELC001,2017,445.6318
RE1,PWRNGS001,ELC001,2018,339.5781
RE1,PWRNGS001,ELC001,2019,371.6001
RE1,PWRNGS001,ELC001,2020,401.0348
RE1,PWRNGS001,ELC001,2021,421.7446
RE1,PWRNGS001,ELC001,2022,447.7662
RE1,PWRNGS001,ELC001,2023,467.913
RE1,PWRNGS001,ELC001,2024,150.5853
RE1,PWRNGS001,ELC001,2025,86.2093
RE1,PWRNGS001,ELC001,2026,93.9824
RE1,PWRNGS001,ELC001,2027,102.8023
RE1,PWRNGS001,ELC001,2028,111.1711
RE1,PWRNGS001,ELC001,2029,121.6662
RE1,PWRNGS001,ELC001,2030,123.7404
RE1,PWRNGS001,ELC001,2031,166.1885
RE1,PWRNGS001,ELC001,2032,176.2406
RE1,PWRNGS001,ELC001,2033,186.2861
RE1,PWRNGS001,ELC001,2034,196.325
RE1,PWRNGS001,ELC001,2035,206.3574
RE1,PWRNGS001,ELC001,2036,215.0359
RE1,PWRNGS001,ELC001,2037,236.2556
RE1,PWRNGS001,ELC001,2038,244.2907
RE1,PWRNGS001,ELC001,2039,252.3206
RE1,PWRNGS001,ELC001,2040,260.3452
RE1,PWRNGS001,ELC001,2041,268.1951
RE1,PWRNGS001,ELC001,2042,282.5071
RE1,PWRNGS001,ELC001,2043,290.3467
RE1,PWRNGS001,ELC001,2044,298.1813
RE1,PWRNGS001,ELC001,2045,306.0108
RE1,PWRNGS001,ELC001,2046,315.3068
RE1,PWRNGS001,ELC001,2047,326.3637
RE1,PWRNGS001,ELC001,2048,333.9346
RE1,PWRNGS001,ELC001,2049,342.6271
RE1,PWRNGS001,ELC001,2050,729.4038
RE1,PWRNGS001,ELC001,2051,739.9977
RE1,PWRNGS001,ELC001,2052,748.7301
RE1,PWRNGS001,ELC001,2053,757.5499
RE1,PWRNGS001,ELC001,2054,766.458
RE1,PWRNGS001,ELC001,2055,775.4553
RE1,PWRNGS001,ELC001,2056,784.5427
RE1,PWRNGS001,ELC001,2057,793.7212
RE1,PWRNGS001,ELC001,2058,802.9916
RE1,PWRNGS001,ELC001,2059,816.1138
RE1,PWRNGS001,ELC001,2060,821.3869
RE1,PWRNGS001,ELC001,2061,831.3642
RE1,PWRNGS001,ELC001,2062,841.0121
RE1,PWRNGS001,ELC001,2063,850.7568
RE1,PWRNGS001,ELC001,2064,862.8826
RE1,PWRNGS001,ELC001,2065,872.8239
RE1,PWRNGS001,ELC001,2066,882.8651
RE1,PWRNGS001,ELC001,2067,893.0072
RE1,PWRNGS001,ELC001,2068,903.2511
RE1,PWRNGS001,ELC001,2069,913.598
RE1,PWRSOL001,ELC001,2015,8.5041
RE1,PWRSOL001,ELC001,2016,14.7357
RE1,PWRSOL001,ELC001,2017,16.2447
RE1,PWRSOL001,ELC001,2018,17.8379
RE1,PWRSOL001,ELC001,2019,17.9642
RE1,PWRSOL001,ELC001,2020,17.9642
RE1,PWRSOL001,ELC001,2021,18.4271
RE1,PWRSOL001,ELC001,2022,18.4271
RE1,PWRSOL001,ELC001,2023,18.4271
RE1,PWRSOL001,ELC001,2024,391.464
RE1,PWRSOL001,ELC001,2025,391.464
RE1,PWRSOL001,ELC001,2026,391.464
RE1,PWRSOL001,ELC001,2027,391.464
RE1,PWRSOL001,ELC001,2028,391.464
RE1,PWRSOL001,ELC001,2029,391.464
RE1,PWRSOL001,ELC001,2030,391.464
RE1,PWRSOL001,ELC001,2031,391.464
RE1,PWRSOL001,ELC001,2032,391.464
RE1,PWRSOL001,ELC001,2033,391.464
RE1,PWRSOL001,ELC001,2034,391.464
RE1,PWRSOL001,ELC001,2035,382.9598
RE1,PWRSOL001,ELC001,2036,376.7283
RE1,PWRSOL001,ELC001,2037,375.2192
RE1,PWRSOL001,ELC001,2038,373.626
RE1,PWRSOL001,ELC001,2039,373.4998
RE1,PWRSOL001,ELC001,2040,373.4998
RE1,PWRSOL001,ELC001,2041,373.0368
RE1,PWRSOL001,ELC001,2042,373.0368
RE1,PWRSOL001,ELC001,2043,373.0368
RE1,PWRSOL001,ELC001,2044,373.0368
RE1,PWRSOL001,ELC001,2045,373.0368
RE1,PWRSOL001,ELC001,2046,373.0368
RE1,PWRSOL001,ELC001,2047,373.0368
RE1,PWRSOL001,ELC001,2048,373.0368
RE1,PWRSOL001,ELC001,2049,373.0368
RE1,PWRSOL001,ELC001,2050,373.0368
RE1,PWRSOL001,ELC001,2051,373.0368
RE1,PWRSOL001,ELC001,2052,373.0368
RE1,PWRSOL001,ELC001,2053,369.2032
RE1,PWRSOL001S,ELC001,2024,483.4318
RE1,PWRSOL001S,ELC001,2025,662.9416
RE1,PWRSOL001S,ELC001,2026,686.4467
RE1,PWRSOL001S,ELC001,2027,710.8619
RE1,PWRSOL001S,ELC001,2028,735.6988
RE1,PWRSOL001S,ELC001,2029,773.3037
RE1,PWRSOL001S,ELC001,2030,1498.9974
RE1,PWRSOL001S,ELC001,2031,1532.931
RE1,PWRSOL001S,ELC001,2032,1566.8101
RE1,PWRSOL001S,ELC001,2033,1600.6364
RE1,PWRSOL001S,ELC001,2034,1634.4116
RE1,PWRSOL001S,ELC001,2035,1688.6932
RE1,PWRSOL001S,ELC001,2036,1734.439
RE1,PWRSOL001S,ELC001,2037,1785.3025
RE1,PWRSOL001S,ELC001,2038,1841.9598
RE1,PWRSOL001S,ELC001,2039,1897.0667
RE1,PWRSOL001S,ELC001,2040,2027.9697
RE1,PWRSOL001S,ELC001,2041,2042.6662
RE1,PWRSOL001S,ELC001,2042,2076.8879
RE1,PWRSOL001S,ELC001,2043,2122.8121
RE1,PWRSOL001S,ELC001,2044,2168.7079
RE1,PWRSOL001S,ELC001,2045,2792.7186
RE1,PWRSOL001S,ELC001,2046,2829.9424
RE1,PWRSOL001S,ELC001,2047,2868.1854
RE1,PWRSOL001S,ELC001,2048,2904.6048
RE1,PWRSOL001S,ELC001,2049,2947.4722
RE1,PWRSOL001S,ELC001,2050,4569.6303
RE1,PWRSOL001S,ELC001,2051,4609.896
RE1,PWRSOL001S,ELC001,2052,4650.5014
RE1,PWRSOL001S,ELC001,2053,4695.3014
RE1,PWRSOL001S,ELC001,2054,5105.7804
RE1,PWRSOL001S,ELC001,2055,5147.4232
RE1,PWRSOL001S,ELC001,2056,5189.4177
RE1,PWRSOL001S,ELC001,2057,5231.7671
RE1,PWRSOL001S,ELC001,2058,5274.4746
RE1,PWRSOL001S,ELC001,2059,5326.6569
RE1,PWRSOL001S,ELC001,2060,5359.3601
RE1,PWRSOL001S,ELC001,2061,5404.7763
RE1,PWRSOL001S,ELC001,2062,5448.9473
RE1,PWRSOL001S,ELC001,2063,5493.4923
RE1,PWRSOL001S,ELC001,2064,5541.611
RE1,PWRSOL001S,ELC001,2065,5586.9137
RE1,PWRSOL001S,ELC001,2066,5632.6002
RE1,PWRSOL001S,ELC001,2067,5680.0685
RE1,PWRSOL001S,ELC001,2068,5666.4275
RE1,PWRSOL001S,ELC001,2069,5622.7256
RE1,PWRSOL001S,ELC001,2070,5491.8225
RE1,PWRTRN,ELC002,2015,668.4143
RE1,PWRTRN,ELC002,2016,706.2764
RE1,PWRTRN,ELC002,2017,739.1411
RE1,PWRTRN,ELC002,2018,772.1574
RE1,PWRTRN,ELC002,2019,804.5514
RE1,PWRTRN,ELC002,2020,836.9454
RE1,PWRTRN,ELC002,2021,861.7236
RE1,PWRTRN,ELC002,2022,886.5018
RE1,PWRTRN,ELC002,2023,905.7639
RE1,PWRTRN,ELC002,2024,1296.8169
RE1,PWRTRN,ELC002,2025,1326.7525
RE1,PWRTRN,ELC002,2026,1357.1604
RE1,PWRTRN,ELC002,2027,1388.6091
RE1,PWRTRN,ELC002,2028,1420.0489
RE1,PWRTRN,ELC002,2029,1462.8641
RE1,PWRTRN,ELC002,2030,2144.4488
RE1,PWRTRN,ELC002,2031,2186.6843
RE1,PWRTRN,ELC002,2032,2228.8892
RE1,PWRTRN,ELC002,2033,2271.0651
RE1,PWRTRN,ELC002,2034,2313.2136
RE1,PWRTRN,ELC002,2035,2366.7295
RE1,PWRTRN,ELC002,2036,2411.7806
RE1,PWRTRN,ELC002,2037,2466.862
RE1,PWRTRN,ELC002,2038,2527.3767
RE1,PWRTRN,ELC002,2039,2587.8465
RE1,PWRTRN,ELC002,2040,2720.2423
RE1,PWRTRN,ELC002,2041,2742.0461
RE1,PWRTRN,ELC002,2042,2782.798
RE1,PWRTRN,ELC002,2043,2834.6632
RE1,PWRTRN,ELC002,2044,2886.5037
RE1,PWRTRN,ELC002,2045,3486.7165
RE1,PWRTRN,ELC002,2046,3528.2901
RE1,PWRTRN,ELC002,2047,3568.8926
RE1,PWRTRN,ELC002,2048,3609.4737
RE1,PWRTRN,ELC002,2049,3659.612
RE1,PWRTRN,ELC002,2050,5565.5127
RE1,PWRTRN,ELC002,2051,5611.9787
RE1,PWRTRN,ELC002,2052,5658.8497
RE1,PWRTRN,ELC002,2053,5706.1293
RE1,PWRTRN,ELC002,2054,5753.8213
RE1,PWRTRN,ELC002,2055,5801.9293
RE1,PWRTRN,ELC002,2056,5850.4571
RE1,PWRTRN,ELC002,2057,5899.4086
RE1,PWRTRN,ELC002,2058,5948.7876
RE1,PWRTRN,ELC002,2059,6010.8269
RE1,PWRTRN,ELC002,2060,6046.9044
RE1,PWRTRN,ELC002,2061,6099.5282
RE1,PWRTRN,ELC002,2062,6150.6561
RE1,PWRTRN,ELC002,2063,6202.2313
RE1,PWRTRN,ELC002,2064,6254.8029
RE1,PWRTRN,ELC002,2065,6307.2847
RE1,PWRTRN,ELC002,2066,6360.226
RE1,PWRTRN,ELC002,2067,6413.6311
RE1,PWRTRN,ELC002,2068,6410.4038
RE1,PWRTRN,ELC002,2069,6380.0413
RE1,PWRTRN,ELC002,2070,6615.3791
RE1,PWRTRNIMP,ELC001,2015,52.0
RE1,PWRTRNIMP,ELC001,2016,71.0
RE1,PWRTRNIMP,ELC001,2017,88.0
RE1,PWRTRNIMP,ELC001,2018,96.0
RE1,PWRTRNIMP,ELC001,2019,96.0
RE1,PWRTRNIMP,ELC001,2020,96.0
RE1,PWRTRNIMP,ELC001,2021,96.0
RE1,PWRTRNIMP,ELC001,2022,96.0
RE1,PWRTRNIMP,ELC001,2023,96.0
RE1,PWRTRNIMP,ELC001,2024,96.0
RE1,PWRTRNIMP,ELC001,2025,96.0
RE1,PWRTRNIMP,ELC001,2026,96.0
RE1,PWRTRNIMP,ELC001,2027,96.0
RE1,PWRTRNIMP,ELC001,2028,96.0
RE1,PWRTRNIMP,ELC001,2029,96.0
RE1,PWRTRNIMP,ELC001,2030,96.0
RE1,PWRTRNIMP,ELC001,2031,96.0
RE1,PWRTRNIMP,ELC001,2032,96.0
RE1,PWRTRNIMP,ELC001,2033,96.0
RE1,PWRTRNIMP,ELC001,2034,96.0
RE1,PWRTRNIMP,ELC001,2035,96.0
RE1,PWRTRNIMP,ELC001,2036,96.0
RE1,PWRTRNIMP,ELC001,2037,96.0
RE1,PWRTRNIMP,ELC001,2038,96.0
RE1,PWRTRNIMP,ELC001,2039,96.0
RE1,PWRTRNIMP,ELC001,2040,96.0
RE1,PWRTRNIMP,ELC001,2041,96.0
RE1,PWRTRNIMP,ELC001,2042,96.0
RE1,PWRTRNIMP,ELC001,2043,96.0
RE1,PWRTRNIMP,ELC001,2044,96.0
RE1,PWRTRNIMP,ELC001,2045,96.0
RE1,PWRTRNIMP,ELC001,2046,96.0
RE1,PWRTRNIMP,ELC001,2047,96.0
RE1,PWRTRNIMP,ELC001,2048,96.0
RE1,PWRTRNIMP,ELC001,2049,96.0
RE1,PWRTRNIMP,ELC001,2050,96.0
RE1,PWRTRNIMP,ELC001,2051,96.0
RE1,PWRTRNIMP,ELC001,2052,96.0
RE1,PWRTRNIMP,ELC001,2053,96.0
RE1,PWRTRNIMP,ELC001,2054,96.0
RE1,PWRTRNIMP,ELC001,2055,96.0
RE1,PWRTRNIMP,ELC001,2056,96.0
RE1,PWRTRNIMP,ELC001,2057,96.0
RE1,PWRTRNIMP,ELC001,2058,96.0
RE1,PWRTRNIMP,ELC001,2059,96.0
RE1,PWRTRNIMP,ELC001,2060,96.0
RE1,PWRTRNIMP,ELC001,2061,96.0
RE1,PWRTRNIMP,ELC001,2062,96.0
RE1,PWRTRNIMP,ELC001,2063,96.0
RE1,PWRTRNIMP,ELC001,2064,96.0
RE1,PWRTRNIMP,ELC001,2065,96.0
RE1,PWRTRNIMP,ELC001,2066,96.0
RE1,PWRTRNIMP,ELC001,2067,96.0
RE1,PWRTRNIMP,ELC001,2068,96.0
RE1,PWRTRNIMP,ELC001,2069,96.0
RE1,PWRTRNIMP,ELC001,2070,96.0
RE1,PWRWND001,ELC001,2015,1.1747
RE1,PWRWND001,ELC001,2016,2.545
RE1,PWRWND001,ELC001,2017,3.1524
RE1,PWRWND001,ELC001,2018,5.5368
RE1,PWRWND001,ELC001,2019,7.5648
RE1,PWRWND001,ELC001,2020,7.5648
RE1,PWRWND001,ELC001,2021,7.7555
RE1,PWRWND001,ELC001,2022,7.7555
RE1,PWRWND001,ELC001,2023,7.7555
RE1,PWRWND001,ELC001,2024,7.7555
RE1,PWRWND001,ELC001,2025,7.7555
RE1,PWRWND001,ELC001,2026,7.7555
RE1,PWRWND001,ELC001,2027,7.7555
RE1,PWRWND001,ELC001,2028,7.7555
RE1,PWRWND001,ELC001,2029,7.7555
RE1,PWRWND001,ELC001,2030,7.7555
RE1,PWRWND001,ELC001,2031,7.7555
RE1,PWRWND001,ELC001,2032,7.7555
RE1,PWRWND001,ELC001,2033,7.7555
RE1,PWRWND001,ELC001,2034,7.7555
RE1,PWRWND001,ELC001,2035,7.7555
RE1,PWRWND001,ELC001,2036,6.3851
RE1,PWRWND001,ELC001,2037,6.3851
RE1,PWRWND001,ELC001,2038,6.3851
RE1,PWRWND001,ELC001,2039,6.3851
RE1,PWRWND001,ELC001,2040,6.3851
RE1,PWRWND001,ELC001,2041,6.3851
RE1,PWRWND001,ELC001,2042,6.3851
RE1,PWRWND001,ELC001,2043,6.3851
RE1,PWRWND001,ELC001,2044,6.3851
RE1,PWRWND001,ELC001,2045,6.3851
RE1,PWRWND001,ELC001,2046,6.3851
RE1,PWRWND001,ELC001,2047,2.545
RE1,PWRWND001,ELC001,2048,2.0079
RE1,PWRWND001,ELC001,2049,2.0079
RE1,PWRWND001,ELC001,2070,1358.4219
RE1,RESENEFFDP,RESELC,2024,226.0824
RE1,RESENEFFDP,RESELC,2025,231.0621
RE1,RESENEFFDP,RESELC,2026,238.7885
RE1,RESENEFFDP,RESELC,2027,245.3876
RE1,RESENEFFDP,RESELC,2028,251.9867
RE1,RESENEFFDP,RESELC,2029,257.3304
RE1,RESENEFFDP,RESELC,2030,263.8975
RE1,RESENEFFDP,RESELC,2031,271.4036
RE1,RESENEFFDP,RESELC,2032,278.9097
RE1,RESENEFFDP,RESELC,2033,286.4158
RE1,RESENEFFDP,RESELC,2034,293.9219
RE1,RESENEFFDP,RESELC,2035,301.428
RE1,RESENEFFDP,RESELC,2036,307.4709
RE1,RESENEFFDP,RESELC,2037,313.5139
RE1,RESENEFFDP,RESELC,2038,319.5568
RE1,RESENEFFDP,RESELC,2039,325.5997
RE1,RESENEFFDP,RESELC,2040,331.6426
RE1,RESENEFFDP,RESELC,2041,337.56
RE1,RESENEFFDP,RESELC,2042,343.4775
RE1,RESENEFFDP,RESELC,2043,349.395
RE1,RESENEFFDP,RESELC,2044,355.3125
RE1,RESENEFFDP,RESELC,2045,361.2299
RE1,RESENEFFDP,RESELC,2046,365.3503
RE1,RESENEFFDP,RESELC,2047,369.4707
RE1,RESENEFFDP,RESELC,2048,373.591
RE1,RESENEFFDP,RESELC,2049,377.7113
RE1,RESENEFFDP,RESELC,2050,381.8317
RE1,RESENEFFDP,RESELC,2051,386.091
RE1,RESENEFFDP,RESELC,2052,390.3978
RE1,RESENEFFDP,RESELC,2053,394.7526
RE1,RESENEFFDP,RESELC,2054,399.156
RE1,RESENEFFDP,RESELC,2055,403.6086
RE1,RESENEFFDP,RESELC,2056,408.1107
RE1,RESENEFFDP,RESELC,2057,412.6631
RE1,RESENEFFDP,RESELC,2058,417.2664
RE1,RESENEFFDP,RESELC,2059,408.7934
RE1,RESENEFFDP,RESELC,2060,428.7087
RE1,RESENEFFDP,RESELC,2061,431.3863
RE1,RESENEFFDP,RESELC,2062,436.1983
RE1,RESENEFFDP,RESELC,2063,441.0641
RE1,RESENEFFDP,RESELC,2064,445.9841
RE1,RESENEFFDP,RESELC,2065,450.959
RE1,RESENEFFDP,RESELC,2066,455.9893
RE1,RESENEFFDP,RESELC,2067,461.0758
RE1,RESENEFFDP,RESELC,2068,466.219
RE1,RESENEFFDP,RESELC,2069,471.4197
RE1,RESENEFFDP,RESELC,2070,435.1257
RE1,UPSREF001,HFO,2023,214.165
RE1,UPSREF001,LFO,2023,1927.485
