r,t,y,TotalTechnologyAnnualActivity
RE1,MINOIL,2023,2141.65
RE1,MINBIO,2015,1083.1531
RE1,MINBIO,2016,1039.3007
RE1,MINBIO,2017,1077.9026
RE1,MINBIO,2018,1116.6382
RE1,MINBIO,2019,1137.3916
RE1,MINBIO,2020,1170.5173
RE1,MINBIO,2021,1197.7543
RE1,MINBIO,2022,1212.6692
RE1,MINBIO,2023,1227.5592
RE1,MINBIO,2024,963.8039
RE1,MINBIO,2025,848.8318
RE1,MINBIO,2026,859.4805
RE1,MINBIO,2027,870.0134
RE1,MINBIO,2028,880.5287
RE1,MINBIO,2029,891.9633
RE1,MINBIO,2030,887.2653
RE1,MINBIO,2031,825.8804
RE1,MINBIO,2032,836.1042
RE1,MINBIO,2033,846.309
RE1,MINBIO,2034,856.4958
RE1,MINBIO,2035,852.7711
RE1,MINBIO,2036,849.92
RE1,MINBIO,2037,842.1677
RE1,MINBIO,2038,831.7568
RE1,MINBIO,2039,821.3599
RE1,MINBIO,2040,760.6672
RE1,MINBIO,2041,785.9156
RE1,MINBIO,2042,788.0381
RE1,MINBIO,2043,776.5903
RE1,MINBIO,2044,765.1557
RE1,MINBIO,2045,84.958
RE1,MINBIO,2046,62.1597
RE1,MINBIO,2047,40.5625
RE1,MINBIO,2048,24.1316
RE1,MINBIO,2049,10.2945
RE1,MINBIO,2050,5.1232
RE1,MINBIO,2068,69.6342
RE1,MINBIO,2069,172.9363
RE1,MINCOA,2015,1201.8755
RE1,MINCOA,2016,1120.3443
RE1,MINCOA,2017,1132.6139
RE1,MINCOA,2018,1566.9786
RE1,MINCOA,2019,1583.6155
RE1,MINCOA,2020,1600.227
RE1,MINCOA,2021,1611.7534
RE1,MINCOA,2022,1623.2625
RE1,MINCOA,2023,1634.7554
RE1,MINCOA,2024,1203.8198
RE1,MINCOA,2025,1094.898
RE1,MINCOA,2026,1110.3365
RE1,MINCOA,2027,1122.9763
RE1,MINCOA,2028,1135.6009
RE1,MINCOA,2029,1124.8983
RE1,MINCOA,2030,334.8636
RE1,MINCOA,2031,317.7004
RE1,MINCOA,2032,317.7004
RE1,MINCOA,2033,317.7004
RE1,MINCOA,2034,317.7004
RE1,MINCOA,2035,317.7004
RE1,MINCOA,2036,317.7004
RE1,MINCOA,2037,266.3638
RE1,MINCOA,2038,254.8708
RE1,MINCOA,2039,243.3932
RE1,MINCOA,2040,194.0097
RE1,MINCOA,2041,194.0097
RE1,MINCOA,2042,172.474
RE1,MINCOA,2043,172.474
RE1,MINCOA,2044,172.474
RE1,MINCOA,2045,172.474
RE1,MINCOA,2046,172.474
RE1,MINCOA,2047,172.474
RE1,MINCOA,2048,172.474
RE1,MINCOA,2049,172.474
RE1,MINCOA,2050,172.474
RE1,MINCOA,2051,172.474
RE1,MINCOA,2052,172.474
RE1,MINCOA,2053,172.474
RE1,MINCOA,2054,172.474
RE1,MINCOA,2055,172.474
RE1,MINCOA,2056,172.474
RE1,MINCOA,2057,172.474
RE1,MINCOA,2058,172.474
RE1,MINCOA,2059,172.474
RE1,MINCOA,2060,172.474
RE1,MINCOA,2061,172.474
RE1,MINCOA,2062,172.474
RE1,MINCOA,2063,172.474
RE1,MINCOA,2064,172.474
RE1,MINCOA,2065,172.474
RE1,MINCOA,2066,172.474
RE1,MINCOA,2067,172.474
RE1,MINCOA,2068,172.474
RE1,MINCOA,2069,172.474
RE1,IMPLFO,2015,5550.7898
RE1,IMPLFO,2016,5742.9386
RE1,IMPLFO,2017,5873.1208
RE1,IMPLFO,2018,6018.0954
RE1,IMPLFO,2019,6157.2481
RE1,IMPLFO,2020,6296.354
RE1,IMPLFO,2021,6407.2812
RE1,IMPLFO,2022,6518.1765
RE1,IMPLFO,2023,4712.0634
RE1,IMPLFO,2024,5072.5821
RE1,IMPLFO,2025,5155.3183
RE1,IMPLFO,2026,5247.4693
RE1,IMPLFO,2027,5339.605
RE1,IMPLFO,2028,5431.7263
RE1,IMPLFO,2029,5523.8338
RE1,IMPLFO,2030,5615.9284
RE1,IMPLFO,2031,5692.1349
RE1,IMPLFO,2032,5768.3205
RE1,IMPLFO,2033,5844.4863
RE1,IMPLFO,2034,5920.6333
RE1,IMPLFO,2035,5996.7626
RE1,IMPLFO,2036,6066.1647
RE1,IMPLFO,2037,6135.5566
RE1,IMPLFO,2038,6204.9389
RE1,IMPLFO,2039,6274.3118
RE1,IMPLFO,2040,6343.6757
RE1,IMPLFO,2041,6409.678
RE1,IMPLFO,2042,6475.6737
RE1,IMPLFO,2043,6541.663
RE1,IMPLFO,2044,6607.6461
RE1,IMPLFO,2045,6673.6232
RE1,IMPLFO,2046,6725.2119
RE1,IMPLFO,2047,6776.7979
RE1,IMPLFO,2048,6828.3813
RE1,IMPLFO,2049,6849.4115
RE1,UPSREF001,2023,2141.65
RE1,IMPNGS,2015,416.8286
RE1,IMPNGS,2028,201.2198
RE1,IMPNGS,2029,220.2157
RE1,IMPNGS,2030,223.9702
RE1,IMPNGS,2031,300.8012
RE1,IMPNGS,2032,318.9954
RE1,IMPNGS,2033,337.1778
RE1,IMPNGS,2034,355.3483
RE1,IMPNGS,2035,373.507
RE1,IMPNGS,2036,389.215
RE1,IMPNGS,2037,427.6226
RE1,IMPNGS,2038,442.1662
RE1,IMPNGS,2039,456.7002
RE1,IMPNGS,2040,471.2248
RE1,IMPNGS,2041,485.4331
RE1,IMPNGS,2042,511.3377
RE1,IMPNGS,2043,525.5275
RE1,IMPNGS,2044,539.7081
RE1,IMPNGS,2045,553.8794
RE1,IMPNGS,2046,570.7053
RE1,IMPNGS,2047,590.7183
RE1,IMPNGS,2048,604.4215
RE1,IMPNGS,2049,620.155
RE1,IMPNGS,2050,1320.2209
RE1,IMPNGS,2051,1339.3959
RE1,IMPNGS,2052,1355.2015
RE1,IMPNGS,2053,1371.1654
RE1,IMPNGS,2054,1387.289
RE1,IMPNGS,2055,1403.5741
RE1,IMPNGS,2056,1420.0223
RE1,IMPNGS,2057,1436.6353
RE1,IMPNGS,2058,1453.4147
RE1,IMPNGS,2059,1477.1659
RE1,IMPNGS,2060,1486.7103
RE1,IMPNGS,2061,1504.7692
RE1,IMPNGS,2062,1522.2319
RE1,IMPNGS,2063,1539.8698
RE1,IMPNGS,2064,1561.8175
RE1,IMPNGS,2065,1579.8113
RE1,IMPNGS,2066,1597.9859
RE1,IMPNGS,2067,1616.343
RE1,IMPNGS,2068,1634.8845
RE1,IMPNGS,2069,1653.6124
RE1,MINNGS,2015,377.8348
RE1,MINNGS,2016,796.9507
RE1,MINNGS,2017,806.5935
RE1,MINNGS,2018,614.6364
RE1,MINNGS,2019,672.5961
RE1,MINNGS,2020,725.873
RE1,MINNGS,2021,763.3577
RE1,MINNGS,2022,810.4568
RE1,MINNGS,2023,846.9226
RE1,MINNGS,2024,272.5593
RE1,MINNGS,2025,156.0388
RE1,MINNGS,2026,170.1081
RE1,MINNGS,2027,186.0722
RE1,MINSOL,2015,8.5316
RE1,MINSOL,2016,14.7631
RE1,MINSOL,2017,16.2722
RE1,MINSOL,2018,17.8654
RE1,MINSOL,2019,17.9916
RE1,MINSOL,2020,17.9916
RE1,MINSOL,2021,18.4546
RE1,MINSOL,2022,18.4546
RE1,MINSOL,2023,18.4546
RE1,MINSOL,2024,391.4914
RE1,MINSOL,2025,391.4914
RE1,MINSOL,2026,391.4914
RE1,MINSOL,2027,391.4914
RE1,MINSOL,2028,391.4914
RE1,MINSOL,2029,391.4914
RE1,MINSOL,2030,391.4914
RE1,MINSOL,2031,391.4914
RE1,MINSOL,2032,391.4914
RE1,MINSOL,2033,391.4914
RE1,MINSOL,2034,391.4914
RE1,MINSOL,2035,382.9873
RE1,MINSOL,2036,376.7557
RE1,MINSOL,2037,375.2467
RE1,MINSOL,2038,373.6535
RE1,MINSOL,2039,373.5272
RE1,MINSOL,2040,373.5272
RE1,MINSOL,2041,373.0643
RE1,MINSOL,2042,373.0643
RE1,MINSOL,2043,373.0643
RE1,MINSOL,2044,373.0369
RE1,MINSOL,2045,373.0369
RE1,MINSOL,2046,373.0369
RE1,MINSOL,2047,373.0369
RE1,MINSOL,2048,373.0369
RE1,MINSOL,2049,373.0369
RE1,MINSOL,2050,373.0369
RE1,MINSOL,2051,373.0369
RE1,MINSOL,2052,373.0369
RE1,MINSOL,2053,369.2032
RE1,MINWND,2015,1.1746
RE1,MINWND,2016,2.545
RE1,MINWND,2017,3.1524
RE1,MINWND,2018,5.5368
RE1,MINWND,2019,7.5648
RE1,MINWND,2020,7.5648
RE1,MINWND,2021,7.7555
RE1,MINWND,2022,7.7555
RE1,MINWND,2023,7.7555
RE1,MINWND,2024,7.7555
RE1,MINWND,2025,7.7555
RE1,MINWND,2026,7.7555
RE1,MINWND,2027,7.7555
RE1,MINWND,2028,7.7555
RE1,MINWND,2029,7.7555
RE1,MINWND,2030,7.7555
RE1,MINWND,2031,7.7555
RE1,MINWND,2032,7.7555
RE1,MINWND,2033,7.7555
RE1,MINWND,2034,7.7555
RE1,MINWND,2035,7.7555
RE1,MINWND,2036,6.3851
RE1,MINWND,2037,6.3851
RE1,MINWND,2038,6.3851
RE1,MINWND,2039,6.3851
RE1,MINWND,2040,6.3851
RE1,MINWND,2041,6.3851
RE1,MINWND,2042,6.3851
RE1,MINWND,2043,6.3851
RE1,MINWND,2044,6.3851
RE1,MINWND,2045,6.3851
RE1,MINWND,2046,6.3851
RE1,MINWND,2047,2.545
RE1,MINWND,2048,2.0079
RE1,MINWND,2049,2.0079
RE1,MINWND,2070,1358.4219
RE1,MINGEO,2024,1.4486
RE1,MINGEO,2025,1.4486
RE1,MINGEO,2026,1.4486
RE1,MINGEO,2027,1.4486
RE1,MINGEO,2028,1.4486
RE1,MINGEO,2029,1.4486
RE1,MINGEO,2030,1.4486
RE1,MINGEO,2031,1.4486
RE1,MINGEO,2032,1.4486
RE1,MINGEO,2033,1.4486
RE1,MINGEO,2034,1.4486
RE1,MINGEO,2035,1.4486
RE1,MINGEO,2036,1.4486
RE1,MINGEO,2037,1.4486
RE1,MINGEO,2038,1.4486
RE1,MINGEO,2039,1.4486
RE1,MINGEO,2040,1.4486
RE1,MINGEO,2041,1.4486
RE1,MINGEO,2042,1.4486
RE1,MINGEO,2043,1.4486
RE1,MINGEO,2044,1.4486
RE1,MINGEO,2045,1.4486
RE1,MINGEO,2046,1.4486
RE1,MINGEO,2047,1.4486
RE1,MINGEO,2048,1.4486
RE1,MINGEO,2049,1.4486
RE1,MINGEO,2050,1.4486
RE1,MINGEO,2051,1.4486
RE1,MINGEO,2052,1.4486
RE1,MINGEO,2053,1.2676
RE1,MINGEO,2054,1.4486
RE1,MINGEO,2055,1.4486
RE1,MINGEO,2056,1.4486
RE1,MINGEO,2057,1.4486
RE1,MINGEO,2058,1.4486
RE1,MINGEO,2059,1.4486
RE1,MINGEO,2060,1.4486
RE1,MINGEO,2061,1.4486
RE1,MINGEO,2062,1.4486
RE1,MINGEO,2063,1.4486
RE1,MINGEO,2064,1.4486
RE1,MINGEO,2065,1.4486
RE1,MINGEO,2066,1.4486
RE1,MINGEO,2067,1.2374
RE1,MINGEO,2068,1.2374
RE1,MINGEO,2069,1.4486
RE1,MINGEO,2070,0.6036
RE1,MINHYD,2015,29.4911
RE1,MINHYD,2016,29.4911
RE1,MINHYD,2017,29.4911
RE1,MINHYD,2018,29.4911
RE1,MINHYD,2019,29.4911
RE1,MINHYD,2020,29.4911
RE1,MINHYD,2021,29.4911
RE1,MINHYD,2022,29.4911
RE1,MINHYD,2023,29.4911
RE1,MINHYD,2024,40.8218
RE1,MINHYD,2025,40.8218
RE1,MINHYD,2026,40.8218
RE1,MINHYD,2027,40.8218
RE1,MINHYD,2028,40.8218
RE1,MINHYD,2029,40.8218
RE1,MINHYD,2030,40.8218
RE1,MINHYD,2031,40.8218
RE1,MINHYD,2032,40.8218
RE1,MINHYD,2033,40.8218
RE1,MINHYD,2034,40.8218
RE1,MINHYD,2035,40.8218
RE1,MINHYD,2036,40.8218
RE1,MINHYD,2037,40.8218
RE1,MINHYD,2038,40.8218
RE1,MINHYD,2039,40.8218
RE1,MINHYD,2040,40.8218
RE1,MINHYD,2041,40.8218
RE1,MINHYD,2042,40.8218
RE1,MINHYD,2043,40.8218
RE1,MINHYD,2044,40.8218
RE1,MINHYD,2045,40.8218
RE1,MINHYD,2046,40.8218
RE1,MINHYD,2047,40.8218
RE1,MINHYD,2048,40.8218
RE1,MINHYD,2049,40.8218
RE1,MINHYD,2050,40.8218
RE1,MINHYD,2051,40.8218
RE1,MINHYD,2052,40.8218
RE1,MINHYD,2053,40.8218
RE1,MINHYD,2054,40.8218
RE1,MINHYD,2055,40.8218
RE1,MINHYD,2056,40.8218
RE1,MINHYD,2057,40.8218
RE1,MINHYD,2058,40.8218
RE1,MINHYD,2059,40.8218
RE1,MINHYD,2060,40.8218
RE1,MINHYD,2061,40.8218
RE1,MINHYD,2062,40.8218
RE1,MINHYD,2063,40.8218
RE1,MINHYD,2064,35.3706
RE1,MINHYD,2065,35.3706
RE1,MINHYD,2066,35.3706
RE1,MINHYD,2067,33.9972
RE1,MINHYD,2068,33.9972
RE1,MINHYD,2069,35.3706
RE1,MINHYD,2070,21.0522
RE1,PWRBIO001,2015,65.3647
RE1,PWRBIO001,2016,74.7151
RE1,PWRBIO001,2017,84.0435
RE1,PWRBIO001,2018,88.6748
RE1,PWRBIO001,2019,88.6748
RE1,PWRBIO001,2020,93.3938
RE1,PWRBIO001,2021,98.069
RE1,PWRBIO001,2022,98.069
RE1,PWRBIO001,2023,98.069
RE1,PWRBIO001,2024,95.6776
RE1,PWRBIO001,2025,48.0138
RE1,PWRBIO001,2026,47.6991
RE1,PWRBIO001,2027,47.346
RE1,PWRBIO001,2028,46.9914
RE1,PWRBIO001,2029,46.9914
RE1,PWRBIO001,2030,40.8621
RE1,PWRBIO001,2031,13.6268
RE1,PWRBIO001,2032,13.6268
RE1,PWRBIO001,2033,13.6268
RE1,PWRBIO001,2034,13.6268
RE1,PWRBIO001,2035,13.6268
RE1,PWRBIO001,2036,13.6268
RE1,PWRBIO001,2037,13.6268
RE1,PWRBIO001,2038,13.6268
RE1,PWRBIO001,2039,13.6268
RE1,PWRBIO001,2040,13.6268
RE1,PWRBIO001,2041,13.6268
RE1,PWRBIO001,2042,13.6268
RE1,PWRBIO001,2043,13.6268
RE1,PWRBIO001,2044,13.6268
RE1,PWRBIO001,2045,13.6268
RE1,PWRBIO001,2046,9.7308
RE1,PWRBIO001,2047,5.844
RE1,PWRBIO001,2048,3.9143
RE1,PWRBIO001,2049,3.9143
RE1,PWRBIO001,2050,1.948
RE1,PWRCOA001,2015,123.6759
RE1,PWRCOA001,2016,123.6759
RE1,PWRCOA001,2017,123.6759
RE1,PWRCOA001,2018,247.9815
RE1,PWRCOA001,2019,247.9815
RE1,PWRCOA001,2020,247.9815
RE1,PWRCOA001,2021,247.9815
RE1,PWRCOA001,2022,247.9815
RE1,PWRCOA001,2023,247.9815
RE1,PWRCOA001,2024,115.1246
RE1,PWRCOA001,2025,78.973
RE1,PWRCOA001,2026,79.8086
RE1,PWRCOA001,2027,79.8086
RE1,PWRCOA001,2028,79.8086
RE1,PWRCOA001,2029,76.5946
RE1,PWRCOA001,2030,76.5946
RE1,PWRCOA001,2031,71.4405
RE1,PWRCOA001,2032,71.4405
RE1,PWRCOA001,2033,71.4405
RE1,PWRCOA001,2034,71.4405
RE1,PWRCOA001,2035,71.4405
RE1,PWRCOA001,2036,71.4405
RE1,PWRCOA001,2037,58.2612
RE1,PWRCOA001,2038,58.2612
RE1,PWRCOA001,2039,58.2612
RE1,PWRCOA001,2040,58.2612
RE1,PWRCOA001,2041,58.2612
RE1,PWRCOA001,2042,51.794
RE1,PWRCOA001,2043,51.794
RE1,PWRCOA001,2044,51.794
RE1,PWRCOA001,2045,51.794
RE1,PWRCOA001,2046,51.794
RE1,PWRCOA001,2047,51.794
RE1,PWRCOA001,2048,51.794
RE1,PWRCOA001,2049,51.794
RE1,PWRCOA001,2050,51.794
RE1,PWRCOA001,2051,51.794
RE1,PWRCOA001,2052,51.794
RE1,PWRCOA001,2053,51.794
RE1,PWRCOA001,2054,51.794
RE1,PWRCOA001,2055,51.794
RE1,PWRCOA001,2056,51.794
RE1,PWRCOA001,2057,51.794
RE1,PWRCOA001,2058,51.794
RE1,PWRCOA001,2059,51.794
RE1,PWRCOA001,2060,51.794
RE1,PWRCOA001,2061,51.794
RE1,PWRCOA001,2062,51.794
RE1,PWRCOA001,2063,51.794
RE1,PWRCOA001,2064,51.794
RE1,PWRCOA001,2065,51.794
RE1,PWRCOA001,2066,51.794
RE1,PWRCOA001,2067,51.794
RE1,PWRCOA001,2068,51.794
RE1,PWRCOA001,2069,51.794
RE1,PWRGEO,2024,0.1449
RE1,PWRGEO,2025,0.1449
RE1,PWRGEO,2026,0.1449
RE1,PWRGEO,2027,0.1449
RE1,PWRGEO,2028,0.1449
RE1,PWRGEO,2029,0.1449
RE1,PWRGEO,2030,0.1449
RE1,PWRGEO,2031,0.1449
RE1,PWRGEO,2032,0.1449
RE1,PWRGEO,2033,0.1449
RE1,PWRGEO,2034,0.1449
RE1,PWRGEO,2035,0.1449
RE1,PWRGEO,2036,0.1449
RE1,PWRGEO,2037,0.1449
RE1,PWRGEO,2038,0.1449
RE1,PWRGEO,2039,0.1449
RE1,PWRGEO,2040,0.1449
RE1,PWRGEO,2041,0.1449
RE1,PWRGEO,2042,0.1449
RE1,PWRGEO,2043,0.1449
RE1,PWRGEO,2044,0.1449
RE1,PWRGEO,2045,0.1449
RE1,PWRGEO,2046,0.1449
RE1,PWRGEO,2047,0.1449
RE1,PWRGEO,2048,0.1449
RE1,PWRGEO,2049,0.1449
RE1,PWRGEO,2050,0.1449
RE1,PWRGEO,2051,0.1449
RE1,PWRGEO,2052,0.1449
RE1,PWRGEO,2053,0.1268
RE1,PWRGEO,2054,0.1449
RE1,PWRGEO,2055,0.1449
RE1,PWRGEO,2056,0.1449
RE1,PWRGEO,2057,0.1449
RE1,PWRGEO,2058,0.1449
RE1,PWRGEO,2059,0.1449
RE1,PWRGEO,2060,0.1449
RE1,PWRGEO,2061,0.1449
RE1,PWRGEO,2062,0.1449
RE1,PWRGEO,2063,0.1449
RE1,PWRGEO,2064,0.1449
RE1,PWRGEO,2065,0.1449
RE1,PWRGEO,2066,0.1449
RE1,PWRGEO,2067,0.1237
RE1,PWRGEO,2068,0.1237
RE1,PWRGEO,2069,0.1449
RE1,PWRGEO,2070,0.0604
RE1,PWRNGS001,2015,439.0405
RE1,PWRNGS001,2016,440.3043
RE1,PWRNGS001,2017,445.6318
RE1,PWRNGS001,2018,339.5781
RE1,PWRNGS001,2019,371.6001
RE1,PWRNGS001,2020,401.0348
RE1,PWRNGS001,2021,421.7446
RE1,PWRNGS001,2022,447.7662
RE1,PWRNGS001,2023,467.9131
RE1,PWRNGS001,2024,150.5852
RE1,PWRNGS001,2025,86.2093
RE1,PWRNGS001,2026,93.9824
RE1,PWRNGS001,2027,102.8023
RE1,PWRNGS001,2028,111.1711
RE1,PWRNGS001,2029,121.6662
RE1,PWRNGS001,2030,123.7404
RE1,PWRNGS001,2031,166.1885
RE1,PWRNGS001,2032,176.2406
RE1,PWRNGS001,2033,186.2861
RE1,PWRNGS001,2034,196.325
RE1,PWRNGS001,2035,206.3574
RE1,PWRNGS001,2036,215.0359
RE1,PWRNGS001,2037,236.2556
RE1,PWRNGS001,2038,244.2907
RE1,PWRNGS001,2039,252.3206
RE1,PWRNGS001,2040,260.3452
RE1,PWRNGS001,2041,268.1951
RE1,PWRNGS001,2042,282.507
RE1,PWRNGS001,2043,290.3467
RE1,PWRNGS001,2044,298.1813
RE1,PWRNGS001,2045,306.0107
RE1,PWRNGS001,2046,315.3068
RE1,PWRNGS001,2047,326.3637
RE1,PWRNGS001,2048,333.9345
RE1,PWRNGS001,2049,342.6271
RE1,PWRNGS001,2050,729.4038
RE1,PWRNGS001,2051,739.9977
RE1,PWRNGS001,2052,748.7301
RE1,PWRNGS001,2053,757.5499
RE1,PWRNGS001,2054,766.458
RE1,PWRNGS001,2055,775.4553
RE1,PWRNGS001,2056,784.5427
RE1,PWRNGS001,2057,793.7211
RE1,PWRNGS001,2058,802.9916
RE1,PWRNGS001,2059,816.1138
RE1,PWRNGS001,2060,821.3869
RE1,PWRNGS001,2061,831.3642
RE1,PWRNGS001,2062,841.0121
RE1,PWRNGS001,2063,850.7568
RE1,PWRNGS001,2064,862.8826
RE1,PWRNGS001,2065,872.8239
RE1,PWRNGS001,2066,882.8651
RE1,PWRNGS001,2067,893.0072
RE1,PWRNGS001,2068,903.2511
RE1,PWRNGS001,2069,913.598
RE1,PWRSOL001,2015,8.5041
RE1,PWRSOL001,2016,14.7357
RE1,PWRSOL001,2017,16.2447
RE1,PWRSOL001,2018,17.8379
RE1,PWRSOL001,2019,17.9642
RE1,PWRSOL001,2020,17.9642
RE1,PWRSOL001,2021,18.4271
RE1,PWRSOL001,2022,18.4271
RE1,PWRSOL001,2023,18.4271
RE1,PWRSOL001,2024,391.464
RE1,PWRSOL001,2025,391.464
RE1,PWRSOL001,2026,391.464
RE1,PWRSOL001,2027,391.464
RE1,PWRSOL001,2028,391.464
RE1,PWRSOL001,2029,391.464
RE1,PWRSOL001,2030,391.464
RE1,PWRSOL001,2031,391.464
RE1,PWRSOL001,2032,391.464
RE1,PWRSOL001,2033,391.464
RE1,PWRSOL001,2034,391.464
RE1,PWRSOL001,2035,382.9598
RE1,PWRSOL001,2036,376.7283
RE1,PWRSOL001,2037,375.2192
RE1,PWRSOL001,2038,373.626
RE1,PWRSOL001,2039,373.4998
RE1,PWRSOL001,2040,373.4998
RE1,PWRSOL001,2041,373.0369
RE1,PWRSOL001,2042,373.0369
RE1,PWRSOL001,2043,373.0369
RE1,PWRSOL001,2044,373.0369
RE1,PWRSOL001,2045,373.0369
RE1,PWRSOL001,2046,373.0369
RE1,PWRSOL001,2047,373.0369
RE1,PWRSOL001,2048,373.0369
RE1,PWRSOL001,2049,373.0369
RE1,PWRSOL001,2050,373.0369
RE1,PWRSOL001,2051,373.0369
RE1,PWRSOL001,2052,373.0369
RE1,PWRSOL001,2053,369.2032
RE1,PWRCSP002,2015,0.0274
RE1,PWRCSP002,2016,0.0274
RE1,PWRCSP002,2017,0.0274
RE1,PWRCSP002,2018,0.0274
RE1,PWRCSP002,2019,0.0274
RE1,PWRCSP002,2020,0.0274
RE1,PWRCSP002,2021,0.0274
RE1,PWRCSP002,2022,0.0274
RE1,PWRCSP002,2023,0.0274
RE1,PWRCSP002,2024,0.0274
RE1,PWRCSP002,2025,0.0274
RE1,PWRCSP002,2026,0.0274
RE1,PWRCSP002,2027,0.0274
RE1,PWRCSP002,2028,0.0274
RE1,PWRCSP002,2029,0.0274
RE1,PWRCSP002,2030,0.0274
RE1,PWRCSP002,2031,0.0274
RE1,PWRCSP002,2032,0.0274
RE1,PWRCSP002,2033,0.0274
RE1,PWRCSP002,2034,0.0274
RE1,PWRCSP002,2035,0.0274
RE1,PWRCSP002,2036,0.0274
RE1,PWRCSP002,2037,0.0274
RE1,PWRCSP002,2038,0.0274
RE1,PWRCSP002,2039,0.0274
RE1,PWRCSP002,2040,0.0274
RE1,PWRCSP002,2041,0.0274
RE1,PWRCSP002,2042,0.0274
RE1,PWRCSP002,2043,0.0274
RE1,PWRHYD001,2015,28.3385
RE1,PWRHYD001,2016,28.3385
RE1,PWRHYD001,2017,28.3385
RE1,PWRHYD001,2018,28.3385
RE1,PWRHYD001,2019,28.3385
RE1,PWRHYD001,2020,28.3385
RE1,PWRHYD001,2021,28.3385
RE1,PWRHYD001,2022,28.3385
RE1,PWRHYD001,2023,28.3385
RE1,PWRHYD001,2024,33.9883
RE1,PWRHYD001,2025,33.9883
RE1,PWRHYD001,2026,33.9883
RE1,PWRHYD001,2027,33.9883
RE1,PWRHYD001,2028,33.9883
RE1,PWRHYD001,2029,33.9883
RE1,PWRHYD001,2030,33.9883
RE1,PWRHYD001,2031,33.9883
RE1,PWRHYD001,2032,33.9883
RE1,PWRHYD001,2033,33.9883
RE1,PWRHYD001,2034,33.9883
RE1,PWRHYD001,2035,33.9883
RE1,PWRHYD001,2036,33.9883
RE1,PWRHYD001,2037,33.9883
RE1,PWRHYD001,2038,33.9883
RE1,PWRHYD001,2039,33.9883
RE1,PWRHYD001,2040,33.9883
RE1,PWRHYD001,2041,33.9883
RE1,PWRHYD001,2042,33.9883
RE1,PWRHYD001,2043,33.9883
RE1,PWRHYD001,2044,33.9883
RE1,PWRHYD001,2045,33.9883
RE1,PWRHYD001,2046,33.9883
RE1,PWRHYD001,2047,33.9883
RE1,PWRHYD001,2048,33.9883
RE1,PWRHYD001,2049,33.9883
RE1,PWRHYD001,2050,33.9883
RE1,PWRHYD001,2051,33.9883
RE1,PWRHYD001,2052,33.9883
RE1,PWRHYD001,2053,33.9883
RE1,PWRHYD001,2054,33.9883
RE1,PWRHYD001,2055,33.9883
RE1,PWRHYD001,2056,33.9883
RE1,PWRHYD001,2057,33.9883
RE1,PWRHYD001,2058,33.9883
RE1,PWRHYD001,2059,33.9883
RE1,PWRHYD001,2060,33.9883
RE1,PWRHYD001,2061,33.9883
RE1,PWRHYD001,2062,33.9883
RE1,PWRHYD001,2063,33.9883
RE1,PWRHYD001,2064,33.9883
RE1,PWRHYD001,2065,33.9883
RE1,PWRHYD001,2066,33.9883
RE1,PWRHYD001,2067,32.6685
RE1,PWRHYD001,2068,32.6685
RE1,PWRHYD001,2069,33.9883
RE1,PWRHYD001,2070,20.2478
RE1,PWRHYD002,2015,1.1525
RE1,PWRHYD002,2016,1.1525
RE1,PWRHYD002,2017,1.1525
RE1,PWRHYD002,2018,1.1525
RE1,PWRHYD002,2019,1.1525
RE1,PWRHYD002,2020,1.1525
RE1,PWRHYD002,2021,1.1525
RE1,PWRHYD002,2022,1.1525
RE1,PWRHYD002,2023,1.1525
RE1,PWRHYD002,2024,1.3823
RE1,PWRHYD002,2025,1.3823
RE1,PWRHYD002,2026,1.3823
RE1,PWRHYD002,2027,1.3823
RE1,PWRHYD002,2028,1.3823
RE1,PWRHYD002,2029,1.3823
RE1,PWRHYD002,2030,1.3823
RE1,PWRHYD002,2031,1.3823
RE1,PWRHYD002,2032,1.3823
RE1,PWRHYD002,2033,1.3823
RE1,PWRHYD002,2034,1.3823
RE1,PWRHYD002,2035,1.3823
RE1,PWRHYD002,2036,1.3823
RE1,PWRHYD002,2037,1.3823
RE1,PWRHYD002,2038,1.3823
RE1,PWRHYD002,2039,1.3823
RE1,PWRHYD002,2040,1.3823
RE1,PWRHYD002,2041,1.3823
RE1,PWRHYD002,2042,1.3823
RE1,PWRHYD002,2043,1.3823
RE1,PWRHYD002,2044,1.3823
RE1,PWRHYD002,2045,1.3823
RE1,PWRHYD002,2046,1.3823
RE1,PWRHYD002,2047,1.3823
RE1,PWRHYD002,2048,1.3823
RE1,PWRHYD002,2049,1.3823
RE1,PWRHYD002,2050,1.3823
RE1,PWRHYD002,2051,1.3823
RE1,PWRHYD002,2052,1.3823
RE1,PWRHYD002,2053,1.3823
RE1,PWRHYD002,2054,1.3823
RE1,PWRHYD002,2055,1.3823
RE1,PWRHYD002,2056,1.3823
RE1,PWRHYD002,2057,1.3823
RE1,PWRHYD002,2058,1.3823
RE1,PWRHYD002,2059,1.3823
RE1,PWRHYD002,2060,1.3823
RE1,PWRHYD002,2061,1.3823
RE1,PWRHYD002,2062,1.3823
RE1,PWRHYD002,2063,1.3823
RE1,PWRHYD002,2064,1.3823
RE1,PWRHYD002,2065,1.3823
RE1,PWRHYD002,2066,1.3823
RE1,PWRHYD002,2067,1.3286
RE1,PWRHYD002,2068,1.3286
RE1,PWRHYD002,2069,1.3823
RE1,PWRHYD002,2070,0.8043
RE1,PWRHYD003,2024,4.9061
RE1,PWRHYD003,2025,4.9061
RE1,PWRHYD003,2026,4.9061
RE1,PWRHYD003,2027,4.9061
RE1,PWRHYD003,2028,4.9061
RE1,PWRHYD003,2029,4.9061
RE1,PWRHYD003,2030,4.9061
RE1,PWRHYD003,2031,4.9061
RE1,PWRHYD003,2032,4.9061
RE1,PWRHYD003,2033,4.9061
RE1,PWRHYD003,2034,4.9061
RE1,PWRHYD003,2035,4.9061
RE1,PWRHYD003,2036,4.9061
RE1,PWRHYD003,2037,4.9061
RE1,PWRHYD003,2038,4.9061
RE1,PWRHYD003,2039,4.9061
RE1,PWRHYD003,2040,4.9061
RE1,PWRHYD003,2041,4.9061
RE1,PWRHYD003,2042,4.9061
RE1,PWRHYD003,2043,4.9061
RE1,PWRHYD003,2044,4.9061
RE1,PWRHYD003,2045,4.9061
RE1,PWRHYD003,2046,4.9061
RE1,PWRHYD003,2047,4.9061
RE1,PWRHYD003,2048,4.9061
RE1,PWRHYD003,2049,4.9061
RE1,PWRHYD003,2050,4.9061
RE1,PWRHYD003,2051,4.9061
RE1,PWRHYD003,2052,4.9061
RE1,PWRHYD003,2053,4.9061
RE1,PWRHYD003,2054,4.9061
RE1,PWRHYD003,2055,4.9061
RE1,PWRHYD003,2056,4.9061
RE1,PWRHYD003,2057,4.9061
RE1,PWRHYD003,2058,4.9061
RE1,PWRHYD003,2059,4.9061
RE1,PWRHYD003,2060,4.9061
RE1,PWRHYD003,2061,4.9061
RE1,PWRHYD003,2062,4.9061
RE1,PWRHYD003,2063,4.9061
RE1,PWRWND001,2015,1.1746
RE1,PWRWND001,2016,2.545
RE1,PWRWND001,2017,3.1524
RE1,PWRWND001,2018,5.5368
RE1,PWRWND001,2019,7.5648
RE1,PWRWND001,2020,7.5648
RE1,PWRWND001,2021,7.7555
RE1,PWRWND001,2022,7.7555
RE1,PWRWND001,2023,7.7555
RE1,PWRWND001,2024,7.7555
RE1,PWRWND001,2025,7.7555
RE1,PWRWND001,2026,7.7555
RE1,PWRWND001,2027,7.7555
RE1,PWRWND001,2028,7.7555
RE1,PWRWND001,2029,7.7555
RE1,PWRWND001,2030,7.7555
RE1,PWRWND001,2031,7.7555
RE1,PWRWND001,2032,7.7555
RE1,PWRWND001,2033,7.7555
RE1,PWRWND001,2034,7.7555
RE1,PWRWND001,2035,7.7555
RE1,PWRWND001,2036,6.3851
RE1,PWRWND001,2037,6.3851
RE1,PWRWND001,2038,6.3851
RE1,PWRWND001,2039,6.3851
RE1,PWRWND001,2040,6.3851
RE1,PWRWND001,2041,6.3851
RE1,PWRWND001,2042,6.3851
RE1,PWRWND001,2043,6.3851
RE1,PWRWND001,2044,6.3851
RE1,PWRWND001,2045,6.3851
RE1,PWRWND001,2046,6.3851
RE1,PWRWND001,2047,2.545
RE1,PWRWND001,2048,2.0079
RE1,PWRWND001,2049,2.0079
RE1,PWRWND001,2070,1358.4219
RE1,PWRSOL001S,2024,483.4318
RE1,PWRSOL001S,2025,662.9416
RE1,PWRSOL001S,2026,686.4467
RE1,PWRSOL001S,2027,710.8619
RE1,PWRSOL001S,2028,735.6988
RE1,PWRSOL001S,2029,773.3037
RE1,PWRSOL001S,2030,1498.9974
RE1,PWRSOL001S,2031,1532.931
RE1,PWRSOL001S,2032,1566.8101
RE1,PWRSOL001S,2033,1600.6364
RE1,PWRSOL001S,2034,1634.4116
RE1,PWRSOL001S,2035,1688.6932
RE1,PWRSOL001S,2036,1734.439
RE1,PWRSOL001S,2037,1785.3026
RE1,PWRSOL001S,2038,1841.9598
RE1,PWRSOL001S,2039,1897.0667
RE1,PWRSOL001S,2040,2027.9697
RE1,PWRSOL001S,2041,2042.6662
RE1,PWRSOL001S,2042,2076.8879
RE1,PWRSOL001S,2043,2122.8121
RE1,PWRSOL001S,2044,2168.7079
RE1,PWRSOL001S,2045,2792.7186
RE1,PWRSOL001S,2046,2829.9424
RE1,PWRSOL001S,2047,2868.1854
RE1,PWRSOL001S,2048,2904.6048
RE1,PWRSOL001S,2049,2947.4722
RE1,PWRSOL001S,2050,4569.6303
RE1,PWRSOL001S,2051,4609.896
RE1,PWRSOL001S,2052,4650.5014
RE1,PWRSOL001S,2053,4695.3014
RE1,PWRSOL001S,2054,5105.7805
RE1,PWRSOL001S,2055,5147.4232
RE1,PWRSOL001S,2056,5189.4177
RE1,PWRSOL001S,2057,5231.7672
RE1,PWRSOL001S,2058,5274.4746
RE1,PWRSOL001S,2059,5326.6569
RE1,PWRSOL001S,2060,5359.3602
RE1,PWRSOL001S,2061,5404.7763
RE1,PWRSOL001S,2062,5448.9473
RE1,PWRSOL001S,2063,5493.4922
RE1,PWRSOL001S,2064,5541.611
RE1,PWRSOL001S,2065,5586.9137
RE1,PWRSOL001S,2066,5632.6002
RE1,PWRSOL001S,2067,5680.0685
RE1,PWRSOL001S,2068,5666.4275
RE1,PWRSOL001S,2069,5622.7255
RE1,PWRSOL001S,2070,5491.8225
RE1,PWRTRNIMP,2015,52.0
RE1,PWRTRNIMP,2016,71.0
RE1,PWRTRNIMP,2017,88.0
RE1,PWRTRNIMP,2018,96.0
RE1,PWRTRNIMP,2019,96.0
RE1,PWRTRNIMP,2020,96.0
RE1,PWRTRNIMP,2021,96.0
RE1,PWRTRNIMP,2022,96.0
RE1,PWRTRNIMP,2023,96.0
RE1,PWRTRNIMP,2024,96.0
RE1,PWRTRNIMP,2025,96.0
RE1,PWRTRNIMP,2026,96.0
RE1,PWRTRNIMP,2027,96.0
RE1,PWRTRNIMP,2028,96.0
RE1,PWRTRNIMP,2029,96.0
RE1,PWRTRNIMP,2030,96.0
RE1,PWRTRNIMP,2031,96.0
RE1,PWRTRNIMP,2032,96.0
RE1,PWRTRNIMP,2033,96.0
RE1,PWRTRNIMP,2034,96.0
RE1,PWRTRNIMP,2035,96.0
RE1,PWRTRNIMP,2036,96.0
RE1,PWRTRNIMP,2037,96.0
RE1,PWRTRNIMP,2038,96.0
RE1,PWRTRNIMP,2039,96.0
RE1,PWRTRNIMP,2040,96.0
RE1,PWRTRNIMP,2041,96.0
RE1,PWRTRNIMP,2042,96.0
RE1,PWRTRNIMP,2043,96.0
RE1,PWRTRNIMP,2044,96.0
RE1,PWRTRNIMP,2045,96.0
RE1,PWRTRNIMP,2046,96.0
RE1,PWRTRNIMP,2047,96.0
RE1,PWRTRNIMP,2048,96.0
RE1,PWRTRNIMP,2049,96.0
RE1,PWRTRNIMP,2050,96.0
RE1,PWRTRNIMP,2051,96.0
RE1,PWRTRNIMP,2052,96.0
RE1,PWRTRNIMP,2053,96.0
RE1,PWRTRNIMP,2054,96.0
RE1,PWRTRNIMP,2055,96.0
RE1,PWRTRNIMP,2056,96.0
RE1,PWRTRNIMP,2057,96.0
RE1,PWRTRNIMP,2058,96.0
RE1,PWRTRNIMP,2059,96.0
RE1,PWRTRNIMP,2060,96.0
RE1,PWRTRNIMP,2061,96.0
RE1,PWRTRNIMP,2062,96.0
RE1,PWRTRNIMP,2063,96.0
RE1,PWRTRNIMP,2064,96.0
RE1,PWRTRNIMP,2065,96.0
RE1,PWRTRNIMP,2066,96.0
RE1,PWRTRNIMP,2067,96.0
RE1,PWRTRNIMP,2068,96.0
RE1,PWRTRNIMP,2069,96.0
RE1,PWRTRNIMP,2070,96.0
RE1,PWRTRN,2015,711.6784
RE1,PWRTRN,2016,751.7444
RE1,PWRTRN,2017,786.4668
RE1,PWRTRN,2018,821.3276
RE1,PWRTRN,2019,855.5038
RE1,PWRTRN,2020,889.6576
RE1,PWRTRN,2021,915.6962
RE1,PWRTRN,2022,941.7178
RE1,PWRTRN,2023,961.8647
RE1,PWRTRN,2024,1376.6878
RE1,PWRTRN,2025,1408.0062
RE1,PWRTRN,2026,1439.8053
RE1,PWRTRN,2027,1472.6873
RE1,PWRTRN,2028,1505.5384
RE1,PWRTRN,2029,1550.4243
RE1,PWRTRN,2030,2272.063
RE1,PWRTRN,2031,2316.0553
RE1,PWRTRN,2032,2359.9864
RE1,PWRTRN,2033,2403.8582
RE1,PWRTRN,2034,2447.6724
RE1,PWRTRN,2035,2503.4822
RE1,PWRTRN,2036,2550.3046
RE1,PWRTRN,2037,2607.6995
RE1,PWRTRN,2038,2670.7986
RE1,PWRTRN,2039,2733.8091
RE1,PWRTRN,2040,2872.7368
RE1,PWRTRN,2041,2894.8202
RE1,PWRTRN,2042,2936.8867
RE1,PWRTRN,2043,2990.6506
RE1,PWRTRN,2044,3044.3534
RE1,PWRTRN,2045,3676.1937
RE1,PWRTRN,2046,3718.8176
RE1,PWRTRN,2047,3760.3905
RE1,PWRTRN,2048,3801.9139
RE1,PWRTRN,2049,3853.4738
RE1,PWRTRN,2050,5858.4345
RE1,PWRTRN,2051,5907.3461
RE1,PWRTRN,2052,5956.6839
RE1,PWRTRN,2053,6006.4519
RE1,PWRTRN,2054,6056.654
RE1,PWRTRN,2055,6107.294
RE1,PWRTRN,2056,6158.3759
RE1,PWRTRN,2057,6209.9038
RE1,PWRTRN,2058,6261.8816
RE1,PWRTRN,2059,6327.1862
RE1,PWRTRN,2060,6365.1626
RE1,PWRTRN,2061,6420.556
RE1,PWRTRN,2062,6474.3749
RE1,PWRTRN,2063,6528.6645
RE1,PWRTRN,2064,6584.003
RE1,PWRTRN,2065,6639.247
RE1,PWRTRN,2066,6694.9748
RE1,PWRTRN,2067,6751.1906
RE1,PWRTRN,2068,6747.7936
RE1,PWRTRN,2069,6715.833
RE1,PWRTRN,2070,6963.5569
RE1,PWRDIST,2015,668.4143
RE1,PWRDIST,2016,706.2764
RE1,PWRDIST,2017,739.1412
RE1,PWRDIST,2018,772.1574
RE1,PWRDIST,2019,804.5514
RE1,PWRDIST,2020,836.9454
RE1,PWRDIST,2021,861.7236
RE1,PWRDIST,2022,886.5018
RE1,PWRDIST,2023,905.764
RE1,PWRDIST,2024,1296.8169
RE1,PWRDIST,2025,1326.7525
RE1,PWRDIST,2026,1357.1605
RE1,PWRDIST,2027,1388.6091
RE1,PWRDIST,2028,1420.0489
RE1,PWRDIST,2029,1462.8641
RE1,PWRDIST,2030,2144.4488
RE1,PWRDIST,2031,2186.6843
RE1,PWRDIST,2032,2228.8892
RE1,PWRDIST,2033,2271.0651
RE1,PWRDIST,2034,2313.2136
RE1,PWRDIST,2035,2366.7295
RE1,PWRDIST,2036,2411.7806
RE1,PWRDIST,2037,2466.862
RE1,PWRDIST,2038,2527.3767
RE1,PWRDIST,2039,2587.8465
RE1,PWRDIST,2040,2720.2423
RE1,PWRDIST,2041,2742.0461
RE1,PWRDIST,2042,2782.7981
RE1,PWRDIST,2043,2834.6632
RE1,PWRDIST,2044,2886.5037
RE1,PWRDIST,2045,3486.7165
RE1,PWRDIST,2046,3528.2901
RE1,PWRDIST,2047,3568.8926
RE1,PWRDIST,2048,3609.4737
RE1,PWRDIST,2049,3659.612
RE1,PWRDIST,2050,5565.5127
RE1,PWRDIST,2051,5611.9787
RE1,PWRDIST,2052,5658.8497
RE1,PWRDIST,2053,5706.1294
RE1,PWRDIST,2054,5753.8213
RE1,PWRDIST,2055,5801.9293
RE1,PWRDIST,2056,5850.4571
RE1,PWRDIST,2057,5899.4086
RE1,PWRDIST,2058,5948.7876
RE1,PWRDIST,2059,6010.8269
RE1,PWRDIST,2060,6046.9045
RE1,PWRDIST,2061,6099.5282
RE1,PWRDIST,2062,6150.6561
RE1,PWRDIST,2063,6202.2313
RE1,PWRDIST,2064,6254.8029
RE1,PWRDIST,2065,6307.2847
RE1,PWRDIST,2066,6360.226
RE1,PWRDIST,2067,6413.631
RE1,PWRDIST,2068,6410.4039
RE1,PWRDIST,2069,6380.0413
RE1,PWRDIST,2070,6615.3791
RE1,PWRHYD004,2024,0.5451
RE1,PWRHYD004,2025,0.5451
RE1,PWRHYD004,2026,0.5451
RE1,PWRHYD004,2027,0.5451
RE1,PWRHYD004,2028,0.5451
RE1,PWRHYD004,2029,0.5451
RE1,PWRHYD004,2030,0.5451
RE1,PWRHYD004,2031,0.5451
RE1,PWRHYD004,2032,0.5451
RE1,PWRHYD004,2033,0.5451
RE1,PWRHYD004,2034,0.5451
RE1,PWRHYD004,2035,0.5451
RE1,PWRHYD004,2036,0.5451
RE1,PWRHYD004,2037,0.5451
RE1,PWRHYD004,2038,0.5451
RE1,PWRHYD004,2039,0.5451
RE1,PWRHYD004,2040,0.5451
RE1,PWRHYD004,2041,0.5451
RE1,PWRHYD004,2042,0.5451
RE1,PWRHYD004,2043,0.5451
RE1,PWRHYD004,2044,0.5451
RE1,PWRHYD004,2045,0.5451
RE1,PWRHYD004,2046,0.5451
RE1,PWRHYD004,2047,0.5451
RE1,PWRHYD004,2048,0.5451
RE1,PWRHYD004,2049,0.5451
RE1,PWRHYD004,2050,0.5451
RE1,PWRHYD004,2051,0.5451
RE1,PWRHYD004,2052,0.5451
RE1,PWRHYD004,2053,0.5451
RE1,PWRHYD004,2054,0.5451
RE1,PWRHYD004,2055,0.5451
RE1,PWRHYD004,2056,0.5451
RE1,PWRHYD004,2057,0.5451
RE1,PWRHYD004,2058,0.5451
RE1,PWRHYD004,2059,0.5451
RE1,PWRHYD004,2060,0.5451
RE1,PWRHYD004,2061,0.5451
RE1,PWRHYD004,2062,0.5451
RE1,PWRHYD004,2063,0.5451
RE1,PWRTRNEXP,2015,7.6
RE1,PWRTRNEXP,2016,4.75
RE1,PWRTRNEXP,2017,3.8
RE1,PWRTRNEXP,2018,3.8
RE1,PWRTRNEXP,2019,3.8
RE1,PWRTRNEXP,2020,3.8
RE1,PWRTRNEXP,2021,3.8
RE1,PWRTRNEXP,2022,3.8
RE1,PWRTRNEXP,2023,3.8
RE1,PWRTRNEXP,2024,3.8
RE1,PWRTRNEXP,2025,3.8
RE1,PWRTRNEXP,2026,3.8
RE1,PWRTRNEXP,2027,3.8
RE1,PWRTRNEXP,2028,3.8
RE1,PWRTRNEXP,2029,3.8
RE1,PWRTRNEXP,2030,3.8
RE1,PWRTRNEXP,2031,3.8
RE1,PWRTRNEXP,2032,3.8
RE1,PWRTRNEXP,2033,3.8
RE1,PWRTRNEXP,2034,3.8
RE1,PWRTRNEXP,2035,3.8
RE1,PWRTRNEXP,2036,3.8
RE1,PWRTRNEXP,2037,3.8
RE1,PWRTRNEXP,2038,3.8
RE1,PWRTRNEXP,2039,3.8
RE1,PWRTRNEXP,2040,3.8
RE1,PWRTRNEXP,2041,3.8
RE1,PWRTRNEXP,2042,3.8
RE1,PWRTRNEXP,2043,3.8
RE1,PWRTRNEXP,2044,3.8
RE1,PWRTRNEXP,2045,3.8
RE1,PWRTRNEXP,2046,3.8
RE1,PWRTRNEXP,2047,3.8
RE1,PWRTRNEXP,2048,3.8
RE1,PWRTRNEXP,2049,3.8
RE1,PWRTRNEXP,2050,3.8
RE1,PWRTRNEXP,2051,3.8
RE1,PWRTRNEXP,2052,3.8
RE1,PWRTRNEXP,2053,3.8
RE1,PWRTRNEXP,2054,3.8
RE1,PWRTRNEXP,2055,3.8
RE1,PWRTRNEXP,2056,3.8
RE1,PWRTRNEXP,2057,3.8
RE1,PWRTRNEXP,2058,3.8
RE1,PWRTRNEXP,2059,3.8
RE1,PWRTRNEXP,2060,3.8
RE1,PWRTRNEXP,2061,3.8
RE1,PWRTRNEXP,2062,3.8
RE1,PWRTRNEXP,2063,3.8
RE1,PWRTRNEXP,2064,3.8
RE1,PWRTRNEXP,2065,3.8
RE1,PWRTRNEXP,2066,3.8
RE1,PWRTRNEXP,2067,3.8
RE1,PWRTRNEXP,2068,3.8
RE1,PWRTRNEXP,2069,3.8
RE1,PWRTRNEXP,2070,3.8
RE1,DEMTRAEVC,2024,310.224
RE1,DEMTRAEVC,2025,315.2839
RE1,DEMTRAEVC,2026,320.9196
RE1,DEMTRAEVC,2027,326.5544
RE1,DEMTRAEVC,2028,332.1882
RE1,DEMTRAEVC,2029,337.8212
RE1,DEMTRAEVC,2030,343.4535
RE1,DEMTRAEVC,2031,348.114
RE1,DEMTRAEVC,2032,352.7733
RE1,DEMTRAEVC,2033,357.4314
RE1,DEMTRAEVC,2034,362.0883
RE1,DEMTRAEVC,2035,366.7442
RE1,DEMTRAEVC,2036,370.9886
RE1,DEMTRAEVC,2037,375.2324
RE1,DEMTRAEVC,2038,379.4756
RE1,DEMTRAEVC,2039,383.7182
RE1,DEMTRAEVC,2040,387.9603
RE1,DEMTRAEVC,2041,391.9968
RE1,DEMTRAEVC,2042,396.0329
RE1,DEMTRAEVC,2043,400.0686
RE1,DEMTRAEVC,2044,404.104
RE1,DEMTRAEVC,2045,408.1389
RE1,DEMTRAEVC,2046,411.294
RE1,DEMTRAEVC,2047,414.4488
RE1,DEMTRAEVC,2048,417.6035
RE1,DEMTRAEVC,2049,427.5403
RE1,DEMTRAEVC,2050,2119.562
RE1,DEMTRAEVC,2051,2135.7033
RE1,DEMTRAEVC,2052,2151.9694
RE1,DEMTRAEVC,2053,2168.3614
RE1,DEMTRAEVC,2054,2184.8802
RE1,DEMTRAEVC,2055,2201.5267
RE1,DEMTRAEVC,2056,2218.3021
RE1,DEMTRAEVC,2057,2235.2072
RE1,DEMTRAEVC,2058,2252.2431
RE1,DEMTRAEVC,2059,2269.4109
RE1,DEMTRAEVC,2060,2286.7115
RE1,DEMTRAEVC,2061,2304.146
RE1,DEMTRAEVC,2062,2321.7154
RE1,DEMTRAEVC,2063,2339.4209
RE1,DEMTRAEVC,2064,2357.2633
RE1,DEMTRAEVC,2065,2375.2439
RE1,DEMTRAEVC,2066,2393.3637
RE1,DEMTRAEVC,2067,2411.6237
RE1,DEMTRAEVC,2068,2430.0251
RE1,DEMTRAEVC,2069,2448.569
RE1,DEMTRAEVC,2070,2467.2565
RE1,DEMTRAMCYELC,2024,279.4811
RE1,DEMTRAMCYELC,2025,284.0396
RE1,DEMTRAMCYELC,2026,289.1168
RE1,DEMTRAMCYELC,2027,294.1931
RE1,DEMTRAMCYELC,2028,299.2687
RE1,DEMTRAMCYELC,2029,304.3435
RE1,DEMTRAMCYELC,2030,309.4175
RE1,DEMTRAMCYELC,2031,313.6162
RE1,DEMTRAMCYELC,2032,317.8138
RE1,DEMTRAMCYELC,2033,322.0103
RE1,DEMTRAMCYELC,2034,326.2057
RE1,DEMTRAMCYELC,2035,330.4001
RE1,DEMTRAMCYELC,2036,334.224
RE1,DEMTRAMCYELC,2037,338.0472
RE1,DEMTRAMCYELC,2038,341.8699
RE1,DEMTRAMCYELC,2039,345.6921
RE1,DEMTRAMCYELC,2040,349.5138
RE1,DEMTRAMCYELC,2041,353.1503
RE1,DEMTRAMCYELC,2042,356.7864
RE1,DEMTRAMCYELC,2043,360.4222
RE1,DEMTRAMCYELC,2044,364.0576
RE1,DEMTRAMCYELC,2045,367.6927
RE1,DEMTRAMCYELC,2046,370.5351
RE1,DEMTRAMCYELC,2047,373.3773
RE1,DEMTRAMCYELC,2048,376.2194
RE1,DEMTRAMCYELC,2049,379.0613
RE1,DEMTRAMCYELC,2050,381.9031
RE1,DEMTRAMCYELC,2051,384.8114
RE1,DEMTRAMCYELC,2052,387.7422
RE1,DEMTRAMCYELC,2053,390.6957
RE1,DEMTRAMCYELC,2054,393.6721
RE1,DEMTRAMCYELC,2055,396.6715
RE1,DEMTRAMCYELC,2056,399.6941
RE1,DEMTRAMCYELC,2057,402.74
RE1,DEMTRAMCYELC,2058,405.8096
RE1,DEMTRAMCYELC,2059,408.9029
RE1,DEMTRAMCYELC,2060,412.0201
RE1,DEMTRAMCYELC,2061,415.1614
RE1,DEMTRAMCYELC,2062,418.3271
RE1,DEMTRAMCYELC,2063,421.5173
RE1,DEMTRAMCYELC,2064,424.7321
RE1,DEMTRAMCYELC,2065,427.9719
RE1,DEMTRAMCYELC,2066,431.2367
RE1,DEMTRAMCYELC,2067,434.5268
RE1,DEMTRAMCYELC,2068,437.8424
RE1,DEMTRAMCYELC,2069,441.1836
RE1,DEMTRAMCYELC,2070,444.5507
RE1,DEMTRACARELC,2049,6.1101
RE1,DEMTRACARELC,2050,821.0916
RE1,DEMTRACARELC,2051,827.3445
RE1,DEMTRACARELC,2052,833.6458
RE1,DEMTRACARELC,2053,839.9959
RE1,DEMTRACARELC,2054,846.395
RE1,DEMTRACARELC,2055,852.8437
RE1,DEMTRACARELC,2056,859.3422
RE1,DEMTRACARELC,2057,865.8911
RE1,DEMTRACARELC,2058,872.4906
RE1,DEMTRACARELC,2059,879.1412
RE1,DEMTRACARELC,2060,885.8432
RE1,DEMTRACARELC,2061,892.5971
RE1,DEMTRACARELC,2062,899.4033
RE1,DEMTRACARELC,2063,906.2621
RE1,DEMTRACARELC,2064,913.1741
RE1,DEMTRACARELC,2065,920.1395
RE1,DEMTRACARELC,2066,927.1589
RE1,DEMTRACARELC,2067,934.2326
RE1,DEMTRACARELC,2068,941.3611
RE1,DEMTRACARELC,2069,948.5448
RE1,DEMTRACARELC,2070,955.784
RE1,DEMTRABUSELC,2050,706.5207
RE1,DEMTRABUSELC,2051,711.9011
RE1,DEMTRABUSELC,2052,717.3232
RE1,DEMTRABUSELC,2053,722.7871
RE1,DEMTRABUSELC,2054,728.2934
RE1,DEMTRABUSELC,2055,733.8422
RE1,DEMTRABUSELC,2056,739.434
RE1,DEMTRABUSELC,2057,745.0691
RE1,DEMTRABUSELC,2058,750.7477
RE1,DEMTRABUSELC,2059,756.4703
RE1,DEMTRABUSELC,2060,762.2372
RE1,DEMTRABUSELC,2061,768.0487
RE1,DEMTRABUSELC,2062,773.9051
RE1,DEMTRABUSELC,2063,779.807
RE1,DEMTRABUSELC,2064,785.7544
RE1,DEMTRABUSELC,2065,791.748
RE1,DEMTRABUSELC,2066,797.7879
RE1,DEMTRABUSELC,2067,803.8746
RE1,DEMTRABUSELC,2068,810.0084
RE1,DEMTRABUSELC,2069,816.1897
RE1,DEMTRABUSELC,2070,822.4188
RE1,DEMTRAMCYGSL,2015,229.6235
RE1,DEMTRAMCYGSL,2016,238.4248
RE1,DEMTRAMCYGSL,2017,243.9061
RE1,DEMTRAMCYGSL,2018,249.8175
RE1,DEMTRAMCYGSL,2019,255.529
RE1,DEMTRAMCYGSL,2020,261.2392
RE1,DEMTRAMCYGSL,2021,265.801
RE1,DEMTRAMCYGSL,2022,270.3619
RE1,DEMTRAMCYGSL,2023,274.9219
RE1,DEMTRACARGSL,2015,493.6906
RE1,DEMTRACARGSL,2016,512.6133
RE1,DEMTRACARGSL,2017,524.3982
RE1,DEMTRACARGSL,2018,537.1075
RE1,DEMTRACARGSL,2019,549.3873
RE1,DEMTRACARGSL,2020,561.6643
RE1,DEMTRACARGSL,2021,571.4721
RE1,DEMTRACARGSL,2022,581.278
RE1,DEMTRACARGSL,2023,591.0821
RE1,DEMTRACARGSL,2024,600.8844
RE1,DEMTRACARGSL,2025,610.6851
RE1,DEMTRACARGSL,2026,621.601
RE1,DEMTRACARGSL,2027,632.5152
RE1,DEMTRACARGSL,2028,643.4276
RE1,DEMTRACARGSL,2029,654.3384
RE1,DEMTRACARGSL,2030,665.2477
RE1,DEMTRACARGSL,2031,674.2749
RE1,DEMTRACARGSL,2032,683.2997
RE1,DEMTRACARGSL,2033,692.3221
RE1,DEMTRACARGSL,2034,701.3422
RE1,DEMTRACARGSL,2035,710.3603
RE1,DEMTRACARGSL,2036,718.5815
RE1,DEMTRACARGSL,2037,726.8015
RE1,DEMTRACARGSL,2038,735.0203
RE1,DEMTRACARGSL,2039,743.238
RE1,DEMTRACARGSL,2040,751.4547
RE1,DEMTRACARGSL,2041,759.2732
RE1,DEMTRACARGSL,2042,767.0908
RE1,DEMTRACARGSL,2043,774.9077
RE1,DEMTRACARGSL,2044,782.7239
RE1,DEMTRACARGSL,2045,790.5394
RE1,DEMTRACARGSL,2046,796.6504
RE1,DEMTRACARGSL,2047,802.7612
RE1,DEMTRACARGSL,2048,808.8716
RE1,DEMTRACARGSL,2049,808.8716
RE1,DEMTRABUSGSL,2015,424.8035
RE1,DEMTRABUSGSL,2016,441.0859
RE1,DEMTRABUSGSL,2017,451.2263
RE1,DEMTRABUSGSL,2018,462.1623
RE1,DEMTRABUSGSL,2019,472.7286
RE1,DEMTRABUSGSL,2020,483.2925
RE1,DEMTRABUSGSL,2021,491.7318
RE1,DEMTRABUSGSL,2022,500.1694
RE1,DEMTRABUSGSL,2023,508.6055
RE1,DEMTRABUSGSL,2024,517.04
RE1,DEMTRABUSGSL,2025,525.4732
RE1,DEMTRABUSGSL,2026,534.866
RE1,DEMTRABUSGSL,2027,544.2573
RE1,DEMTRABUSGSL,2028,553.647
RE1,DEMTRABUSGSL,2029,563.0354
RE1,DEMTRABUSGSL,2030,572.4224
RE1,DEMTRABUSGSL,2031,580.1901
RE1,DEMTRABUSGSL,2032,587.9555
RE1,DEMTRABUSGSL,2033,595.719
RE1,DEMTRABUSGSL,2034,603.4805
RE1,DEMTRABUSGSL,2035,611.2403
RE1,DEMTRABUSGSL,2036,618.3143
RE1,DEMTRABUSGSL,2037,625.3873
RE1,DEMTRABUSGSL,2038,632.4593
RE1,DEMTRABUSGSL,2039,639.5304
RE1,DEMTRABUSGSL,2040,646.6006
RE1,DEMTRABUSGSL,2041,653.3281
RE1,DEMTRABUSGSL,2042,660.0549
RE1,DEMTRABUSGSL,2043,666.7811
RE1,DEMTRABUSGSL,2044,673.5066
RE1,DEMTRABUSGSL,2045,680.2316
RE1,DEMTRABUSGSL,2046,685.4899
RE1,DEMTRABUSGSL,2047,690.748
RE1,DEMTRABUSGSL,2048,696.0058
RE1,DEMTRABUSGSL,2049,701.2634
RE1,DEMINDELC,2015,328.0418
RE1,DEMINDELC,2016,347.0108
RE1,DEMINDELC,2017,363.2685
RE1,DEMINDELC,2018,379.5262
RE1,DEMINDELC,2019,395.7839
RE1,DEMINDELC,2020,412.0416
RE1,DEMINDELC,2021,424.52
RE1,DEMINDELC,2022,436.9984
RE1,DEMINDELC,2023,449.4768
RE1,DEMINDELC,2024,9.0682
RE1,DEMINDELC,2025,11.5713
RE1,DEMINDELC,2026,9.5779
RE1,DEMINDELC,2027,9.8425
RE1,DEMINDELC,2028,10.1072
RE1,DEMINDELC,2029,12.8868
RE1,DEMINDELC,2030,13.2157
RE1,DEMINDELC,2031,13.5916
RE1,DEMINDELC,2032,13.9675
RE1,DEMINDELC,2033,14.3434
RE1,DEMINDELC,2034,14.7193
RE1,DEMINDELC,2035,15.0952
RE1,DEMINDELC,2036,15.3978
RE1,DEMINDELC,2037,15.7004
RE1,DEMINDELC,2038,16.0031
RE1,DEMINDELC,2039,16.3057
RE1,DEMINDELC,2040,16.6083
RE1,DEMINDELC,2041,16.9046
RE1,DEMINDELC,2042,17.201
RE1,DEMINDELC,2043,17.4973
RE1,DEMINDELC,2044,17.7937
RE1,DEMINDELC,2045,18.09
RE1,DEMINDELC,2046,18.2964
RE1,DEMINDELC,2047,18.5027
RE1,DEMINDELC,2048,18.709
RE1,DEMINDELC,2049,18.9154
RE1,DEMINDELC,2050,19.1217
RE1,DEMINDELC,2051,19.335
RE1,DEMINDELC,2052,19.5507
RE1,DEMINDELC,2053,19.7688
RE1,DEMINDELC,2054,19.9893
RE1,DEMINDELC,2055,20.2123
RE1,DEMINDELC,2056,20.4377
RE1,DEMINDELC,2057,20.6657
RE1,DEMINDELC,2058,20.8963
RE1,DEMINDELC,2059,47.4263
RE1,DEMINDELC,2060,17.1956
RE1,DEMINDELC,2061,21.6034
RE1,DEMINDELC,2062,21.8443
RE1,DEMINDELC,2063,22.088
RE1,DEMINDELC,2064,22.3344
RE1,DEMINDELC,2065,22.5835
RE1,DEMINDELC,2066,22.8355
RE1,DEMINDELC,2067,23.0902
RE1,DEMINDELC,2068,23.3478
RE1,DEMINDELC,2069,23.6082
RE1,DEMINDELC,2070,107.1094
RE1,INDENEFFDP,2024,348.3747
RE1,INDENEFFDP,2025,356.048
RE1,INDENEFFDP,2026,367.9537
RE1,INDENEFFDP,2027,378.1224
RE1,INDENEFFDP,2028,388.2912
RE1,INDENEFFDP,2029,396.5253
RE1,INDENEFFDP,2030,406.6447
RE1,INDENEFFDP,2031,418.211
RE1,INDENEFFDP,2032,429.7773
RE1,INDENEFFDP,2033,441.3436
RE1,INDENEFFDP,2034,452.9098
RE1,INDENEFFDP,2035,464.4762
RE1,INDENEFFDP,2036,473.7878
RE1,INDENEFFDP,2037,483.0995
RE1,INDENEFFDP,2038,492.4111
RE1,INDENEFFDP,2039,501.7228
RE1,INDENEFFDP,2040,511.0345
RE1,INDENEFFDP,2041,520.1528
RE1,INDENEFFDP,2042,529.2711
RE1,INDENEFFDP,2043,538.3894
RE1,INDENEFFDP,2044,547.5078
RE1,INDENEFFDP,2045,556.6261
RE1,INDENEFFDP,2046,562.9752
RE1,INDENEFFDP,2047,569.3244
RE1,INDENEFFDP,2048,575.6735
RE1,INDENEFFDP,2049,582.0227
RE1,INDENEFFDP,2050,588.3718
RE1,INDENEFFDP,2051,594.935
RE1,INDENEFFDP,2052,601.5714
RE1,INDENEFFDP,2053,608.2818
RE1,INDENEFFDP,2054,615.0671
RE1,INDENEFFDP,2055,621.9281
RE1,INDENEFFDP,2056,628.8656
RE1,INDENEFFDP,2057,635.8805
RE1,INDENEFFDP,2058,642.9737
RE1,INDENEFFDP,2059,629.9175
RE1,INDENEFFDP,2060,660.6055
RE1,INDENEFFDP,2061,664.7314
RE1,INDENEFFDP,2062,672.1464
RE1,INDENEFFDP,2063,679.6441
RE1,INDENEFFDP,2064,687.2254
RE1,INDENEFFDP,2065,694.8913
RE1,INDENEFFDP,2066,702.6427
RE1,INDENEFFDP,2067,710.4806
RE1,INDENEFFDP,2068,718.4058
RE1,INDENEFFDP,2069,726.4196
RE1,INDENEFFDP,2070,670.4935
RE1,DEMINDHEEH,2029,10.2143
RE1,DEMINDHEEH,2030,660.3458
RE1,DEMINDHEEH,2031,669.5451
RE1,DEMINDHEEH,2032,678.7266
RE1,DEMINDHEEH,2033,687.8914
RE1,DEMINDHEEH,2034,697.0403
RE1,DEMINDHEEH,2035,706.1741
RE1,DEMINDHEEH,2036,714.1932
RE1,DEMINDHEEH,2037,728.2377
RE1,DEMINDHEEH,2038,745.5492
RE1,DEMINDHEEH,2039,762.8404
RE1,DEMINDHEEH,2040,810.8277
RE1,DEMINDHEEH,2041,819.1493
RE1,DEMINDHEEH,2042,827.4653
RE1,DEMINDHEEH,2043,835.7759
RE1,DEMINDHEEH,2044,844.0812
RE1,DEMINDHEEH,2045,852.3815
RE1,DEMINDHEEH,2046,858.7627
RE1,DEMINDHEEH,2047,865.1418
RE1,DEMINDHEEH,2048,871.5186
RE1,DEMINDHEEH,2049,877.8932
RE1,DEMINDHEEH,2050,884.2658
RE1,DEMINDHEEH,2051,890.7889
RE1,DEMINDHEEH,2052,897.3615
RE1,DEMINDHEEH,2053,903.9841
RE1,DEMINDHEEH,2054,910.6572
RE1,DEMINDHEEH,2055,917.3809
RE1,DEMINDHEEH,2056,924.1559
RE1,DEMINDHEEH,2057,930.9824
RE1,DEMINDHEEH,2058,937.8608
RE1,DEMINDHEEH,2059,944.7916
RE1,DEMINDHEEH,2060,951.7751
RE1,DEMINDHEEH,2061,958.8119
RE1,DEMINDHEEH,2062,965.9022
RE1,DEMINDHEEH,2063,973.0464
RE1,DEMINDHEEH,2064,980.2452
RE1,DEMINDHEEH,2065,987.4987
RE1,DEMINDHEEH,2066,994.8075
RE1,DEMINDHEEH,2067,1002.1719
RE1,DEMINDHEEH,2068,1009.5925
RE1,DEMINDHEEH,2069,1017.0697
RE1,DEMINDHEEH,2070,1024.6038
RE1,DEMINDHEEL,2035,6.0892
RE1,DEMINDHEEL,2036,11.4352
RE1,DEMINDHEEL,2037,20.7983
RE1,DEMINDHEEL,2038,32.3393
RE1,DEMINDHEEL,2039,43.8667
RE1,DEMINDHEEL,2040,84.835
RE1,DEMINDHEEL,2041,75.2457
RE1,DEMINDHEEL,2042,80.1327
RE1,DEMINDHEEL,2043,92.4904
RE1,DEMINDHEEL,2044,104.8368
RE1,DEMINDHEEL,2045,543.7913
RE1,DEMINDHEEL,2046,554.1783
RE1,DEMINDHEEL,2047,564.552
RE1,DEMINDHEEL,2048,574.9131
RE1,DEMINDHEEL,2049,585.2622
RE1,DEMINDHEEL,2050,589.5105
RE1,DEMINDHEEL,2051,593.8592
RE1,DEMINDHEEL,2052,598.241
RE1,DEMINDHEEL,2053,602.6561
RE1,DEMINDHEEL,2054,607.1048
RE1,DEMINDHEEL,2055,611.5873
RE1,DEMINDHEEL,2056,616.1039
RE1,DEMINDHEEL,2057,620.6549
RE1,DEMINDHEEL,2058,625.2405
RE1,DEMINDHEEL,2059,629.8611
RE1,DEMINDHEEL,2060,634.5168
RE1,DEMINDHEEL,2061,639.2079
RE1,DEMINDHEEL,2062,643.9348
RE1,DEMINDHEEL,2063,648.6976
RE1,DEMINDHEEL,2064,653.4968
RE1,DEMINDHEEL,2065,658.3324
RE1,DEMINDHEEL,2066,663.205
RE1,DEMINDHEEL,2067,668.1146
RE1,DEMINDHEEL,2068,630.6117
RE1,DEMINDHEEL,2069,552.0627
RE1,DEMINDHEEL,2070,683.0692
RE1,DEMINDHEBIO,2015,426.6187
RE1,DEMINDHEBIO,2016,382.5919
RE1,DEMINDHEBIO,2017,389.2174
RE1,DEMINDHEBIO,2018,400.2481
RE1,DEMINDHEBIO,2019,409.232
RE1,DEMINDHEBIO,2020,418.2022
RE1,DEMINDHEBIO,2021,424.4265
RE1,DEMINDHEBIO,2022,430.6414
RE1,DEMINDHEBIO,2023,436.8476
RE1,DEMINDHEBIO,2024,443.0455
RE1,DEMINDHEBIO,2025,449.2357
RE1,DEMINDHEBIO,2026,456.0698
RE1,DEMINDHEBIO,2027,462.8953
RE1,DEMINDHEBIO,2028,469.7126
RE1,DEMINDHEBIO,2029,476.5222
RE1,DEMINDHEBIO,2030,483.3244
RE1,DEMINDHEBIO,2031,489.4573
RE1,DEMINDHEBIO,2032,495.5783
RE1,DEMINDHEBIO,2033,501.6882
RE1,DEMINDHEBIO,2034,507.7874
RE1,DEMINDHEBIO,2035,507.7874
RE1,DEMINDHEBIO,2036,507.7874
RE1,DEMINDHEBIO,2037,503.7647
RE1,DEMINDHEBIO,2038,497.5586
RE1,DEMINDHEBIO,2039,491.3606
RE1,DEMINDHEBIO,2040,455.7168
RE1,DEMINDHEBIO,2041,470.8539
RE1,DEMINDHEBIO,2042,471.5108
RE1,DEMINDHEBIO,2043,464.6935
RE1,DEMINDHEBIO,2044,457.884
RE1,DEMINDHEBIO,2045,24.463
RE1,DEMINDHEBIO,2046,18.3302
RE1,DEMINDHEBIO,2047,12.2091
RE1,DEMINDHEBIO,2048,6.0993
RE1,DEMINDHEBIO,2068,42.45
RE1,DEMINDHEBIO,2069,125.9837
RE1,DEMRESELC,2015,163.7593
RE1,DEMRESELC,2016,173.2287
RE1,DEMRESELC,2017,181.3446
RE1,DEMRESELC,2018,189.4604
RE1,DEMRESELC,2019,197.5763
RE1,DEMRESELC,2020,205.6922
RE1,DEMRESELC,2021,211.9215
RE1,DEMRESELC,2022,218.1507
RE1,DEMRESELC,2023,224.38
RE1,DEMRESELC,2024,4.5269
RE1,DEMRESELC,2025,5.7764
RE1,DEMRESELC,2026,4.7813
RE1,DEMRESELC,2027,4.9134
RE1,DEMRESELC,2028,5.0456
RE1,DEMRESELC,2029,6.4331
RE1,DEMRESELC,2030,6.5973
RE1,DEMRESELC,2031,6.785
RE1,DEMRESELC,2032,6.9726
RE1,DEMRESELC,2033,7.1603
RE1,DEMRESELC,2034,7.3479
RE1,DEMRESELC,2035,7.5356
RE1,DEMRESELC,2036,7.6866
RE1,DEMRESELC,2037,7.8377
RE1,DEMRESELC,2038,7.9888
RE1,DEMRESELC,2039,8.1398
RE1,DEMRESELC,2040,8.2909
RE1,DEMRESELC,2041,8.4388
RE1,DEMRESELC,2042,8.5868
RE1,DEMRESELC,2043,8.7347
RE1,DEMRESELC,2044,8.8826
RE1,DEMRESELC,2045,9.0306
RE1,DEMRESELC,2046,9.1336
RE1,DEMRESELC,2047,9.2366
RE1,DEMRESELC,2048,9.3396
RE1,DEMRESELC,2049,9.4426
RE1,DEMRESELC,2050,9.5456
RE1,DEMRESELC,2051,9.6521
RE1,DEMRESELC,2052,9.7598
RE1,DEMRESELC,2053,9.8686
RE1,DEMRESELC,2054,9.9787
RE1,DEMRESELC,2055,10.09
RE1,DEMRESELC,2056,10.2026
RE1,DEMRESELC,2057,10.3164
RE1,DEMRESELC,2058,10.4315
RE1,DEMRESELC,2059,23.6753
RE1,DEMRESELC,2060,8.5841
RE1,DEMRESELC,2061,10.7845
RE1,DEMRESELC,2062,10.9048
RE1,DEMRESELC,2063,11.0264
RE1,DEMRESELC,2064,11.1494
RE1,DEMRESELC,2065,11.2738
RE1,DEMRESELC,2066,11.3995
RE1,DEMRESELC,2067,11.5267
RE1,DEMRESELC,2068,11.6553
RE1,DEMRESELC,2069,11.7853
RE1,DEMRESELC,2070,53.4693
RE1,RESENEFFDP,2024,173.9095
RE1,RESENEFFDP,2025,177.74
RE1,RESENEFFDP,2026,183.6834
RE1,RESENEFFDP,2027,188.7597
RE1,RESENEFFDP,2028,193.8359
RE1,RESENEFFDP,2029,197.9465
RE1,RESENEFFDP,2030,202.9981
RE1,RESENEFFDP,2031,208.772
RE1,RESENEFFDP,2032,214.5459
RE1,RESENEFFDP,2033,220.3198
RE1,RESENEFFDP,2034,226.0938
RE1,RESENEFFDP,2035,231.8677
RE1,RESENEFFDP,2036,236.5161
RE1,RESENEFFDP,2037,241.1645
RE1,RESENEFFDP,2038,245.8129
RE1,RESENEFFDP,2039,250.4613
RE1,RESENEFFDP,2040,255.1097
RE1,RESENEFFDP,2041,259.6616
RE1,RESENEFFDP,2042,264.2135
RE1,RESENEFFDP,2043,268.7654
RE1,RESENEFFDP,2044,273.3173
RE1,RESENEFFDP,2045,277.8692
RE1,RESENEFFDP,2046,281.0387
RE1,RESENEFFDP,2047,284.2082
RE1,RESENEFFDP,2048,287.3777
RE1,RESENEFFDP,2049,290.5472
RE1,RESENEFFDP,2050,293.7167
RE1,RESENEFFDP,2051,296.9931
RE1,RESENEFFDP,2052,300.306
RE1,RESENEFFDP,2053,303.6558
RE1,RESENEFFDP,2054,307.0431
RE1,RESENEFFDP,2055,310.4681
RE1,RESENEFFDP,2056,313.9313
RE1,RESENEFFDP,2057,317.4332
RE1,RESENEFFDP,2058,320.9741
RE1,RESENEFFDP,2059,314.4564
RE1,RESENEFFDP,2060,329.7759
RE1,RESENEFFDP,2061,331.8356
RE1,RESENEFFDP,2062,335.5372
RE1,RESENEFFDP,2063,339.28
RE1,RESENEFFDP,2064,343.0647
RE1,RESENEFFDP,2065,346.8915
RE1,RESENEFFDP,2066,350.761
RE1,RESENEFFDP,2067,354.6737
RE1,RESENEFFDP,2068,358.63
RE1,RESENEFFDP,2069,362.6305
RE1,RESENEFFDP,2070,334.7121
RE1,DEMRESCKNELC,2015,7.0099
RE1,DEMRESCKNELC,2016,6.6639
RE1,DEMRESCKNELC,2017,6.762
RE1,DEMRESCKNELC,2018,7.0044
RE1,DEMRESCKNELC,2019,6.6542
RE1,DEMRESCKNELC,2020,6.304
RE1,DEMRESCKNELC,2021,5.9538
RE1,DEMRESCKNELC,2022,5.6035
RE1,DEMRESCKNELC,2024,221.6303
RE1,DEMRESCKNELC,2025,225.2608
RE1,DEMRESCKNELC,2026,229.2395
RE1,DEMRESCKNELC,2027,233.2102
RE1,DEMRESCKNELC,2028,237.1733
RE1,DEMRESCKNELC,2029,241.1293
RE1,DEMRESCKNELC,2030,245.0786
RE1,DEMRESCKNELC,2031,248.6954
RE1,DEMRESCKNELC,2032,252.3013
RE1,DEMRESCKNELC,2033,255.8969
RE1,DEMRESCKNELC,2034,259.4827
RE1,DEMRESCKNELC,2035,263.0593
RE1,DEMRESCKNELC,2036,266.1718
RE1,DEMRESCKNELC,2037,269.2791
RE1,DEMRESCKNELC,2038,272.3814
RE1,DEMRESCKNELC,2039,275.4788
RE1,DEMRESCKNELC,2040,278.5714
RE1,DEMRESCKNELC,2041,281.6592
RE1,DEMRESCKNELC,2042,284.7436
RE1,DEMRESCKNELC,2043,287.8245
RE1,DEMRESCKNELC,2044,290.9023
RE1,DEMRESCKNELC,2045,293.977
RE1,DEMRESCKNELC,2046,296.3069
RE1,DEMRESCKNELC,2047,298.6355
RE1,DEMRESCKNELC,2048,300.9627
RE1,DEMRESCKNELC,2049,303.2886
RE1,DEMRESCKNELC,2050,305.6131
RE1,DEMRESCKNELC,2051,307.9951
RE1,DEMRESCKNELC,2052,310.3956
RE1,DEMRESCKNELC,2053,312.8148
RE1,DEMRESCKNELC,2054,315.2529
RE1,DEMRESCKNELC,2055,317.7099
RE1,DEMRESCKNELC,2056,320.1862
RE1,DEMRESCKNELC,2057,322.6817
RE1,DEMRESCKNELC,2058,325.1966
RE1,DEMRESCKNELC,2059,327.7312
RE1,DEMRESCKNELC,2060,330.2856
RE1,DEMRESCKNELC,2061,332.8598
RE1,DEMRESCKNELC,2062,335.4541
RE1,DEMRESCKNELC,2063,338.0686
RE1,DEMRESCKNELC,2064,340.7035
RE1,DEMRESCKNELC,2065,343.359
RE1,DEMRESCKNELC,2066,346.0351
RE1,DEMRESCKNELC,2067,348.7321
RE1,DEMRESCKNELC,2068,351.4501
RE1,DEMRESCKNELC,2069,354.1893
RE1,DEMRESCKNELC,2070,356.9499
RE1,DEMRESCKNOIL,2015,117.5028
RE1,DEMRESCKNOIL,2016,111.7023
RE1,DEMRESCKNOIL,2017,113.3469
RE1,DEMRESCKNOIL,2018,117.4106
RE1,DEMRESCKNOIL,2019,120.876
RE1,DEMRESCKNOIL,2020,124.3333
RE1,DEMRESCKNOIL,2021,126.9942
RE1,DEMRESCKNOIL,2022,129.6497
RE1,DEMRESCKNOIL,2023,137.5534
RE1,DEMRESCKNBIO,2015,72.8133
RE1,DEMRESCKNBIO,2016,69.2189
RE1,DEMRESCKNBIO,2017,70.238
RE1,DEMRESCKNBIO,2018,72.7562
RE1,DEMRESCKNBIO,2019,74.5779
RE1,DEMRESCKNBIO,2020,76.3949
RE1,DEMRESCKNBIO,2021,77.7461
RE1,DEMRESCKNBIO,2022,79.0942
RE1,DEMRESCKNBIO,2023,80.4393
RE1,DEMRESHEBIO,2015,84.5683
RE1,DEMRESHEBIO,2016,80.3936
RE1,DEMRESHEBIO,2017,81.5773
RE1,DEMRESHEBIO,2018,84.502
RE1,DEMRESHEBIO,2019,86.6177
RE1,DEMRESHEBIO,2020,88.7281
RE1,DEMRESHEBIO,2021,90.2975
RE1,DEMRESHEBIO,2022,91.8632
RE1,DEMRESHEBIO,2023,93.4254
RE1,DEMRESHEBIO,2024,94.9844
RE1,DEMRESHEBIO,2025,96.5403
RE1,DEMRESHEBIO,2026,98.2455
RE1,DEMRESHEBIO,2027,99.9472
RE1,DEMRESHEBIO,2028,101.6457
RE1,DEMRESHEBIO,2029,103.3411
RE1,DEMRESHEBIO,2030,105.0337
RE1,DEMRESHEBIO,2031,106.5837
RE1,DEMRESHEBIO,2032,108.1291
RE1,DEMRESHEBIO,2033,109.6701
RE1,DEMRESHEBIO,2034,111.2069
RE1,DEMRESHEBIO,2035,109.0965
RE1,DEMRESHEBIO,2036,107.5271
RE1,DEMRESHEBIO,2037,105.9614
RE1,DEMRESHEBIO,2038,104.3992
RE1,DEMRESHEBIO,2039,102.8402
RE1,DEMRESHEBIO,2040,93.3741
RE1,DEMRESHEBIO,2041,96.7944
RE1,DEMRESHEBIO,2042,97.8774
RE1,DEMRESHEBIO,2043,96.1789
RE1,DEMRESHEBIO,2044,94.4835
RE1,DEMRESHEBIO,2045,8.2226
RE1,DEMRESHEBIO,2046,6.6726
RE1,DEMRESHEBIO,2047,5.1272
RE1,DEMRESHEBIO,2048,3.5862
RE1,DEMRESHEBIO,2068,13.6766
RE1,DEMRESHEBIO,2069,14.8506
RE1,DEMRESHEEL,2035,3.6432
RE1,DEMRESHEEL,2036,6.5465
RE1,DEMRESHEEL,2037,9.4439
RE1,DEMRESHEEL,2038,12.3357
RE1,DEMRESHEEL,2039,15.2221
RE1,DEMRESHEEL,2040,26.0137
RE1,DEMRESHEEL,2041,23.9167
RE1,DEMRESHEEL,2042,24.1556
RE1,DEMRESHEEL,2043,27.1745
RE1,DEMRESHEEL,2044,30.1889
RE1,DEMRESHEEL,2045,117.7675
RE1,DEMRESHEEL,2046,120.3161
RE1,DEMRESHEEL,2047,122.8594
RE1,DEMRESHEEL,2048,125.3978
RE1,DEMRESHEEL,2049,129.9808
RE1,DEMRESHEEL,2050,130.9771
RE1,DEMRESHEEL,2051,131.9979
RE1,DEMRESHEEL,2052,133.0267
RE1,DEMRESHEEL,2053,134.0635
RE1,DEMRESHEEL,2054,135.1084
RE1,DEMRESHEEL,2055,136.1614
RE1,DEMRESHEEL,2056,137.2226
RE1,DEMRESHEEL,2057,138.2922
RE1,DEMRESHEEL,2058,139.37
RE1,DEMRESHEEL,2059,140.4562
RE1,DEMRESHEEL,2060,141.551
RE1,DEMRESHEEL,2061,142.6542
RE1,DEMRESHEEL,2062,143.766
RE1,DEMRESHEEL,2063,144.8866
RE1,DEMRESHEEL,2064,146.0158
RE1,DEMRESHEEL,2065,147.1538
RE1,DEMRESHEEL,2066,148.3008
RE1,DEMRESHEEL,2067,149.4566
RE1,DEMRESHEEL,2068,136.9449
RE1,DEMRESHEEL,2069,136.9449
RE1,DEMRESHEEL,2070,152.9785
RE1,DEMCOMELC,2015,169.2528
RE1,DEMCOMELC,2016,179.0399
RE1,DEMCOMELC,2017,187.428
RE1,DEMCOMELC,2018,195.8161
RE1,DEMCOMELC,2019,204.2043
RE1,DEMCOMELC,2020,212.5924
RE1,DEMCOMELC,2021,219.0306
RE1,DEMCOMELC,2022,225.4689
RE1,DEMCOMELC,2023,231.9071
RE1,DEMCOMELC,2024,4.6787
RE1,DEMCOMELC,2025,5.9702
RE1,DEMCOMELC,2026,4.9417
RE1,DEMCOMELC,2027,5.0783
RE1,DEMCOMELC,2028,5.2148
RE1,DEMCOMELC,2029,6.6489
RE1,DEMCOMELC,2030,6.8186
RE1,DEMCOMELC,2031,7.0126
RE1,DEMCOMELC,2032,7.2065
RE1,DEMCOMELC,2033,7.4005
RE1,DEMCOMELC,2034,7.5944
RE1,DEMCOMELC,2035,7.7883
RE1,DEMCOMELC,2036,7.9445
RE1,DEMCOMELC,2037,8.1006
RE1,DEMCOMELC,2038,8.2568
RE1,DEMCOMELC,2039,8.4129
RE1,DEMCOMELC,2040,8.569
RE1,DEMCOMELC,2041,8.7219
RE1,DEMCOMELC,2042,8.8748
RE1,DEMCOMELC,2043,9.0277
RE1,DEMCOMELC,2044,9.1806
RE1,DEMCOMELC,2045,9.3335
RE1,DEMCOMELC,2046,9.44
RE1,DEMCOMELC,2047,9.5464
RE1,DEMCOMELC,2048,9.6529
RE1,DEMCOMELC,2049,9.7594
RE1,DEMCOMELC,2050,9.8658
RE1,DEMCOMELC,2051,9.9759
RE1,DEMCOMELC,2052,10.0872
RE1,DEMCOMELC,2053,10.1997
RE1,DEMCOMELC,2054,10.3135
RE1,DEMCOMELC,2055,10.4285
RE1,DEMCOMELC,2056,10.5448
RE1,DEMCOMELC,2057,10.6625
RE1,DEMCOMELC,2058,10.7814
RE1,DEMCOMELC,2059,24.4696
RE1,DEMCOMELC,2060,8.8721
RE1,DEMCOMELC,2061,11.1462
RE1,DEMCOMELC,2062,11.2706
RE1,DEMCOMELC,2063,11.3963
RE1,DEMCOMELC,2064,11.5234
RE1,DEMCOMELC,2065,11.652
RE1,DEMCOMELC,2066,11.7819
RE1,DEMCOMELC,2067,11.9134
RE1,DEMCOMELC,2068,12.0462
RE1,DEMCOMELC,2069,12.1806
RE1,DEMCOMELC,2070,55.263
RE1,COMENEFFDP,2024,179.7436
RE1,COMENEFFDP,2025,183.7026
RE1,COMENEFFDP,2026,189.8454
RE1,COMENEFFDP,2027,195.0919
RE1,COMENEFFDP,2028,200.3384
RE1,COMENEFFDP,2029,204.5868
RE1,COMENEFFDP,2030,209.8079
RE1,COMENEFFDP,2031,215.7755
RE1,COMENEFFDP,2032,221.7431
RE1,COMENEFFDP,2033,227.7108
RE1,COMENEFFDP,2034,233.6784
RE1,COMENEFFDP,2035,239.646
RE1,COMENEFFDP,2036,244.4503
RE1,COMENEFFDP,2037,249.2547
RE1,COMENEFFDP,2038,254.059
RE1,COMENEFFDP,2039,258.8634
RE1,COMENEFFDP,2040,263.6677
RE1,COMENEFFDP,2041,268.3723
RE1,COMENEFFDP,2042,273.0769
RE1,COMENEFFDP,2043,277.7815
RE1,COMENEFFDP,2044,282.4861
RE1,COMENEFFDP,2045,287.1906
RE1,COMENEFFDP,2046,290.4665
RE1,COMENEFFDP,2047,293.7423
RE1,COMENEFFDP,2048,297.0182
RE1,COMENEFFDP,2049,300.294
RE1,COMENEFFDP,2050,303.5698
RE1,COMENEFFDP,2051,306.9561
RE1,COMENEFFDP,2052,310.3801
RE1,COMENEFFDP,2053,313.8424
RE1,COMENEFFDP,2054,317.3432
RE1,COMENEFFDP,2055,320.8832
RE1,COMENEFFDP,2056,324.4626
RE1,COMENEFFDP,2057,328.0819
RE1,COMENEFFDP,2058,331.7416
RE1,COMENEFFDP,2059,325.0053
RE1,COMENEFFDP,2060,340.8387
RE1,COMENEFFDP,2061,342.9675
RE1,COMENEFFDP,2062,346.7932
RE1,COMENEFFDP,2063,350.6616
RE1,COMENEFFDP,2064,354.5732
RE1,COMENEFFDP,2065,358.5284
RE1,COMENEFFDP,2066,362.5278
RE1,COMENEFFDP,2067,366.5717
RE1,COMENEFFDP,2068,370.6608
RE1,COMENEFFDP,2069,374.7954
RE1,COMENEFFDP,2070,345.9404
RE1,DEMCOMHEBIO,2015,37.209
RE1,DEMCOMHEBIO,2016,39.1015
RE1,DEMCOMHEBIO,2017,40.0453
RE1,DEMCOMHEBIO,2018,40.9891
RE1,DEMCOMHEBIO,2019,41.933
RE1,DEMCOMHEBIO,2020,42.8768
RE1,DEMCOMHEBIO,2021,43.6453
RE1,DEMCOMHEBIO,2022,44.4138
RE1,DEMCOMHEBIO,2023,45.1824
RE1,DEMCOMHEBIO,2024,45.9509
RE1,DEMCOMHEBIO,2025,46.7194
RE1,DEMCOMHEBIO,2026,47.5908
RE1,DEMCOMHEBIO,2027,48.4622
RE1,DEMCOMHEBIO,2028,49.3335
RE1,DEMCOMHEBIO,2029,50.2049
RE1,DEMCOMHEBIO,2030,51.0763
RE1,DEMCOMHEBIO,2031,51.7934
RE1,DEMCOMHEBIO,2032,52.5105
RE1,DEMCOMHEBIO,2033,53.2276
RE1,DEMCOMHEBIO,2034,53.9447
RE1,DEMCOMHEBIO,2035,53.0008
RE1,DEMCOMHEBIO,2036,52.2323
RE1,DEMCOMHEBIO,2037,51.4638
RE1,DEMCOMHEBIO,2038,50.6953
RE1,DEMCOMHEBIO,2039,49.9267
RE1,DEMCOMHEBIO,2040,45.2687
RE1,DEMCOMHEBIO,2041,47.415
RE1,DEMCOMHEBIO,2042,47.4155
RE1,DEMCOMHEBIO,2043,46.5441
RE1,DEMCOMHEBIO,2044,45.6727
RE1,DEMCOMHEBIO,2045,7.5924
RE1,DEMCOMHEBIO,2046,4.9828
RE1,DEMCOMHEBIO,2047,3.3219
RE1,DEMCOMHEBIO,2048,1.6609
RE1,DEMCOMHEBIO,2068,0.9735
RE1,DEMCOMHEBIO,2069,0.9735
RE1,DEMCOMHEEL,2035,1.6609
RE1,DEMCOMHEEL,2036,3.0898
RE1,DEMCOMHEEL,2037,4.5187
RE1,DEMCOMHEEL,2038,5.9476
RE1,DEMCOMHEEL,2039,7.3766
RE1,DEMCOMHEEL,2040,12.695
RE1,DEMCOMHEEL,2041,11.1687
RE1,DEMCOMHEEL,2042,11.7882
RE1,DEMCOMHEEL,2043,13.2796
RE1,DEMCOMHEEL,2044,14.771
RE1,DEMCOMHEEL,2045,53.4714
RE1,DEMCOMHEEL,2046,56.5693
RE1,DEMCOMHEEL,2047,58.7185
RE1,DEMCOMHEEL,2048,60.8678
RE1,DEMCOMHEEL,2049,63.017
RE1,DEMCOMHEEL,2050,63.5053
RE1,DEMCOMHEEL,2051,64.0052
RE1,DEMCOMHEEL,2052,64.5091
RE1,DEMCOMHEEL,2053,65.0169
RE1,DEMCOMHEEL,2054,65.5287
RE1,DEMCOMHEEL,2055,66.0445
RE1,DEMCOMHEEL,2056,66.5644
RE1,DEMCOMHEEL,2057,67.0884
RE1,DEMCOMHEEL,2058,67.6165
RE1,DEMCOMHEEL,2059,68.1488
RE1,DEMCOMHEEL,2060,68.6853
RE1,DEMCOMHEEL,2061,69.226
RE1,DEMCOMHEEL,2062,69.7709
RE1,DEMCOMHEEL,2063,70.3201
RE1,DEMCOMHEEL,2064,70.8737
RE1,DEMCOMHEEL,2065,71.4316
RE1,DEMCOMHEEL,2066,71.9939
RE1,DEMCOMHEEL,2067,72.5606
RE1,DEMCOMHEEL,2068,72.1584
RE1,DEMCOMHEEL,2069,72.7341
RE1,DEMCOMHEEL,2070,74.2877
RE1,DEMINDHECOA,2015,639.928
RE1,DEMINDHECOA,2016,573.8878
RE1,DEMINDHECOA,2017,583.8262
RE1,DEMINDHECOA,2018,600.3722
RE1,DEMINDHECOA,2019,613.848
RE1,DEMINDHECOA,2020,627.3034
RE1,DEMINDHECOA,2021,636.6397
RE1,DEMINDHECOA,2022,645.9621
RE1,DEMINDHECOA,2023,655.2714
RE1,DEMINDHECOA,2024,664.5683
RE1,DEMINDHECOA,2025,673.8536
RE1,DEMINDHECOA,2026,684.1048
RE1,DEMINDHECOA,2027,694.343
RE1,DEMINDHECOA,2028,704.5689
RE1,DEMINDHECOA,2029,704.5689
RE1,DEMINDHECOA,2030,64.6409
RE1,DEMINDHECOA,2031,64.6409
RE1,DEMINDHECOA,2032,64.6409
RE1,DEMINDHECOA,2033,64.6409
RE1,DEMINDHECOA,2034,64.6409
RE1,DEMINDHECOA,2035,64.6409
RE1,DEMINDHECOA,2036,64.6409
RE1,DEMINDHECOA,2037,58.6068
RE1,DEMINDHECOA,2038,49.2975
RE1,DEMINDHECOA,2039,40.0006
