r,t,y,TotalCapacityAnnual
RE1,MINOIL,2023,2141.6499
RE1,MINBIO,2015,1083.1531
RE1,MINBIO,2016,1039.3006
RE1,MINBIO,2017,1077.9026
RE1,MINBIO,2018,1116.6381
RE1,MINBIO,2019,1137.3915
RE1,MINBIO,2020,1170.5173
RE1,MINBIO,2021,1197.7543
RE1,MINBIO,2022,1212.6691
RE1,MINBIO,2023,1227.5592
RE1,MINBIO,2024,970.0932
RE1,MINBIO,2025,980.4769
RE1,MINBIO,2026,991.9534
RE1,MINBIO,2027,1003.415
RE1,MINBIO,2028,1014.8628
RE1,MINBIO,2029,1026.2974
RE1,MINBIO,2030,1037.7195
RE1,MINBIO,2031,876.0543
RE1,MINBIO,2032,886.2781
RE1,MINBIO,2033,896.4828
RE1,MINBIO,2034,906.6696
RE1,MINBIO,2035,902.945
RE1,MINBIO,2036,900.0939
RE1,MINBIO,2037,892.3415
RE1,MINBIO,2038,881.9306
RE1,MINBIO,2039,871.5337
RE1,MINBIO,2040,760.6672
RE1,MINBIO,2041,817.0715
RE1,MINBIO,2042,838.2119
RE1,MINBIO,2043,826.7642
RE1,MINBIO,2044,815.3296
RE1,MINBIO,2045,135.1318
RE1,MINBIO,2046,97.9886
RE1,MINBIO,2047,62.08
RE1,MINBIO,2048,38.544
RE1,MINBIO,2049,24.7069
RE1,MINBIO,2050,12.2957
RE1,MINBIO,2068,69.6342
RE1,MINBIO,2069,172.9362
RE1,MINCOA,2015,1201.8754
RE1,MINCOA,2016,1120.3443
RE1,MINCOA,2017,1132.6138
RE1,MINCOA,2018,1566.9786
RE1,MINCOA,2019,1583.6154
RE1,MINCOA,2020,1600.227
RE1,MINCOA,2021,1611.7533
RE1,MINCOA,2022,1623.2624
RE1,MINCOA,2023,1634.7554
RE1,MINCOA,2024,1646.233
RE1,MINCOA,2025,1463.0699
RE1,MINCOA,2026,1482.4043
RE1,MINCOA,2027,1495.044
RE1,MINCOA,2028,1507.6687
RE1,MINCOA,2029,1481.9824
RE1,MINCOA,2030,691.9478
RE1,MINCOA,2031,650.7559
RE1,MINCOA,2032,650.7559
RE1,MINCOA,2033,650.7559
RE1,MINCOA,2034,650.7559
RE1,MINCOA,2035,650.7559
RE1,MINCOA,2036,650.7559
RE1,MINCOA,2037,537.9773
RE1,MINCOA,2038,526.4844
RE1,MINCOA,2039,515.0067
RE1,MINCOA,2040,465.6232
RE1,MINCOA,2041,465.6232
RE1,MINCOA,2042,413.9376
RE1,MINCOA,2043,413.9376
RE1,MINCOA,2044,413.9376
RE1,MINCOA,2045,413.9376
RE1,MINCOA,2046,413.9376
RE1,MINCOA,2047,413.9376
RE1,MINCOA,2048,413.9376
RE1,MINCOA,2049,413.9376
RE1,MINCOA,2050,413.9376
RE1,MINCOA,2051,413.9376
RE1,MINCOA,2052,413.9376
RE1,MINCOA,2053,413.9376
RE1,MINCOA,2054,413.9376
RE1,MINCOA,2055,413.9376
RE1,MINCOA,2056,413.9376
RE1,MINCOA,2057,413.9376
RE1,MINCOA,2058,413.9376
RE1,MINCOA,2059,413.9376
RE1,MINCOA,2060,413.9376
RE1,MINCOA,2061,413.9376
RE1,MINCOA,2062,413.9376
RE1,MINCOA,2063,413.9376
RE1,MINCOA,2064,413.9376
RE1,MINCOA,2065,413.9376
RE1,MINCOA,2066,413.9376
RE1,MINCOA,2067,413.9376
RE1,MINCOA,2068,413.9376
RE1,MINCOA,2069,413.9376
RE1,IMPLFO,2015,5550.7897
RE1,IMPLFO,2016,5742.9384
RE1,IMPLFO,2017,5873.1206
RE1,IMPLFO,2018,6018.0952
RE1,IMPLFO,2019,6157.2479
RE1,IMPLFO,2020,6296.3538
RE1,IMPLFO,2021,6407.281
RE1,IMPLFO,2022,6518.1763
RE1,IMPLFO,2023,4712.0633
RE1,IMPLFO,2024,5072.582
RE1,IMPLFO,2025,5155.3181
RE1,IMPLFO,2026,5247.4691
RE1,IMPLFO,2027,5339.6049
RE1,IMPLFO,2028,5431.7261
RE1,IMPLFO,2029,5523.8336
RE1,IMPLFO,2030,5615.9282
RE1,IMPLFO,2031,5692.1347
RE1,IMPLFO,2032,5768.3203
RE1,IMPLFO,2033,5844.4861
RE1,IMPLFO,2034,5920.6331
RE1,IMPLFO,2035,5996.7624
RE1,IMPLFO,2036,6066.1645
RE1,IMPLFO,2037,6135.5564
RE1,IMPLFO,2038,6204.9387
RE1,IMPLFO,2039,6274.3116
RE1,IMPLFO,2040,6343.6755
RE1,IMPLFO,2041,6409.6778
RE1,IMPLFO,2042,6475.6735
RE1,IMPLFO,2043,6541.6628
RE1,IMPLFO,2044,6607.6459
RE1,IMPLFO,2045,6673.623
RE1,IMPLFO,2046,6725.2117
RE1,IMPLFO,2047,6776.7977
RE1,IMPLFO,2048,6828.3811
RE1,IMPLFO,2049,6849.4113
RE1,UPSREF001,2015,2876.6643
RE1,UPSREF001,2016,2876.6643
RE1,UPSREF001,2017,2876.6643
RE1,UPSREF001,2018,2876.6643
RE1,UPSREF001,2019,2876.6643
RE1,UPSREF001,2020,2876.6643
RE1,UPSREF001,2021,2876.6643
RE1,UPSREF001,2022,2876.6643
RE1,UPSREF001,2023,2876.6643
RE1,UPSREF001,2024,2876.6643
RE1,UPSREF001,2025,2876.6643
RE1,UPSREF001,2026,2876.6643
RE1,UPSREF001,2027,2876.6643
RE1,UPSREF001,2028,2876.6643
RE1,UPSREF001,2029,2876.6643
RE1,UPSREF001,2030,2876.6643
RE1,UPSREF001,2031,2876.6643
RE1,UPSREF001,2032,2876.6643
RE1,UPSREF001,2033,2876.6643
RE1,UPSREF001,2034,2876.6643
RE1,UPSREF001,2035,2876.6643
RE1,UPSREF001,2036,2876.6643
RE1,UPSREF001,2037,2876.6643
RE1,UPSREF001,2038,2876.6643
RE1,UPSREF001,2039,2876.6643
RE1,UPSREF001,2040,2876.6643
RE1,UPSREF001,2041,2876.6643
RE1,UPSREF001,2042,2876.6643
RE1,UPSREF001,2043,2876.6643
RE1,UPSREF001,2044,2876.6643
RE1,UPSREF001,2045,2876.6643
RE1,IMPNGS,2015,416.8286
RE1,IMPNGS,2028,446.0684
RE1,IMPNGS,2029,499.3384
RE1,IMPNGS,2030,537.5283
RE1,IMPNGS,2031,721.9228
RE1,IMPNGS,2032,765.589
RE1,IMPNGS,2033,809.2267
RE1,IMPNGS,2034,852.8359
RE1,IMPNGS,2035,896.4167
RE1,IMPNGS,2036,934.116
RE1,IMPNGS,2037,1026.2943
RE1,IMPNGS,2038,1061.1988
RE1,IMPNGS,2039,1096.0805
RE1,IMPNGS,2040,1130.9396
RE1,IMPNGS,2041,1165.0394
RE1,IMPNGS,2042,1227.2105
RE1,IMPNGS,2043,1261.266
RE1,IMPNGS,2044,1295.2994
RE1,IMPNGS,2045,1329.3106
RE1,IMPNGS,2046,1369.6927
RE1,IMPNGS,2047,1417.7239
RE1,IMPNGS,2048,1450.6116
RE1,IMPNGS,2049,1488.3719
RE1,IMPNGS,2050,3168.5301
RE1,IMPNGS,2051,3214.55
RE1,IMPNGS,2052,3252.4836
RE1,IMPNGS,2053,3290.7968
RE1,IMPNGS,2054,3329.4935
RE1,IMPNGS,2055,3368.5777
RE1,IMPNGS,2056,3408.0534
RE1,IMPNGS,2057,3447.9245
RE1,IMPNGS,2058,3488.1952
RE1,IMPNGS,2059,3545.1981
RE1,IMPNGS,2060,3568.1046
RE1,IMPNGS,2061,3611.4459
RE1,IMPNGS,2062,3653.3564
RE1,IMPNGS,2063,3695.6874
RE1,IMPNGS,2064,3748.3619
RE1,IMPNGS,2065,3791.5471
RE1,IMPNGS,2066,3835.1659
RE1,IMPNGS,2067,3879.223
RE1,IMPNGS,2068,3923.7227
RE1,IMPNGS,2069,3968.6697
RE1,MINNGS,2015,377.8348
RE1,MINNGS,2016,796.9507
RE1,MINNGS,2017,806.5935
RE1,MINNGS,2018,614.6363
RE1,MINNGS,2019,672.5961
RE1,MINNGS,2020,725.873
RE1,MINNGS,2021,763.3577
RE1,MINNGS,2022,810.4567
RE1,MINNGS,2023,846.9226
RE1,MINNGS,2024,335.9972
RE1,MINNGS,2025,335.9972
RE1,MINNGS,2026,369.6202
RE1,MINNGS,2027,407.8568
RE1,MINSOL,2015,19.2273
RE1,MINSOL,2016,33.282
RE1,MINSOL,2017,36.6855
RE1,MINSOL,2018,40.2789
RE1,MINSOL,2019,40.5636
RE1,MINSOL,2020,40.5636
RE1,MINSOL,2021,41.6077
RE1,MINSOL,2022,41.6077
RE1,MINSOL,2023,41.6077
RE1,MINSOL,2024,882.959
RE1,MINSOL,2025,882.959
RE1,MINSOL,2026,882.959
RE1,MINSOL,2027,882.959
RE1,MINSOL,2028,882.959
RE1,MINSOL,2029,882.959
RE1,MINSOL,2030,882.959
RE1,MINSOL,2031,882.959
RE1,MINSOL,2032,882.959
RE1,MINSOL,2033,882.959
RE1,MINSOL,2034,882.959
RE1,MINSOL,2035,863.7787
RE1,MINSOL,2036,849.724
RE1,MINSOL,2037,846.3205
RE1,MINSOL,2038,842.7271
RE1,MINSOL,2039,842.4424
RE1,MINSOL,2040,842.4424
RE1,MINSOL,2041,841.3983
RE1,MINSOL,2042,841.3983
RE1,MINSOL,2043,841.3983
RE1,MINSOL,2044,841.3512
RE1,MINSOL,2045,841.3512
RE1,MINSOL,2046,841.3512
RE1,MINSOL,2047,841.3512
RE1,MINSOL,2048,841.3512
RE1,MINSOL,2049,841.3512
RE1,MINSOL,2050,841.3512
RE1,MINSOL,2051,841.3512
RE1,MINSOL,2052,841.3512
RE1,MINSOL,2053,810.6823
RE1,MINWND,2015,1.5132
RE1,MINWND,2016,3.2785
RE1,MINWND,2017,4.061
RE1,MINWND,2018,7.1325
RE1,MINWND,2019,9.745
RE1,MINWND,2020,9.745
RE1,MINWND,2021,9.9907
RE1,MINWND,2022,9.9907
RE1,MINWND,2023,9.9907
RE1,MINWND,2024,9.9907
RE1,MINWND,2025,9.9907
RE1,MINWND,2026,9.9907
RE1,MINWND,2027,9.9907
RE1,MINWND,2028,9.9907
RE1,MINWND,2029,9.9907
RE1,MINWND,2030,9.9907
RE1,MINWND,2031,9.9907
RE1,MINWND,2032,9.9907
RE1,MINWND,2033,9.9907
RE1,MINWND,2034,9.9907
RE1,MINWND,2035,9.9907
RE1,MINWND,2036,8.2254
RE1,MINWND,2037,8.2254
RE1,MINWND,2038,8.2254
RE1,MINWND,2039,8.2254
RE1,MINWND,2040,8.2254
RE1,MINWND,2041,8.2254
RE1,MINWND,2042,8.2254
RE1,MINWND,2043,8.2254
RE1,MINWND,2044,8.2254
RE1,MINWND,2045,8.2254
RE1,MINWND,2046,8.2254
RE1,MINWND,2047,3.2785
RE1,MINWND,2048,2.5866
RE1,MINWND,2049,2.5866
RE1,MINWND,2070,2376.2544
RE1,MINGEO,2024,1.4486
RE1,MINGEO,2025,1.4486
RE1,MINGEO,2026,1.4486
RE1,MINGEO,2027,1.4486
RE1,MINGEO,2028,1.4486
RE1,MINGEO,2029,1.4486
RE1,MINGEO,2030,1.4486
RE1,MINGEO,2031,1.4486
RE1,MINGEO,2032,1.4486
RE1,MINGEO,2033,1.4486
RE1,MINGEO,2034,1.4486
RE1,MINGEO,2035,1.4486
RE1,MINGEO,2036,1.4486
RE1,MINGEO,2037,1.4486
RE1,MINGEO,2038,1.4486
RE1,MINGEO,2039,1.4486
RE1,MINGEO,2040,1.4486
RE1,MINGEO,2041,1.4486
RE1,MINGEO,2042,1.4486
RE1,MINGEO,2043,1.4486
RE1,MINGEO,2044,1.4486
RE1,MINGEO,2045,1.4486
RE1,MINGEO,2046,1.4486
RE1,MINGEO,2047,1.4486
RE1,MINGEO,2048,1.4486
RE1,MINGEO,2049,1.4486
RE1,MINGEO,2050,1.4486
RE1,MINGEO,2051,1.4486
RE1,MINGEO,2052,1.4486
RE1,MINGEO,2053,1.4486
RE1,MINGEO,2054,1.4486
RE1,MINGEO,2055,1.4486
RE1,MINGEO,2056,1.4486
RE1,MINGEO,2057,1.4486
RE1,MINGEO,2058,1.4486
RE1,MINGEO,2059,1.4486
RE1,MINGEO,2060,1.4486
RE1,MINGEO,2061,1.4486
RE1,MINGEO,2062,1.4486
RE1,MINGEO,2063,1.4486
RE1,MINGEO,2064,1.4486
RE1,MINGEO,2065,1.4486
RE1,MINGEO,2066,1.4486
RE1,MINGEO,2067,1.4486
RE1,MINGEO,2068,1.4486
RE1,MINGEO,2069,1.4486
RE1,MINGEO,2070,1.4486
RE1,MINHYD,2015,51.7481
RE1,MINHYD,2016,51.7481
RE1,MINHYD,2017,51.7481
RE1,MINHYD,2018,51.7481
RE1,MINHYD,2019,51.7481
RE1,MINHYD,2020,51.7481
RE1,MINHYD,2021,51.7481
RE1,MINHYD,2022,51.7481
RE1,MINHYD,2023,51.7481
RE1,MINHYD,2024,71.6301
RE1,MINHYD,2025,71.6301
RE1,MINHYD,2026,71.6301
RE1,MINHYD,2027,71.6301
RE1,MINHYD,2028,71.6301
RE1,MINHYD,2029,71.6301
RE1,MINHYD,2030,71.6301
RE1,MINHYD,2031,71.6301
RE1,MINHYD,2032,71.6301
RE1,MINHYD,2033,71.6301
RE1,MINHYD,2034,71.6301
RE1,MINHYD,2035,71.6301
RE1,MINHYD,2036,71.6301
RE1,MINHYD,2037,71.6301
RE1,MINHYD,2038,71.6301
RE1,MINHYD,2039,71.6301
RE1,MINHYD,2040,71.6301
RE1,MINHYD,2041,71.6301
RE1,MINHYD,2042,71.6301
RE1,MINHYD,2043,71.6301
RE1,MINHYD,2044,71.6301
RE1,MINHYD,2045,71.6301
RE1,MINHYD,2046,71.6301
RE1,MINHYD,2047,71.6301
RE1,MINHYD,2048,71.6301
RE1,MINHYD,2049,71.6301
RE1,MINHYD,2050,71.6301
RE1,MINHYD,2051,71.6301
RE1,MINHYD,2052,71.6301
RE1,MINHYD,2053,71.6301
RE1,MINHYD,2054,71.6301
RE1,MINHYD,2055,71.6301
RE1,MINHYD,2056,71.6301
RE1,MINHYD,2057,71.6301
RE1,MINHYD,2058,71.6301
RE1,MINHYD,2059,71.6301
RE1,MINHYD,2060,71.6301
RE1,MINHYD,2061,71.6301
RE1,MINHYD,2062,71.6301
RE1,MINHYD,2063,71.6301
RE1,MINHYD,2064,62.0649
RE1,MINHYD,2065,62.0649
RE1,MINHYD,2066,62.0649
RE1,MINHYD,2067,62.0649
RE1,MINHYD,2068,62.0649
RE1,MINHYD,2069,62.0649
RE1,MINHYD,2070,62.0649
RE1,PWRBIO001,2015,2.978
RE1,PWRBIO001,2016,3.404
RE1,PWRBIO001,2017,3.829
RE1,PWRBIO001,2018,4.04
RE1,PWRBIO001,2019,4.04
RE1,PWRBIO001,2020,4.255
RE1,PWRBIO001,2021,4.468
RE1,PWRBIO001,2022,4.468
RE1,PWRBIO001,2023,4.468
RE1,PWRBIO001,2024,4.468
RE1,PWRBIO001,2025,4.468
RE1,PWRBIO001,2026,4.468
RE1,PWRBIO001,2027,4.468
RE1,PWRBIO001,2028,4.468
RE1,PWRBIO001,2029,4.468
RE1,PWRBIO001,2030,4.468
RE1,PWRBIO001,2031,1.49
RE1,PWRBIO001,2032,1.49
RE1,PWRBIO001,2033,1.49
RE1,PWRBIO001,2034,1.49
RE1,PWRBIO001,2035,1.49
RE1,PWRBIO001,2036,1.49
RE1,PWRBIO001,2037,1.49
RE1,PWRBIO001,2038,1.49
RE1,PWRBIO001,2039,1.49
RE1,PWRBIO001,2040,1.49
RE1,PWRBIO001,2041,1.49
RE1,PWRBIO001,2042,1.49
RE1,PWRBIO001,2043,1.49
RE1,PWRBIO001,2044,1.49
RE1,PWRBIO001,2045,1.49
RE1,PWRBIO001,2046,1.064
RE1,PWRBIO001,2047,0.639
RE1,PWRBIO001,2048,0.428
RE1,PWRBIO001,2049,0.428
RE1,PWRBIO001,2050,0.213
RE1,PWRCOA001,2015,5.259
RE1,PWRCOA001,2016,5.259
RE1,PWRCOA001,2017,5.259
RE1,PWRCOA001,2018,10.5448
RE1,PWRCOA001,2019,10.5448
RE1,PWRCOA001,2020,10.5448
RE1,PWRCOA001,2021,10.5448
RE1,PWRCOA001,2022,10.5448
RE1,PWRCOA001,2023,10.5448
RE1,PWRCOA001,2024,10.5448
RE1,PWRCOA001,2025,8.1448
RE1,PWRCOA001,2026,8.1448
RE1,PWRCOA001,2027,8.1448
RE1,PWRCOA001,2028,8.1448
RE1,PWRCOA001,2029,7.8168
RE1,PWRCOA001,2030,7.8168
RE1,PWRCOA001,2031,7.2908
RE1,PWRCOA001,2032,7.2908
RE1,PWRCOA001,2033,7.2908
RE1,PWRCOA001,2034,7.2908
RE1,PWRCOA001,2035,7.2908
RE1,PWRCOA001,2036,7.2908
RE1,PWRCOA001,2037,5.9458
RE1,PWRCOA001,2038,5.9458
RE1,PWRCOA001,2039,5.9458
RE1,PWRCOA001,2040,5.9458
RE1,PWRCOA001,2041,5.9458
RE1,PWRCOA001,2042,5.2858
RE1,PWRCOA001,2043,5.2858
RE1,PWRCOA001,2044,5.2858
RE1,PWRCOA001,2045,5.2858
RE1,PWRCOA001,2046,5.2858
RE1,PWRCOA001,2047,5.2858
RE1,PWRCOA001,2048,5.2858
RE1,PWRCOA001,2049,5.2858
RE1,PWRCOA001,2050,5.2858
RE1,PWRCOA001,2051,5.2858
RE1,PWRCOA001,2052,5.2858
RE1,PWRCOA001,2053,5.2858
RE1,PWRCOA001,2054,5.2858
RE1,PWRCOA001,2055,5.2858
RE1,PWRCOA001,2056,5.2858
RE1,PWRCOA001,2057,5.2858
RE1,PWRCOA001,2058,5.2858
RE1,PWRCOA001,2059,5.2858
RE1,PWRCOA001,2060,5.2858
RE1,PWRCOA001,2061,5.2858
RE1,PWRCOA001,2062,5.2858
RE1,PWRCOA001,2063,5.2858
RE1,PWRCOA001,2064,5.2858
RE1,PWRCOA001,2065,5.2858
RE1,PWRCOA001,2066,5.2858
RE1,PWRCOA001,2067,5.2858
RE1,PWRCOA001,2068,5.2858
RE1,PWRCOA001,2069,5.2858
RE1,PWRCOA001,2070,5.2858
RE1,PWRGEO,2024,0.0066
RE1,PWRGEO,2025,0.0066
RE1,PWRGEO,2026,0.0066
RE1,PWRGEO,2027,0.0066
RE1,PWRGEO,2028,0.0066
RE1,PWRGEO,2029,0.0066
RE1,PWRGEO,2030,0.0066
RE1,PWRGEO,2031,0.0066
RE1,PWRGEO,2032,0.0066
RE1,PWRGEO,2033,0.0066
RE1,PWRGEO,2034,0.0066
RE1,PWRGEO,2035,0.0066
RE1,PWRGEO,2036,0.0066
RE1,PWRGEO,2037,0.0066
RE1,PWRGEO,2038,0.0066
RE1,PWRGEO,2039,0.0066
RE1,PWRGEO,2040,0.0066
RE1,PWRGEO,2041,0.0066
RE1,PWRGEO,2042,0.0066
RE1,PWRGEO,2043,0.0066
RE1,PWRGEO,2044,0.0066
RE1,PWRGEO,2045,0.0066
RE1,PWRGEO,2046,0.0066
RE1,PWRGEO,2047,0.0066
RE1,PWRGEO,2048,0.0066
RE1,PWRGEO,2049,0.0066
RE1,PWRGEO,2050,0.0066
RE1,PWRGEO,2051,0.0066
RE1,PWRGEO,2052,0.0066
RE1,PWRGEO,2053,0.0066
RE1,PWRGEO,2054,0.0066
RE1,PWRGEO,2055,0.0066
RE1,PWRGEO,2056,0.0066
RE1,PWRGEO,2057,0.0066
RE1,PWRGEO,2058,0.0066
RE1,PWRGEO,2059,0.0066
RE1,PWRGEO,2060,0.0066
RE1,PWRGEO,2061,0.0066
RE1,PWRGEO,2062,0.0066
RE1,PWRGEO,2063,0.0066
RE1,PWRGEO,2064,0.0066
RE1,PWRGEO,2065,0.0066
RE1,PWRGEO,2066,0.0066
RE1,PWRGEO,2067,0.0066
RE1,PWRGEO,2068,0.0066
RE1,PWRGEO,2069,0.0066
RE1,PWRGEO,2070,0.0066
RE1,PWRNGS001,2015,27.132
RE1,PWRNGS001,2016,27.132
RE1,PWRNGS001,2017,27.132
RE1,PWRNGS001,2018,27.132
RE1,PWRNGS001,2019,27.132
RE1,PWRNGS001,2020,27.132
RE1,PWRNGS001,2021,27.132
RE1,PWRNGS001,2022,27.132
RE1,PWRNGS001,2023,27.132
RE1,PWRNGS001,2024,10.764
RE1,PWRNGS001,2025,10.764
RE1,PWRNGS001,2026,11.8411
RE1,PWRNGS001,2027,13.0661
RE1,PWRNGS001,2028,14.2902
RE1,PWRNGS001,2029,15.9968
RE1,PWRNGS001,2030,17.2202
RE1,PWRNGS001,2031,23.1275
RE1,PWRNGS001,2032,24.5264
RE1,PWRNGS001,2033,25.9244
RE1,PWRNGS001,2034,27.3214
RE1,PWRNGS001,2035,28.7176
RE1,PWRNGS001,2036,29.9253
RE1,PWRNGS001,2037,32.8783
RE1,PWRNGS001,2038,33.9965
RE1,PWRNGS001,2039,35.114
RE1,PWRNGS001,2040,36.2308
RE1,PWRNGS001,2041,37.3232
RE1,PWRNGS001,2042,39.3149
RE1,PWRNGS001,2043,40.4059
RE1,PWRNGS001,2044,41.4962
RE1,PWRNGS001,2045,42.5858
RE1,PWRNGS001,2046,43.8795
RE1,PWRNGS001,2047,45.4182
RE1,PWRNGS001,2048,46.4718
RE1,PWRNGS001,2049,47.6815
RE1,PWRNGS001,2050,101.507
RE1,PWRNGS001,2051,102.9813
RE1,PWRNGS001,2052,104.1965
RE1,PWRNGS001,2053,105.4239
RE1,PWRNGS001,2054,106.6636
RE1,PWRNGS001,2055,107.9157
RE1,PWRNGS001,2056,109.1804
RE1,PWRNGS001,2057,110.4577
RE1,PWRNGS001,2058,111.7478
RE1,PWRNGS001,2059,113.5739
RE1,PWRNGS001,2060,114.3078
RE1,PWRNGS001,2061,115.6962
RE1,PWRNGS001,2062,117.0389
RE1,PWRNGS001,2063,118.395
RE1,PWRNGS001,2064,120.0825
RE1,PWRNGS001,2065,121.4659
RE1,PWRNGS001,2066,122.8633
RE1,PWRNGS001,2067,124.2747
RE1,PWRNGS001,2068,125.7003
RE1,PWRNGS001,2069,127.1402
RE1,PWRNGS001,2070,125.3195
RE1,PWRSOL001,2015,1.4145
RE1,PWRSOL001,2016,2.451
RE1,PWRSOL001,2017,2.702
RE1,PWRSOL001,2018,2.967
RE1,PWRSOL001,2019,2.988
RE1,PWRSOL001,2020,2.988
RE1,PWRSOL001,2021,3.065
RE1,PWRSOL001,2022,3.065
RE1,PWRSOL001,2023,3.065
RE1,PWRSOL001,2024,65.1126
RE1,PWRSOL001,2025,65.1126
RE1,PWRSOL001,2026,65.1126
RE1,PWRSOL001,2027,65.1126
RE1,PWRSOL001,2028,65.1126
RE1,PWRSOL001,2029,65.1126
RE1,PWRSOL001,2030,65.1126
RE1,PWRSOL001,2031,65.1126
RE1,PWRSOL001,2032,65.1126
RE1,PWRSOL001,2033,65.1126
RE1,PWRSOL001,2034,65.1126
RE1,PWRSOL001,2035,63.6981
RE1,PWRSOL001,2036,62.6616
RE1,PWRSOL001,2037,62.4106
RE1,PWRSOL001,2038,62.1456
RE1,PWRSOL001,2039,62.1246
RE1,PWRSOL001,2040,62.1246
RE1,PWRSOL001,2041,62.0476
RE1,PWRSOL001,2042,62.0476
RE1,PWRSOL001,2043,62.0476
RE1,PWRSOL001,2044,62.0476
RE1,PWRSOL001,2045,62.0476
RE1,PWRSOL001,2046,62.0476
RE1,PWRSOL001,2047,62.0476
RE1,PWRSOL001,2048,62.0476
RE1,PWRSOL001,2049,62.0476
RE1,PWRSOL001,2050,62.0476
RE1,PWRSOL001,2051,62.0476
RE1,PWRSOL001,2052,62.0476
RE1,PWRSOL001,2053,62.0476
RE1,PWRCSP002,2015,0.005
RE1,PWRCSP002,2016,0.005
RE1,PWRCSP002,2017,0.005
RE1,PWRCSP002,2018,0.005
RE1,PWRCSP002,2019,0.005
RE1,PWRCSP002,2020,0.005
RE1,PWRCSP002,2021,0.005
RE1,PWRCSP002,2022,0.005
RE1,PWRCSP002,2023,0.005
RE1,PWRCSP002,2024,0.005
RE1,PWRCSP002,2025,0.005
RE1,PWRCSP002,2026,0.005
RE1,PWRCSP002,2027,0.005
RE1,PWRCSP002,2028,0.005
RE1,PWRCSP002,2029,0.005
RE1,PWRCSP002,2030,0.005
RE1,PWRCSP002,2031,0.005
RE1,PWRCSP002,2032,0.005
RE1,PWRCSP002,2033,0.005
RE1,PWRCSP002,2034,0.005
RE1,PWRCSP002,2035,0.005
RE1,PWRCSP002,2036,0.005
RE1,PWRCSP002,2037,0.005
RE1,PWRCSP002,2038,0.005
RE1,PWRCSP002,2039,0.005
RE1,PWRCSP002,2040,0.005
RE1,PWRCSP002,2041,0.005
RE1,PWRCSP002,2042,0.005
RE1,PWRCSP002,2043,0.005
RE1,PWRHYD001,2015,3.639
RE1,PWRHYD001,2016,3.639
RE1,PWRHYD001,2017,3.639
RE1,PWRHYD001,2018,3.639
RE1,PWRHYD001,2019,3.639
RE1,PWRHYD001,2020,3.639
RE1,PWRHYD001,2021,3.639
RE1,PWRHYD001,2022,3.639
RE1,PWRHYD001,2023,3.639
RE1,PWRHYD001,2024,4.3645
RE1,PWRHYD001,2025,4.3645
RE1,PWRHYD001,2026,4.3645
RE1,PWRHYD001,2027,4.3645
RE1,PWRHYD001,2028,4.3645
RE1,PWRHYD001,2029,4.3645
RE1,PWRHYD001,2030,4.3645
RE1,PWRHYD001,2031,4.3645
RE1,PWRHYD001,2032,4.3645
RE1,PWRHYD001,2033,4.3645
RE1,PWRHYD001,2034,4.3645
RE1,PWRHYD001,2035,4.3645
RE1,PWRHYD001,2036,4.3645
RE1,PWRHYD001,2037,4.3645
RE1,PWRHYD001,2038,4.3645
RE1,PWRHYD001,2039,4.3645
RE1,PWRHYD001,2040,4.3645
RE1,PWRHYD001,2041,4.3645
RE1,PWRHYD001,2042,4.3645
RE1,PWRHYD001,2043,4.3645
RE1,PWRHYD001,2044,4.3645
RE1,PWRHYD001,2045,4.3645
RE1,PWRHYD001,2046,4.3645
RE1,PWRHYD001,2047,4.3645
RE1,PWRHYD001,2048,4.3645
RE1,PWRHYD001,2049,4.3645
RE1,PWRHYD001,2050,4.3645
RE1,PWRHYD001,2051,4.3645
RE1,PWRHYD001,2052,4.3645
RE1,PWRHYD001,2053,4.3645
RE1,PWRHYD001,2054,4.3645
RE1,PWRHYD001,2055,4.3645
RE1,PWRHYD001,2056,4.3645
RE1,PWRHYD001,2057,4.3645
RE1,PWRHYD001,2058,4.3645
RE1,PWRHYD001,2059,4.3645
RE1,PWRHYD001,2060,4.3645
RE1,PWRHYD001,2061,4.3645
RE1,PWRHYD001,2062,4.3645
RE1,PWRHYD001,2063,4.3645
RE1,PWRHYD001,2064,4.3645
RE1,PWRHYD001,2065,4.3645
RE1,PWRHYD001,2066,4.3645
RE1,PWRHYD001,2067,4.3645
RE1,PWRHYD001,2068,4.3645
RE1,PWRHYD001,2069,4.3645
RE1,PWRHYD001,2070,4.3645
RE1,PWRHYD002,2015,0.148
RE1,PWRHYD002,2016,0.148
RE1,PWRHYD002,2017,0.148
RE1,PWRHYD002,2018,0.148
RE1,PWRHYD002,2019,0.148
RE1,PWRHYD002,2020,0.148
RE1,PWRHYD002,2021,0.148
RE1,PWRHYD002,2022,0.148
RE1,PWRHYD002,2023,0.148
RE1,PWRHYD002,2024,0.1775
RE1,PWRHYD002,2025,0.1775
RE1,PWRHYD002,2026,0.1775
RE1,PWRHYD002,2027,0.1775
RE1,PWRHYD002,2028,0.1775
RE1,PWRHYD002,2029,0.1775
RE1,PWRHYD002,2030,0.1775
RE1,PWRHYD002,2031,0.1775
RE1,PWRHYD002,2032,0.1775
RE1,PWRHYD002,2033,0.1775
RE1,PWRHYD002,2034,0.1775
RE1,PWRHYD002,2035,0.1775
RE1,PWRHYD002,2036,0.1775
RE1,PWRHYD002,2037,0.1775
RE1,PWRHYD002,2038,0.1775
RE1,PWRHYD002,2039,0.1775
RE1,PWRHYD002,2040,0.1775
RE1,PWRHYD002,2041,0.1775
RE1,PWRHYD002,2042,0.1775
RE1,PWRHYD002,2043,0.1775
RE1,PWRHYD002,2044,0.1775
RE1,PWRHYD002,2045,0.1775
RE1,PWRHYD002,2046,0.1775
RE1,PWRHYD002,2047,0.1775
RE1,PWRHYD002,2048,0.1775
RE1,PWRHYD002,2049,0.1775
RE1,PWRHYD002,2050,0.1775
RE1,PWRHYD002,2051,0.1775
RE1,PWRHYD002,2052,0.1775
RE1,PWRHYD002,2053,0.1775
RE1,PWRHYD002,2054,0.1775
RE1,PWRHYD002,2055,0.1775
RE1,PWRHYD002,2056,0.1775
RE1,PWRHYD002,2057,0.1775
RE1,PWRHYD002,2058,0.1775
RE1,PWRHYD002,2059,0.1775
RE1,PWRHYD002,2060,0.1775
RE1,PWRHYD002,2061,0.1775
RE1,PWRHYD002,2062,0.1775
RE1,PWRHYD002,2063,0.1775
RE1,PWRHYD002,2064,0.1775
RE1,PWRHYD002,2065,0.1775
RE1,PWRHYD002,2066,0.1775
RE1,PWRHYD002,2067,0.1775
RE1,PWRHYD002,2068,0.1775
RE1,PWRHYD002,2069,0.1775
RE1,PWRHYD002,2070,0.1775
RE1,PWRHYD003,2024,0.63
RE1,PWRHYD003,2025,0.63
RE1,PWRHYD003,2026,0.63
RE1,PWRHYD003,2027,0.63
RE1,PWRHYD003,2028,0.63
RE1,PWRHYD003,2029,0.63
RE1,PWRHYD003,2030,0.63
RE1,PWRHYD003,2031,0.63
RE1,PWRHYD003,2032,0.63
RE1,PWRHYD003,2033,0.63
RE1,PWRHYD003,2034,0.63
RE1,PWRHYD003,2035,0.63
RE1,PWRHYD003,2036,0.63
RE1,PWRHYD003,2037,0.63
RE1,PWRHYD003,2038,0.63
RE1,PWRHYD003,2039,0.63
RE1,PWRHYD003,2040,0.63
RE1,PWRHYD003,2041,0.63
RE1,PWRHYD003,2042,0.63
RE1,PWRHYD003,2043,0.63
RE1,PWRHYD003,2044,0.63
RE1,PWRHYD003,2045,0.63
RE1,PWRHYD003,2046,0.63
RE1,PWRHYD003,2047,0.63
RE1,PWRHYD003,2048,0.63
RE1,PWRHYD003,2049,0.63
RE1,PWRHYD003,2050,0.63
RE1,PWRHYD003,2051,0.63
RE1,PWRHYD003,2052,0.63
RE1,PWRHYD003,2053,0.63
RE1,PWRHYD003,2054,0.63
RE1,PWRHYD003,2055,0.63
RE1,PWRHYD003,2056,0.63
RE1,PWRHYD003,2057,0.63
RE1,PWRHYD003,2058,0.63
RE1,PWRHYD003,2059,0.63
RE1,PWRHYD003,2060,0.63
RE1,PWRHYD003,2061,0.63
RE1,PWRHYD003,2062,0.63
RE1,PWRHYD003,2063,0.63
RE1,PWRWND001,2015,0.234
RE1,PWRWND001,2016,0.507
RE1,PWRWND001,2017,0.628
RE1,PWRWND001,2018,1.103
RE1,PWRWND001,2019,1.507
RE1,PWRWND001,2020,1.507
RE1,PWRWND001,2021,1.545
RE1,PWRWND001,2022,1.545
RE1,PWRWND001,2023,1.545
RE1,PWRWND001,2024,1.545
RE1,PWRWND001,2025,1.545
RE1,PWRWND001,2026,1.545
RE1,PWRWND001,2027,1.545
RE1,PWRWND001,2028,1.545
RE1,PWRWND001,2029,1.545
RE1,PWRWND001,2030,1.545
RE1,PWRWND001,2031,1.545
RE1,PWRWND001,2032,1.545
RE1,PWRWND001,2033,1.545
RE1,PWRWND001,2034,1.545
RE1,PWRWND001,2035,1.545
RE1,PWRWND001,2036,1.272
RE1,PWRWND001,2037,1.272
RE1,PWRWND001,2038,1.272
RE1,PWRWND001,2039,1.272
RE1,PWRWND001,2040,1.272
RE1,PWRWND001,2041,1.272
RE1,PWRWND001,2042,1.272
RE1,PWRWND001,2043,1.272
RE1,PWRWND001,2044,1.272
RE1,PWRWND001,2045,1.272
RE1,PWRWND001,2046,1.272
RE1,PWRWND001,2047,0.507
RE1,PWRWND001,2048,0.4
RE1,PWRWND001,2049,0.4
RE1,PWRWND001,2070,75.7831
RE1,PWRSOL001S,2024,68.9226
RE1,PWRSOL001S,2025,94.5152
RE1,PWRSOL001S,2026,97.8663
RE1,PWRSOL001S,2027,101.3472
RE1,PWRSOL001S,2028,104.8881
RE1,PWRSOL001S,2029,110.2494
RE1,PWRSOL001S,2030,213.7112
RE1,PWRSOL001S,2031,218.5491
RE1,PWRSOL001S,2032,223.3792
RE1,PWRSOL001S,2033,228.2018
RE1,PWRSOL001S,2034,233.0171
RE1,PWRSOL001S,2035,240.756
RE1,PWRSOL001S,2036,247.2779
RE1,PWRSOL001S,2037,254.5295
RE1,PWRSOL001S,2038,262.6071
RE1,PWRSOL001S,2039,270.4637
RE1,PWRSOL001S,2040,289.1264
RE1,PWRSOL001S,2041,291.2217
RE1,PWRSOL001S,2042,296.1007
RE1,PWRSOL001S,2043,302.6481
RE1,PWRSOL001S,2044,309.1914
RE1,PWRSOL001S,2045,398.1562
RE1,PWRSOL001S,2046,403.4632
RE1,PWRSOL001S,2047,408.9155
RE1,PWRSOL001S,2048,414.1078
RE1,PWRSOL001S,2049,420.2194
RE1,PWRSOL001S,2050,651.4895
RE1,PWRSOL001S,2051,657.2301
RE1,PWRSOL001S,2052,663.0192
RE1,PWRSOL001S,2053,669.4063
RE1,PWRSOL001S,2054,727.9281
RE1,PWRSOL001S,2055,733.8651
RE1,PWRSOL001S,2056,739.8522
RE1,PWRSOL001S,2057,745.8899
RE1,PWRSOL001S,2058,751.9787
RE1,PWRSOL001S,2059,759.4183
RE1,PWRSOL001S,2060,764.0808
RE1,PWRSOL001S,2061,770.5558
RE1,PWRSOL001S,2062,776.8532
RE1,PWRSOL001S,2063,783.2039
RE1,PWRSOL001S,2064,790.0642
RE1,PWRSOL001S,2065,796.523
RE1,PWRSOL001S,2066,803.0365
RE1,PWRSOL001S,2067,811.9921
RE1,PWRSOL001S,2068,809.4852
RE1,PWRSOL001S,2069,801.6286
RE1,PWRSOL001S,2070,782.9659
RE1,PWRTRNIMP,2015,3.135
RE1,PWRTRNIMP,2016,3.7339
RE1,PWRTRNIMP,2017,4.3449
RE1,PWRTRNIMP,2018,4.6598
RE1,PWRTRNIMP,2019,4.7646
RE1,PWRTRNIMP,2020,4.8461
RE1,PWRTRNIMP,2021,4.8953
RE1,PWRTRNIMP,2022,4.9576
RE1,PWRTRNIMP,2023,5.0199
RE1,PWRTRNIMP,2024,7.3479
RE1,PWRTRNIMP,2025,8.4806
RE1,PWRTRNIMP,2026,8.5179
RE1,PWRTRNIMP,2027,8.5374
RE1,PWRTRNIMP,2028,8.5569
RE1,PWRTRNIMP,2029,8.5566
RE1,PWRTRNIMP,2030,8.5755
RE1,PWRTRNIMP,2031,8.5972
RE1,PWRTRNIMP,2032,8.6189
RE1,PWRTRNIMP,2033,8.6406
RE1,PWRTRNIMP,2034,8.6623
RE1,PWRTRNIMP,2035,8.6839
RE1,PWRTRNIMP,2036,8.7022
RE1,PWRTRNIMP,2037,8.7195
RE1,PWRTRNIMP,2038,8.7368
RE1,PWRTRNIMP,2039,8.7542
RE1,PWRTRNIMP,2040,8.7715
RE1,PWRTRNIMP,2041,8.7884
RE1,PWRTRNIMP,2042,8.8053
RE1,PWRTRNIMP,2043,8.8223
RE1,PWRTRNIMP,2044,8.8392
RE1,PWRTRNIMP,2045,8.8561
RE1,PWRTRNIMP,2046,8.8677
RE1,PWRTRNIMP,2047,8.8818
RE1,PWRTRNIMP,2048,8.8938
RE1,PWRTRNIMP,2049,8.9054
RE1,PWRTRNIMP,2050,8.9183
RE1,PWRTRNIMP,2051,8.9307
RE1,PWRTRNIMP,2052,8.9432
RE1,PWRTRNIMP,2053,8.9559
RE1,PWRTRNIMP,2054,8.9687
RE1,PWRTRNIMP,2055,8.9816
RE1,PWRTRNIMP,2056,8.9947
RE1,PWRTRNIMP,2057,9.0079
RE1,PWRTRNIMP,2058,9.0213
RE1,PWRTRNIMP,2059,9.3226
RE1,PWRTRNIMP,2060,9.0811
RE1,PWRTRNIMP,2061,9.0624
RE1,PWRTRNIMP,2062,9.0764
RE1,PWRTRNIMP,2063,9.0905
RE1,PWRTRNIMP,2064,9.0431
RE1,PWRTRNIMP,2065,9.0575
RE1,PWRTRNIMP,2066,9.0722
RE1,PWRTRNIMP,2067,9.0869
RE1,PWRTRNIMP,2068,9.1019
RE1,PWRTRNIMP,2069,9.117
RE1,PWRTRNIMP,2070,9.5953
RE1,PWRTRN,2015,42.88
RE1,PWRTRN,2016,42.88
RE1,PWRTRN,2017,42.88
RE1,PWRTRN,2018,42.88
RE1,PWRTRN,2019,42.88
RE1,PWRTRN,2020,42.88
RE1,PWRTRN,2021,42.88
RE1,PWRTRN,2022,42.88
RE1,PWRTRN,2023,42.88
RE1,PWRTRN,2024,60.109
RE1,PWRTRN,2025,68.659
RE1,PWRTRN,2026,70.1081
RE1,PWRTRN,2027,71.6134
RE1,PWRTRN,2028,73.1447
RE1,PWRTRN,2029,75.4632
RE1,PWRTRN,2030,120.2048
RE1,PWRTRN,2031,122.2969
RE1,PWRTRN,2032,124.3857
RE1,PWRTRN,2033,126.4712
RE1,PWRTRN,2034,128.5536
RE1,PWRTRN,2035,131.2885
RE1,PWRTRN,2036,133.6165
RE1,PWRTRN,2037,136.6439
RE1,PWRTRN,2038,140.0224
RE1,PWRTRN,2039,143.4109
RE1,PWRTRN,2040,151.4815
RE1,PWRTRN,2041,152.3543
RE1,PWRTRN,2042,154.4642
RE1,PWRTRN,2043,157.2956
RE1,PWRTRN,2044,160.1237
RE1,PWRTRN,2045,198.5962
RE1,PWRTRN,2046,200.8912
RE1,PWRTRN,2047,203.1252
RE1,PWRTRN,2048,205.3533
RE1,PWRTRN,2049,207.9962
RE1,PWRTRN,2050,307.9433
RE1,PWRTRN,2051,310.4258
RE1,PWRTRN,2052,312.9293
RE1,PWRTRN,2053,314.7087
RE1,PWRTRN,2054,314.7087
RE1,PWRTRN,2055,317.2806
RE1,PWRTRN,2056,319.8743
RE1,PWRTRN,2057,322.4898
RE1,PWRTRN,2058,325.1276
RE1,PWRTRN,2059,328.4077
RE1,PWRTRN,2060,330.3705
RE1,PWRTRN,2061,333.1754
RE1,PWRTRN,2062,335.9036
RE1,PWRTRN,2063,338.6548
RE1,PWRTRN,2064,341.5848
RE1,PWRTRN,2065,344.383
RE1,PWRTRN,2066,347.2048
RE1,PWRTRN,2067,347.2048
RE1,PWRTRN,2068,347.2048
RE1,PWRTRN,2069,347.2048
RE1,PWRTRN,2070,347.2048
RE1,PWRDIST,2015,42.88
RE1,PWRDIST,2016,42.88
RE1,PWRDIST,2017,42.88
RE1,PWRDIST,2018,42.88
RE1,PWRDIST,2019,42.88
RE1,PWRDIST,2020,42.88
RE1,PWRDIST,2021,42.88
RE1,PWRDIST,2022,42.88
RE1,PWRDIST,2023,42.88
RE1,PWRDIST,2024,56.6217
RE1,PWRDIST,2025,64.6968
RE1,PWRDIST,2026,66.0839
RE1,PWRDIST,2027,67.5249
RE1,PWRDIST,2028,68.9913
RE1,PWRDIST,2029,71.2014
RE1,PWRDIST,2030,113.4533
RE1,PWRDIST,2031,115.4656
RE1,PWRDIST,2032,117.476
RE1,PWRDIST,2033,119.4847
RE1,PWRDIST,2034,121.4917
RE1,PWRDIST,2035,124.1169
RE1,PWRDIST,2036,126.3589
RE1,PWRDIST,2037,129.264
RE1,PWRDIST,2038,132.5032
RE1,PWRDIST,2039,135.7539
RE1,PWRDIST,2040,143.4404
RE1,PWRDIST,2041,144.3138
RE1,PWRDIST,2042,146.36
RE1,PWRDIST,2043,149.0913
RE1,PWRDIST,2044,151.8213
RE1,PWRDIST,2045,188.3602
RE1,PWRDIST,2046,190.5988
RE1,PWRDIST,2047,192.7811
RE1,PWRDIST,2048,194.959
RE1,PWRDIST,2049,197.5323
RE1,PWRDIST,2050,292.5461
RE1,PWRDIST,2051,294.9045
RE1,PWRDIST,2052,297.2828
RE1,PWRDIST,2053,298.9732
RE1,PWRDIST,2054,298.9732
RE1,PWRDIST,2055,301.4166
RE1,PWRDIST,2056,303.8805
RE1,PWRDIST,2057,306.3654
RE1,PWRDIST,2058,308.8712
RE1,PWRDIST,2059,311.9873
RE1,PWRDIST,2060,313.852
RE1,PWRDIST,2061,316.5166
RE1,PWRDIST,2062,319.1084
RE1,PWRDIST,2063,321.7221
RE1,PWRDIST,2064,324.5056
RE1,PWRDIST,2065,327.1638
RE1,PWRDIST,2066,329.8445
RE1,PWRDIST,2067,329.8445
RE1,PWRDIST,2068,329.8445
RE1,PWRDIST,2069,329.8445
RE1,PWRDIST,2070,329.8445
RE1,PWRHYD004,2024,0.07
RE1,PWRHYD004,2025,0.07
RE1,PWRHYD004,2026,0.07
RE1,PWRHYD004,2027,0.07
RE1,PWRHYD004,2028,0.07
RE1,PWRHYD004,2029,0.07
RE1,PWRHYD004,2030,0.07
RE1,PWRHYD004,2031,0.07
RE1,PWRHYD004,2032,0.07
RE1,PWRHYD004,2033,0.07
RE1,PWRHYD004,2034,0.07
RE1,PWRHYD004,2035,0.07
RE1,PWRHYD004,2036,0.07
RE1,PWRHYD004,2037,0.07
RE1,PWRHYD004,2038,0.07
RE1,PWRHYD004,2039,0.07
RE1,PWRHYD004,2040,0.07
RE1,PWRHYD004,2041,0.07
RE1,PWRHYD004,2042,0.07
RE1,PWRHYD004,2043,0.07
RE1,PWRHYD004,2044,0.07
RE1,PWRHYD004,2045,0.07
RE1,PWRHYD004,2046,0.07
RE1,PWRHYD004,2047,0.07
RE1,PWRHYD004,2048,0.07
RE1,PWRHYD004,2049,0.07
RE1,PWRHYD004,2050,0.07
RE1,PWRHYD004,2051,0.07
RE1,PWRHYD004,2052,0.07
RE1,PWRHYD004,2053,0.07
RE1,PWRHYD004,2054,0.07
RE1,PWRHYD004,2055,0.07
RE1,PWRHYD004,2056,0.07
RE1,PWRHYD004,2057,0.07
RE1,PWRHYD004,2058,0.07
RE1,PWRHYD004,2059,0.07
RE1,PWRHYD004,2060,0.07
RE1,PWRHYD004,2061,0.07
RE1,PWRHYD004,2062,0.07
RE1,PWRHYD004,2063,0.07
RE1,PWRTRNEXP,2015,0.277
RE1,PWRTRNEXP,2016,0.1731
RE1,PWRTRNEXP,2017,0.1385
RE1,PWRTRNEXP,2018,0.1385
RE1,PWRTRNEXP,2019,0.1385
RE1,PWRTRNEXP,2020,0.1385
RE1,PWRTRNEXP,2021,0.1385
RE1,PWRTRNEXP,2022,0.1385
RE1,PWRTRNEXP,2023,0.1385
RE1,PWRTRNEXP,2024,0.9695
RE1,PWRTRNEXP,2025,0.9695
RE1,PWRTRNEXP,2026,0.9695
RE1,PWRTRNEXP,2027,0.9695
RE1,PWRTRNEXP,2028,0.9695
RE1,PWRTRNEXP,2029,0.9695
RE1,PWRTRNEXP,2030,0.9695
RE1,PWRTRNEXP,2031,0.9695
RE1,PWRTRNEXP,2032,0.9695
RE1,PWRTRNEXP,2033,0.9695
RE1,PWRTRNEXP,2034,0.9695
RE1,PWRTRNEXP,2035,0.9695
RE1,PWRTRNEXP,2036,0.9695
RE1,PWRTRNEXP,2037,0.9695
RE1,PWRTRNEXP,2038,0.9695
RE1,PWRTRNEXP,2039,0.9695
RE1,PWRTRNEXP,2040,0.9695
RE1,PWRTRNEXP,2041,0.9695
RE1,PWRTRNEXP,2042,0.9695
RE1,PWRTRNEXP,2043,0.9695
RE1,PWRTRNEXP,2044,0.9695
RE1,PWRTRNEXP,2045,0.9695
RE1,PWRTRNEXP,2046,0.9695
RE1,PWRTRNEXP,2047,0.9695
RE1,PWRTRNEXP,2048,0.9695
RE1,PWRTRNEXP,2049,0.9695
RE1,PWRTRNEXP,2050,0.9695
RE1,PWRTRNEXP,2051,0.9695
RE1,PWRTRNEXP,2052,0.9695
RE1,PWRTRNEXP,2053,0.9695
RE1,PWRTRNEXP,2054,3.2521
RE1,PWRTRNEXP,2055,3.2791
RE1,PWRTRNEXP,2056,3.3064
RE1,PWRTRNEXP,2057,3.334
RE1,PWRTRNEXP,2058,3.362
RE1,PWRTRNEXP,2059,3.7392
RE1,PWRTRNEXP,2060,3.4187
RE1,PWRTRNEXP,2061,3.4476
RE1,PWRTRNEXP,2062,3.4768
RE1,PWRTRNEXP,2063,3.5063
RE1,PWRTRNEXP,2064,3.5362
RE1,PWRTRNEXP,2065,3.5663
RE1,PWRTRNEXP,2066,3.5968
RE1,PWRTRNEXP,2067,0.831
RE1,PWRTRNEXP,2068,0.831
RE1,PWRTRNEXP,2069,3.6904
RE1,PWRTRNEXP,2070,0.2564
RE1,DEMTRAEVC,2024,15.4418
RE1,DEMTRAEVC,2025,17.2896
RE1,DEMTRAEVC,2026,17.5744
RE1,DEMTRAEVC,2027,17.8575
RE1,DEMTRAEVC,2028,18.1613
RE1,DEMTRAEVC,2029,18.4693
RE1,DEMTRAEVC,2030,18.7772
RE1,DEMTRAEVC,2031,19.032
RE1,DEMTRAEVC,2032,19.2867
RE1,DEMTRAEVC,2033,19.5414
RE1,DEMTRAEVC,2034,20.2286
RE1,DEMTRAEVC,2035,20.6525
RE1,DEMTRAEVC,2036,20.8021
RE1,DEMTRAEVC,2037,20.9771
RE1,DEMTRAEVC,2038,21.1453
RE1,DEMTRAEVC,2039,21.3184
RE1,DEMTRAEVC,2040,21.6724
RE1,DEMTRAEVC,2041,21.6724
RE1,DEMTRAEVC,2042,21.8833
RE1,DEMTRAEVC,2043,22.0763
RE1,DEMTRAEVC,2044,22.2693
RE1,DEMTRAEVC,2045,22.3136
RE1,DEMTRAEVC,2046,22.4861
RE1,DEMTRAEVC,2047,22.6586
RE1,DEMTRAEVC,2048,22.8311
RE1,DEMTRAEVC,2049,23.2199
RE1,DEMTRAEVC,2050,98.0152
RE1,DEMTRAEVC,2051,98.7616
RE1,DEMTRAEVC,2052,99.5138
RE1,DEMTRAEVC,2053,100.2718
RE1,DEMTRAEVC,2054,101.0357
RE1,DEMTRAEVC,2055,101.8055
RE1,DEMTRAEVC,2056,102.5813
RE1,DEMTRAEVC,2057,103.363
RE1,DEMTRAEVC,2058,104.1508
RE1,DEMTRAEVC,2059,104.9447
RE1,DEMTRAEVC,2060,105.7447
RE1,DEMTRAEVC,2061,106.551
RE1,DEMTRAEVC,2062,107.3634
RE1,DEMTRAEVC,2063,108.1822
RE1,DEMTRAEVC,2064,109.0073
RE1,DEMTRAEVC,2065,109.8387
RE1,DEMTRAEVC,2066,111.8863
RE1,DEMTRAEVC,2067,113.2295
RE1,DEMTRAEVC,2068,113.2295
RE1,DEMTRAEVC,2069,113.2295
RE1,DEMTRAEVC,2070,114.0937
RE1,DEMTRAMCYELC,2024,13.9115
RE1,DEMTRAMCYELC,2025,15.5762
RE1,DEMTRAMCYELC,2026,15.8328
RE1,DEMTRAMCYELC,2027,16.0878
RE1,DEMTRAMCYELC,2028,16.3615
RE1,DEMTRAMCYELC,2029,16.639
RE1,DEMTRAMCYELC,2030,16.9164
RE1,DEMTRAMCYELC,2031,17.1459
RE1,DEMTRAMCYELC,2032,17.3754
RE1,DEMTRAMCYELC,2033,17.6048
RE1,DEMTRAMCYELC,2034,18.224
RE1,DEMTRAMCYELC,2035,18.6058
RE1,DEMTRAMCYELC,2036,18.7406
RE1,DEMTRAMCYELC,2037,18.8983
RE1,DEMTRAMCYELC,2038,19.0498
RE1,DEMTRAMCYELC,2039,19.2058
RE1,DEMTRAMCYELC,2040,19.5247
RE1,DEMTRAMCYELC,2041,19.5247
RE1,DEMTRAMCYELC,2042,19.7147
RE1,DEMTRAMCYELC,2043,19.8886
RE1,DEMTRAMCYELC,2044,20.0624
RE1,DEMTRAMCYELC,2045,20.1024
RE1,DEMTRAMCYELC,2046,20.2578
RE1,DEMTRAMCYELC,2047,20.4132
RE1,DEMTRAMCYELC,2048,20.5685
RE1,DEMTRAMCYELC,2049,20.7239
RE1,DEMTRAMCYELC,2050,20.8793
RE1,DEMTRAMCYELC,2051,21.0383
RE1,DEMTRAMCYELC,2052,21.1985
RE1,DEMTRAMCYELC,2053,21.36
RE1,DEMTRAMCYELC,2054,21.5227
RE1,DEMTRAMCYELC,2055,21.6867
RE1,DEMTRAMCYELC,2056,21.852
RE1,DEMTRAMCYELC,2057,22.0185
RE1,DEMTRAMCYELC,2058,22.1863
RE1,DEMTRAMCYELC,2059,22.3554
RE1,DEMTRAMCYELC,2060,22.5258
RE1,DEMTRAMCYELC,2061,22.6976
RE1,DEMTRAMCYELC,2062,22.8707
RE1,DEMTRAMCYELC,2063,23.0451
RE1,DEMTRAMCYELC,2064,23.2208
RE1,DEMTRAMCYELC,2065,23.3979
RE1,DEMTRAMCYELC,2066,23.6921
RE1,DEMTRAMCYELC,2067,24.3443
RE1,DEMTRAMCYELC,2068,24.1824
RE1,DEMTRAMCYELC,2069,24.1203
RE1,DEMTRAMCYELC,2070,24.3043
RE1,DEMTRACARELC,2049,0.1949
RE1,DEMTRACARELC,2050,44.8905
RE1,DEMTRACARELC,2051,45.2323
RE1,DEMTRACARELC,2052,45.5768
RE1,DEMTRACARELC,2053,45.924
RE1,DEMTRACARELC,2054,46.2739
RE1,DEMTRACARELC,2055,46.6264
RE1,DEMTRACARELC,2056,46.9817
RE1,DEMTRACARELC,2057,47.3397
RE1,DEMTRACARELC,2058,47.7005
RE1,DEMTRACARELC,2059,48.0641
RE1,DEMTRACARELC,2060,48.4305
RE1,DEMTRACARELC,2061,48.7998
RE1,DEMTRACARELC,2062,49.1719
RE1,DEMTRACARELC,2063,49.5469
RE1,DEMTRACARELC,2064,49.9248
RE1,DEMTRACARELC,2065,50.3056
RE1,DEMTRACARELC,2066,51.6635
RE1,DEMTRACARELC,2067,52.0272
RE1,DEMTRACARELC,2068,52.0272
RE1,DEMTRACARELC,2069,51.8585
RE1,DEMTRACARELC,2070,52.2543
RE1,DEMTRABUSELC,2050,22.5322
RE1,DEMTRABUSELC,2051,22.7038
RE1,DEMTRABUSELC,2052,22.8767
RE1,DEMTRABUSELC,2053,23.051
RE1,DEMTRABUSELC,2054,23.2266
RE1,DEMTRABUSELC,2055,23.4036
RE1,DEMTRABUSELC,2056,23.5819
RE1,DEMTRABUSELC,2057,23.7616
RE1,DEMTRABUSELC,2058,23.9427
RE1,DEMTRABUSELC,2059,24.1252
RE1,DEMTRABUSELC,2060,24.3091
RE1,DEMTRABUSELC,2061,24.4945
RE1,DEMTRABUSELC,2062,24.6812
RE1,DEMTRABUSELC,2063,24.8695
RE1,DEMTRABUSELC,2064,25.0591
RE1,DEMTRABUSELC,2065,25.2503
RE1,DEMTRABUSELC,2066,25.4429
RE1,DEMTRABUSELC,2067,25.637
RE1,DEMTRABUSELC,2068,25.8326
RE1,DEMTRABUSELC,2069,26.0298
RE1,DEMTRABUSELC,2070,26.2284
RE1,DEMTRAMCYGSL,2015,7.3231
RE1,DEMTRAMCYGSL,2016,7.6038
RE1,DEMTRAMCYGSL,2017,7.7786
RE1,DEMTRAMCYGSL,2018,7.9671
RE1,DEMTRAMCYGSL,2019,8.1493
RE1,DEMTRAMCYGSL,2020,8.3314
RE1,DEMTRAMCYGSL,2021,8.4769
RE1,DEMTRAMCYGSL,2022,8.6223
RE1,DEMTRAMCYGSL,2023,8.7678
RE1,DEMTRAMCYGSL,2024,8.7678
RE1,DEMTRAMCYGSL,2025,8.7678
RE1,DEMTRAMCYGSL,2026,8.7678
RE1,DEMTRAMCYGSL,2027,8.7678
RE1,DEMTRAMCYGSL,2028,8.7678
RE1,DEMTRAMCYGSL,2029,8.7678
RE1,DEMTRAMCYGSL,2030,1.4446
RE1,DEMTRAMCYGSL,2031,1.164
RE1,DEMTRAMCYGSL,2032,0.9891
RE1,DEMTRAMCYGSL,2033,0.8006
RE1,DEMTRAMCYGSL,2034,0.6185
RE1,DEMTRAMCYGSL,2035,0.4364
RE1,DEMTRAMCYGSL,2036,0.2909
RE1,DEMTRAMCYGSL,2037,0.1454
RE1,DEMTRACARGSL,2015,16.3992
RE1,DEMTRACARGSL,2016,20.868
RE1,DEMTRACARGSL,2017,20.868
RE1,DEMTRACARGSL,2018,20.868
RE1,DEMTRACARGSL,2019,20.868
RE1,DEMTRACARGSL,2020,20.868
RE1,DEMTRACARGSL,2021,20.868
RE1,DEMTRACARGSL,2022,20.868
RE1,DEMTRACARGSL,2023,20.868
RE1,DEMTRACARGSL,2024,20.868
RE1,DEMTRACARGSL,2025,20.868
RE1,DEMTRACARGSL,2026,20.868
RE1,DEMTRACARGSL,2027,20.868
RE1,DEMTRACARGSL,2028,20.868
RE1,DEMTRACARGSL,2029,20.868
RE1,DEMTRACARGSL,2030,46.6644
RE1,DEMTRACARGSL,2031,46.6644
RE1,DEMTRACARGSL,2032,46.6644
RE1,DEMTRACARGSL,2033,46.6644
RE1,DEMTRACARGSL,2034,46.6644
RE1,DEMTRACARGSL,2035,30.2652
RE1,DEMTRACARGSL,2036,25.7964
RE1,DEMTRACARGSL,2037,25.7964
RE1,DEMTRACARGSL,2038,25.7964
RE1,DEMTRACARGSL,2039,25.7964
RE1,DEMTRACARGSL,2040,25.7964
RE1,DEMTRACARGSL,2041,25.7964
RE1,DEMTRACARGSL,2042,25.7964
RE1,DEMTRACARGSL,2043,25.7964
RE1,DEMTRACARGSL,2044,25.7964
RE1,DEMTRACARGSL,2045,25.7964
RE1,DEMTRACARGSL,2046,25.7964
RE1,DEMTRACARGSL,2047,25.7964
RE1,DEMTRACARGSL,2048,25.7964
RE1,DEMTRACARGSL,2049,25.7964
RE1,DEMTRABUSGSL,2015,14.5944
RE1,DEMTRABUSGSL,2016,14.5944
RE1,DEMTRABUSGSL,2017,14.5944
RE1,DEMTRABUSGSL,2018,14.7392
RE1,DEMTRABUSGSL,2019,15.0762
RE1,DEMTRABUSGSL,2020,15.4131
RE1,DEMTRABUSGSL,2021,17.9562
RE1,DEMTRABUSGSL,2022,17.9562
RE1,DEMTRABUSGSL,2023,17.9562
RE1,DEMTRABUSGSL,2024,17.9562
RE1,DEMTRABUSGSL,2025,17.9562
RE1,DEMTRABUSGSL,2026,17.9562
RE1,DEMTRABUSGSL,2027,17.9562
RE1,DEMTRABUSGSL,2028,17.9562
RE1,DEMTRABUSGSL,2029,17.9562
RE1,DEMTRABUSGSL,2030,40.3208
RE1,DEMTRABUSGSL,2031,40.3208
RE1,DEMTRABUSGSL,2032,40.3208
RE1,DEMTRABUSGSL,2033,40.3208
RE1,DEMTRABUSGSL,2034,40.3208
RE1,DEMTRABUSGSL,2035,25.7263
RE1,DEMTRABUSGSL,2036,25.7263
RE1,DEMTRABUSGSL,2037,25.7263
RE1,DEMTRABUSGSL,2038,25.5816
RE1,DEMTRABUSGSL,2039,25.2446
RE1,DEMTRABUSGSL,2040,24.9077
RE1,DEMTRABUSGSL,2041,22.3646
RE1,DEMTRABUSGSL,2042,22.3646
RE1,DEMTRABUSGSL,2043,22.3646
RE1,DEMTRABUSGSL,2044,22.3646
RE1,DEMTRABUSGSL,2045,22.3646
RE1,DEMTRABUSGSL,2046,22.3646
RE1,DEMTRABUSGSL,2047,22.3646
RE1,DEMTRABUSGSL,2048,22.3646
RE1,DEMTRABUSGSL,2049,22.3646
RE1,DEMINDELC,2015,11.2574
RE1,DEMINDELC,2016,11.9084
RE1,DEMINDELC,2017,12.4663
RE1,DEMINDELC,2018,13.0242
RE1,DEMINDELC,2019,13.5821
RE1,DEMINDELC,2020,14.14
RE1,DEMINDELC,2021,14.5682
RE1,DEMINDELC,2022,14.9965
RE1,DEMINDELC,2023,15.4247
RE1,DEMINDELC,2024,15.4247
RE1,DEMINDELC,2025,4.1673
RE1,DEMINDELC,2026,3.5163
RE1,DEMINDELC,2027,2.9584
RE1,DEMINDELC,2028,2.4005
RE1,DEMINDELC,2029,1.8426
RE1,DEMINDELC,2030,1.4468
RE1,DEMINDELC,2031,1.488
RE1,DEMINDELC,2032,1.5291
RE1,DEMINDELC,2033,1.5703
RE1,DEMINDELC,2034,1.6115
RE1,DEMINDELC,2035,1.6526
RE1,DEMINDELC,2036,1.6857
RE1,DEMINDELC,2037,1.7189
RE1,DEMINDELC,2038,1.752
RE1,DEMINDELC,2039,1.7851
RE1,DEMINDELC,2040,1.8183
RE1,DEMINDELC,2041,1.8507
RE1,DEMINDELC,2042,1.8831
RE1,DEMINDELC,2043,1.9156
RE1,DEMINDELC,2044,1.948
RE1,DEMINDELC,2045,1.9805
RE1,DEMINDELC,2046,2.0031
RE1,DEMINDELC,2047,2.0257
RE1,DEMINDELC,2048,2.0482
RE1,DEMINDELC,2049,2.0708
RE1,DEMINDELC,2050,2.0934
RE1,DEMINDELC,2051,2.1168
RE1,DEMINDELC,2052,2.1404
RE1,DEMINDELC,2053,2.1643
RE1,DEMINDELC,2054,2.1884
RE1,DEMINDELC,2055,2.2128
RE1,DEMINDELC,2056,2.2375
RE1,DEMINDELC,2057,2.2625
RE1,DEMINDELC,2058,2.2877
RE1,DEMINDELC,2059,3.4887
RE1,DEMINDELC,2060,3.2708
RE1,DEMINDELC,2061,2.7456
RE1,DEMINDELC,2062,2.3915
RE1,DEMINDELC,2063,2.4182
RE1,DEMINDELC,2064,2.4451
RE1,DEMINDELC,2065,2.4724
RE1,DEMINDELC,2066,2.5
RE1,DEMINDELC,2067,2.5279
RE1,DEMINDELC,2068,2.5561
RE1,DEMINDELC,2069,2.5846
RE1,DEMINDELC,2070,5.7895
RE1,INDENEFFDP,2024,11.3536
RE1,INDENEFFDP,2025,11.5495
RE1,INDENEFFDP,2026,11.9917
RE1,INDENEFFDP,2027,12.3231
RE1,INDENEFFDP,2028,12.6545
RE1,INDENEFFDP,2029,12.8625
RE1,INDENEFFDP,2030,13.1907
RE1,INDENEFFDP,2031,13.5659
RE1,INDENEFFDP,2032,13.9411
RE1,INDENEFFDP,2033,14.3163
RE1,INDENEFFDP,2034,14.6915
RE1,INDENEFFDP,2035,15.0666
RE1,INDENEFFDP,2036,15.3687
RE1,INDENEFFDP,2037,15.6708
RE1,INDENEFFDP,2038,15.9728
RE1,INDENEFFDP,2039,16.2749
RE1,INDENEFFDP,2040,16.5769
RE1,INDENEFFDP,2041,16.8727
RE1,INDENEFFDP,2042,17.1685
RE1,INDENEFFDP,2043,17.4642
RE1,INDENEFFDP,2044,17.76
RE1,INDENEFFDP,2045,18.0558
RE1,INDENEFFDP,2046,18.2618
RE1,INDENEFFDP,2047,18.4677
RE1,INDENEFFDP,2048,18.6737
RE1,INDENEFFDP,2049,18.8796
RE1,INDENEFFDP,2050,19.0856
RE1,INDENEFFDP,2051,19.2985
RE1,INDENEFFDP,2052,19.5137
RE1,INDENEFFDP,2053,19.7314
RE1,INDENEFFDP,2054,19.9515
RE1,INDENEFFDP,2055,20.1741
RE1,INDENEFFDP,2056,20.3991
RE1,INDENEFFDP,2057,20.6267
RE1,INDENEFFDP,2058,20.8567
RE1,INDENEFFDP,2059,20.1852
RE1,INDENEFFDP,2060,21.5292
RE1,INDENEFFDP,2061,21.5625
RE1,INDENEFFDP,2062,21.803
RE1,INDENEFFDP,2063,22.0463
RE1,INDENEFFDP,2064,22.2922
RE1,INDENEFFDP,2065,22.5408
RE1,INDENEFFDP,2066,22.7923
RE1,INDENEFFDP,2067,23.0465
RE1,INDENEFFDP,2068,23.3036
RE1,INDENEFFDP,2069,23.5636
RE1,INDENEFFDP,2070,21.3833
RE1,DEMINDHEEH,2029,0.7818
RE1,DEMINDHEEH,2030,46.2405
RE1,DEMINDHEEH,2031,46.844
RE1,DEMINDHEEH,2032,47.4464
RE1,DEMINDHEEH,2033,48.0478
RE1,DEMINDHEEH,2034,48.0478
RE1,DEMINDHEEH,2035,48.2597
RE1,DEMINDHEEH,2036,48.8077
RE1,DEMINDHEEH,2037,49.7675
RE1,DEMINDHEEH,2038,50.9505
RE1,DEMINDHEEH,2039,52.1322
RE1,DEMINDHEEH,2040,55.6243
RE1,DEMINDHEEH,2041,55.9804
RE1,DEMINDHEEH,2042,56.5487
RE1,DEMINDHEEH,2043,57.1166
RE1,DEMINDHEEH,2044,57.6842
RE1,DEMINDHEEH,2045,58.2514
RE1,DEMINDHEEH,2046,58.6875
RE1,DEMINDHEEH,2047,59.1235
RE1,DEMINDHEEH,2048,59.5592
RE1,DEMINDHEEH,2049,59.9949
RE1,DEMINDHEEH,2050,60.4304
RE1,DEMINDHEEH,2051,60.8762
RE1,DEMINDHEEH,2052,61.3253
RE1,DEMINDHEEH,2053,61.7779
RE1,DEMINDHEEH,2054,62.234
RE1,DEMINDHEEH,2055,62.6935
RE1,DEMINDHEEH,2056,63.1565
RE1,DEMINDHEEH,2057,63.623
RE1,DEMINDHEEH,2058,64.093
RE1,DEMINDHEEH,2059,64.5667
RE1,DEMINDHEEH,2060,65.044
RE1,DEMINDHEEH,2061,65.5248
RE1,DEMINDHEEH,2062,66.0094
RE1,DEMINDHEEH,2063,66.4976
RE1,DEMINDHEEH,2064,66.9896
RE1,DEMINDHEEH,2065,67.4853
RE1,DEMINDHEEH,2066,67.9848
RE1,DEMINDHEEH,2067,69.4384
RE1,DEMINDHEEH,2068,69.1902
RE1,DEMINDHEEH,2069,69.5062
RE1,DEMINDHEEH,2070,70.021
RE1,DEMINDHEEL,2035,0.4661
RE1,DEMINDHEEL,2036,0.857
RE1,DEMINDHEEL,2037,1.5307
RE1,DEMINDHEEL,2038,2.3801
RE1,DEMINDHEEL,2039,3.2284
RE1,DEMINDHEEL,2040,5.7976
RE1,DEMINDHEEL,2041,5.7976
RE1,DEMINDHEEL,2042,5.7976
RE1,DEMINDHEEL,2043,6.7117
RE1,DEMINDHEEL,2044,7.5752
RE1,DEMINDHEEL,2045,38.581
RE1,DEMINDHEEL,2046,38.8719
RE1,DEMINDHEEL,2047,39.6895
RE1,DEMINDHEEL,2048,40.1604
RE1,DEMINDHEEL,2049,40.6222
RE1,DEMINDHEEL,2050,44.12
RE1,DEMINDHEEL,2051,44.8833
RE1,DEMINDHEEL,2052,45.4337
RE1,DEMINDHEEL,2053,45.9045
RE1,DEMINDHEEL,2054,45.9988
RE1,DEMINDHEEL,2055,45.3221
RE1,DEMINDHEEL,2056,45.5824
RE1,DEMINDHEEL,2057,46.06
RE1,DEMINDHEEL,2058,46.8171
RE1,DEMINDHEEL,2059,47.6813
RE1,DEMINDHEEL,2060,46.637
RE1,DEMINDHEEL,2061,47.3969
RE1,DEMINDHEEL,2062,47.6258
RE1,DEMINDHEEL,2063,48.7319
RE1,DEMINDHEEL,2064,48.7759
RE1,DEMINDHEEL,2065,49.2393
RE1,DEMINDHEEL,2066,48.0851
RE1,DEMINDHEEL,2067,46.861
RE1,DEMINDHEEL,2068,45.5408
RE1,DEMINDHEEL,2069,44.5981
RE1,DEMINDHEEL,2070,46.6807
RE1,DEMINDHEBIO,2015,17.0071
RE1,DEMINDHEBIO,2016,17.0071
RE1,DEMINDHEBIO,2017,17.0071
RE1,DEMINDHEBIO,2018,17.0071
RE1,DEMINDHEBIO,2019,17.0071
RE1,DEMINDHEBIO,2020,17.0071
RE1,DEMINDHEBIO,2021,17.0071
RE1,DEMINDHEBIO,2022,17.1674
RE1,DEMINDHEBIO,2023,17.4148
RE1,DEMINDHEBIO,2024,17.6619
RE1,DEMINDHEBIO,2025,17.9087
RE1,DEMINDHEBIO,2026,18.1811
RE1,DEMINDHEBIO,2027,18.4532
RE1,DEMINDHEBIO,2028,18.725
RE1,DEMINDHEBIO,2029,18.9964
RE1,DEMINDHEBIO,2030,19.2676
RE1,DEMINDHEBIO,2031,19.5121
RE1,DEMINDHEBIO,2032,19.7561
RE1,DEMINDHEBIO,2033,19.9997
RE1,DEMINDHEBIO,2034,20.2428
RE1,DEMINDHEBIO,2035,20.2428
RE1,DEMINDHEBIO,2036,20.2428
RE1,DEMINDHEBIO,2037,20.0825
RE1,DEMINDHEBIO,2038,19.8351
RE1,DEMINDHEBIO,2039,19.588
RE1,DEMINDHEBIO,2040,19.3412
RE1,DEMINDHEBIO,2041,19.0688
RE1,DEMINDHEBIO,2042,18.7967
RE1,DEMINDHEBIO,2043,18.5249
RE1,DEMINDHEBIO,2044,18.2534
RE1,DEMINDHEBIO,2045,0.9752
RE1,DEMINDHEBIO,2046,0.7307
RE1,DEMINDHEBIO,2047,0.4867
RE1,DEMINDHEBIO,2048,0.2431
RE1,DEMINDHEBIO,2068,1.6923
RE1,DEMINDHEBIO,2069,5.0223
RE1,DEMINDHEBIO,2070,5.0223
RE1,DEMRESELC,2015,5.6197
RE1,DEMRESELC,2016,5.9447
RE1,DEMRESELC,2017,6.2232
RE1,DEMRESELC,2018,6.5017
RE1,DEMRESELC,2019,6.7802
RE1,DEMRESELC,2020,7.0587
RE1,DEMRESELC,2021,7.2725
RE1,DEMRESELC,2022,7.4863
RE1,DEMRESELC,2023,7.7
RE1,DEMRESELC,2024,7.7
RE1,DEMRESELC,2025,2.0803
RE1,DEMRESELC,2026,1.7554
RE1,DEMRESELC,2027,1.4768
RE1,DEMRESELC,2028,1.1983
RE1,DEMRESELC,2029,0.9198
RE1,DEMRESELC,2030,0.7223
RE1,DEMRESELC,2031,0.7428
RE1,DEMRESELC,2032,0.7634
RE1,DEMRESELC,2033,0.7839
RE1,DEMRESELC,2034,0.8044
RE1,DEMRESELC,2035,0.825
RE1,DEMRESELC,2036,0.8415
RE1,DEMRESELC,2037,0.8581
RE1,DEMRESELC,2038,0.8746
RE1,DEMRESELC,2039,0.8911
RE1,DEMRESELC,2040,0.9077
RE1,DEMRESELC,2041,0.9239
RE1,DEMRESELC,2042,0.9401
RE1,DEMRESELC,2043,0.9563
RE1,DEMRESELC,2044,0.9725
RE1,DEMRESELC,2045,0.9887
RE1,DEMRESELC,2046,0.9999
RE1,DEMRESELC,2047,1.0112
RE1,DEMRESELC,2048,1.0225
RE1,DEMRESELC,2049,1.0338
RE1,DEMRESELC,2050,1.045
RE1,DEMRESELC,2051,1.0567
RE1,DEMRESELC,2052,1.0685
RE1,DEMRESELC,2053,1.0804
RE1,DEMRESELC,2054,1.0925
RE1,DEMRESELC,2055,1.1046
RE1,DEMRESELC,2056,1.117
RE1,DEMRESELC,2057,1.1294
RE1,DEMRESELC,2058,1.142
RE1,DEMRESELC,2059,1.7416
RE1,DEMRESELC,2060,1.6328
RE1,DEMRESELC,2061,1.3706
RE1,DEMRESELC,2062,1.1938
RE1,DEMRESELC,2063,1.2072
RE1,DEMRESELC,2064,1.2206
RE1,DEMRESELC,2065,1.2342
RE1,DEMRESELC,2066,1.248
RE1,DEMRESELC,2067,1.2619
RE1,DEMRESELC,2068,1.276
RE1,DEMRESELC,2069,1.2902
RE1,DEMRESELC,2070,2.8901
RE1,RESENEFFDP,2024,5.6677
RE1,RESENEFFDP,2025,5.7655
RE1,RESENEFFDP,2026,5.9863
RE1,RESENEFFDP,2027,6.1517
RE1,RESENEFFDP,2028,6.3171
RE1,RESENEFFDP,2029,6.421
RE1,RESENEFFDP,2030,6.5848
RE1,RESENEFFDP,2031,6.7721
RE1,RESENEFFDP,2032,6.9594
RE1,RESENEFFDP,2033,7.1467
RE1,RESENEFFDP,2034,7.334
RE1,RESENEFFDP,2035,7.5213
RE1,RESENEFFDP,2036,7.6721
RE1,RESENEFFDP,2037,7.8229
RE1,RESENEFFDP,2038,7.9737
RE1,RESENEFFDP,2039,8.1244
RE1,RESENEFFDP,2040,8.2752
RE1,RESENEFFDP,2041,8.4229
RE1,RESENEFFDP,2042,8.5705
RE1,RESENEFFDP,2043,8.7182
RE1,RESENEFFDP,2044,8.8658
RE1,RESENEFFDP,2045,9.0135
RE1,RESENEFFDP,2046,9.1163
RE1,RESENEFFDP,2047,9.2191
RE1,RESENEFFDP,2048,9.3219
RE1,RESENEFFDP,2049,9.4248
RE1,RESENEFFDP,2050,9.5276
RE1,RESENEFFDP,2051,9.6338
RE1,RESENEFFDP,2052,9.7413
RE1,RESENEFFDP,2053,9.85
RE1,RESENEFFDP,2054,9.9598
RE1,RESENEFFDP,2055,10.0709
RE1,RESENEFFDP,2056,10.1833
RE1,RESENEFFDP,2057,10.2969
RE1,RESENEFFDP,2058,10.4117
RE1,RESENEFFDP,2059,10.0765
RE1,RESENEFFDP,2060,10.7474
RE1,RESENEFFDP,2061,10.7641
RE1,RESENEFFDP,2062,10.8841
RE1,RESENEFFDP,2063,11.0055
RE1,RESENEFFDP,2064,11.1283
RE1,RESENEFFDP,2065,11.2524
RE1,RESENEFFDP,2066,11.378
RE1,RESENEFFDP,2067,11.5049
RE1,RESENEFFDP,2068,11.6332
RE1,RESENEFFDP,2069,11.763
RE1,RESENEFFDP,2070,10.6746
RE1,DEMRESCKNELC,2015,1.7885
RE1,DEMRESCKNELC,2016,1.7002
RE1,DEMRESCKNELC,2017,1.7252
RE1,DEMRESCKNELC,2018,1.7871
RE1,DEMRESCKNELC,2019,1.6977
RE1,DEMRESCKNELC,2020,1.6084
RE1,DEMRESCKNELC,2021,1.519
RE1,DEMRESCKNELC,2022,1.4297
RE1,DEMRESCKNELC,2023,1.3403
RE1,DEMRESCKNELC,2024,130.3486
RE1,DEMRESCKNELC,2025,171.6398
RE1,DEMRESCKNELC,2026,174.8232
RE1,DEMRESCKNELC,2027,178.4317
RE1,DEMRESCKNELC,2028,182.0583
RE1,DEMRESCKNELC,2029,186.5506
RE1,DEMRESCKNELC,2030,223.8073
RE1,DEMRESCKNELC,2031,227.6175
RE1,DEMRESCKNELC,2032,231.4208
RE1,DEMRESCKNELC,2033,235.2176
RE1,DEMRESCKNELC,2034,239.0082
RE1,DEMRESCKNELC,2035,243.1302
RE1,DEMRESCKNELC,2036,246.6838
RE1,DEMRESCKNELC,2037,250.8798
RE1,DEMRESCKNELC,2038,255.3248
RE1,DEMRESCKNELC,2039,259.7395
RE1,DEMRESCKNELC,2040,267.7985
RE1,DEMRESCKNELC,2041,267.7985
RE1,DEMRESCKNELC,2042,273.6564
RE1,DEMRESCKNELC,2043,277.6357
RE1,DEMRESCKNELC,2044,281.6136
RE1,DEMRESCKNELC,2045,309.7797
RE1,DEMRESCKNELC,2046,312.6279
RE1,DEMRESCKNELC,2047,315.327
RE1,DEMRESCKNELC,2048,318.1226
RE1,DEMRESCKNELC,2049,321.159
RE1,DEMRESCKNELC,2050,376.8421
RE1,DEMRESCKNELC,2051,379.792
RE1,DEMRESCKNELC,2052,382.7661
RE1,DEMRESCKNELC,2053,382.7661
RE1,DEMRESCKNELC,2054,369.6985
RE1,DEMRESCKNELC,2055,372.7636
RE1,DEMRESCKNELC,2056,375.8542
RE1,DEMRESCKNELC,2057,378.9705
RE1,DEMRESCKNELC,2058,382.1126
RE1,DEMRESCKNELC,2059,386.494
RE1,DEMRESCKNELC,2060,387.8802
RE1,DEMRESCKNELC,2061,391.6962
RE1,DEMRESCKNELC,2062,394.944
RE1,DEMRESCKNELC,2063,398.2188
RE1,DEMRESCKNELC,2064,402.2426
RE1,DEMRESCKNELC,2065,405.572
RE1,DEMRESCKNELC,2066,408.9291
RE1,DEMRESCKNELC,2067,404.6437
RE1,DEMRESCKNELC,2068,400.5636
RE1,DEMRESCKNELC,2069,396.1489
RE1,DEMRESCKNELC,2070,388.0899
RE1,DEMRESCKNOIL,2015,59.8163
RE1,DEMRESCKNOIL,2016,56.8634
RE1,DEMRESCKNOIL,2017,57.7007
RE1,DEMRESCKNOIL,2018,59.7694
RE1,DEMRESCKNOIL,2019,56.7809
RE1,DEMRESCKNOIL,2020,53.7924
RE1,DEMRESCKNOIL,2021,50.804
RE1,DEMRESCKNOIL,2022,47.8155
RE1,DEMRESCKNOIL,2023,44.827
RE1,DEMRESCKNOIL,2024,41.8386
RE1,DEMRESCKNOIL,2025,38.8501
RE1,DEMRESCKNOIL,2026,35.8616
RE1,DEMRESCKNOIL,2027,32.8731
RE1,DEMRESCKNOIL,2028,29.8847
RE1,DEMRESCKNOIL,2029,26.8962
RE1,DEMRESCKNOIL,2030,23.9077
RE1,DEMRESCKNOIL,2031,20.9193
RE1,DEMRESCKNOIL,2032,17.9308
RE1,DEMRESCKNOIL,2033,14.9423
RE1,DEMRESCKNOIL,2034,11.9539
RE1,DEMRESCKNOIL,2035,8.9654
RE1,DEMRESCKNOIL,2036,5.9769
RE1,DEMRESCKNOIL,2037,2.9885
RE1,DEMRESCKNBIO,2015,55.4578
RE1,DEMRESCKNBIO,2016,52.7201
RE1,DEMRESCKNBIO,2017,53.4964
RE1,DEMRESCKNBIO,2018,55.4143
RE1,DEMRESCKNBIO,2019,52.6436
RE1,DEMRESCKNBIO,2020,49.8729
RE1,DEMRESCKNBIO,2021,47.1022
RE1,DEMRESCKNBIO,2022,44.3314
RE1,DEMRESCKNBIO,2023,41.5607
RE1,DEMRESCKNBIO,2024,38.79
RE1,DEMRESCKNBIO,2025,36.0193
RE1,DEMRESCKNBIO,2026,33.2486
RE1,DEMRESCKNBIO,2027,30.4779
RE1,DEMRESCKNBIO,2028,27.7072
RE1,DEMRESCKNBIO,2029,24.9364
RE1,DEMRESCKNBIO,2030,22.1657
RE1,DEMRESCKNBIO,2031,19.395
RE1,DEMRESCKNBIO,2032,16.6243
RE1,DEMRESCKNBIO,2033,13.8536
RE1,DEMRESCKNBIO,2034,11.0829
RE1,DEMRESCKNBIO,2035,8.3121
RE1,DEMRESCKNBIO,2036,5.5414
RE1,DEMRESCKNBIO,2037,2.7707
RE1,DEMRESHEBIO,2015,3.3713
RE1,DEMRESHEBIO,2016,3.3713
RE1,DEMRESHEBIO,2017,3.3713
RE1,DEMRESHEBIO,2018,3.3713
RE1,DEMRESHEBIO,2019,3.453
RE1,DEMRESHEBIO,2020,3.5371
RE1,DEMRESHEBIO,2021,3.5997
RE1,DEMRESHEBIO,2022,3.6621
RE1,DEMRESHEBIO,2023,3.7244
RE1,DEMRESHEBIO,2024,3.7865
RE1,DEMRESHEBIO,2025,3.8486
RE1,DEMRESHEBIO,2026,3.9165
RE1,DEMRESHEBIO,2027,3.9844
RE1,DEMRESHEBIO,2028,4.0521
RE1,DEMRESHEBIO,2029,4.1197
RE1,DEMRESHEBIO,2030,4.1871
RE1,DEMRESHEBIO,2031,4.2489
RE1,DEMRESHEBIO,2032,4.3105
RE1,DEMRESHEBIO,2033,4.372
RE1,DEMRESHEBIO,2034,4.4332
RE1,DEMRESHEBIO,2035,4.3491
RE1,DEMRESHEBIO,2036,4.2865
RE1,DEMRESHEBIO,2037,4.2241
RE1,DEMRESHEBIO,2038,4.1619
RE1,DEMRESHEBIO,2039,4.0997
RE1,DEMRESHEBIO,2040,4.0377
RE1,DEMRESHEBIO,2041,3.9697
RE1,DEMRESHEBIO,2042,3.9019
RE1,DEMRESHEBIO,2043,3.8342
RE1,DEMRESHEBIO,2044,3.7666
RE1,DEMRESHEBIO,2045,0.3278
RE1,DEMRESHEBIO,2046,0.266
RE1,DEMRESHEBIO,2047,0.2044
RE1,DEMRESHEBIO,2048,0.143
RE1,DEMRESHEBIO,2068,0.5452
RE1,DEMRESHEBIO,2069,0.592
RE1,DEMRESHEBIO,2070,0.592
RE1,DEMRESHEEL,2035,0.2788
RE1,DEMRESHEEL,2036,0.4912
RE1,DEMRESHEEL,2037,0.7104
RE1,DEMRESHEEL,2038,0.9079
RE1,DEMRESHEEL,2039,1.1203
RE1,DEMRESHEEL,2040,1.7778
RE1,DEMRESHEEL,2041,1.7778
RE1,DEMRESHEEL,2042,1.7778
RE1,DEMRESHEEL,2043,1.9622
RE1,DEMRESHEEL,2044,2.1799
RE1,DEMRESHEEL,2045,8.1387
RE1,DEMRESHEEL,2046,8.6707
RE1,DEMRESHEEL,2047,8.6707
RE1,DEMRESHEEL,2048,9.2761
RE1,DEMRESHEEL,2049,9.3276
RE1,DEMRESHEEL,2050,10.4427
RE1,DEMRESHEEL,2051,10.2418
RE1,DEMRESHEEL,2052,10.1819
RE1,DEMRESHEEL,2053,10.1559
RE1,DEMRESHEEL,2054,9.9435
RE1,DEMRESHEEL,2055,10.8561
RE1,DEMRESHEEL,2056,11.0696
RE1,DEMRESHEEL,2057,11.0696
RE1,DEMRESHEEL,2058,10.8851
RE1,DEMRESHEEL,2059,10.6675
RE1,DEMRESHEEL,2060,11.5259
RE1,DEMRESHEEL,2061,11.3738
RE1,DEMRESHEEL,2062,11.9214
RE1,DEMRESHEEL,2063,11.316
RE1,DEMRESHEEL,2064,11.6418
RE1,DEMRESHEEL,2065,11.4931
RE1,DEMRESHEEL,2066,11.4816
RE1,DEMRESHEEL,2067,11.3224
RE1,DEMRESHEEL,2068,11.1509
RE1,DEMRESHEEL,2069,11.1509
RE1,DEMRESHEEL,2070,10.4545
RE1,DEMCOMELC,2015,5.8082
RE1,DEMCOMELC,2016,6.1441
RE1,DEMCOMELC,2017,6.432
RE1,DEMCOMELC,2018,6.7198
RE1,DEMCOMELC,2019,7.0077
RE1,DEMCOMELC,2020,7.2955
RE1,DEMCOMELC,2021,7.5165
RE1,DEMCOMELC,2022,7.7374
RE1,DEMCOMELC,2023,7.9583
RE1,DEMCOMELC,2024,7.9583
RE1,DEMCOMELC,2025,2.1501
RE1,DEMCOMELC,2026,1.8142
RE1,DEMCOMELC,2027,1.5264
RE1,DEMCOMELC,2028,1.2385
RE1,DEMCOMELC,2029,0.9507
RE1,DEMCOMELC,2030,0.7465
RE1,DEMCOMELC,2031,0.7677
RE1,DEMCOMELC,2032,0.789
RE1,DEMCOMELC,2033,0.8102
RE1,DEMCOMELC,2034,0.8314
RE1,DEMCOMELC,2035,0.8527
RE1,DEMCOMELC,2036,0.8698
RE1,DEMCOMELC,2037,0.8868
RE1,DEMCOMELC,2038,0.9039
RE1,DEMCOMELC,2039,0.921
RE1,DEMCOMELC,2040,0.9381
RE1,DEMCOMELC,2041,0.9549
RE1,DEMCOMELC,2042,0.9716
RE1,DEMCOMELC,2043,0.9883
RE1,DEMCOMELC,2044,1.0051
RE1,DEMCOMELC,2045,1.0218
RE1,DEMCOMELC,2046,1.0335
RE1,DEMCOMELC,2047,1.0451
RE1,DEMCOMELC,2048,1.0568
RE1,DEMCOMELC,2049,1.0684
RE1,DEMCOMELC,2050,1.0801
RE1,DEMCOMELC,2051,1.0922
RE1,DEMCOMELC,2052,1.1043
RE1,DEMCOMELC,2053,1.1167
RE1,DEMCOMELC,2054,1.1291
RE1,DEMCOMELC,2055,1.1417
RE1,DEMCOMELC,2056,1.1544
RE1,DEMCOMELC,2057,1.1673
RE1,DEMCOMELC,2058,1.1803
RE1,DEMCOMELC,2059,1.8
RE1,DEMCOMELC,2060,1.6876
RE1,DEMCOMELC,2061,1.4166
RE1,DEMCOMELC,2062,1.2339
RE1,DEMCOMELC,2063,1.2477
RE1,DEMCOMELC,2064,1.2616
RE1,DEMCOMELC,2065,1.2756
RE1,DEMCOMELC,2066,1.2899
RE1,DEMCOMELC,2067,1.3043
RE1,DEMCOMELC,2068,1.3188
RE1,DEMCOMELC,2069,1.3335
RE1,DEMCOMELC,2070,2.9871
RE1,COMENEFFDP,2024,5.8579
RE1,COMENEFFDP,2025,5.9589
RE1,COMENEFFDP,2026,6.1871
RE1,COMENEFFDP,2027,6.3581
RE1,COMENEFFDP,2028,6.5291
RE1,COMENEFFDP,2029,6.6364
RE1,COMENEFFDP,2030,6.8057
RE1,COMENEFFDP,2031,6.9993
RE1,COMENEFFDP,2032,7.1929
RE1,COMENEFFDP,2033,7.3865
RE1,COMENEFFDP,2034,7.58
RE1,COMENEFFDP,2035,7.7736
RE1,COMENEFFDP,2036,7.9295
RE1,COMENEFFDP,2037,8.0853
RE1,COMENEFFDP,2038,8.2412
RE1,COMENEFFDP,2039,8.397
RE1,COMENEFFDP,2040,8.5528
RE1,COMENEFFDP,2041,8.7054
RE1,COMENEFFDP,2042,8.8581
RE1,COMENEFFDP,2043,9.0107
RE1,COMENEFFDP,2044,9.1633
RE1,COMENEFFDP,2045,9.3159
RE1,COMENEFFDP,2046,9.4221
RE1,COMENEFFDP,2047,9.5284
RE1,COMENEFFDP,2048,9.6347
RE1,COMENEFFDP,2049,9.7409
RE1,COMENEFFDP,2050,9.8472
RE1,COMENEFFDP,2051,9.957
RE1,COMENEFFDP,2052,10.0681
RE1,COMENEFFDP,2053,10.1804
RE1,COMENEFFDP,2054,10.294
RE1,COMENEFFDP,2055,10.4088
RE1,COMENEFFDP,2056,10.5249
RE1,COMENEFFDP,2057,10.6423
RE1,COMENEFFDP,2058,10.761
RE1,COMENEFFDP,2059,10.4145
RE1,COMENEFFDP,2060,11.108
RE1,COMENEFFDP,2061,11.1252
RE1,COMENEFFDP,2062,11.2493
RE1,COMENEFFDP,2063,11.3747
RE1,COMENEFFDP,2064,11.5016
RE1,COMENEFFDP,2065,11.6299
RE1,COMENEFFDP,2066,11.7597
RE1,COMENEFFDP,2067,11.8908
RE1,COMENEFFDP,2068,12.0235
RE1,COMENEFFDP,2069,12.1576
RE1,COMENEFFDP,2070,11.0327
RE1,DEMCOMHEBIO,2015,1.4833
RE1,DEMCOMHEBIO,2016,1.5588
RE1,DEMCOMHEBIO,2017,1.5964
RE1,DEMCOMHEBIO,2018,1.634
RE1,DEMCOMHEBIO,2019,1.6716
RE1,DEMCOMHEBIO,2020,1.7093
RE1,DEMCOMHEBIO,2021,1.7399
RE1,DEMCOMHEBIO,2022,1.7705
RE1,DEMCOMHEBIO,2023,1.8012
RE1,DEMCOMHEBIO,2024,1.8318
RE1,DEMCOMHEBIO,2025,1.8625
RE1,DEMCOMHEBIO,2026,1.8972
RE1,DEMCOMHEBIO,2027,1.9319
RE1,DEMCOMHEBIO,2028,1.9667
RE1,DEMCOMHEBIO,2029,2.0014
RE1,DEMCOMHEBIO,2030,2.0361
RE1,DEMCOMHEBIO,2031,2.0647
RE1,DEMCOMHEBIO,2032,2.0933
RE1,DEMCOMHEBIO,2033,2.1219
RE1,DEMCOMHEBIO,2034,2.1505
RE1,DEMCOMHEBIO,2035,2.1129
RE1,DEMCOMHEBIO,2036,2.0822
RE1,DEMCOMHEBIO,2037,2.0516
RE1,DEMCOMHEBIO,2038,2.021
RE1,DEMCOMHEBIO,2039,1.9903
RE1,DEMCOMHEBIO,2040,1.9597
RE1,DEMCOMHEBIO,2041,1.9249
RE1,DEMCOMHEBIO,2042,1.8902
RE1,DEMCOMHEBIO,2043,1.8555
RE1,DEMCOMHEBIO,2044,1.8207
RE1,DEMCOMHEBIO,2045,0.3027
RE1,DEMCOMHEBIO,2046,0.1986
RE1,DEMCOMHEBIO,2047,0.1324
RE1,DEMCOMHEBIO,2048,0.0662
RE1,DEMCOMHEBIO,2068,0.0388
RE1,DEMCOMHEBIO,2069,0.0388
RE1,DEMCOMHEBIO,2070,0.0388
RE1,DEMCOMHEEL,2035,0.1271
RE1,DEMCOMHEEL,2036,0.2365
RE1,DEMCOMHEEL,2037,0.3326
RE1,DEMCOMHEEL,2038,0.4377
RE1,DEMCOMHEEL,2039,0.5429
RE1,DEMCOMHEEL,2040,0.8676
RE1,DEMCOMHEEL,2041,0.8676
RE1,DEMCOMHEEL,2042,0.8676
RE1,DEMCOMHEEL,2043,0.9589
RE1,DEMCOMHEEL,2044,1.0666
RE1,DEMCOMHEEL,2045,3.79
RE1,DEMCOMHEEL,2046,4.1106
RE1,DEMCOMHEEL,2047,4.3904
RE1,DEMCOMHEEL,2048,4.3904
RE1,DEMCOMHEEL,2049,5.1081
RE1,DEMCOMHEEL,2050,5.4008
RE1,DEMCOMHEEL,2051,5.2914
RE1,DEMCOMHEEL,2052,5.2575
RE1,DEMCOMHEEL,2053,5.1838
RE1,DEMCOMHEEL,2054,5.0786
RE1,DEMCOMHEEL,2055,5.3129
RE1,DEMCOMHEEL,2056,5.3129
RE1,DEMCOMHEEL,2057,5.3129
RE1,DEMCOMHEEL,2058,5.2215
RE1,DEMCOMHEEL,2059,5.1139
RE1,DEMCOMHEEL,2060,5.7143
RE1,DEMCOMHEEL,2061,5.6201
RE1,DEMCOMHEEL,2062,5.3403
RE1,DEMCOMHEEL,2063,5.3403
RE1,DEMCOMHEEL,2064,5.5354
RE1,DEMCOMHEEL,2065,5.7293
RE1,DEMCOMHEEL,2066,5.7293
RE1,DEMCOMHEEL,2067,5.6672
RE1,DEMCOMHEEL,2068,5.6357
RE1,DEMCOMHEEL,2069,5.6357
RE1,DEMCOMHEEL,2070,5.0768
RE1,DEMINDHECOA,2015,25.5106
RE1,DEMINDHECOA,2016,25.5106
RE1,DEMINDHECOA,2017,25.5106
RE1,DEMINDHECOA,2018,25.5106
RE1,DEMINDHECOA,2019,25.5106
RE1,DEMINDHECOA,2020,25.5106
RE1,DEMINDHECOA,2021,25.5106
RE1,DEMINDHECOA,2022,25.7511
RE1,DEMINDHECOA,2023,26.1222
RE1,DEMINDHECOA,2024,26.4929
RE1,DEMINDHECOA,2025,26.863
RE1,DEMINDHECOA,2026,27.2717
RE1,DEMINDHECOA,2027,27.6798
RE1,DEMINDHECOA,2028,28.0875
RE1,DEMINDHECOA,2029,28.0875
RE1,DEMINDHECOA,2030,2.5769
RE1,DEMINDHECOA,2031,2.5769
RE1,DEMINDHECOA,2032,2.5769
RE1,DEMINDHECOA,2033,2.5769
RE1,DEMINDHECOA,2034,2.5769
RE1,DEMINDHECOA,2035,2.5769
RE1,DEMINDHECOA,2036,2.5769
RE1,DEMINDHECOA,2037,2.3363
RE1,DEMINDHECOA,2038,1.9652
RE1,DEMINDHECOA,2039,1.5946
RE1,DEMINDHECOA,2040,1.2245
RE1,DEMINDHECOA,2041,0.8158
RE1,DEMINDHECOA,2042,0.4077
