r,t,f,y,UseByTechnologyAnnual
RE1,COMENEFFDP,ELC003,2024,179.7436
RE1,COMENEFFDP,ELC003,2025,183.7026
RE1,COMENEFFDP,ELC003,2026,189.8454
RE1,COMENEFFDP,ELC003,2027,195.0919
RE1,COMENEFFDP,ELC003,2028,200.3384
RE1,COMENEFFDP,ELC003,2029,204.5869
RE1,COMENEFFDP,ELC003,2030,209.8079
RE1,COMENEFFDP,ELC003,2031,215.7755
RE1,COMENEFFDP,ELC003,2032,221.7432
RE1,COMENEFFDP,ELC003,2033,227.7108
RE1,COMENEFFDP,ELC003,2034,233.6784
RE1,COMENEFFDP,ELC003,2035,239.646
RE1,COMENEFFDP,ELC003,2036,244.4503
RE1,COMENEFFDP,ELC003,2037,249.2547
RE1,COMENEFFDP,ELC003,2038,254.059
RE1,COMENEFFDP,ELC003,2039,258.8633
RE1,COMENEFFDP,ELC003,2040,263.6677
RE1,COMENEFFDP,ELC003,2041,268.3723
RE1,COMENEFFDP,ELC003,2042,273.0768
RE1,COMENEFFDP,ELC003,2043,277.7815
RE1,COMENEFFDP,ELC003,2044,282.486
RE1,COMENEFFDP,ELC003,2045,287.1906
RE1,COMENEFFDP,ELC003,2046,290.4665
RE1,COMENEFFDP,ELC003,2047,293.7424
RE1,COMENEFFDP,ELC003,2048,297.0182
RE1,COMENEFFDP,ELC003,2049,300.294
RE1,COMENEFFDP,ELC003,2050,303.5698
RE1,COMENEFFDP,ELC003,2051,306.9561
RE1,COMENEFFDP,ELC003,2052,310.3801
RE1,COMENEFFDP,ELC003,2053,313.8424
RE1,COMENEFFDP,ELC003,2054,317.3432
RE1,COMENEFFDP,ELC003,2055,320.8832
RE1,COMENEFFDP,ELC003,2056,324.4626
RE1,COMENEFFDP,ELC003,2057,328.0819
RE1,COMENEFFDP,ELC003,2058,331.7416
RE1,COMENEFFDP,ELC003,2059,325.0053
RE1,COMENEFFDP,ELC003,2060,340.8387
RE1,COMENEFFDP,ELC003,2061,342.9674
RE1,COMENEFFDP,ELC003,2062,346.7932
RE1,COMENEFFDP,ELC003,2063,350.6617
RE1,COMENEFFDP,ELC003,2064,354.5732
RE1,COMENEFFDP,ELC003,2065,358.5284
RE1,COMENEFFDP,ELC003,2066,362.5278
RE1,COMENEFFDP,ELC003,2067,366.5717
RE1,COMENEFFDP,ELC003,2068,370.6607
RE1,COMENEFFDP,ELC003,2069,374.7954
RE1,COMENEFFDP,ELC003,2070,345.9404
RE1,DEMCOMELC,ELC003,2015,169.2528
RE1,DEMCOMELC,ELC003,2016,179.0399
RE1,DEMCOMELC,ELC003,2017,187.428
RE1,DEMCOMELC,ELC003,2018,195.8162
RE1,DEMCOMELC,ELC003,2019,204.2043
RE1,DEMCOMELC,ELC003,2020,212.5924
RE1,DEMCOMELC,ELC003,2021,219.0306
RE1,DEMCOMELC,ELC003,2022,225.4689
RE1,DEMCOMELC,ELC003,2023,231.9071
RE1,DEMCOMELC,ELC003,2024,4.6787
RE1,DEMCOMELC,ELC003,2025,5.9702
RE1,DEMCOMELC,ELC003,2026,4.9417
RE1,DEMCOMELC,ELC003,2027,5.0783
RE1,DEMCOMELC,ELC003,2028,5.2148
RE1,DEMCOMELC,ELC003,2029,6.649
RE1,DEMCOMELC,ELC003,2030,6.8186
RE1,DEMCOMELC,ELC003,2031,7.0126
RE1,DEMCOMELC,ELC003,2032,7.2065
RE1,DEMCOMELC,ELC003,2033,7.4005
RE1,DEMCOMELC,ELC003,2034,7.5944
RE1,DEMCOMELC,ELC003,2035,7.7883
RE1,DEMCOMELC,ELC003,2036,7.9445
RE1,DEMCOMELC,ELC003,2037,8.1006
RE1,DEMCOMELC,ELC003,2038,8.2568
RE1,DEMCOMELC,ELC003,2039,8.4129
RE1,DEMCOMELC,ELC003,2040,8.569
RE1,DEMCOMELC,ELC003,2041,8.7219
RE1,DEMCOMELC,ELC003,2042,8.8748
RE1,DEMCOMELC,ELC003,2043,9.0277
RE1,DEMCOMELC,ELC003,2044,9.1806
RE1,DEMCOMELC,ELC003,2045,9.3335
RE1,DEMCOMELC,ELC003,2046,9.44
RE1,DEMCOMELC,ELC003,2047,9.5464
RE1,DEMCOMELC,ELC003,2048,9.6529
RE1,DEMCOMELC,ELC003,2049,9.7594
RE1,DEMCOMELC,ELC003,2050,9.8658
RE1,DEMCOMELC,ELC003,2051,9.9759
RE1,DEMCOMELC,ELC003,2052,10.0872
RE1,DEMCOMELC,ELC003,2053,10.1997
RE1,DEMCOMELC,ELC003,2054,10.3135
RE1,DEMCOMELC,ELC003,2055,10.4285
RE1,DEMCOMELC,ELC003,2056,10.5448
RE1,DEMCOMELC,ELC003,2057,10.6625
RE1,DEMCOMELC,ELC003,2058,10.7814
RE1,DEMCOMELC,ELC003,2059,24.4696
RE1,DEMCOMELC,ELC003,2060,8.872
RE1,DEMCOMELC,ELC003,2061,11.1462
RE1,DEMCOMELC,ELC003,2062,11.2706
RE1,DEMCOMELC,ELC003,2063,11.3963
RE1,DEMCOMELC,ELC003,2064,11.5234
RE1,DEMCOMELC,ELC003,2065,11.652
RE1,DEMCOMELC,ELC003,2066,11.7819
RE1,DEMCOMELC,ELC003,2067,11.9134
RE1,DEMCOMELC,ELC003,2068,12.0463
RE1,DEMCOMELC,ELC003,2069,12.1806
RE1,DEMCOMELC,ELC003,2070,55.263
RE1,DEMCOMHEBIO,BIO,2015,45.3768
RE1,DEMCOMHEBIO,BIO,2016,47.6848
RE1,DEMCOMHEBIO,BIO,2017,48.8357
RE1,DEMCOMHEBIO,BIO,2018,49.9867
RE1,DEMCOMHEBIO,BIO,2019,51.1378
RE1,DEMCOMHEBIO,BIO,2020,52.2888
RE1,DEMCOMHEBIO,BIO,2021,53.226
RE1,DEMCOMHEBIO,BIO,2022,54.1632
RE1,DEMCOMHEBIO,BIO,2023,55.1005
RE1,DEMCOMHEBIO,BIO,2024,56.0377
RE1,DEMCOMHEBIO,BIO,2025,56.9749
RE1,DEMCOMHEBIO,BIO,2026,58.0376
RE1,DEMCOMHEBIO,BIO,2027,59.1002
RE1,DEMCOMHEBIO,BIO,2028,60.1628
RE1,DEMCOMHEBIO,BIO,2029,61.2255
RE1,DEMCOMHEBIO,BIO,2030,62.2882
RE1,DEMCOMHEBIO,BIO,2031,63.1627
RE1,DEMCOMHEBIO,BIO,2032,64.0372
RE1,DEMCOMHEBIO,BIO,2033,64.9117
RE1,DEMCOMHEBIO,BIO,2034,65.7862
RE1,DEMCOMHEBIO,BIO,2035,64.6351
RE1,DEMCOMHEBIO,BIO,2036,63.6979
RE1,DEMCOMHEBIO,BIO,2037,62.7607
RE1,DEMCOMHEBIO,BIO,2038,61.8235
RE1,DEMCOMHEBIO,BIO,2039,60.8862
RE1,DEMCOMHEBIO,BIO,2040,55.2057
RE1,DEMCOMHEBIO,BIO,2041,57.8231
RE1,DEMCOMHEBIO,BIO,2042,57.8238
RE1,DEMCOMHEBIO,BIO,2043,56.7611
RE1,DEMCOMHEBIO,BIO,2044,55.6984
RE1,DEMCOMHEBIO,BIO,2045,9.259
RE1,DEMCOMHEBIO,BIO,2046,6.0766
RE1,DEMCOMHEBIO,BIO,2047,4.0511
RE1,DEMCOMHEBIO,BIO,2048,2.0255
RE1,DEMCOMHEBIO,BIO,2068,1.1872
RE1,DEMCOMHEBIO,BIO,2069,1.1872
RE1,DEMCOMHEEL,ELC003,2035,1.6609
RE1,DEMCOMHEEL,ELC003,2036,3.0898
RE1,DEMCOMHEEL,ELC003,2037,4.5187
RE1,DEMCOMHEEL,ELC003,2038,5.9477
RE1,DEMCOMHEEL,ELC003,2039,7.3765
RE1,DEMCOMHEEL,ELC003,2040,12.695
RE1,DEMCOMHEEL,ELC003,2041,11.1687
RE1,DEMCOMHEEL,ELC003,2042,11.7882
RE1,DEMCOMHEEL,ELC003,2043,13.2796
RE1,DEMCOMHEEL,ELC003,2044,14.771
RE1,DEMCOMHEEL,ELC003,2045,53.4714
RE1,DEMCOMHEEL,ELC003,2046,56.5693
RE1,DEMCOMHEEL,ELC003,2047,58.7185
RE1,DEMCOMHEEL,ELC003,2048,60.8678
RE1,DEMCOMHEEL,ELC003,2049,63.017
RE1,DEMCOMHEEL,ELC003,2050,63.5053
RE1,DEMCOMHEEL,ELC003,2051,64.0052
RE1,DEMCOMHEEL,ELC003,2052,64.509
RE1,DEMCOMHEEL,ELC003,2053,65.0169
RE1,DEMCOMHEEL,ELC003,2054,65.5287
RE1,DEMCOMHEEL,ELC003,2055,66.0446
RE1,DEMCOMHEEL,ELC003,2056,66.5645
RE1,DEMCOMHEEL,ELC003,2057,67.0884
RE1,DEMCOMHEEL,ELC003,2058,67.6165
RE1,DEMCOMHEEL,ELC003,2059,68.1488
RE1,DEMCOMHEEL,ELC003,2060,68.6853
RE1,DEMCOMHEEL,ELC003,2061,69.226
RE1,DEMCOMHEEL,ELC003,2062,69.7709
RE1,DEMCOMHEEL,ELC003,2063,70.3201
RE1,DEMCOMHEEL,ELC003,2064,70.8737
RE1,DEMCOMHEEL,ELC003,2065,71.4316
RE1,DEMCOMHEEL,ELC003,2066,71.9939
RE1,DEMCOMHEEL,ELC003,2067,72.5606
RE1,DEMCOMHEEL,ELC003,2068,72.1584
RE1,DEMCOMHEEL,ELC003,2069,72.7341
RE1,DEMCOMHEEL,ELC003,2070,74.2877
RE1,DEMINDELC,ELC003,2015,328.0418
RE1,DEMINDELC,ELC003,2016,347.0108
RE1,DEMINDELC,ELC003,2017,363.2685
RE1,DEMINDELC,ELC003,2018,379.5262
RE1,DEMINDELC,ELC003,2019,395.7839
RE1,DEMINDELC,ELC003,2020,412.0416
RE1,DEMINDELC,ELC003,2021,424.52
RE1,DEMINDELC,ELC003,2022,436.9984
RE1,DEMINDELC,ELC003,2023,449.4769
RE1,DEMINDELC,ELC003,2024,9.0682
RE1,DEMINDELC,ELC003,2025,11.5714
RE1,DEMINDELC,ELC003,2026,9.5779
RE1,DEMINDELC,ELC003,2027,9.8425
RE1,DEMINDELC,ELC003,2028,10.1072
RE1,DEMINDELC,ELC003,2029,12.8868
RE1,DEMINDELC,ELC003,2030,13.2157
RE1,DEMINDELC,ELC003,2031,13.5916
RE1,DEMINDELC,ELC003,2032,13.9675
RE1,DEMINDELC,ELC003,2033,14.3434
RE1,DEMINDELC,ELC003,2034,14.7193
RE1,DEMINDELC,ELC003,2035,15.0952
RE1,DEMINDELC,ELC003,2036,15.3978
RE1,DEMINDELC,ELC003,2037,15.7005
RE1,DEMINDELC,ELC003,2038,16.0031
RE1,DEMINDELC,ELC003,2039,16.3057
RE1,DEMINDELC,ELC003,2040,16.6083
RE1,DEMINDELC,ELC003,2041,16.9047
RE1,DEMINDELC,ELC003,2042,17.201
RE1,DEMINDELC,ELC003,2043,17.4973
RE1,DEMINDELC,ELC003,2044,17.7937
RE1,DEMINDELC,ELC003,2045,18.09
RE1,DEMINDELC,ELC003,2046,18.2964
RE1,DEMINDELC,ELC003,2047,18.5027
RE1,DEMINDELC,ELC003,2048,18.709
RE1,DEMINDELC,ELC003,2049,18.9154
RE1,DEMINDELC,ELC003,2050,19.1217
RE1,DEMINDELC,ELC003,2051,19.335
RE1,DEMINDELC,ELC003,2052,19.5507
RE1,DEMINDELC,ELC003,2053,19.7688
RE1,DEMINDELC,ELC003,2054,19.9893
RE1,DEMINDELC,ELC003,2055,20.2123
RE1,DEMINDELC,ELC003,2056,20.4378
RE1,DEMINDELC,ELC003,2057,20.6657
RE1,DEMINDELC,ELC003,2058,20.8963
RE1,DEMINDELC,ELC003,2059,47.4263
RE1,DEMINDELC,ELC003,2060,17.1956
RE1,DEMINDELC,ELC003,2061,21.6034
RE1,DEMINDELC,ELC003,2062,21.8444
RE1,DEMINDELC,ELC003,2063,22.088
RE1,DEMINDELC,ELC003,2064,22.3344
RE1,DEMINDELC,ELC003,2065,22.5836
RE1,DEMINDELC,ELC003,2066,22.8355
RE1,DEMINDELC,ELC003,2067,23.0902
RE1,DEMINDELC,ELC003,2068,23.3478
RE1,DEMINDELC,ELC003,2069,23.6082
RE1,DEMINDELC,ELC003,2070,107.1094
RE1,DEMINDHEBIO,BIO,2015,520.2667
RE1,DEMINDHEBIO,BIO,2016,466.5755
RE1,DEMINDHEBIO,BIO,2017,474.6554
RE1,DEMINDHEBIO,BIO,2018,488.1075
RE1,DEMINDHEBIO,BIO,2019,499.0635
RE1,DEMINDHEBIO,BIO,2020,510.0028
RE1,DEMINDHEBIO,BIO,2021,517.5933
RE1,DEMINDHEBIO,BIO,2022,525.1725
RE1,DEMINDHEBIO,BIO,2023,532.741
RE1,DEMINDHEBIO,BIO,2024,540.2994
RE1,DEMINDHEBIO,BIO,2025,547.8484
RE1,DEMINDHEBIO,BIO,2026,556.1827
RE1,DEMINDHEBIO,BIO,2027,564.5065
RE1,DEMINDHEBIO,BIO,2028,572.8203
RE1,DEMINDHEBIO,BIO,2029,581.1247
RE1,DEMINDHEBIO,BIO,2030,589.42
RE1,DEMINDHEBIO,BIO,2031,596.8992
RE1,DEMINDHEBIO,BIO,2032,604.3638
RE1,DEMINDHEBIO,BIO,2033,611.8149
RE1,DEMINDHEBIO,BIO,2034,619.2529
RE1,DEMINDHEBIO,BIO,2035,619.2529
RE1,DEMINDHEBIO,BIO,2036,619.2529
RE1,DEMINDHEBIO,BIO,2037,614.3472
RE1,DEMINDHEBIO,BIO,2038,606.7787
RE1,DEMINDHEBIO,BIO,2039,599.2203
RE1,DEMINDHEBIO,BIO,2040,555.7522
RE1,DEMINDHEBIO,BIO,2041,574.2121
RE1,DEMINDHEBIO,BIO,2042,575.0132
RE1,DEMINDHEBIO,BIO,2043,566.6994
RE1,DEMINDHEBIO,BIO,2044,558.3951
RE1,DEMINDHEBIO,BIO,2045,29.8329
RE1,DEMINDHEBIO,BIO,2046,22.3539
RE1,DEMINDHEBIO,BIO,2047,14.8891
RE1,DEMINDHEBIO,BIO,2048,7.4382
RE1,DEMINDHEBIO,BIO,2068,51.7683
RE1,DEMINDHEBIO,BIO,2069,153.6387
RE1,DEMINDHECOA,COA,2015,790.0347
RE1,DEMINDHECOA,COA,2016,708.5035
RE1,DEMINDHECOA,COA,2017,720.773
RE1,DEMINDHECOA,COA,2018,741.2003
RE1,DEMINDHECOA,COA,2019,757.8371
RE1,DEMINDHECOA,COA,2020,774.4487
RE1,DEMINDHECOA,COA,2021,785.975
RE1,DEMINDHECOA,COA,2022,797.4842
RE1,DEMINDHECOA,COA,2023,808.9771
RE1,DEMINDHECOA,COA,2024,820.4548
RE1,DEMINDHECOA,COA,2025,831.918
RE1,DEMINDHECOA,COA,2026,844.5738
RE1,DEMINDHECOA,COA,2027,857.2136
RE1,DEMINDHECOA,COA,2028,869.8382
RE1,DEMINDHECOA,COA,2029,869.8382
RE1,DEMINDHECOA,COA,2030,79.8036
RE1,DEMINDHECOA,COA,2031,79.8036
RE1,DEMINDHECOA,COA,2032,79.8036
RE1,DEMINDHECOA,COA,2033,79.8036
RE1,DEMINDHECOA,COA,2034,79.8036
RE1,DEMINDHECOA,COA,2035,79.8036
RE1,DEMINDHECOA,COA,2036,79.8036
RE1,DEMINDHECOA,COA,2037,72.3541
RE1,DEMINDHECOA,COA,2038,60.8611
RE1,DEMINDHECOA,COA,2039,49.3835
RE1,DEMINDHEEH,ELC003,2029,10.2143
RE1,DEMINDHEEH,ELC003,2030,660.3458
RE1,DEMINDHEEH,ELC003,2031,669.5451
RE1,DEMINDHEEH,ELC003,2032,678.7266
RE1,DEMINDHEEH,ELC003,2033,687.8914
RE1,DEMINDHEEH,ELC003,2034,697.0403
RE1,DEMINDHEEH,ELC003,2035,706.1741
RE1,DEMINDHEEH,ELC003,2036,714.1932
RE1,DEMINDHEEH,ELC003,2037,728.2377
RE1,DEMINDHEEH,ELC003,2038,745.5492
RE1,DEMINDHEEH,ELC003,2039,762.8404
RE1,DEMINDHEEH,ELC003,2040,810.8277
RE1,DEMINDHEEH,ELC003,2041,819.1493
RE1,DEMINDHEEH,ELC003,2042,827.4653
RE1,DEMINDHEEH,ELC003,2043,835.7759
RE1,DEMINDHEEH,ELC003,2044,844.0812
RE1,DEMINDHEEH,ELC003,2045,852.3815
RE1,DEMINDHEEH,ELC003,2046,858.7627
RE1,DEMINDHEEH,ELC003,2047,865.1418
RE1,DEMINDHEEH,ELC003,2048,871.5186
RE1,DEMINDHEEH,ELC003,2049,877.8932
RE1,DEMINDHEEH,ELC003,2050,884.2658
RE1,DEMINDHEEH,ELC003,2051,890.7889
RE1,DEMINDHEEH,ELC003,2052,897.3615
RE1,DEMINDHEEH,ELC003,2053,903.9842
RE1,DEMINDHEEH,ELC003,2054,910.6572
RE1,DEMINDHEEH,ELC003,2055,917.3809
RE1,DEMINDHEEH,ELC003,2056,924.1559
RE1,DEMINDHEEH,ELC003,2057,930.9824
RE1,DEMINDHEEH,ELC003,2058,937.8608
RE1,DEMINDHEEH,ELC003,2059,944.7916
RE1,DEMINDHEEH,ELC003,2060,951.7752
RE1,DEMINDHEEH,ELC003,2061,958.8118
RE1,DEMINDHEEH,ELC003,2062,965.9021
RE1,DEMINDHEEH,ELC003,2063,973.0465
RE1,DEMINDHEEH,ELC003,2064,980.2451
RE1,DEMINDHEEH,ELC003,2065,987.4987
RE1,DEMINDHEEH,ELC003,2066,994.8075
RE1,DEMINDHEEH,ELC003,2067,1002.172
RE1,DEMINDHEEH,ELC003,2068,1009.5925
RE1,DEMINDHEEH,ELC003,2069,1017.0696
RE1,DEMINDHEEH,ELC003,2070,1024.6038
RE1,DEMINDHEEL,ELC003,2035,6.0892
RE1,DEMINDHEEL,ELC003,2036,11.4353
RE1,DEMINDHEEL,ELC003,2037,20.7983
RE1,DEMINDHEEL,ELC003,2038,32.3392
RE1,DEMINDHEEL,ELC003,2039,43.8667
RE1,DEMINDHEEL,ELC003,2040,84.835
RE1,DEMINDHEEL,ELC003,2041,75.2457
RE1,DEMINDHEEL,ELC003,2042,80.1327
RE1,DEMINDHEEL,ELC003,2043,92.4904
RE1,DEMINDHEEL,ELC003,2044,104.8368
RE1,DEMINDHEEL,ELC003,2045,543.7913
RE1,DEMINDHEEL,ELC003,2046,554.1784
RE1,DEMINDHEEL,ELC003,2047,564.552
RE1,DEMINDHEEL,ELC003,2048,574.9131
RE1,DEMINDHEEL,ELC003,2049,585.2622
RE1,DEMINDHEEL,ELC003,2050,589.5105
RE1,DEMINDHEEL,ELC003,2051,593.8593
RE1,DEMINDHEEL,ELC003,2052,598.241
RE1,DEMINDHEEL,ELC003,2053,602.6561
RE1,DEMINDHEEL,ELC003,2054,607.1048
RE1,DEMINDHEEL,ELC003,2055,611.5873
RE1,DEMINDHEEL,ELC003,2056,616.1039
RE1,DEMINDHEEL,ELC003,2057,620.6549
RE1,DEMINDHEEL,ELC003,2058,625.2405
RE1,DEMINDHEEL,ELC003,2059,629.861
RE1,DEMINDHEEL,ELC003,2060,634.5168
RE1,DEMINDHEEL,ELC003,2061,639.2079
RE1,DEMINDHEEL,ELC003,2062,643.9348
RE1,DEMINDHEEL,ELC003,2063,648.6976
RE1,DEMINDHEEL,ELC003,2064,653.4967
RE1,DEMINDHEEL,ELC003,2065,658.3324
RE1,DEMINDHEEL,ELC003,2066,663.205
RE1,DEMINDHEEL,ELC003,2067,668.1146
RE1,DEMINDHEEL,ELC003,2068,630.6117
RE1,DEMINDHEEL,ELC003,2069,552.0627
RE1,DEMINDHEEL,ELC003,2070,683.0692
RE1,DEMRESCKNBIO,BIO,2015,242.4683
RE1,DEMRESCKNBIO,BIO,2016,230.4988
RE1,DEMRESCKNBIO,BIO,2017,233.8927
RE1,DEMRESCKNBIO,BIO,2018,242.2782
RE1,DEMRESCKNBIO,BIO,2019,248.3442
RE1,DEMRESCKNBIO,BIO,2020,254.3949
RE1,DEMRESCKNBIO,BIO,2021,258.8946
RE1,DEMRESCKNBIO,BIO,2022,263.3837
RE1,DEMRESCKNBIO,BIO,2023,267.8629
RE1,DEMRESCKNELC,ELC003,2015,7.3604
RE1,DEMRESCKNELC,ELC003,2016,6.9971
RE1,DEMRESCKNELC,ELC003,2017,7.1001
RE1,DEMRESCKNELC,ELC003,2018,7.3546
RE1,DEMRESCKNELC,ELC003,2019,6.9869
RE1,DEMRESCKNELC,ELC003,2020,6.6192
RE1,DEMRESCKNELC,ELC003,2021,6.2515
RE1,DEMRESCKNELC,ELC003,2022,5.8837
RE1,DEMRESCKNELC,ELC003,2024,232.7118
RE1,DEMRESCKNELC,ELC003,2025,236.5238
RE1,DEMRESCKNELC,ELC003,2026,240.7014
RE1,DEMRESCKNELC,ELC003,2027,244.8707
RE1,DEMRESCKNELC,ELC003,2028,249.032
RE1,DEMRESCKNELC,ELC003,2029,253.1858
RE1,DEMRESCKNELC,ELC003,2030,257.3325
RE1,DEMRESCKNELC,ELC003,2031,261.1302
RE1,DEMRESCKNELC,ELC003,2032,264.9163
RE1,DEMRESCKNELC,ELC003,2033,268.6917
RE1,DEMRESCKNELC,ELC003,2034,272.4568
RE1,DEMRESCKNELC,ELC003,2035,276.2122
RE1,DEMRESCKNELC,ELC003,2036,279.4804
RE1,DEMRESCKNELC,ELC003,2037,282.7431
RE1,DEMRESCKNELC,ELC003,2038,286.0005
RE1,DEMRESCKNELC,ELC003,2039,289.2527
RE1,DEMRESCKNELC,ELC003,2040,292.5
RE1,DEMRESCKNELC,ELC003,2041,295.7422
RE1,DEMRESCKNELC,ELC003,2042,298.9807
RE1,DEMRESCKNELC,ELC003,2043,302.2158
RE1,DEMRESCKNELC,ELC003,2044,305.4474
RE1,DEMRESCKNELC,ELC003,2045,308.6758
RE1,DEMRESCKNELC,ELC003,2046,311.1223
RE1,DEMRESCKNELC,ELC003,2047,313.5672
RE1,DEMRESCKNELC,ELC003,2048,316.0108
RE1,DEMRESCKNELC,ELC003,2049,318.453
RE1,DEMRESCKNELC,ELC003,2050,320.8938
RE1,DEMRESCKNELC,ELC003,2051,323.3948
RE1,DEMRESCKNELC,ELC003,2052,325.9154
RE1,DEMRESCKNELC,ELC003,2053,328.4555
RE1,DEMRESCKNELC,ELC003,2054,331.0155
RE1,DEMRESCKNELC,ELC003,2055,333.5954
RE1,DEMRESCKNELC,ELC003,2056,336.1955
RE1,DEMRESCKNELC,ELC003,2057,338.8158
RE1,DEMRESCKNELC,ELC003,2058,341.4565
RE1,DEMRESCKNELC,ELC003,2059,344.1178
RE1,DEMRESCKNELC,ELC003,2060,346.7998
RE1,DEMRESCKNELC,ELC003,2061,349.5028
RE1,DEMRESCKNELC,ELC003,2062,352.2268
RE1,DEMRESCKNELC,ELC003,2063,354.9721
RE1,DEMRESCKNELC,ELC003,2064,357.7387
RE1,DEMRESCKNELC,ELC003,2065,360.5269
RE1,DEMRESCKNELC,ELC003,2066,363.3369
RE1,DEMRESCKNELC,ELC003,2067,366.1687
RE1,DEMRESCKNELC,ELC003,2068,369.0226
RE1,DEMRESCKNELC,ELC003,2069,371.8988
RE1,DEMRESCKNELC,ELC003,2070,374.7974
RE1,DEMRESCKNOIL,LFO,2015,235.0056
RE1,DEMRESCKNOIL,LFO,2016,223.4046
RE1,DEMRESCKNOIL,LFO,2017,226.6938
RE1,DEMRESCKNOIL,LFO,2018,234.8212
RE1,DEMRESCKNOIL,LFO,2019,241.7519
RE1,DEMRESCKNOIL,LFO,2020,248.6667
RE1,DEMRESCKNOIL,LFO,2021,253.9884
RE1,DEMRESCKNOIL,LFO,2022,259.2993
RE1,DEMRESCKNOIL,LFO,2023,275.1067
RE1,DEMRESELC,ELC003,2015,163.7593
RE1,DEMRESELC,ELC003,2016,173.2287
RE1,DEMRESELC,ELC003,2017,181.3445
RE1,DEMRESELC,ELC003,2018,189.4604
RE1,DEMRESELC,ELC003,2019,197.5763
RE1,DEMRESELC,ELC003,2020,205.6922
RE1,DEMRESELC,ELC003,2021,211.9215
RE1,DEMRESELC,ELC003,2022,218.1507
RE1,DEMRESELC,ELC003,2023,224.38
RE1,DEMRESELC,ELC003,2024,4.5269
RE1,DEMRESELC,ELC003,2025,5.7764
RE1,DEMRESELC,ELC003,2026,4.7813
RE1,DEMRESELC,ELC003,2027,4.9134
RE1,DEMRESELC,ELC003,2028,5.0456
RE1,DEMRESELC,ELC003,2029,6.4331
RE1,DEMRESELC,ELC003,2030,6.5973
RE1,DEMRESELC,ELC003,2031,6.785
RE1,DEMRESELC,ELC003,2032,6.9726
RE1,DEMRESELC,ELC003,2033,7.1603
RE1,DEMRESELC,ELC003,2034,7.3479
RE1,DEMRESELC,ELC003,2035,7.5356
RE1,DEMRESELC,ELC003,2036,7.6866
RE1,DEMRESELC,ELC003,2037,7.8377
RE1,DEMRESELC,ELC003,2038,7.9888
RE1,DEMRESELC,ELC003,2039,8.1398
RE1,DEMRESELC,ELC003,2040,8.2909
RE1,DEMRESELC,ELC003,2041,8.4388
RE1,DEMRESELC,ELC003,2042,8.5868
RE1,DEMRESELC,ELC003,2043,8.7347
RE1,DEMRESELC,ELC003,2044,8.8826
RE1,DEMRESELC,ELC003,2045,9.0306
RE1,DEMRESELC,ELC003,2046,9.1336
RE1,DEMRESELC,ELC003,2047,9.2366
RE1,DEMRESELC,ELC003,2048,9.3396
RE1,DEMRESELC,ELC003,2049,9.4426
RE1,DEMRESELC,ELC003,2050,9.5456
RE1,DEMRESELC,ELC003,2051,9.6521
RE1,DEMRESELC,ELC003,2052,9.7598
RE1,DEMRESELC,ELC003,2053,9.8686
RE1,DEMRESELC,ELC003,2054,9.9787
RE1,DEMRESELC,ELC003,2055,10.09
RE1,DEMRESELC,ELC003,2056,10.2026
RE1,DEMRESELC,ELC003,2057,10.3164
RE1,DEMRESELC,ELC003,2058,10.4315
RE1,DEMRESELC,ELC003,2059,23.6753
RE1,DEMRESELC,ELC003,2060,8.5841
RE1,DEMRESELC,ELC003,2061,10.7845
RE1,DEMRESELC,ELC003,2062,10.9048
RE1,DEMRESELC,ELC003,2063,11.0264
RE1,DEMRESELC,ELC003,2064,11.1494
RE1,DEMRESELC,ELC003,2065,11.2738
RE1,DEMRESELC,ELC003,2066,11.3995
RE1,DEMRESELC,ELC003,2067,11.5267
RE1,DEMRESELC,ELC003,2068,11.6553
RE1,DEMRESELC,ELC003,2069,11.7853
RE1,DEMRESELC,ELC003,2070,53.4693
RE1,DEMRESHEBIO,BIO,2015,103.1321
RE1,DEMRESHEBIO,BIO,2016,98.041
RE1,DEMRESHEBIO,BIO,2017,99.4845
RE1,DEMRESHEBIO,BIO,2018,103.0512
RE1,DEMRESHEBIO,BIO,2019,105.6313
RE1,DEMRESHEBIO,BIO,2020,108.205
RE1,DEMRESHEBIO,BIO,2021,110.1189
RE1,DEMRESHEBIO,BIO,2022,112.0283
RE1,DEMRESHEBIO,BIO,2023,113.9334
RE1,DEMRESHEBIO,BIO,2024,115.8346
RE1,DEMRESHEBIO,BIO,2025,117.7321
RE1,DEMRESHEBIO,BIO,2026,119.8116
RE1,DEMRESHEBIO,BIO,2027,121.8868
RE1,DEMRESHEBIO,BIO,2028,123.9582
RE1,DEMRESHEBIO,BIO,2029,126.0257
RE1,DEMRESHEBIO,BIO,2030,128.0899
RE1,DEMRESHEBIO,BIO,2031,129.9801
RE1,DEMRESHEBIO,BIO,2032,131.8648
RE1,DEMRESHEBIO,BIO,2033,133.744
RE1,DEMRESHEBIO,BIO,2034,135.6182
RE1,DEMRESHEBIO,BIO,2035,133.0445
RE1,DEMRESHEBIO,BIO,2036,131.1306
RE1,DEMRESHEBIO,BIO,2037,129.2212
RE1,DEMRESHEBIO,BIO,2038,127.3161
RE1,DEMRESHEBIO,BIO,2039,125.4149
RE1,DEMRESHEBIO,BIO,2040,113.8709
RE1,DEMRESHEBIO,BIO,2041,118.0419
RE1,DEMRESHEBIO,BIO,2042,119.3627
RE1,DEMRESHEBIO,BIO,2043,117.2913
RE1,DEMRESHEBIO,BIO,2044,115.2238
RE1,DEMRESHEBIO,BIO,2045,10.0276
RE1,DEMRESHEBIO,BIO,2046,8.1373
RE1,DEMRESHEBIO,BIO,2047,6.2527
RE1,DEMRESHEBIO,BIO,2048,4.3734
RE1,DEMRESHEBIO,BIO,2068,16.6788
RE1,DEMRESHEBIO,BIO,2069,18.1104
RE1,DEMRESHEEL,ELC003,2035,3.6432
RE1,DEMRESHEEL,ELC003,2036,6.5465
RE1,DEMRESHEEL,ELC003,2037,9.4439
RE1,DEMRESHEEL,ELC003,2038,12.3357
RE1,DEMRESHEEL,ELC003,2039,15.2221
RE1,DEMRESHEEL,ELC003,2040,26.0137
RE1,DEMRESHEEL,ELC003,2041,23.9168
RE1,DEMRESHEEL,ELC003,2042,24.1556
RE1,DEMRESHEEL,ELC003,2043,27.1745
RE1,DEMRESHEEL,ELC003,2044,30.189
RE1,DEMRESHEEL,ELC003,2045,117.7675
RE1,DEMRESHEEL,ELC003,2046,120.3161
RE1,DEMRESHEEL,ELC003,2047,122.8595
RE1,DEMRESHEEL,ELC003,2048,125.3978
RE1,DEMRESHEEL,ELC003,2049,129.9808
RE1,DEMRESHEEL,ELC003,2050,130.9771
RE1,DEMRESHEEL,ELC003,2051,131.9979
RE1,DEMRESHEEL,ELC003,2052,133.0267
RE1,DEMRESHEEL,ELC003,2053,134.0635
RE1,DEMRESHEEL,ELC003,2054,135.1084
RE1,DEMRESHEEL,ELC003,2055,136.1614
RE1,DEMRESHEEL,ELC003,2056,137.2226
RE1,DEMRESHEEL,ELC003,2057,138.2921
RE1,DEMRESHEEL,ELC003,2058,139.37
RE1,DEMRESHEEL,ELC003,2059,140.4562
RE1,DEMRESHEEL,ELC003,2060,141.5509
RE1,DEMRESHEEL,ELC003,2061,142.6542
RE1,DEMRESHEEL,ELC003,2062,143.766
RE1,DEMRESHEEL,ELC003,2063,144.8866
RE1,DEMRESHEEL,ELC003,2064,146.0158
RE1,DEMRESHEEL,ELC003,2065,147.1538
RE1,DEMRESHEEL,ELC003,2066,148.3007
RE1,DEMRESHEEL,ELC003,2067,149.4566
RE1,DEMRESHEEL,ELC003,2068,136.9449
RE1,DEMRESHEEL,ELC003,2069,136.9449
RE1,DEMRESHEEL,ELC003,2070,152.9785
RE1,DEMTRABUSELC,ELCEV,2050,784.2379
RE1,DEMTRABUSELC,ELCEV,2051,790.2102
RE1,DEMTRABUSELC,ELCEV,2052,796.2287
RE1,DEMTRABUSELC,ELCEV,2053,802.2937
RE1,DEMTRABUSELC,ELCEV,2054,808.4057
RE1,DEMTRABUSELC,ELCEV,2055,814.5649
RE1,DEMTRABUSELC,ELCEV,2056,820.7718
RE1,DEMTRABUSELC,ELCEV,2057,827.0266
RE1,DEMTRABUSELC,ELCEV,2058,833.33
RE1,DEMTRABUSELC,ELCEV,2059,839.6821
RE1,DEMTRABUSELC,ELCEV,2060,846.0832
RE1,DEMTRABUSELC,ELCEV,2061,852.534
RE1,DEMTRABUSELC,ELCEV,2062,859.0347
RE1,DEMTRABUSELC,ELCEV,2063,865.5857
RE1,DEMTRABUSELC,ELCEV,2064,872.1874
RE1,DEMTRABUSELC,ELCEV,2065,878.8402
RE1,DEMTRABUSELC,ELCEV,2066,885.5446
RE1,DEMTRABUSELC,ELCEV,2067,892.3007
RE1,DEMTRABUSELC,ELCEV,2068,899.1092
RE1,DEMTRABUSELC,ELCEV,2069,905.9705
RE1,DEMTRABUSELC,ELCEV,2070,912.8849
RE1,DEMTRABUSGSL,LFO,2015,1699.2139
RE1,DEMTRABUSGSL,LFO,2016,1764.3434
RE1,DEMTRABUSGSL,LFO,2017,1804.9053
RE1,DEMTRABUSGSL,LFO,2018,1848.6493
RE1,DEMTRABUSGSL,LFO,2019,1890.9145
RE1,DEMTRABUSGSL,LFO,2020,1933.1701
RE1,DEMTRABUSGSL,LFO,2021,1966.9274
RE1,DEMTRABUSGSL,LFO,2022,2000.6778
RE1,DEMTRABUSGSL,LFO,2023,2034.422
RE1,DEMTRABUSGSL,LFO,2024,2068.1603
RE1,DEMTRABUSGSL,LFO,2025,2101.8929
RE1,DEMTRABUSGSL,LFO,2026,2139.4642
RE1,DEMTRABUSGSL,LFO,2027,2177.0291
RE1,DEMTRABUSGSL,LFO,2028,2214.5882
RE1,DEMTRABUSGSL,LFO,2029,2252.1417
RE1,DEMTRABUSGSL,LFO,2030,2289.6898
RE1,DEMTRABUSGSL,LFO,2031,2320.7602
RE1,DEMTRABUSGSL,LFO,2032,2351.8221
RE1,DEMTRABUSGSL,LFO,2033,2382.8759
RE1,DEMTRABUSGSL,LFO,2034,2413.9221
RE1,DEMTRABUSGSL,LFO,2035,2444.9611
RE1,DEMTRABUSGSL,LFO,2036,2473.2571
RE1,DEMTRABUSGSL,LFO,2037,2501.5492
RE1,DEMTRABUSGSL,LFO,2038,2529.8373
RE1,DEMTRABUSGSL,LFO,2039,2558.1216
RE1,DEMTRABUSGSL,LFO,2040,2586.4022
RE1,DEMTRABUSGSL,LFO,2041,2613.3122
RE1,DEMTRABUSGSL,LFO,2042,2640.2195
RE1,DEMTRABUSGSL,LFO,2043,2667.1242
RE1,DEMTRABUSGSL,LFO,2044,2694.0264
RE1,DEMTRABUSGSL,LFO,2045,2720.9263
RE1,DEMTRABUSGSL,LFO,2046,2741.9595
RE1,DEMTRABUSGSL,LFO,2047,2762.9918
RE1,DEMTRABUSGSL,LFO,2048,2784.0233
RE1,DEMTRABUSGSL,LFO,2049,2805.0533
RE1,DEMTRACARELC,ELCEV,2049,6.7822
RE1,DEMTRACARELC,ELCEV,2050,911.4116
RE1,DEMTRACARELC,ELCEV,2051,918.3524
RE1,DEMTRACARELC,ELCEV,2052,925.3469
RE1,DEMTRACARELC,ELCEV,2053,932.3954
RE1,DEMTRACARELC,ELCEV,2054,939.4984
RE1,DEMTRACARELC,ELCEV,2055,946.6565
RE1,DEMTRACARELC,ELCEV,2056,953.8699
RE1,DEMTRACARELC,ELCEV,2057,961.1391
RE1,DEMTRACARELC,ELCEV,2058,968.4646
RE1,DEMTRACARELC,ELCEV,2059,975.8467
RE1,DEMTRACARELC,ELCEV,2060,983.286
RE1,DEMTRACARELC,ELCEV,2061,990.7828
RE1,DEMTRACARELC,ELCEV,2062,998.3376
RE1,DEMTRACARELC,ELCEV,2063,1005.951
RE1,DEMTRACARELC,ELCEV,2064,1013.6232
RE1,DEMTRACARELC,ELCEV,2065,1021.3549
RE1,DEMTRACARELC,ELCEV,2066,1029.1464
RE1,DEMTRACARELC,ELCEV,2067,1036.9982
RE1,DEMTRACARELC,ELCEV,2068,1044.9108
RE1,DEMTRACARELC,ELCEV,2069,1052.8847
RE1,DEMTRACARELC,ELCEV,2070,1060.9203
RE1,DEMTRACARGSL,LFO,2015,2468.4529
RE1,DEMTRACARGSL,LFO,2016,2563.0667
RE1,DEMTRACARGSL,LFO,2017,2621.9908
RE1,DEMTRACARGSL,LFO,2018,2685.5378
RE1,DEMTRACARGSL,LFO,2019,2746.9366
RE1,DEMTRACARGSL,LFO,2020,2808.3213
RE1,DEMTRACARGSL,LFO,2021,2857.3606
RE1,DEMTRACARGSL,LFO,2022,2906.3901
RE1,DEMTRACARGSL,LFO,2023,2955.4101
RE1,DEMTRACARGSL,LFO,2024,3004.4219
RE1,DEMTRACARGSL,LFO,2025,3053.4253
RE1,DEMTRACARGSL,LFO,2026,3108.0051
RE1,DEMTRACARGSL,LFO,2027,3162.576
RE1,DEMTRACARGSL,LFO,2028,3217.1381
RE1,DEMTRACARGSL,LFO,2029,3271.6921
RE1,DEMTRACARGSL,LFO,2030,3326.2386
RE1,DEMTRACARGSL,LFO,2031,3371.3746
RE1,DEMTRACARGSL,LFO,2032,3416.4985
RE1,DEMTRACARGSL,LFO,2033,3461.6102
RE1,DEMTRACARGSL,LFO,2034,3506.711
RE1,DEMTRACARGSL,LFO,2035,3551.8016
RE1,DEMTRACARGSL,LFO,2036,3592.9074
RE1,DEMTRACARGSL,LFO,2037,3634.0074
RE1,DEMTRACARGSL,LFO,2038,3675.1016
RE1,DEMTRACARGSL,LFO,2039,3716.1901
RE1,DEMTRACARGSL,LFO,2040,3757.2735
RE1,DEMTRACARGSL,LFO,2041,3796.3658
RE1,DEMTRACARGSL,LFO,2042,3835.4541
RE1,DEMTRACARGSL,LFO,2043,3874.5388
RE1,DEMTRACARGSL,LFO,2044,3913.6196
RE1,DEMTRACARGSL,LFO,2045,3952.6969
RE1,DEMTRACARGSL,LFO,2046,3983.2523
RE1,DEMTRACARGSL,LFO,2047,4013.806
RE1,DEMTRACARGSL,LFO,2048,4044.3581
RE1,DEMTRACARGSL,LFO,2049,4044.3581
RE1,DEMTRAEVC,ELC003,2024,344.3487
RE1,DEMTRAEVC,ELC003,2025,349.9652
RE1,DEMTRAEVC,ELC003,2026,356.2207
RE1,DEMTRAEVC,ELC003,2027,362.4753
RE1,DEMTRAEVC,ELC003,2028,368.7289
RE1,DEMTRAEVC,ELC003,2029,374.9816
RE1,DEMTRAEVC,ELC003,2030,381.2334
RE1,DEMTRAEVC,ELC003,2031,386.4066
RE1,DEMTRAEVC,ELC003,2032,391.5784
RE1,DEMTRAEVC,ELC003,2033,396.7488
RE1,DEMTRAEVC,ELC003,2034,401.918
RE1,DEMTRAEVC,ELC003,2035,407.086
RE1,DEMTRAEVC,ELC003,2036,411.7973
RE1,DEMTRAEVC,ELC003,2037,416.508
RE1,DEMTRAEVC,ELC003,2038,421.2179
RE1,DEMTRAEVC,ELC003,2039,425.9273
RE1,DEMTRAEVC,ELC003,2040,430.636
RE1,DEMTRAEVC,ELC003,2041,435.1165
RE1,DEMTRAEVC,ELC003,2042,439.5966
RE1,DEMTRAEVC,ELC003,2043,444.0762
RE1,DEMTRAEVC,ELC003,2044,448.5554
RE1,DEMTRAEVC,ELC003,2045,453.0342
RE1,DEMTRAEVC,ELC003,2046,456.5363
RE1,DEMTRAEVC,ELC003,2047,460.0381
RE1,DEMTRAEVC,ELC003,2048,463.5399
RE1,DEMTRAEVC,ELC003,2049,474.5697
RE1,DEMTRAEVC,ELC003,2050,2352.7138
RE1,DEMTRAEVC,ELC003,2051,2370.6307
RE1,DEMTRAEVC,ELC003,2052,2388.6861
RE1,DEMTRAEVC,ELC003,2053,2406.8811
RE1,DEMTRAEVC,ELC003,2054,2425.2169
RE1,DEMTRAEVC,ELC003,2055,2443.6947
RE1,DEMTRAEVC,ELC003,2056,2462.3153
RE1,DEMTRAEVC,ELC003,2057,2481.08
RE1,DEMTRAEVC,ELC003,2058,2499.9898
RE1,DEMTRAEVC,ELC003,2059,2519.0461
RE1,DEMTRAEVC,ELC003,2060,2538.2498
RE1,DEMTRAEVC,ELC003,2061,2557.6021
RE1,DEMTRAEVC,ELC003,2062,2577.1042
RE1,DEMTRAEVC,ELC003,2063,2596.7571
RE1,DEMTRAEVC,ELC003,2064,2616.5623
RE1,DEMTRAEVC,ELC003,2065,2636.5207
RE1,DEMTRAEVC,ELC003,2066,2656.6337
RE1,DEMTRAEVC,ELC003,2067,2676.9023
RE1,DEMTRAEVC,ELC003,2068,2697.3279
RE1,DEMTRAEVC,ELC003,2069,2717.9116
RE1,DEMTRAEVC,ELC003,2070,2738.6547
RE1,DEMTRAMCYELC,ELCEV,2024,310.224
RE1,DEMTRAMCYELC,ELCEV,2025,315.2839
RE1,DEMTRAMCYELC,ELCEV,2026,320.9196
RE1,DEMTRAMCYELC,ELCEV,2027,326.5543
RE1,DEMTRAMCYELC,ELCEV,2028,332.1882
RE1,DEMTRAMCYELC,ELCEV,2029,337.8212
RE1,DEMTRAMCYELC,ELCEV,2030,343.4535
RE1,DEMTRAMCYELC,ELCEV,2031,348.114
RE1,DEMTRAMCYELC,ELCEV,2032,352.7733
RE1,DEMTRAMCYELC,ELCEV,2033,357.4314
RE1,DEMTRAMCYELC,ELCEV,2034,362.0883
RE1,DEMTRAMCYELC,ELCEV,2035,366.7441
RE1,DEMTRAMCYELC,ELCEV,2036,370.9886
RE1,DEMTRAMCYELC,ELCEV,2037,375.2324
RE1,DEMTRAMCYELC,ELCEV,2038,379.4756
RE1,DEMTRAMCYELC,ELCEV,2039,383.7183
RE1,DEMTRAMCYELC,ELCEV,2040,387.9603
RE1,DEMTRAMCYELC,ELCEV,2041,391.9968
RE1,DEMTRAMCYELC,ELCEV,2042,396.033
RE1,DEMTRAMCYELC,ELCEV,2043,400.0687
RE1,DEMTRAMCYELC,ELCEV,2044,404.104
RE1,DEMTRAMCYELC,ELCEV,2045,408.1389
RE1,DEMTRAMCYELC,ELCEV,2046,411.294
RE1,DEMTRAMCYELC,ELCEV,2047,414.4488
RE1,DEMTRAMCYELC,ELCEV,2048,417.6035
RE1,DEMTRAMCYELC,ELCEV,2049,420.758
RE1,DEMTRAMCYELC,ELCEV,2050,423.9124
RE1,DEMTRAMCYELC,ELCEV,2051,427.1407
RE1,DEMTRAMCYELC,ELCEV,2052,430.3939
RE1,DEMTRAMCYELC,ELCEV,2053,433.6723
RE1,DEMTRAMCYELC,ELCEV,2054,436.976
RE1,DEMTRAMCYELC,ELCEV,2055,440.3053
RE1,DEMTRAMCYELC,ELCEV,2056,443.6604
RE1,DEMTRAMCYELC,ELCEV,2057,447.0415
RE1,DEMTRAMCYELC,ELCEV,2058,450.4486
RE1,DEMTRAMCYELC,ELCEV,2059,453.8822
RE1,DEMTRAMCYELC,ELCEV,2060,457.3423
RE1,DEMTRAMCYELC,ELCEV,2061,460.8292
RE1,DEMTRAMCYELC,ELCEV,2062,464.3431
RE1,DEMTRAMCYELC,ELCEV,2063,467.8842
RE1,DEMTRAMCYELC,ELCEV,2064,471.4527
RE1,DEMTRAMCYELC,ELCEV,2065,475.0488
RE1,DEMTRAMCYELC,ELCEV,2066,478.6727
RE1,DEMTRAMCYELC,ELCEV,2067,482.3247
RE1,DEMTRAMCYELC,ELCEV,2068,486.005
RE1,DEMTRAMCYELC,ELCEV,2069,489.7138
RE1,DEMTRAMCYELC,ELCEV,2070,493.4513
RE1,DEMTRAMCYGSL,LFO,2015,1148.1175
RE1,DEMTRAMCYGSL,LFO,2016,1192.124
RE1,DEMTRAMCYGSL,LFO,2017,1219.5305
RE1,DEMTRAMCYGSL,LFO,2018,1249.087
RE1,DEMTRAMCYGSL,LFO,2019,1277.645
RE1,DEMTRAMCYGSL,LFO,2020,1306.196
RE1,DEMTRAMCYGSL,LFO,2021,1329.005
RE1,DEMTRAMCYGSL,LFO,2022,1351.809
RE1,DEMTRAMCYGSL,LFO,2023,1374.6095
RE1,INDENEFFDP,ELC003,2024,348.3746
RE1,INDENEFFDP,ELC003,2025,356.0479
RE1,INDENEFFDP,ELC003,2026,367.9537
RE1,INDENEFFDP,ELC003,2027,378.1224
RE1,INDENEFFDP,ELC003,2028,388.2911
RE1,INDENEFFDP,ELC003,2029,396.5253
RE1,INDENEFFDP,ELC003,2030,406.6446
RE1,INDENEFFDP,ELC003,2031,418.211
RE1,INDENEFFDP,ELC003,2032,429.7773
RE1,INDENEFFDP,ELC003,2033,441.3436
RE1,INDENEFFDP,ELC003,2034,452.9099
RE1,INDENEFFDP,ELC003,2035,464.4761
RE1,INDENEFFDP,ELC003,2036,473.7878
RE1,INDENEFFDP,ELC003,2037,483.0995
RE1,INDENEFFDP,ELC003,2038,492.4112
RE1,INDENEFFDP,ELC003,2039,501.7228
RE1,INDENEFFDP,ELC003,2040,511.0345
RE1,INDENEFFDP,ELC003,2041,520.1528
RE1,INDENEFFDP,ELC003,2042,529.2711
RE1,INDENEFFDP,ELC003,2043,538.3894
RE1,INDENEFFDP,ELC003,2044,547.5078
RE1,INDENEFFDP,ELC003,2045,556.626
RE1,INDENEFFDP,ELC003,2046,562.9752
RE1,INDENEFFDP,ELC003,2047,569.3244
RE1,INDENEFFDP,ELC003,2048,575.6735
RE1,INDENEFFDP,ELC003,2049,582.0227
RE1,INDENEFFDP,ELC003,2050,588.3718
RE1,INDENEFFDP,ELC003,2051,594.935
RE1,INDENEFFDP,ELC003,2052,601.5714
RE1,INDENEFFDP,ELC003,2053,608.2818
RE1,INDENEFFDP,ELC003,2054,615.0671
RE1,INDENEFFDP,ELC003,2055,621.9281
RE1,INDENEFFDP,ELC003,2056,628.8656
RE1,INDENEFFDP,ELC003,2057,635.8805
RE1,INDENEFFDP,ELC003,2058,642.9736
RE1,INDENEFFDP,ELC003,2059,629.9175
RE1,INDENEFFDP,ELC003,2060,660.6055
RE1,INDENEFFDP,ELC003,2061,664.7314
RE1,INDENEFFDP,ELC003,2062,672.1464
RE1,INDENEFFDP,ELC003,2063,679.6441
RE1,INDENEFFDP,ELC003,2064,687.2254
RE1,INDENEFFDP,ELC003,2065,694.8913
RE1,INDENEFFDP,ELC003,2066,702.6427
RE1,INDENEFFDP,ELC003,2067,710.4805
RE1,INDENEFFDP,ELC003,2068,718.4058
RE1,INDENEFFDP,ELC003,2069,726.4196
RE1,INDENEFFDP,ELC003,2070,670.4935
RE1,PWRBIO001,BIO,2015,171.9092
RE1,PWRBIO001,BIO,2016,196.5007
RE1,PWRBIO001,BIO,2017,221.0344
RE1,PWRBIO001,BIO,2018,233.2147
RE1,PWRBIO001,BIO,2019,233.2147
RE1,PWRBIO001,BIO,2020,245.6257
RE1,PWRBIO001,BIO,2021,257.9215
RE1,PWRBIO001,BIO,2022,257.9215
RE1,PWRBIO001,BIO,2023,257.9215
RE1,PWRBIO001,BIO,2024,251.6322
RE1,PWRBIO001,BIO,2025,126.2763
RE1,PWRBIO001,BIO,2026,125.4486
RE1,PWRBIO001,BIO,2027,124.5199
RE1,PWRBIO001,BIO,2028,123.5874
RE1,PWRBIO001,BIO,2029,123.5874
RE1,PWRBIO001,BIO,2030,107.4673
RE1,PWRBIO001,BIO,2031,35.8385
RE1,PWRBIO001,BIO,2032,35.8385
RE1,PWRBIO001,BIO,2033,35.8385
RE1,PWRBIO001,BIO,2034,35.8385
RE1,PWRBIO001,BIO,2035,35.8385
RE1,PWRBIO001,BIO,2036,35.8385
RE1,PWRBIO001,BIO,2037,35.8385
RE1,PWRBIO001,BIO,2038,35.8385
RE1,PWRBIO001,BIO,2039,35.8385
RE1,PWRBIO001,BIO,2040,35.8385
RE1,PWRBIO001,BIO,2041,35.8385
RE1,PWRBIO001,BIO,2042,35.8385
RE1,PWRBIO001,BIO,2043,35.8385
RE1,PWRBIO001,BIO,2044,35.8385
RE1,PWRBIO001,BIO,2045,35.8385
RE1,PWRBIO001,BIO,2046,25.592
RE1,PWRBIO001,BIO,2047,15.3696
RE1,PWRBIO001,BIO,2048,10.2946
RE1,PWRBIO001,BIO,2049,10.2946
RE1,PWRBIO001,BIO,2050,5.1232
RE1,PWRCOA001,COA,2015,411.8408
RE1,PWRCOA001,COA,2016,411.8408
RE1,PWRCOA001,COA,2017,411.8408
RE1,PWRCOA001,COA,2018,825.7784
RE1,PWRCOA001,COA,2019,825.7784
RE1,PWRCOA001,COA,2020,825.7784
RE1,PWRCOA001,COA,2021,825.7784
RE1,PWRCOA001,COA,2022,825.7784
RE1,PWRCOA001,COA,2023,825.7784
RE1,PWRCOA001,COA,2024,383.3651
RE1,PWRCOA001,COA,2025,262.98
RE1,PWRCOA001,COA,2026,265.7627
RE1,PWRCOA001,COA,2027,265.7627
RE1,PWRCOA001,COA,2028,265.7627
RE1,PWRCOA001,COA,2029,255.0601
RE1,PWRCOA001,COA,2030,255.0601
RE1,PWRCOA001,COA,2031,237.8969
RE1,PWRCOA001,COA,2032,237.8969
RE1,PWRCOA001,COA,2033,237.8969
RE1,PWRCOA001,COA,2034,237.8969
RE1,PWRCOA001,COA,2035,237.8969
RE1,PWRCOA001,COA,2036,237.8969
RE1,PWRCOA001,COA,2037,194.0097
RE1,PWRCOA001,COA,2038,194.0097
RE1,PWRCOA001,COA,2039,194.0097
RE1,PWRCOA001,COA,2040,194.0097
RE1,PWRCOA001,COA,2041,194.0097
RE1,PWRCOA001,COA,2042,172.474
RE1,PWRCOA001,COA,2043,172.474
RE1,PWRCOA001,COA,2044,172.474
RE1,PWRCOA001,COA,2045,172.474
RE1,PWRCOA001,COA,2046,172.474
RE1,PWRCOA001,COA,2047,172.474
RE1,PWRCOA001,COA,2048,172.474
RE1,PWRCOA001,COA,2049,172.474
RE1,PWRCOA001,COA,2050,172.474
RE1,PWRCOA001,COA,2051,172.474
RE1,PWRCOA001,COA,2052,172.474
RE1,PWRCOA001,COA,2053,172.474
RE1,PWRCOA001,COA,2054,172.474
RE1,PWRCOA001,COA,2055,172.474
RE1,PWRCOA001,COA,2056,172.474
RE1,PWRCOA001,COA,2057,172.474
RE1,PWRCOA001,COA,2058,172.474
RE1,PWRCOA001,COA,2059,172.474
RE1,PWRCOA001,COA,2060,172.474
RE1,PWRCOA001,COA,2061,172.474
RE1,PWRCOA001,COA,2062,172.474
RE1,PWRCOA001,COA,2063,172.474
RE1,PWRCOA001,COA,2064,172.474
RE1,PWRCOA001,COA,2065,172.474
RE1,PWRCOA001,COA,2066,172.474
RE1,PWRCOA001,COA,2067,172.474
RE1,PWRCOA001,COA,2068,172.474
RE1,PWRCOA001,COA,2069,172.474
RE1,PWRCSP002,SOL,2015,0.0274
RE1,PWRCSP002,SOL,2016,0.0274
RE1,PWRCSP002,SOL,2017,0.0274
RE1,PWRCSP002,SOL,2018,0.0274
RE1,PWRCSP002,SOL,2019,0.0274
RE1,PWRCSP002,SOL,2020,0.0274
RE1,PWRCSP002,SOL,2021,0.0274
RE1,PWRCSP002,SOL,2022,0.0274
RE1,PWRCSP002,SOL,2023,0.0274
RE1,PWRCSP002,SOL,2024,0.0274
RE1,PWRCSP002,SOL,2025,0.0274
RE1,PWRCSP002,SOL,2026,0.0274
RE1,PWRCSP002,SOL,2027,0.0274
RE1,PWRCSP002,SOL,2028,0.0274
RE1,PWRCSP002,SOL,2029,0.0274
RE1,PWRCSP002,SOL,2030,0.0274
RE1,PWRCSP002,SOL,2031,0.0274
RE1,PWRCSP002,SOL,2032,0.0274
RE1,PWRCSP002,SOL,2033,0.0274
RE1,PWRCSP002,SOL,2034,0.0274
RE1,PWRCSP002,SOL,2035,0.0274
RE1,PWRCSP002,SOL,2036,0.0274
RE1,PWRCSP002,SOL,2037,0.0274
RE1,PWRCSP002,SOL,2038,0.0274
RE1,PWRCSP002,SOL,2039,0.0274
RE1,PWRCSP002,SOL,2040,0.0274
RE1,PWRCSP002,SOL,2041,0.0274
RE1,PWRCSP002,SOL,2042,0.0274
RE1,PWRCSP002,SOL,2043,0.0274
RE1,PWRDIST,ELC002,2015,668.4143
RE1,PWRDIST,ELC002,2016,706.2764
RE1,PWRDIST,ELC002,2017,739.1412
RE1,PWRDIST,ELC002,2018,772.1574
RE1,PWRDIST,ELC002,2019,804.5514
RE1,PWRDIST,ELC002,2020,836.9454
RE1,PWRDIST,ELC002,2021,861.7236
RE1,PWRDIST,ELC002,2022,886.5018
RE1,PWRDIST,ELC002,2023,905.764
RE1,PWRDIST,ELC002,2024,1296.8169
RE1,PWRDIST,ELC002,2025,1326.7525
RE1,PWRDIST,ELC002,2026,1357.1605
RE1,PWRDIST,ELC002,2027,1388.6091
RE1,PWRDIST,ELC002,2028,1420.0489
RE1,PWRDIST,ELC002,2029,1462.8641
RE1,PWRDIST,ELC002,2030,2144.4488
RE1,PWRDIST,ELC002,2031,2186.6843
RE1,PWRDIST,ELC002,2032,2228.8891
RE1,PWRDIST,ELC002,2033,2271.0651
RE1,PWRDIST,ELC002,2034,2313.2136
RE1,PWRDIST,ELC002,2035,2366.7295
RE1,PWRDIST,ELC002,2036,2411.7805
RE1,PWRDIST,ELC002,2037,2466.862
RE1,PWRDIST,ELC002,2038,2527.3767
RE1,PWRDIST,ELC002,2039,2587.8465
RE1,PWRDIST,ELC002,2040,2720.2423
RE1,PWRDIST,ELC002,2041,2742.0461
RE1,PWRDIST,ELC002,2042,2782.7981
RE1,PWRDIST,ELC002,2043,2834.6632
RE1,PWRDIST,ELC002,2044,2886.5037
RE1,PWRDIST,ELC002,2045,3486.7165
RE1,PWRDIST,ELC002,2046,3528.2901
RE1,PWRDIST,ELC002,2047,3568.8926
RE1,PWRDIST,ELC002,2048,3609.4737
RE1,PWRDIST,ELC002,2049,3659.612
RE1,PWRDIST,ELC002,2050,5565.5127
RE1,PWRDIST,ELC002,2051,5611.9788
RE1,PWRDIST,ELC002,2052,5658.8497
RE1,PWRDIST,ELC002,2053,5706.1293
RE1,PWRDIST,ELC002,2054,5753.8213
RE1,PWRDIST,ELC002,2055,5801.9293
RE1,PWRDIST,ELC002,2056,5850.4571
RE1,PWRDIST,ELC002,2057,5899.4086
RE1,PWRDIST,ELC002,2058,5948.7876
RE1,PWRDIST,ELC002,2059,6010.8269
RE1,PWRDIST,ELC002,2060,6046.9045
RE1,PWRDIST,ELC002,2061,6099.5282
RE1,PWRDIST,ELC002,2062,6150.6562
RE1,PWRDIST,ELC002,2063,6202.2313
RE1,PWRDIST,ELC002,2064,6254.8029
RE1,PWRDIST,ELC002,2065,6307.2847
RE1,PWRDIST,ELC002,2066,6360.226
RE1,PWRDIST,ELC002,2067,6413.631
RE1,PWRDIST,ELC002,2068,6410.4038
RE1,PWRDIST,ELC002,2069,6380.0413
RE1,PWRDIST,ELC002,2070,6615.379
RE1,PWRGEO,GEO,2024,1.449
RE1,PWRGEO,GEO,2025,1.449
RE1,PWRGEO,GEO,2026,1.449
RE1,PWRGEO,GEO,2027,1.449
RE1,PWRGEO,GEO,2028,1.449
RE1,PWRGEO,GEO,2029,1.449
RE1,PWRGEO,GEO,2030,1.449
RE1,PWRGEO,GEO,2031,1.449
RE1,PWRGEO,GEO,2032,1.449
RE1,PWRGEO,GEO,2033,1.449
RE1,PWRGEO,GEO,2034,1.449
RE1,PWRGEO,GEO,2035,1.449
RE1,PWRGEO,GEO,2036,1.449
RE1,PWRGEO,GEO,2037,1.449
RE1,PWRGEO,GEO,2038,1.449
RE1,PWRGEO,GEO,2039,1.449
RE1,PWRGEO,GEO,2040,1.449
RE1,PWRGEO,GEO,2041,1.449
RE1,PWRGEO,GEO,2042,1.449
RE1,PWRGEO,GEO,2043,1.449
RE1,PWRGEO,GEO,2044,1.449
RE1,PWRGEO,GEO,2045,1.449
RE1,PWRGEO,GEO,2046,1.449
RE1,PWRGEO,GEO,2047,1.449
RE1,PWRGEO,GEO,2048,1.449
RE1,PWRGEO,GEO,2049,1.449
RE1,PWRGEO,GEO,2050,1.449
RE1,PWRGEO,GEO,2051,1.449
RE1,PWRGEO,GEO,2052,1.449
RE1,PWRGEO,GEO,2053,1.2679
RE1,PWRGEO,GEO,2054,1.449
RE1,PWRGEO,GEO,2055,1.449
RE1,PWRGEO,GEO,2056,1.449
RE1,PWRGEO,GEO,2057,1.449
RE1,PWRGEO,GEO,2058,1.449
RE1,PWRGEO,GEO,2059,1.449
RE1,PWRGEO,GEO,2060,1.449
RE1,PWRGEO,GEO,2061,1.449
RE1,PWRGEO,GEO,2062,1.449
RE1,PWRGEO,GEO,2063,1.449
RE1,PWRGEO,GEO,2064,1.449
RE1,PWRGEO,GEO,2065,1.449
RE1,PWRGEO,GEO,2066,1.449
RE1,PWRGEO,GEO,2067,1.2377
RE1,PWRGEO,GEO,2068,1.2377
RE1,PWRGEO,GEO,2069,1.449
RE1,PWRGEO,GEO,2070,0.6038
RE1,PWRHYD001,HYD,2015,28.3385
RE1,PWRHYD001,HYD,2016,28.3385
RE1,PWRHYD001,HYD,2017,28.3385
RE1,PWRHYD001,HYD,2018,28.3385
RE1,PWRHYD001,HYD,2019,28.3385
RE1,PWRHYD001,HYD,2020,28.3385
RE1,PWRHYD001,HYD,2021,28.3385
RE1,PWRHYD001,HYD,2022,28.3385
RE1,PWRHYD001,HYD,2023,28.3385
RE1,PWRHYD001,HYD,2024,33.9883
RE1,PWRHYD001,HYD,2025,33.9883
RE1,PWRHYD001,HYD,2026,33.9883
RE1,PWRHYD001,HYD,2027,33.9883
RE1,PWRHYD001,HYD,2028,33.9883
RE1,PWRHYD001,HYD,2029,33.9883
RE1,PWRHYD001,HYD,2030,33.9883
RE1,PWRHYD001,HYD,2031,33.9883
RE1,PWRHYD001,HYD,2032,33.9883
RE1,PWRHYD001,HYD,2033,33.9883
RE1,PWRHYD001,HYD,2034,33.9883
RE1,PWRHYD001,HYD,2035,33.9883
RE1,PWRHYD001,HYD,2036,33.9883
RE1,PWRHYD001,HYD,2037,33.9883
RE1,PWRHYD001,HYD,2038,33.9883
RE1,PWRHYD001,HYD,2039,33.9883
RE1,PWRHYD001,HYD,2040,33.9883
RE1,PWRHYD001,HYD,2041,33.9883
RE1,PWRHYD001,HYD,2042,33.9883
RE1,PWRHYD001,HYD,2043,33.9883
RE1,PWRHYD001,HYD,2044,33.9883
RE1,PWRHYD001,HYD,2045,33.9883
RE1,PWRHYD001,HYD,2046,33.9883
RE1,PWRHYD001,HYD,2047,33.9883
RE1,PWRHYD001,HYD,2048,33.9883
RE1,PWRHYD001,HYD,2049,33.9883
RE1,PWRHYD001,HYD,2050,33.9883
RE1,PWRHYD001,HYD,2051,33.9883
RE1,PWRHYD001,HYD,2052,33.9883
RE1,PWRHYD001,HYD,2053,33.9883
RE1,PWRHYD001,HYD,2054,33.9883
RE1,PWRHYD001,HYD,2055,33.9883
RE1,PWRHYD001,HYD,2056,33.9883
RE1,PWRHYD001,HYD,2057,33.9883
RE1,PWRHYD001,HYD,2058,33.9883
RE1,PWRHYD001,HYD,2059,33.9883
RE1,PWRHYD001,HYD,2060,33.9883
RE1,PWRHYD001,HYD,2061,33.9883
RE1,PWRHYD001,HYD,2062,33.9883
RE1,PWRHYD001,HYD,2063,33.9883
RE1,PWRHYD001,HYD,2064,33.9883
RE1,PWRHYD001,HYD,2065,33.9883
RE1,PWRHYD001,HYD,2066,33.9883
RE1,PWRHYD001,HYD,2067,32.6685
RE1,PWRHYD001,HYD,2068,32.6685
RE1,PWRHYD001,HYD,2069,33.9883
RE1,PWRHYD001,HYD,2070,20.2478
RE1,PWRHYD002,HYD,2015,1.1526
RE1,PWRHYD002,HYD,2016,1.1526
RE1,PWRHYD002,HYD,2017,1.1526
RE1,PWRHYD002,HYD,2018,1.1526
RE1,PWRHYD002,HYD,2019,1.1526
RE1,PWRHYD002,HYD,2020,1.1526
RE1,PWRHYD002,HYD,2021,1.1526
RE1,PWRHYD002,HYD,2022,1.1526
RE1,PWRHYD002,HYD,2023,1.1526
RE1,PWRHYD002,HYD,2024,1.3823
RE1,PWRHYD002,HYD,2025,1.3823
RE1,PWRHYD002,HYD,2026,1.3823
RE1,PWRHYD002,HYD,2027,1.3823
RE1,PWRHYD002,HYD,2028,1.3823
RE1,PWRHYD002,HYD,2029,1.3823
RE1,PWRHYD002,HYD,2030,1.3823
RE1,PWRHYD002,HYD,2031,1.3823
RE1,PWRHYD002,HYD,2032,1.3823
RE1,PWRHYD002,HYD,2033,1.3823
RE1,PWRHYD002,HYD,2034,1.3823
RE1,PWRHYD002,HYD,2035,1.3823
RE1,PWRHYD002,HYD,2036,1.3823
RE1,PWRHYD002,HYD,2037,1.3823
RE1,PWRHYD002,HYD,2038,1.3823
RE1,PWRHYD002,HYD,2039,1.3823
RE1,PWRHYD002,HYD,2040,1.3823
RE1,PWRHYD002,HYD,2041,1.3823
RE1,PWRHYD002,HYD,2042,1.3823
RE1,PWRHYD002,HYD,2043,1.3823
RE1,PWRHYD002,HYD,2044,1.3823
RE1,PWRHYD002,HYD,2045,1.3823
RE1,PWRHYD002,HYD,2046,1.3823
RE1,PWRHYD002,HYD,2047,1.3823
RE1,PWRHYD002,HYD,2048,1.3823
RE1,PWRHYD002,HYD,2049,1.3823
RE1,PWRHYD002,HYD,2050,1.3823
RE1,PWRHYD002,HYD,2051,1.3823
RE1,PWRHYD002,HYD,2052,1.3823
RE1,PWRHYD002,HYD,2053,1.3823
RE1,PWRHYD002,HYD,2054,1.3823
RE1,PWRHYD002,HYD,2055,1.3823
RE1,PWRHYD002,HYD,2056,1.3823
RE1,PWRHYD002,HYD,2057,1.3823
RE1,PWRHYD002,HYD,2058,1.3823
RE1,PWRHYD002,HYD,2059,1.3823
RE1,PWRHYD002,HYD,2060,1.3823
RE1,PWRHYD002,HYD,2061,1.3823
RE1,PWRHYD002,HYD,2062,1.3823
RE1,PWRHYD002,HYD,2063,1.3823
RE1,PWRHYD002,HYD,2064,1.3823
RE1,PWRHYD002,HYD,2065,1.3823
RE1,PWRHYD002,HYD,2066,1.3823
RE1,PWRHYD002,HYD,2067,1.3287
RE1,PWRHYD002,HYD,2068,1.3287
RE1,PWRHYD002,HYD,2069,1.3823
RE1,PWRHYD002,HYD,2070,0.8043
RE1,PWRHYD003,HYD,2024,4.9061
RE1,PWRHYD003,HYD,2025,4.9061
RE1,PWRHYD003,HYD,2026,4.9061
RE1,PWRHYD003,HYD,2027,4.9061
RE1,PWRHYD003,HYD,2028,4.9061
RE1,PWRHYD003,HYD,2029,4.9061
RE1,PWRHYD003,HYD,2030,4.9061
RE1,PWRHYD003,HYD,2031,4.9061
RE1,PWRHYD003,HYD,2032,4.9061
RE1,PWRHYD003,HYD,2033,4.9061
RE1,PWRHYD003,HYD,2034,4.9061
RE1,PWRHYD003,HYD,2035,4.9061
RE1,PWRHYD003,HYD,2036,4.9061
RE1,PWRHYD003,HYD,2037,4.9061
RE1,PWRHYD003,HYD,2038,4.9061
RE1,PWRHYD003,HYD,2039,4.9061
RE1,PWRHYD003,HYD,2040,4.9061
RE1,PWRHYD003,HYD,2041,4.9061
RE1,PWRHYD003,HYD,2042,4.9061
RE1,PWRHYD003,HYD,2043,4.9061
RE1,PWRHYD003,HYD,2044,4.9061
RE1,PWRHYD003,HYD,2045,4.9061
RE1,PWRHYD003,HYD,2046,4.9061
RE1,PWRHYD003,HYD,2047,4.9061
RE1,PWRHYD003,HYD,2048,4.9061
RE1,PWRHYD003,HYD,2049,4.9061
RE1,PWRHYD003,HYD,2050,4.9061
RE1,PWRHYD003,HYD,2051,4.9061
RE1,PWRHYD003,HYD,2052,4.9061
RE1,PWRHYD003,HYD,2053,4.9061
RE1,PWRHYD003,HYD,2054,4.9061
RE1,PWRHYD003,HYD,2055,4.9061
RE1,PWRHYD003,HYD,2056,4.9061
RE1,PWRHYD003,HYD,2057,4.9061
RE1,PWRHYD003,HYD,2058,4.9061
RE1,PWRHYD003,HYD,2059,4.9061
RE1,PWRHYD003,HYD,2060,4.9061
RE1,PWRHYD003,HYD,2061,4.9061
RE1,PWRHYD003,HYD,2062,4.9061
RE1,PWRHYD003,HYD,2063,4.9061
RE1,PWRHYD004,HYD,2024,0.5451
RE1,PWRHYD004,HYD,2025,0.5451
RE1,PWRHYD004,HYD,2026,0.5451
RE1,PWRHYD004,HYD,2027,0.5451
RE1,PWRHYD004,HYD,2028,0.5451
RE1,PWRHYD004,HYD,2029,0.5451
RE1,PWRHYD004,HYD,2030,0.5451
RE1,PWRHYD004,HYD,2031,0.5451
RE1,PWRHYD004,HYD,2032,0.5451
RE1,PWRHYD004,HYD,2033,0.5451
RE1,PWRHYD004,HYD,2034,0.5451
RE1,PWRHYD004,HYD,2035,0.5451
RE1,PWRHYD004,HYD,2036,0.5451
RE1,PWRHYD004,HYD,2037,0.5451
RE1,PWRHYD004,HYD,2038,0.5451
RE1,PWRHYD004,HYD,2039,0.5451
RE1,PWRHYD004,HYD,2040,0.5451
RE1,PWRHYD004,HYD,2041,0.5451
RE1,PWRHYD004,HYD,2042,0.5451
RE1,PWRHYD004,HYD,2043,0.5451
RE1,PWRHYD004,HYD,2044,0.5451
RE1,PWRHYD004,HYD,2045,0.5451
RE1,PWRHYD004,HYD,2046,0.5451
RE1,PWRHYD004,HYD,2047,0.5451
RE1,PWRHYD004,HYD,2048,0.5451
RE1,PWRHYD004,HYD,2049,0.5451
RE1,PWRHYD004,HYD,2050,0.5451
RE1,PWRHYD004,HYD,2051,0.5451
RE1,PWRHYD004,HYD,2052,0.5451
RE1,PWRHYD004,HYD,2053,0.5451
RE1,PWRHYD004,HYD,2054,0.5451
RE1,PWRHYD004,HYD,2055,0.5451
RE1,PWRHYD004,HYD,2056,0.5451
RE1,PWRHYD004,HYD,2057,0.5451
RE1,PWRHYD004,HYD,2058,0.5451
RE1,PWRHYD004,HYD,2059,0.5451
RE1,PWRHYD004,HYD,2060,0.5451
RE1,PWRHYD004,HYD,2061,0.5451
RE1,PWRHYD004,HYD,2062,0.5451
RE1,PWRHYD004,HYD,2063,0.5451
RE1,PWRNGS001,NGS,2015,794.6633
RE1,PWRNGS001,NGS,2016,796.9506
RE1,PWRNGS001,NGS,2017,806.5936
RE1,PWRNGS001,NGS,2018,614.6364
RE1,PWRNGS001,NGS,2019,672.5962
RE1,PWRNGS001,NGS,2020,725.873
RE1,PWRNGS001,NGS,2021,763.3578
RE1,PWRNGS001,NGS,2022,810.4568
RE1,PWRNGS001,NGS,2023,846.9226
RE1,PWRNGS001,NGS,2024,272.5593
RE1,PWRNGS001,NGS,2025,156.0389
RE1,PWRNGS001,NGS,2026,170.1081
RE1,PWRNGS001,NGS,2027,186.0721
RE1,PWRNGS001,NGS,2028,201.2197
RE1,PWRNGS001,NGS,2029,220.2158
RE1,PWRNGS001,NGS,2030,223.9702
RE1,PWRNGS001,NGS,2031,300.8012
RE1,PWRNGS001,NGS,2032,318.9955
RE1,PWRNGS001,NGS,2033,337.1778
RE1,PWRNGS001,NGS,2034,355.3483
RE1,PWRNGS001,NGS,2035,373.5069
RE1,PWRNGS001,NGS,2036,389.215
RE1,PWRNGS001,NGS,2037,427.6226
RE1,PWRNGS001,NGS,2038,442.1662
RE1,PWRNGS001,NGS,2039,456.7003
RE1,PWRNGS001,NGS,2040,471.2248
RE1,PWRNGS001,NGS,2041,485.4331
RE1,PWRNGS001,NGS,2042,511.3378
RE1,PWRNGS001,NGS,2043,525.5276
RE1,PWRNGS001,NGS,2044,539.7081
RE1,PWRNGS001,NGS,2045,553.8795
RE1,PWRNGS001,NGS,2046,570.7053
RE1,PWRNGS001,NGS,2047,590.7183
RE1,PWRNGS001,NGS,2048,604.4215
RE1,PWRNGS001,NGS,2049,620.155
RE1,PWRNGS001,NGS,2050,1320.2209
RE1,PWRNGS001,NGS,2051,1339.3959
RE1,PWRNGS001,NGS,2052,1355.2016
RE1,PWRNGS001,NGS,2053,1371.1654
RE1,PWRNGS001,NGS,2054,1387.289
RE1,PWRNGS001,NGS,2055,1403.5741
RE1,PWRNGS001,NGS,2056,1420.0223
RE1,PWRNGS001,NGS,2057,1436.6353
RE1,PWRNGS001,NGS,2058,1453.4147
RE1,PWRNGS001,NGS,2059,1477.1659
RE1,PWRNGS001,NGS,2060,1486.7103
RE1,PWRNGS001,NGS,2061,1504.7692
RE1,PWRNGS001,NGS,2062,1522.2318
RE1,PWRNGS001,NGS,2063,1539.8698
RE1,PWRNGS001,NGS,2064,1561.8175
RE1,PWRNGS001,NGS,2065,1579.8113
RE1,PWRNGS001,NGS,2066,1597.9859
RE1,PWRNGS001,NGS,2067,1616.3429
RE1,PWRNGS001,NGS,2068,1634.8845
RE1,PWRNGS001,NGS,2069,1653.6124
RE1,PWRSOL001,SOL,2015,8.5041
RE1,PWRSOL001,SOL,2016,14.7357
RE1,PWRSOL001,SOL,2017,16.2447
RE1,PWRSOL001,SOL,2018,17.8379
RE1,PWRSOL001,SOL,2019,17.9642
RE1,PWRSOL001,SOL,2020,17.9642
RE1,PWRSOL001,SOL,2021,18.4271
RE1,PWRSOL001,SOL,2022,18.4271
RE1,PWRSOL001,SOL,2023,18.4271
RE1,PWRSOL001,SOL,2024,391.464
RE1,PWRSOL001,SOL,2025,391.464
RE1,PWRSOL001,SOL,2026,391.464
RE1,PWRSOL001,SOL,2027,391.464
RE1,PWRSOL001,SOL,2028,391.464
RE1,PWRSOL001,SOL,2029,391.464
RE1,PWRSOL001,SOL,2030,391.464
RE1,PWRSOL001,SOL,2031,391.464
RE1,PWRSOL001,SOL,2032,391.464
RE1,PWRSOL001,SOL,2033,391.464
RE1,PWRSOL001,SOL,2034,391.464
RE1,PWRSOL001,SOL,2035,382.9598
RE1,PWRSOL001,SOL,2036,376.7283
RE1,PWRSOL001,SOL,2037,375.2192
RE1,PWRSOL001,SOL,2038,373.626
RE1,PWRSOL001,SOL,2039,373.4998
RE1,PWRSOL001,SOL,2040,373.4998
RE1,PWRSOL001,SOL,2041,373.0368
RE1,PWRSOL001,SOL,2042,373.0368
RE1,PWRSOL001,SOL,2043,373.0368
RE1,PWRSOL001,SOL,2044,373.0368
RE1,PWRSOL001,SOL,2045,373.0368
RE1,PWRSOL001,SOL,2046,373.0368
RE1,PWRSOL001,SOL,2047,373.0368
RE1,PWRSOL001,SOL,2048,373.0368
RE1,PWRSOL001,SOL,2049,373.0368
RE1,PWRSOL001,SOL,2050,373.0368
RE1,PWRSOL001,SOL,2051,373.0368
RE1,PWRSOL001,SOL,2052,373.0368
RE1,PWRSOL001,SOL,2053,369.2032
RE1,PWRTRN,ELC001,2015,711.6784
RE1,PWRTRN,ELC001,2016,751.7444
RE1,PWRTRN,ELC001,2017,786.4668
RE1,PWRTRN,ELC001,2018,821.3276
RE1,PWRTRN,ELC001,2019,855.5038
RE1,PWRTRN,ELC001,2020,889.6576
RE1,PWRTRN,ELC001,2021,915.6962
RE1,PWRTRN,ELC001,2022,941.7178
RE1,PWRTRN,ELC001,2023,961.8647
RE1,PWRTRN,ELC001,2024,1376.6878
RE1,PWRTRN,ELC001,2025,1408.0062
RE1,PWRTRN,ELC001,2026,1439.8053
RE1,PWRTRN,ELC001,2027,1472.6873
RE1,PWRTRN,ELC001,2028,1505.5384
RE1,PWRTRN,ELC001,2029,1550.4243
RE1,PWRTRN,ELC001,2030,2272.063
RE1,PWRTRN,ELC001,2031,2316.0553
RE1,PWRTRN,ELC001,2032,2359.9864
RE1,PWRTRN,ELC001,2033,2403.8582
RE1,PWRTRN,ELC001,2034,2447.6724
RE1,PWRTRN,ELC001,2035,2503.4822
RE1,PWRTRN,ELC001,2036,2550.3046
RE1,PWRTRN,ELC001,2037,2607.6995
RE1,PWRTRN,ELC001,2038,2670.7986
RE1,PWRTRN,ELC001,2039,2733.8092
RE1,PWRTRN,ELC001,2040,2872.7368
RE1,PWRTRN,ELC001,2041,2894.8202
RE1,PWRTRN,ELC001,2042,2936.8867
RE1,PWRTRN,ELC001,2043,2990.6506
RE1,PWRTRN,ELC001,2044,3044.3534
RE1,PWRTRN,ELC001,2045,3676.1937
RE1,PWRTRN,ELC001,2046,3718.8176
RE1,PWRTRN,ELC001,2047,3760.3905
RE1,PWRTRN,ELC001,2048,3801.9139
RE1,PWRTRN,ELC001,2049,3853.4738
RE1,PWRTRN,ELC001,2050,5858.4344
RE1,PWRTRN,ELC001,2051,5907.346
RE1,PWRTRN,ELC001,2052,5956.6839
RE1,PWRTRN,ELC001,2053,6006.4519
RE1,PWRTRN,ELC001,2054,6056.654
RE1,PWRTRN,ELC001,2055,6107.294
RE1,PWRTRN,ELC001,2056,6158.3759
RE1,PWRTRN,ELC001,2057,6209.9038
RE1,PWRTRN,ELC001,2058,6261.8816
RE1,PWRTRN,ELC001,2059,6327.1862
RE1,PWRTRN,ELC001,2060,6365.1626
RE1,PWRTRN,ELC001,2061,6420.556
RE1,PWRTRN,ELC001,2062,6474.3748
RE1,PWRTRN,ELC001,2063,6528.6645
RE1,PWRTRN,ELC001,2064,6584.0031
RE1,PWRTRN,ELC001,2065,6639.2471
RE1,PWRTRN,ELC001,2066,6694.9747
RE1,PWRTRN,ELC001,2067,6751.1906
RE1,PWRTRN,ELC001,2068,6747.7935
RE1,PWRTRN,ELC001,2069,6715.8329
RE1,PWRTRN,ELC001,2070,6963.5569
RE1,PWRTRNEXP,ELC001,2015,7.6
RE1,PWRTRNEXP,ELC001,2016,4.75
RE1,PWRTRNEXP,ELC001,2017,3.8
RE1,PWRTRNEXP,ELC001,2018,3.8
RE1,PWRTRNEXP,ELC001,2019,3.8
RE1,PWRTRNEXP,ELC001,2020,3.8
RE1,PWRTRNEXP,ELC001,2021,3.8
RE1,PWRTRNEXP,ELC001,2022,3.8
RE1,PWRTRNEXP,ELC001,2023,3.8
RE1,PWRTRNEXP,ELC001,2024,3.8
RE1,PWRTRNEXP,ELC001,2025,3.8
RE1,PWRTRNEXP,ELC001,2026,3.8
RE1,PWRTRNEXP,ELC001,2027,3.8
RE1,PWRTRNEXP,ELC001,2028,3.8
RE1,PWRTRNEXP,ELC001,2029,3.8
RE1,PWRTRNEXP,ELC001,2030,3.8
RE1,PWRTRNEXP,ELC001,2031,3.8
RE1,PWRTRNEXP,ELC001,2032,3.8
RE1,PWRTRNEXP,ELC001,2033,3.8
RE1,PWRTRNEXP,ELC001,2034,3.8
RE1,PWRTRNEXP,ELC001,2035,3.8
RE1,PWRTRNEXP,ELC001,2036,3.8
RE1,PWRTRNEXP,ELC001,2037,3.8
RE1,PWRTRNEXP,ELC001,2038,3.8
RE1,PWRTRNEXP,ELC001,2039,3.8
RE1,PWRTRNEXP,ELC001,2040,3.8
RE1,PWRTRNEXP,ELC001,2041,3.8
RE1,PWRTRNEXP,ELC001,2042,3.8
RE1,PWRTRNEXP,ELC001,2043,3.8
RE1,PWRTRNEXP,ELC001,2044,3.8
RE1,PWRTRNEXP,ELC001,2045,3.8
RE1,PWRTRNEXP,ELC001,2046,3.8
RE1,PWRTRNEXP,ELC001,2047,3.8
RE1,PWRTRNEXP,ELC001,2048,3.8
RE1,PWRTRNEXP,ELC001,2049,3.8
RE1,PWRTRNEXP,ELC001,2050,3.8
RE1,PWRTRNEXP,ELC001,2051,3.8
RE1,PWRTRNEXP,ELC001,2052,3.8
RE1,PWRTRNEXP,ELC001,2053,3.8
RE1,PWRTRNEXP,ELC001,2054,3.8
RE1,PWRTRNEXP,ELC001,2055,3.8
RE1,PWRTRNEXP,ELC001,2056,3.8
RE1,PWRTRNEXP,ELC001,2057,3.8
RE1,PWRTRNEXP,ELC001,2058,3.8
RE1,PWRTRNEXP,ELC001,2059,3.8
RE1,PWRTRNEXP,ELC001,2060,3.8
RE1,PWRTRNEXP,ELC001,2061,3.8
RE1,PWRTRNEXP,ELC001,2062,3.8
RE1,PWRTRNEXP,ELC001,2063,3.8
RE1,PWRTRNEXP,ELC001,2064,3.8
RE1,PWRTRNEXP,ELC001,2065,3.8
RE1,PWRTRNEXP,ELC001,2066,3.8
RE1,PWRTRNEXP,ELC001,2067,3.8
RE1,PWRTRNEXP,ELC001,2068,3.8
RE1,PWRTRNEXP,ELC001,2069,3.8
RE1,PWRTRNEXP,ELC001,2070,3.8
RE1,PWRWND001,WND,2015,1.1747
RE1,PWRWND001,WND,2016,2.545
RE1,PWRWND001,WND,2017,3.1524
RE1,PWRWND001,WND,2018,5.5368
RE1,PWRWND001,WND,2019,7.5648
RE1,PWRWND001,WND,2020,7.5648
RE1,PWRWND001,WND,2021,7.7555
RE1,PWRWND001,WND,2022,7.7555
RE1,PWRWND001,WND,2023,7.7555
RE1,PWRWND001,WND,2024,7.7555
RE1,PWRWND001,WND,2025,7.7555
RE1,PWRWND001,WND,2026,7.7555
RE1,PWRWND001,WND,2027,7.7555
RE1,PWRWND001,WND,2028,7.7555
RE1,PWRWND001,WND,2029,7.7555
RE1,PWRWND001,WND,2030,7.7555
RE1,PWRWND001,WND,2031,7.7555
RE1,PWRWND001,WND,2032,7.7555
RE1,PWRWND001,WND,2033,7.7555
RE1,PWRWND001,WND,2034,7.7555
RE1,PWRWND001,WND,2035,7.7555
RE1,PWRWND001,WND,2036,6.3851
RE1,PWRWND001,WND,2037,6.3851
RE1,PWRWND001,WND,2038,6.3851
RE1,PWRWND001,WND,2039,6.3851
RE1,PWRWND001,WND,2040,6.3851
RE1,PWRWND001,WND,2041,6.3851
RE1,PWRWND001,WND,2042,6.3851
RE1,PWRWND001,WND,2043,6.3851
RE1,PWRWND001,WND,2044,6.3851
RE1,PWRWND001,WND,2045,6.3851
RE1,PWRWND001,WND,2046,6.3851
RE1,PWRWND001,WND,2047,2.545
RE1,PWRWND001,WND,2048,2.0079
RE1,PWRWND001,WND,2049,2.0079
RE1,PWRWND001,WND,2070,1358.4219
RE1,RESENEFFDP,ELC003,2024,173.9095
RE1,RESENEFFDP,ELC003,2025,177.7401
RE1,RESENEFFDP,ELC003,2026,183.6835
RE1,RESENEFFDP,ELC003,2027,188.7597
RE1,RESENEFFDP,ELC003,2028,193.8359
RE1,RESENEFFDP,ELC003,2029,197.9465
RE1,RESENEFFDP,ELC003,2030,202.9981
RE1,RESENEFFDP,ELC003,2031,208.772
RE1,RESENEFFDP,ELC003,2032,214.5459
RE1,RESENEFFDP,ELC003,2033,220.3198
RE1,RESENEFFDP,ELC003,2034,226.0938
RE1,RESENEFFDP,ELC003,2035,231.8677
RE1,RESENEFFDP,ELC003,2036,236.5161
RE1,RESENEFFDP,ELC003,2037,241.1645
RE1,RESENEFFDP,ELC003,2038,245.8129
RE1,RESENEFFDP,ELC003,2039,250.4613
RE1,RESENEFFDP,ELC003,2040,255.1097
RE1,RESENEFFDP,ELC003,2041,259.6616
RE1,RESENEFFDP,ELC003,2042,264.2135
RE1,RESENEFFDP,ELC003,2043,268.7654
RE1,RESENEFFDP,ELC003,2044,273.3173
RE1,RESENEFFDP,ELC003,2045,277.8692
RE1,RESENEFFDP,ELC003,2046,281.0387
RE1,RESENEFFDP,ELC003,2047,284.2082
RE1,RESENEFFDP,ELC003,2048,287.3777
RE1,RESENEFFDP,ELC003,2049,290.5472
RE1,RESENEFFDP,ELC003,2050,293.7167
RE1,RESENEFFDP,ELC003,2051,296.9931
RE1,RESENEFFDP,ELC003,2052,300.306
RE1,RESENEFFDP,ELC003,2053,303.6558
RE1,RESENEFFDP,ELC003,2054,307.0431
RE1,RESENEFFDP,ELC003,2055,310.4681
RE1,RESENEFFDP,ELC003,2056,313.9313
RE1,RESENEFFDP,ELC003,2057,317.4332
RE1,RESENEFFDP,ELC003,2058,320.9741
RE1,RESENEFFDP,ELC003,2059,314.4565
RE1,RESENEFFDP,ELC003,2060,329.7759
RE1,RESENEFFDP,ELC003,2061,331.8356
RE1,RESENEFFDP,ELC003,2062,335.5372
RE1,RESENEFFDP,ELC003,2063,339.2801
RE1,RESENEFFDP,ELC003,2064,343.0647
RE1,RESENEFFDP,ELC003,2065,346.8915
RE1,RESENEFFDP,ELC003,2066,350.761
RE1,RESENEFFDP,ELC003,2067,354.6737
RE1,RESENEFFDP,ELC003,2068,358.63
RE1,RESENEFFDP,ELC003,2069,362.6305
RE1,RESENEFFDP,ELC003,2070,334.7121
RE1,UPSREF001,OIL,2023,2141.65
