r,t,y,SalvageValue
RE1,PWRBIO001,2047,283.0751
RE1,PWRBIO001,2048,422.9652
RE1,PWRBIO001,2049,466.5166
RE1,PWRBIO001,2050,68006.096
RE1,PWRBIO001,2051,2722.5183
RE1,PWRBIO001,2052,1846.4129
RE1,PWRBIO001,2053,1933.3459
RE1,PWRBIO001,2054,2179.36
RE1,PWRBIO001,2055,2418.7663
RE1,PWRBIO001,2056,2651.868
RE1,PWRBIO001,2057,2878.9291
RE1,PWRBIO001,2058,3100.2137
RE1,PWRBIO001,2059,2813.2766
RE1,PWRBIO001,2060,7926.4056
RE1,PWRBIO001,2061,5132.504
RE1,PWRBIO001,2062,10311.852
RE1,PWRBIO001,2063,9918.9317
RE1,PWRBIO001,2064,7629.2724
RE1,PWRBIO001,2065,7296.037
RE1,PWRBIO001,2066,9157.4877
RE1,PWRBIO001,2067,10093.339
RE1,PWRBIO001,2068,8217.0017
RE1,PWRBIO001,2069,8612.9971
RE1,PWRCOA001,2019,644.2451
RE1,PWRCOA001,2020,12587.988
RE1,PWRCOA001,2021,569.4425
RE1,PWRCOA001,2022,769.6741
RE1,PWRCOA001,2023,820.7329
RE1,PWRCOA001,2024,6646.3237
RE1,PWRCOA001,2025,527.2922
RE1,PWRCOA001,2026,1935.5151
RE1,PWRCOA001,2027,1143.484
RE1,PWRCOA001,2031,4152.2819
RE1,PWRCOA001,2032,1145.6367
RE1,PWRCOA001,2033,1643.2457
RE1,PWRCOA001,2034,1151.982
RE1,PWRGEO,2024,3.0012
RE1,PWRSOL001,2042,12.0872
RE1,PWRSOL001,2043,23.5945
RE1,PWRSOL001,2044,34.5495
RE1,PWRSOL001,2045,44.9789
RE1,PWRSOL001,2046,40.0806
RE1,PWRSOL001,2047,46.9837
RE1,PWRSOL001,2048,53.5559
RE1,PWRSOL001,2049,59.8153
RE1,PWRSOL001,2050,5644.387
RE1,PWRSOL001,2051,323.6808
RE1,PWRSOL001,2052,131.5694
RE1,PWRSOL001,2053,141.6361
RE1,PWRSOL001,2054,151.4401
RE1,PWRSOL001,2055,5744.0873
RE1,PWRSOL001,2056,267.814
RE1,PWRSOL001,2057,340.3432
RE1,PWRSOL001,2058,422.4671
RE1,PWRSOL001,2059,285.8558
RE1,PWRSOL001,2061,891.2976
RE1,PWRSOL001,2062,413.9497
RE1,PWRSOL001,2063,426.9172
RE1,PWRSOL001,2064,711.7004
RE1,PWRSOL001,2065,1231.5174
RE1,PWRSOL001,2066,1014.9303
RE1,PWRSOL001,2067,590.3692
RE1,PWRSOL001,2068,611.7886
RE1,PWRSOL001,2069,480.8954
RE1,PWRSOL001,2070,4797.4405
RE1,PWRWND001,2070,16279.594
RE1,PWRSOL001S,2042,14.7183
RE1,PWRSOL001S,2043,28.4978
RE1,PWRSOL001S,2044,41.4375
RE1,PWRSOL001S,2045,53.5029
RE1,PWRSOL001S,2046,47.3375
RE1,PWRSOL001S,2047,55.0274
RE1,PWRSOL001S,2048,62.2722
RE1,PWRSOL001S,2049,68.9607
RE1,PWRSOL001S,2050,6459.68
RE1,PWRSOL001S,2051,370.4343
RE1,PWRSOL001S,2052,150.5737
RE1,PWRSOL001S,2053,162.0945
RE1,PWRSOL001S,2054,173.3146
RE1,PWRSOL001S,2055,184.2562
RE1,PWRSOL001S,2056,194.9234
RE1,PWRSOL001S,2057,205.3336
RE1,PWRSOL001S,2058,215.4987
RE1,PWRSOL001S,2059,767.8887
RE1,PWRSOL001S,2060,9646.2745
RE1,PWRSOL001S,2061,1020.0394
RE1,PWRSOL001S,2062,473.7419
RE1,PWRSOL001S,2063,488.5825
RE1,PWRSOL001S,2064,814.5006
RE1,PWRSOL001S,2065,525.0241
RE1,PWRSOL001S,2066,499.6179
RE1,PWRSOL001S,2067,512.1561
RE1,PWRSOL001S,2068,524.3344
RE1,PWRSOL001S,2069,1754.5281
RE1,PWRSOL001S,2070,4199.3579
RE1,PWRTRN,2026,16.4028
RE1,PWRTRN,2027,130.3319
RE1,PWRTRN,2028,148.4808
RE1,PWRTRN,2029,139.3935
RE1,PWRTRN,2031,81.8967
RE1,PWRTRN,2032,138.0559
RE1,PWRTRN,2033,174.0876
RE1,PWRTRN,2034,191.7788
RE1,PWRTRN,2035,163.754
RE1,PWRTRN,2036,142.1956
RE1,PWRTRN,2037,148.0408
RE1,PWRTRN,2038,276.7195
RE1,PWRTRN,2039,159.4402
RE1,PWRTRN,2040,206.0058
RE1,PWRTRN,2041,175.7877
RE1,PWRTRN,2042,170.1789
RE1,PWRTRN,2043,175.6392
RE1,PWRTRN,2044,270.6498
RE1,PWRTRN,2045,265.4756
RE1,PWRTRN,2046,140.5762
RE1,PWRTRN,2047,207.2238
RE1,PWRTRN,2048,139.9776
RE1,PWRTRN,2049,142.3654
RE1,PWRTRN,2050,14758.259
RE1,PWRTRN,2051,9503.3829
RE1,PWRTRN,2052,293.9485
RE1,PWRTRN,2053,279.4287
RE1,PWRTRN,2054,285.5436
RE1,PWRTRN,2055,291.5773
RE1,PWRTRN,2056,297.5328
RE1,PWRTRN,2057,303.4157
RE1,PWRTRN,2058,309.2302
RE1,PWRTRN,2059,342.1041
RE1,PWRTRN,2060,183.9738
RE1,PWRTRN,2061,411.0675
RE1,PWRTRN,2062,331.5968
RE1,PWRTRN,2063,337.1231
RE1,PWRTRN,2064,369.5401
RE1,PWRTRN,2065,348.3455
RE1,PWRTRN,2066,353.7509
RE1,PWRTRN,2067,359.1212
RE1,PWRTRN,2068,364.4582
RE1,PWRTRN,2069,408.8245
RE1,PWRDIST,2028,127.0422
RE1,PWRDIST,2029,144.6586
RE1,PWRDIST,2031,75.7342
RE1,PWRDIST,2032,117.2005
RE1,PWRDIST,2033,140.1673
RE1,PWRDIST,2034,147.5663
RE1,PWRDIST,2035,121.403
RE1,PWRDIST,2036,102.0345
RE1,PWRDIST,2037,102.8825
RE1,PWRDIST,2038,185.3097
RE1,PWRDIST,2039,104.8872
RE1,PWRDIST,2040,131.8194
RE1,PWRDIST,2041,110.4229
RE1,PWRDIST,2042,104.9194
RE1,PWRDIST,2043,106.3154
RE1,PWRDIST,2044,159.9719
RE1,PWRDIST,2045,154.6032
RE1,PWRDIST,2046,81.8494
RE1,PWRDIST,2047,118.0011
RE1,PWRDIST,2048,79.5719
RE1,PWRDIST,2049,80.02
RE1,PWRDIST,2050,7952.2552
RE1,PWRDIST,2051,5321.7558
RE1,PWRDIST,2052,155.1925
RE1,PWRDIST,2053,146.1953
RE1,PWRDIST,2054,148.132
RE1,PWRDIST,2055,150.0639
RE1,PWRDIST,2056,151.9909
RE1,PWRDIST,2057,153.9144
RE1,PWRDIST,2058,155.8352
RE1,PWRDIST,2059,171.3386
RE1,PWRDIST,2060,91.6063
RE1,PWRDIST,2061,203.5645
RE1,PWRDIST,2062,163.3642
RE1,PWRDIST,2063,165.2804
RE1,PWRDIST,2064,180.3436
RE1,PWRDIST,2065,169.2654
RE1,PWRDIST,2066,171.1903
RE1,PWRDIST,2067,173.1191
RE1,PWRDIST,2068,175.0517
RE1,PWRDIST,2069,195.6846
RE1,DEMTRAEVC,2024,737.918
RE1,DEMTRAEVC,2025,15.6718
RE1,DEMTRAEVC,2026,21.3122
RE1,DEMTRAEVC,2027,24.9813
RE1,DEMTRAEVC,2028,28.4746
RE1,DEMTRAEVC,2029,31.8006
RE1,DEMTRAEVC,2030,34.9673
RE1,DEMTRAEVC,2031,31.434
RE1,DEMTRAEVC,2032,33.8048
RE1,DEMTRAEVC,2033,36.0616
RE1,DEMTRAEVC,2034,38.2099
RE1,DEMTRAEVC,2035,40.2549
RE1,DEMTRAEVC,2036,38.4811
RE1,DEMTRAEVC,2037,40.1736
RE1,DEMTRAEVC,2038,41.785
RE1,DEMTRAEVC,2039,43.3192
RE1,DEMTRAEVC,2040,44.7799
RE1,DEMTRAEVC,2041,43.9386
RE1,DEMTRAEVC,2042,45.1996
RE1,DEMTRAEVC,2043,46.4002
RE1,DEMTRAEVC,2044,47.5434
RE1,DEMTRAEVC,2045,48.6319
RE1,DEMTRAEVC,2046,38.84
RE1,DEMTRAEVC,2047,39.613
RE1,DEMTRAEVC,2048,40.349
RE1,DEMTRAEVC,2049,41.0499
RE1,DEMTRAEVC,2050,23939.41
RE1,DEMTRAEVC,2051,194.5467
RE1,DEMTRAEVC,2052,35.8789
RE1,DEMTRAEVC,2053,247.4662
RE1,DEMTRAEVC,2054,252.5636
RE1,DEMTRAEVC,2055,257.5758
RE1,DEMTRAEVC,2056,262.5052
RE1,DEMTRAEVC,2057,267.3572
RE1,DEMTRAEVC,2058,272.136
RE1,DEMTRAEVC,2059,387.8152
RE1,DEMTRAEVC,2060,115.6202
RE1,DEMTRAEVC,2061,497.1119
RE1,DEMTRAEVC,2062,242.1856
RE1,DEMTRAEVC,2063,199.4937
RE1,DEMTRAEVC,2064,284.6033
RE1,DEMTRAEVC,2065,303.8353
RE1,DEMTRAEVC,2066,308.1543
RE1,DEMTRAEVC,2067,312.4307
RE1,DEMTRAEVC,2068,316.6656
RE1,DEMTRAEVC,2069,431.7216
RE1,DEMTRAMCYELC,2057,0.0
RE1,DEMTRAMCYELC,2058,0.0
RE1,DEMTRAMCYELC,2059,0.0
RE1,DEMTRAMCYELC,2060,0.0
RE1,DEMTRAMCYELC,2061,0.0
RE1,DEMTRAMCYELC,2062,0.0
RE1,DEMTRAMCYELC,2063,0.0
RE1,DEMTRAMCYELC,2064,0.0
RE1,DEMTRAMCYELC,2065,0.0001
RE1,DEMTRAMCYELC,2066,0.0
RE1,DEMTRAMCYELC,2067,0.0
RE1,DEMTRAMCYELC,2068,0.0
RE1,DEMTRAMCYELC,2069,0.0008
RE1,DEMTRAMCYELC,2070,0.0002
RE1,DEMTRACARELC,2052,0.0
RE1,DEMTRACARELC,2053,0.0
RE1,DEMTRACARELC,2054,0.0
RE1,DEMTRACARELC,2056,0.0
RE1,DEMTRACARELC,2057,0.0
RE1,DEMTRACARELC,2058,0.0
RE1,DEMTRACARELC,2059,0.0
RE1,DEMTRACARELC,2060,0.0
RE1,DEMTRACARELC,2061,0.0
RE1,DEMTRACARELC,2062,0.0
RE1,DEMTRACARELC,2063,0.0
RE1,DEMTRACARELC,2064,0.0
RE1,DEMTRACARELC,2065,0.0001
RE1,DEMTRACARELC,2066,0.0
RE1,DEMTRACARELC,2067,0.0
RE1,DEMTRACARELC,2068,0.0
RE1,DEMTRACARELC,2069,0.0
RE1,DEMTRACARELC,2070,0.0025
RE1,DEMTRABUSELC,2052,351.189
RE1,DEMTRABUSELC,2053,690.9583
RE1,DEMTRABUSELC,2054,1019.7891
RE1,DEMTRABUSELC,2055,1338.1434
RE1,DEMTRABUSELC,2056,1646.4646
RE1,DEMTRABUSELC,2057,1945.1785
RE1,DEMTRABUSELC,2058,2234.6941
RE1,DEMTRABUSELC,2059,2515.4037
RE1,DEMTRABUSELC,2060,2787.6844
RE1,DEMTRABUSELC,2061,3051.898
RE1,DEMTRABUSELC,2062,3308.3918
RE1,DEMTRABUSELC,2063,3557.4997
RE1,DEMTRABUSELC,2064,3799.5419
RE1,DEMTRABUSELC,2065,4034.8263
RE1,DEMTRABUSELC,2066,4263.6482
RE1,DEMTRABUSELC,2067,4486.2913
RE1,DEMTRABUSELC,2068,4703.0281
RE1,DEMTRABUSELC,2069,4914.1205
RE1,DEMTRABUSELC,2070,585817.3
RE1,DEMINDELC,2062,0.0
RE1,DEMINDELC,2063,0.0
RE1,DEMINDELC,2064,0.0
RE1,DEMINDELC,2065,0.0
RE1,DEMINDELC,2066,0.0
RE1,DEMINDELC,2067,0.0
RE1,DEMINDELC,2068,0.0
RE1,DEMINDELC,2070,0.0002
RE1,INDENEFFDP,2062,102.736
RE1,INDENEFFDP,2063,257.2666
RE1,INDENEFFDP,2064,4092.8553
RE1,INDENEFFDP,2065,527.616
RE1,INDENEFFDP,2066,692.8651
RE1,INDENEFFDP,2067,815.574
RE1,INDENEFFDP,2068,933.5591
RE1,INDENEFFDP,2069,1282.7041
RE1,DEMINDHEBIO,2057,21.735
RE1,DEMINDHEBIO,2058,42.4438
RE1,DEMINDHEBIO,2059,62.1852
RE1,DEMINDHEBIO,2060,2114.806
RE1,DEMINDHEBIO,2061,87.6847
RE1,DEMINDHEBIO,2062,102.9004
RE1,DEMINDHEBIO,2063,117.4256
RE1,DEMINDHEBIO,2064,131.3188
RE1,DEMINDHEBIO,2065,144.6429
RE1,DEMINDHEBIO,2066,150.8249
RE1,DEMINDHEBIO,2067,207.7313
RE1,DEMINDHEBIO,2068,248.3554
RE1,DEMINDHEBIO,2069,263.8975
RE1,DEMINDHEBIO,2070,278.8692
RE1,DEMRESELC,2062,0.0
RE1,DEMRESELC,2063,0.0
RE1,DEMRESELC,2064,0.0
RE1,DEMRESELC,2065,0.0
RE1,DEMRESELC,2066,0.0
RE1,DEMRESELC,2067,0.0
RE1,DEMRESELC,2068,0.0
RE1,DEMRESELC,2070,0.0001
RE1,RESENEFFDP,2062,51.2861
RE1,RESENEFFDP,2063,128.4281
RE1,RESENEFFDP,2064,2043.1638
RE1,RESENEFFDP,2065,263.3872
RE1,RESENEFFDP,2066,345.88
RE1,RESENEFFDP,2067,407.1366
RE1,RESENEFFDP,2068,466.0351
RE1,RESENEFFDP,2069,640.3292
RE1,DEMRESCKNELC,2042,1.1213
RE1,DEMRESCKNELC,2043,2.249
RE1,DEMRESCKNELC,2044,10.7761
RE1,DEMRESCKNELC,2045,12.855
RE1,DEMRESCKNELC,2046,4.7369
RE1,DEMRESCKNELC,2047,25.4098
RE1,DEMRESCKNELC,2048,28.9677
RE1,DEMRESCKNELC,2049,32.356
RE1,DEMRESCKNELC,2050,35.5831
RE1,DEMRESCKNELC,2051,38.6564
RE1,DEMRESCKNELC,2052,41.5834
RE1,DEMRESCKNELC,2053,44.3711
RE1,DEMRESCKNELC,2054,47.026
RE1,DEMRESCKNELC,2055,49.5544
RE1,DEMRESCKNELC,2056,51.9625
RE1,DEMRESCKNELC,2057,54.2559
RE1,DEMRESCKNELC,2058,56.4401
RE1,DEMRESCKNELC,2059,58.5202
RE1,DEMRESCKNELC,2060,60.5013
RE1,DEMRESCKNELC,2061,62.3881
RE1,DEMRESCKNELC,2062,64.1851
RE1,DEMRESCKNELC,2063,65.8964
RE1,DEMRESCKNELC,2064,65.3529
RE1,DEMRESCKNELC,2065,33.9102
RE1,DEMRESCKNELC,2066,31.9188
RE1,DEMRESCKNELC,2067,56.9632
RE1,DEMRESCKNELC,2068,73.3057
RE1,DEMRESCKNELC,2069,24.0541
RE1,DEMRESCKNBIO,2052,3.8243
RE1,DEMRESCKNBIO,2053,7.4683
RE1,DEMRESCKNBIO,2054,10.9408
RE1,DEMRESCKNBIO,2055,14.2499
RE1,DEMRESCKNBIO,2056,17.1804
RE1,DEMRESCKNBIO,2057,20.1496
RE1,DEMRESCKNBIO,2058,22.9804
RE1,DEMRESCKNBIO,2059,4.1248
RE1,DEMRESCKNBIO,2060,4.5483
RE1,DEMRESCKNBIO,2061,4.9543
RE1,DEMRESCKNBIO,2062,5.345
RE1,DEMRESCKNBIO,2063,5.7203
RE1,DEMRESCKNBIO,2064,6.0808
RE1,DEMRESCKNBIO,2065,6.4273
RE1,DEMRESCKNBIO,2066,5.8881
RE1,DEMRESCKNBIO,2067,6.1719
RE1,DEMRESCKNBIO,2068,6.4454
RE1,DEMRESCKNBIO,2069,6.7093
RE1,DEMRESCKNBIO,2070,20.1591
RE1,DEMRESHEBIO,2057,5.2577
RE1,DEMRESHEBIO,2058,10.2626
RE1,DEMRESHEBIO,2059,15.0294
RE1,DEMRESHEBIO,2060,422.7288
RE1,DEMRESHEBIO,2061,21.2367
RE1,DEMRESHEBIO,2062,24.9076
RE1,DEMRESHEBIO,2063,28.4081
RE1,DEMRESHEBIO,2064,49.5194
RE1,DEMRESHEBIO,2065,55.0751
RE1,DEMRESHEBIO,2066,52.5046
RE1,DEMRESHEBIO,2067,56.5925
RE1,DEMRESHEBIO,2068,60.5165
RE1,DEMRESHEBIO,2069,64.2752
RE1,DEMRESHEBIO,2070,67.8932
RE1,DEMCOMELC,2062,0.0
RE1,DEMCOMELC,2063,0.0
RE1,DEMCOMELC,2064,0.0
RE1,DEMCOMELC,2065,0.0
RE1,DEMCOMELC,2066,0.0
RE1,DEMCOMELC,2067,0.0
RE1,DEMCOMELC,2068,0.0
RE1,DEMCOMELC,2070,0.0001
RE1,COMENEFFDP,2062,53.0065
RE1,COMENEFFDP,2063,132.7364
RE1,COMENEFFDP,2064,2111.7045
RE1,COMENEFFDP,2065,272.2229
RE1,COMENEFFDP,2066,357.483
RE1,COMENEFFDP,2067,420.7946
RE1,COMENEFFDP,2068,481.6688
RE1,COMENEFFDP,2069,661.8098
RE1,DEMCOMHEBIO,2057,2.5888
RE1,DEMCOMHEBIO,2058,5.059
RE1,DEMCOMHEBIO,2059,7.4169
RE1,DEMCOMHEBIO,2060,187.0523
RE1,DEMCOMHEBIO,2061,21.1595
RE1,DEMCOMHEBIO,2062,18.3591
RE1,DEMCOMHEBIO,2063,20.9516
RE1,DEMCOMHEBIO,2064,23.4304
RE1,DEMCOMHEBIO,2065,25.8066
RE1,DEMCOMHEBIO,2066,25.7923
RE1,DEMCOMHEBIO,2067,27.8336
RE1,DEMCOMHEBIO,2068,29.7971
RE1,DEMCOMHEBIO,2069,31.6815
RE1,DEMCOMHEBIO,2070,33.4985
RE1,DEMINDHECOA,2057,41.4981
RE1,DEMINDHECOA,2058,81.1294
RE1,DEMINDHECOA,2059,118.9862
RE1,DEMINDHECOA,2060,4050.7853
RE1,DEMINDHECOA,2061,168.1085
RE1,DEMINDHECOA,2062,197.3758
RE1,DEMINDHECOA,2063,225.3596
RE1,DEMINDHECOA,2064,252.1239
RE1,DEMINDHECOA,2065,277.7293
RE1,DEMINDHECOA,2066,289.6658
RE1,DEMINDHECOA,2067,399.0256
RE1,DEMINDHECOA,2068,477.1003
RE1,DEMINDHECOA,2069,507.0444
RE1,DEMINDHECOA,2070,535.8104
