r,t,y,TotalCapacityAnnual
RE1,MINOIL,2024,2141.6499
RE1,MINBIO,2015,1083.1531
RE1,MINBIO,2016,1039.3006
RE1,MINBIO,2017,1077.9026
RE1,MINBIO,2018,1116.6381
RE1,MINBIO,2019,1137.3915
RE1,MINBIO,2020,1170.5173
RE1,MINBIO,2021,1197.7543
RE1,MINBIO,2022,1212.6691
RE1,MINBIO,2023,1227.5592
RE1,MINBIO,2024,1242.4259
RE1,MINBIO,2025,1257.2706
RE1,MINBIO,2026,1273.6359
RE1,MINBIO,2027,1289.9767
RE1,MINBIO,2028,1306.2942
RE1,MINBIO,2029,1322.5898
RE1,MINBIO,2030,1338.8647
RE1,MINBIO,2031,1181.6437
RE1,MINBIO,2032,1196.2983
RE1,MINBIO,2033,1210.9212
RE1,MINBIO,2034,1225.5141
RE1,MINBIO,2035,1312.9459
RE1,MINBIO,2036,1389.3213
RE1,MINBIO,2037,1544.9949
RE1,MINBIO,2038,1682.452
RE1,MINBIO,2039,1754.7989
RE1,MINBIO,2040,1823.4913
RE1,MINBIO,2041,1923.3735
RE1,MINBIO,2042,2035.1201
RE1,MINBIO,2043,2106.4582
RE1,MINBIO,2044,2218.0406
RE1,MINBIO,2045,2360.4906
RE1,MINBIO,2046,2411.68
RE1,MINBIO,2047,2469.1225
RE1,MINBIO,2048,2521.9895
RE1,MINBIO,2049,2573.4058
RE1,MINBIO,2050,7224.1047
RE1,MINBIO,2051,7374.4667
RE1,MINBIO,2052,7472.8915
RE1,MINBIO,2053,7564.1994
RE1,MINBIO,2054,7656.3319
RE1,MINBIO,2055,7749.2965
RE1,MINBIO,2056,7843.1013
RE1,MINBIO,2057,7937.754
RE1,MINBIO,2058,8033.2625
RE1,MINBIO,2059,8116.6502
RE1,MINBIO,2060,8248.8753
RE1,MINBIO,2061,8316.1394
RE1,MINBIO,2062,8415.0535
RE1,MINBIO,2063,8514.8634
RE1,MINBIO,2064,8624.7415
RE1,MINBIO,2065,8726.4702
RE1,MINBIO,2066,8829.1212
RE1,MINBIO,2067,8932.703
RE1,MINBIO,2068,9037.2247
RE1,MINBIO,2069,9105.0479
RE1,MINBIO,2070,8987.155
RE1,IMPCOA,2027,2640.3815
RE1,IMPCOA,2028,4069.8489
RE1,IMPCOA,2029,4056.773
RE1,IMPCOA,2030,4069.3698
RE1,IMPCOA,2031,4351.1199
RE1,IMPCOA,2032,4446.0163
RE1,IMPCOA,2033,4574.0742
RE1,IMPCOA,2034,4665.2356
RE1,IMPCOA,2035,4676.512
RE1,IMPCOA,2036,4686.412
RE1,IMPCOA,2037,4590.9723
RE1,IMPCOA,2038,4600.8516
RE1,IMPCOA,2039,4610.7211
RE1,IMPCOA,2040,4620.5812
RE1,IMPCOA,2041,4630.8548
RE1,IMPCOA,2042,4589.4358
RE1,IMPCOA,2043,4599.6958
RE1,IMPCOA,2044,4609.9493
RE1,IMPCOA,2045,4620.1965
RE1,IMPCOA,2046,4628.0746
RE1,IMPCOA,2047,4635.95
RE1,IMPCOA,2048,4643.8226
RE1,IMPCOA,2049,4651.6926
RE1,IMPCOA,2050,4659.5599
RE1,IMPCOA,2051,4667.6131
RE1,IMPCOA,2052,4675.7274
RE1,IMPCOA,2053,4683.9035
RE1,IMPCOA,2054,4692.1418
RE1,IMPCOA,2055,4700.4428
RE1,IMPCOA,2056,4708.8069
RE1,IMPCOA,2057,4717.2347
RE1,IMPCOA,2058,4725.7266
RE1,IMPCOA,2059,4734.2831
RE1,IMPCOA,2060,4742.9048
RE1,IMPCOA,2061,4751.5921
RE1,IMPCOA,2062,4760.3455
RE1,IMPCOA,2063,4769.1656
RE1,IMPCOA,2064,4778.0529
RE1,IMPCOA,2065,4787.0079
RE1,IMPCOA,2066,4796.0311
RE1,IMPCOA,2067,4805.123
RE1,IMPCOA,2068,4814.2843
RE1,IMPCOA,2069,4823.5153
RE1,IMPCOA,2070,4044.572
RE1,MINCOA,2015,1201.8754
RE1,MINCOA,2016,1120.3443
RE1,MINCOA,2017,1132.6138
RE1,MINCOA,2018,1153.041
RE1,MINCOA,2019,1262.8932
RE1,MINCOA,2020,2935.6728
RE1,MINCOA,2021,3016.1627
RE1,MINCOA,2022,3114.3237
RE1,MINCOA,2023,3212.4117
RE1,MINCOA,2024,3885.55
RE1,MINCOA,2025,3758.8805
RE1,MINCOA,2026,3945.9169
RE1,MINCOA,2027,1416.8428
RE1,IMPLFO,2015,5550.7897
RE1,IMPLFO,2016,5742.9384
RE1,IMPLFO,2017,5873.1206
RE1,IMPLFO,2018,6018.0952
RE1,IMPLFO,2019,6157.2479
RE1,IMPLFO,2020,6296.3538
RE1,IMPLFO,2021,6407.281
RE1,IMPLFO,2022,6518.1763
RE1,IMPLFO,2023,6629.0416
RE1,IMPLFO,2024,3364.7159
RE1,IMPLFO,2025,5329.9467
RE1,IMPLFO,2026,5377.5469
RE1,IMPLFO,2027,5425.1217
RE1,IMPLFO,2028,5472.6725
RE1,IMPLFO,2029,5523.8336
RE1,IMPLFO,2030,5615.9282
RE1,IMPLFO,2031,5692.1347
RE1,IMPLFO,2032,5768.3203
RE1,IMPLFO,2033,5844.4861
RE1,IMPLFO,2034,5920.6331
RE1,IMPLFO,2035,5996.7624
RE1,IMPLFO,2036,6066.1645
RE1,IMPLFO,2037,6135.5564
RE1,IMPLFO,2038,6204.9387
RE1,IMPLFO,2039,6274.3116
RE1,IMPLFO,2040,6343.6755
RE1,IMPLFO,2041,6409.6778
RE1,IMPLFO,2042,6475.6735
RE1,IMPLFO,2043,6541.6628
RE1,IMPLFO,2044,6607.6459
RE1,IMPLFO,2045,6673.623
RE1,IMPLFO,2046,6725.2117
RE1,IMPLFO,2047,6776.7977
RE1,IMPLFO,2048,6828.3811
RE1,IMPLFO,2049,6879.962
RE1,UPSREF001,2015,2876.6643
RE1,UPSREF001,2016,2876.6643
RE1,UPSREF001,2017,2876.6643
RE1,UPSREF001,2018,2876.6643
RE1,UPSREF001,2019,2876.6643
RE1,UPSREF001,2020,2876.6643
RE1,UPSREF001,2021,2876.6643
RE1,UPSREF001,2022,2876.6643
RE1,UPSREF001,2023,2876.6643
RE1,UPSREF001,2024,2876.6643
RE1,UPSREF001,2025,2876.6643
RE1,UPSREF001,2026,2876.6643
RE1,UPSREF001,2027,2876.6643
RE1,UPSREF001,2028,2876.6643
RE1,UPSREF001,2029,2876.6643
RE1,UPSREF001,2030,2876.6643
RE1,UPSREF001,2031,2876.6643
RE1,UPSREF001,2032,2876.6643
RE1,UPSREF001,2033,2876.6643
RE1,UPSREF001,2034,2876.6643
RE1,UPSREF001,2035,2876.6643
RE1,UPSREF001,2036,2876.6643
RE1,UPSREF001,2037,2876.6643
RE1,UPSREF001,2038,2876.6643
RE1,UPSREF001,2039,2876.6643
RE1,UPSREF001,2040,2876.6643
RE1,UPSREF001,2041,2876.6643
RE1,UPSREF001,2042,2876.6643
RE1,UPSREF001,2043,2876.6643
RE1,UPSREF001,2044,2876.6643
RE1,UPSREF001,2045,2876.6643
RE1,MINNGS,2015,794.6634
RE1,MINNGS,2016,796.9507
RE1,MINNGS,2017,806.5935
RE1,MINNGS,2018,839.6294
RE1,MINNGS,2019,846.9226
RE1,MINNGS,2025,20.7236
RE1,MINNGS,2026,26.1918
RE1,MINNGS,2027,71.7872
RE1,MINNGS,2028,169.9049
RE1,MINNGS,2029,278.0513
RE1,MINNGS,2030,238.4983
RE1,MINNGS,2031,260.6444
RE1,MINNGS,2032,260.6444
RE1,MINNGS,2033,234.8609
RE1,MINNGS,2034,224.2478
RE1,MINNGS,2035,224.2478
RE1,MINNGS,2036,224.2478
RE1,MINNGS,2037,224.2478
RE1,MINNGS,2038,134.7235
RE1,MINNGS,2039,134.7235
RE1,MINNGS,2040,112.7482
RE1,MINNGS,2041,99.8877
RE1,MINNGS,2042,99.8877
RE1,MINNGS,2043,99.8877
RE1,MINNGS,2044,49.9438
RE1,MINSOL,2015,19.2273
RE1,MINSOL,2016,33.282
RE1,MINSOL,2017,36.6855
RE1,MINSOL,2018,40.2789
RE1,MINSOL,2019,40.5636
RE1,MINSOL,2020,40.5636
RE1,MINSOL,2021,41.6077
RE1,MINSOL,2022,41.6077
RE1,MINSOL,2023,41.6077
RE1,MINSOL,2024,41.6077
RE1,MINSOL,2025,234.781
RE1,MINSOL,2026,237.9979
RE1,MINSOL,2027,243.0834
RE1,MINSOL,2028,250.1971
RE1,MINSOL,2029,255.332
RE1,MINSOL,2030,260.4653
RE1,MINSOL,2031,265.5996
RE1,MINSOL,2032,270.731
RE1,MINSOL,2033,275.8599
RE1,MINSOL,2034,287.8984
RE1,MINSOL,2035,293.1991
RE1,MINSOL,2036,297.6675
RE1,MINSOL,2037,302.1346
RE1,MINSOL,2038,306.6005
RE1,MINSOL,2039,311.065
RE1,MINSOL,2040,320.9202
RE1,MINSOL,2041,319.8762
RE1,MINSOL,2042,324.2229
RE1,MINSOL,2043,328.5688
RE1,MINSOL,2044,332.8669
RE1,MINSOL,2045,337.2113
RE1,MINSOL,2046,340.3819
RE1,MINSOL,2047,343.5522
RE1,MINSOL,2048,346.7221
RE1,MINSOL,2049,349.8918
RE1,MINSOL,2050,621.8665
RE1,MINSOL,2051,636.2231
RE1,MINSOL,2052,641.6479
RE1,MINSOL,2053,647.121
RE1,MINSOL,2054,652.6425
RE1,MINSOL,2055,658.2131
RE1,MINSOL,2056,663.8331
RE1,MINSOL,2057,669.503
RE1,MINSOL,2058,675.2232
RE1,MINSOL,2059,678.4635
RE1,MINSOL,2060,673.3302
RE1,MINSOL,2061,692.6909
RE1,MINSOL,2062,698.6172
RE1,MINSOL,2063,704.5964
RE1,MINSOL,2064,710.6287
RE1,MINSOL,2065,716.7148
RE1,MINSOL,2066,722.855
RE1,MINSOL,2067,729.05
RE1,MINSOL,2068,735.3001
RE1,MINSOL,2069,741.606
RE1,MINSOL,2070,840.2686
RE1,MINWND,2015,1.5132
RE1,MINWND,2016,3.2785
RE1,MINWND,2017,4.061
RE1,MINWND,2018,7.1325
RE1,MINWND,2019,9.745
RE1,MINWND,2020,9.745
RE1,MINWND,2021,9.9907
RE1,MINWND,2022,9.9907
RE1,MINWND,2023,9.9907
RE1,MINWND,2024,9.9907
RE1,MINWND,2025,9.9907
RE1,MINWND,2026,9.9907
RE1,MINWND,2027,9.9907
RE1,MINWND,2028,9.9907
RE1,MINWND,2029,9.9907
RE1,MINWND,2030,9.9907
RE1,MINWND,2031,9.9907
RE1,MINWND,2032,9.9907
RE1,MINWND,2033,9.9907
RE1,MINWND,2034,9.9907
RE1,MINWND,2035,9.9907
RE1,MINWND,2036,8.2254
RE1,MINWND,2037,8.2254
RE1,MINWND,2038,8.2254
RE1,MINWND,2039,8.2254
RE1,MINWND,2040,8.2254
RE1,MINWND,2041,8.2254
RE1,MINWND,2042,8.2254
RE1,MINWND,2043,8.2254
RE1,MINWND,2044,8.2254
RE1,MINWND,2045,8.2254
RE1,MINWND,2046,8.2254
RE1,MINWND,2047,3.2785
RE1,MINWND,2048,2.5866
RE1,MINWND,2049,2.5866
RE1,MINWND,2070,372.5568
RE1,MINGEO,2024,1.4486
RE1,MINGEO,2025,1.4486
RE1,MINGEO,2026,1.4486
RE1,MINGEO,2027,1.4486
RE1,MINGEO,2028,1.4486
RE1,MINGEO,2029,1.4486
RE1,MINGEO,2030,1.4486
RE1,MINGEO,2031,1.4486
RE1,MINGEO,2032,1.4486
RE1,MINGEO,2033,1.4486
RE1,MINGEO,2034,1.4486
RE1,MINGEO,2035,1.4486
RE1,MINGEO,2036,1.4486
RE1,MINGEO,2037,1.4486
RE1,MINGEO,2038,1.4486
RE1,MINGEO,2039,1.4486
RE1,MINGEO,2040,1.4486
RE1,MINGEO,2041,1.4486
RE1,MINGEO,2042,1.4486
RE1,MINGEO,2043,1.4486
RE1,MINGEO,2044,1.4486
RE1,MINGEO,2045,1.4486
RE1,MINGEO,2046,1.4486
RE1,MINGEO,2047,1.4486
RE1,MINGEO,2048,1.4486
RE1,MINGEO,2049,1.4486
RE1,MINGEO,2050,1.4486
RE1,MINGEO,2051,1.4486
RE1,MINGEO,2052,1.4486
RE1,MINGEO,2053,1.4486
RE1,MINGEO,2054,1.4486
RE1,MINGEO,2055,1.4486
RE1,MINGEO,2056,1.4486
RE1,MINGEO,2057,1.4486
RE1,MINGEO,2058,1.4486
RE1,MINGEO,2059,1.4486
RE1,MINGEO,2060,1.4486
RE1,MINGEO,2061,1.4486
RE1,MINGEO,2062,1.4486
RE1,MINGEO,2063,1.4486
RE1,MINGEO,2064,1.4486
RE1,MINGEO,2065,1.4486
RE1,MINGEO,2066,1.4486
RE1,MINGEO,2067,1.4486
RE1,MINGEO,2068,1.4486
RE1,MINGEO,2069,1.4486
RE1,MINGEO,2070,1.4486
RE1,MINHYD,2015,51.7481
RE1,MINHYD,2016,51.7481
RE1,MINHYD,2017,51.7481
RE1,MINHYD,2018,51.7481
RE1,MINHYD,2019,51.7481
RE1,MINHYD,2020,51.7481
RE1,MINHYD,2021,51.7481
RE1,MINHYD,2022,51.7481
RE1,MINHYD,2023,51.7481
RE1,MINHYD,2024,51.7481
RE1,MINHYD,2025,51.7481
RE1,MINHYD,2026,51.7481
RE1,MINHYD,2027,51.7481
RE1,MINHYD,2028,51.7481
RE1,MINHYD,2029,51.7481
RE1,MINHYD,2030,51.7481
RE1,MINHYD,2031,51.7481
RE1,MINHYD,2032,51.7481
RE1,MINHYD,2033,51.7481
RE1,MINHYD,2034,51.7481
RE1,MINHYD,2035,51.7481
RE1,MINHYD,2036,51.7481
RE1,MINHYD,2037,51.7481
RE1,MINHYD,2038,51.7481
RE1,MINHYD,2039,51.7481
RE1,MINHYD,2040,51.7481
RE1,MINHYD,2041,51.7481
RE1,MINHYD,2042,51.7481
RE1,MINHYD,2043,51.7481
RE1,MINHYD,2044,51.7481
RE1,MINHYD,2045,51.7481
RE1,MINHYD,2046,51.7481
RE1,MINHYD,2047,51.7481
RE1,MINHYD,2048,51.7481
RE1,MINHYD,2049,51.7481
RE1,MINHYD,2050,51.7481
RE1,PWRBIO001,2015,2.978
RE1,PWRBIO001,2016,3.404
RE1,PWRBIO001,2017,3.829
RE1,PWRBIO001,2018,4.04
RE1,PWRBIO001,2019,4.04
RE1,PWRBIO001,2020,4.255
RE1,PWRBIO001,2021,4.468
RE1,PWRBIO001,2022,4.468
RE1,PWRBIO001,2023,4.468
RE1,PWRBIO001,2024,4.468
RE1,PWRBIO001,2025,4.468
RE1,PWRBIO001,2026,4.468
RE1,PWRBIO001,2027,4.468
RE1,PWRBIO001,2028,4.468
RE1,PWRBIO001,2029,4.468
RE1,PWRBIO001,2030,4.468
RE1,PWRBIO001,2031,1.49
RE1,PWRBIO001,2032,1.49
RE1,PWRBIO001,2033,1.49
RE1,PWRBIO001,2034,1.49
RE1,PWRBIO001,2035,2.7523
RE1,PWRBIO001,2036,3.854
RE1,PWRBIO001,2037,6.3297
RE1,PWRBIO001,2038,8.4901
RE1,PWRBIO001,2039,9.5229
RE1,PWRBIO001,2040,10.4926
RE1,PWRBIO001,2041,11.9989
RE1,PWRBIO001,2042,13.7109
RE1,PWRBIO001,2043,14.7231
RE1,PWRBIO001,2044,16.4326
RE1,PWRBIO001,2045,18.677
RE1,PWRBIO001,2046,19.3928
RE1,PWRBIO001,2047,20.2171
RE1,PWRBIO001,2048,20.9622
RE1,PWRBIO001,2049,21.6822
RE1,PWRBIO001,2050,102.0761
RE1,PWRBIO001,2051,104.5062
RE1,PWRBIO001,2052,106.0352
RE1,PWRBIO001,2053,107.4395
RE1,PWRBIO001,2054,108.8568
RE1,PWRBIO001,2055,110.287
RE1,PWRBIO001,2056,111.7305
RE1,PWRBIO001,2057,113.1872
RE1,PWRBIO001,2058,114.6574
RE1,PWRBIO001,2059,115.9162
RE1,PWRBIO001,2060,118.0196
RE1,PWRBIO001,2061,118.9962
RE1,PWRBIO001,2062,120.5196
RE1,PWRBIO001,2063,122.057
RE1,PWRBIO001,2064,123.7674
RE1,PWRBIO001,2065,125.3352
RE1,PWRBIO001,2066,126.9174
RE1,PWRBIO001,2067,128.5143
RE1,PWRBIO001,2068,130.1259
RE1,PWRBIO001,2069,131.1002
RE1,PWRBIO001,2070,128.8558
RE1,PWRCOA001,2015,5.259
RE1,PWRCOA001,2016,5.259
RE1,PWRCOA001,2017,5.259
RE1,PWRCOA001,2018,5.259
RE1,PWRCOA001,2019,6.4493
RE1,PWRCOA001,2020,27.5977
RE1,PWRCOA001,2021,28.4784
RE1,PWRCOA001,2022,29.5849
RE1,PWRCOA001,2023,30.6907
RE1,PWRCOA001,2024,39.1397
RE1,PWRCOA001,2025,37.3758
RE1,PWRCOA001,2026,39.6026
RE1,PWRCOA001,2027,40.8625
RE1,PWRCOA001,2028,40.8625
RE1,PWRCOA001,2029,40.5345
RE1,PWRCOA001,2030,40.5345
RE1,PWRCOA001,2031,43.9873
RE1,PWRCOA001,2032,45.0544
RE1,PWRCOA001,2033,46.5451
RE1,PWRCOA001,2034,47.565
RE1,PWRCOA001,2035,47.565
RE1,PWRCOA001,2036,47.565
RE1,PWRCOA001,2037,46.22
RE1,PWRCOA001,2038,46.22
RE1,PWRCOA001,2039,46.22
RE1,PWRCOA001,2040,46.22
RE1,PWRCOA001,2041,46.22
RE1,PWRCOA001,2042,45.56
RE1,PWRCOA001,2043,45.56
RE1,PWRCOA001,2044,45.56
RE1,PWRCOA001,2045,45.56
RE1,PWRCOA001,2046,45.56
RE1,PWRCOA001,2047,45.56
RE1,PWRCOA001,2048,45.56
RE1,PWRCOA001,2049,45.56
RE1,PWRCOA001,2050,45.56
RE1,PWRCOA001,2051,45.56
RE1,PWRCOA001,2052,45.56
RE1,PWRCOA001,2053,45.56
RE1,PWRCOA001,2054,45.56
RE1,PWRCOA001,2055,45.56
RE1,PWRCOA001,2056,45.56
RE1,PWRCOA001,2057,45.56
RE1,PWRCOA001,2058,45.56
RE1,PWRCOA001,2059,45.56
RE1,PWRCOA001,2060,45.56
RE1,PWRCOA001,2061,45.56
RE1,PWRCOA001,2062,45.56
RE1,PWRCOA001,2063,45.56
RE1,PWRCOA001,2064,45.56
RE1,PWRCOA001,2065,45.56
RE1,PWRCOA001,2066,45.56
RE1,PWRCOA001,2067,45.56
RE1,PWRCOA001,2068,45.56
RE1,PWRCOA001,2069,45.56
RE1,PWRCOA001,2070,45.56
RE1,PWRGEO,2024,0.0066
RE1,PWRGEO,2025,0.0066
RE1,PWRGEO,2026,0.0066
RE1,PWRGEO,2027,0.0066
RE1,PWRGEO,2028,0.0066
RE1,PWRGEO,2029,0.0066
RE1,PWRGEO,2030,0.0066
RE1,PWRGEO,2031,0.0066
RE1,PWRGEO,2032,0.0066
RE1,PWRGEO,2033,0.0066
RE1,PWRGEO,2034,0.0066
RE1,PWRGEO,2035,0.0066
RE1,PWRGEO,2036,0.0066
RE1,PWRGEO,2037,0.0066
RE1,PWRGEO,2038,0.0066
RE1,PWRGEO,2039,0.0066
RE1,PWRGEO,2040,0.0066
RE1,PWRGEO,2041,0.0066
RE1,PWRGEO,2042,0.0066
RE1,PWRGEO,2043,0.0066
RE1,PWRGEO,2044,0.0066
RE1,PWRGEO,2045,0.0066
RE1,PWRGEO,2046,0.0066
RE1,PWRGEO,2047,0.0066
RE1,PWRGEO,2048,0.0066
RE1,PWRGEO,2049,0.0066
RE1,PWRGEO,2050,0.0066
RE1,PWRGEO,2051,0.0066
RE1,PWRGEO,2052,0.0066
RE1,PWRGEO,2053,0.0066
RE1,PWRGEO,2054,0.0066
RE1,PWRGEO,2055,0.0066
RE1,PWRGEO,2056,0.0066
RE1,PWRGEO,2057,0.0066
RE1,PWRGEO,2058,0.0066
RE1,PWRGEO,2059,0.0066
RE1,PWRGEO,2060,0.0066
RE1,PWRGEO,2061,0.0066
RE1,PWRGEO,2062,0.0066
RE1,PWRGEO,2063,0.0066
RE1,PWRGEO,2064,0.0066
RE1,PWRGEO,2065,0.0066
RE1,PWRGEO,2066,0.0066
RE1,PWRGEO,2067,0.0066
RE1,PWRGEO,2068,0.0066
RE1,PWRGEO,2069,0.0066
RE1,PWRGEO,2070,0.0066
RE1,PWRNGS001,2015,27.132
RE1,PWRNGS001,2016,27.132
RE1,PWRNGS001,2017,27.132
RE1,PWRNGS001,2018,27.132
RE1,PWRNGS001,2019,27.132
RE1,PWRNGS001,2020,27.132
RE1,PWRNGS001,2021,27.132
RE1,PWRNGS001,2022,27.132
RE1,PWRNGS001,2023,27.132
RE1,PWRNGS001,2024,10.764
RE1,PWRNGS001,2025,10.764
RE1,PWRNGS001,2026,10.016
RE1,PWRNGS001,2027,10.016
RE1,PWRNGS001,2028,9.892
RE1,PWRNGS001,2029,9.77
RE1,PWRNGS001,2030,8.594
RE1,PWRNGS001,2031,8.35
RE1,PWRNGS001,2032,8.35
RE1,PWRNGS001,2033,7.524
RE1,PWRNGS001,2034,7.184
RE1,PWRNGS001,2035,7.184
RE1,PWRNGS001,2036,7.184
RE1,PWRNGS001,2037,7.184
RE1,PWRNGS001,2038,4.316
RE1,PWRNGS001,2039,4.316
RE1,PWRNGS001,2040,3.612
RE1,PWRNGS001,2041,3.2
RE1,PWRNGS001,2042,3.2
RE1,PWRNGS001,2043,3.2
RE1,PWRNGS001,2044,1.6
RE1,PWRSOL001,2015,1.4145
RE1,PWRSOL001,2016,2.451
RE1,PWRSOL001,2017,2.702
RE1,PWRSOL001,2018,2.967
RE1,PWRSOL001,2019,2.988
RE1,PWRSOL001,2020,2.988
RE1,PWRSOL001,2021,3.065
RE1,PWRSOL001,2022,3.065
RE1,PWRSOL001,2023,3.065
RE1,PWRSOL001,2024,3.065
RE1,PWRSOL001,2025,17.3111
RE1,PWRSOL001,2026,17.5483
RE1,PWRSOL001,2027,17.9233
RE1,PWRSOL001,2028,18.448
RE1,PWRSOL001,2029,18.8266
RE1,PWRSOL001,2030,19.2052
RE1,PWRSOL001,2031,19.5838
RE1,PWRSOL001,2032,19.9623
RE1,PWRSOL001,2033,20.3405
RE1,PWRSOL001,2034,21.2283
RE1,PWRSOL001,2035,21.6192
RE1,PWRSOL001,2036,21.9488
RE1,PWRSOL001,2037,22.2782
RE1,PWRSOL001,2038,22.6076
RE1,PWRSOL001,2039,22.9368
RE1,PWRSOL001,2040,23.6636
RE1,PWRSOL001,2041,23.5866
RE1,PWRSOL001,2042,23.9072
RE1,PWRSOL001,2043,24.2277
RE1,PWRSOL001,2044,24.5481
RE1,PWRSOL001,2045,24.8685
RE1,PWRSOL001,2046,25.1023
RE1,PWRSOL001,2047,25.3361
RE1,PWRSOL001,2048,25.5699
RE1,PWRSOL001,2049,25.8037
RE1,PWRSOL001,2050,45.8611
RE1,PWRSOL001,2051,46.9199
RE1,PWRSOL001,2052,47.32
RE1,PWRSOL001,2053,47.7236
RE1,PWRSOL001,2054,48.1308
RE1,PWRSOL001,2055,48.5416
RE1,PWRSOL001,2056,48.9561
RE1,PWRSOL001,2057,49.3742
RE1,PWRSOL001,2058,49.7961
RE1,PWRSOL001,2059,50.035
RE1,PWRSOL001,2060,49.6564
RE1,PWRSOL001,2061,51.0842
RE1,PWRSOL001,2062,51.5213
RE1,PWRSOL001,2063,51.9622
RE1,PWRSOL001,2064,52.4071
RE1,PWRSOL001,2065,52.856
RE1,PWRSOL001,2066,53.3088
RE1,PWRSOL001,2067,53.7656
RE1,PWRSOL001,2068,54.2266
RE1,PWRSOL001,2069,54.6916
RE1,PWRSOL001,2070,61.9677
RE1,PWRCSP002,2015,0.005
RE1,PWRCSP002,2016,0.005
RE1,PWRCSP002,2017,0.005
RE1,PWRCSP002,2018,0.005
RE1,PWRCSP002,2019,0.005
RE1,PWRCSP002,2020,0.005
RE1,PWRCSP002,2021,0.005
RE1,PWRCSP002,2022,0.005
RE1,PWRCSP002,2023,0.005
RE1,PWRCSP002,2024,0.005
RE1,PWRCSP002,2025,0.005
RE1,PWRCSP002,2026,0.005
RE1,PWRCSP002,2027,0.005
RE1,PWRCSP002,2028,0.005
RE1,PWRCSP002,2029,0.005
RE1,PWRCSP002,2030,0.005
RE1,PWRCSP002,2031,0.005
RE1,PWRCSP002,2032,0.005
RE1,PWRCSP002,2033,0.005
RE1,PWRCSP002,2034,0.005
RE1,PWRCSP002,2035,0.005
RE1,PWRCSP002,2036,0.005
RE1,PWRCSP002,2037,0.005
RE1,PWRCSP002,2038,0.005
RE1,PWRCSP002,2039,0.005
RE1,PWRCSP002,2040,0.005
RE1,PWRCSP002,2041,0.005
RE1,PWRCSP002,2042,0.005
RE1,PWRCSP002,2043,0.005
RE1,PWRHYD001,2015,3.639
RE1,PWRHYD001,2016,3.639
RE1,PWRHYD001,2017,3.639
RE1,PWRHYD001,2018,3.639
RE1,PWRHYD001,2019,3.639
RE1,PWRHYD001,2020,3.639
RE1,PWRHYD001,2021,3.639
RE1,PWRHYD001,2022,3.639
RE1,PWRHYD001,2023,3.639
RE1,PWRHYD001,2024,3.639
RE1,PWRHYD001,2025,3.639
RE1,PWRHYD001,2026,3.639
RE1,PWRHYD001,2027,3.639
RE1,PWRHYD001,2028,3.639
RE1,PWRHYD001,2029,3.639
RE1,PWRHYD001,2030,3.639
RE1,PWRHYD001,2031,3.639
RE1,PWRHYD001,2032,3.639
RE1,PWRHYD001,2033,3.639
RE1,PWRHYD001,2034,3.639
RE1,PWRHYD001,2035,3.639
RE1,PWRHYD001,2036,3.639
RE1,PWRHYD001,2037,3.639
RE1,PWRHYD001,2038,3.639
RE1,PWRHYD001,2039,3.639
RE1,PWRHYD001,2040,3.639
RE1,PWRHYD001,2041,3.639
RE1,PWRHYD001,2042,3.639
RE1,PWRHYD001,2043,3.639
RE1,PWRHYD001,2044,3.639
RE1,PWRHYD001,2045,3.639
RE1,PWRHYD001,2046,3.639
RE1,PWRHYD001,2047,3.639
RE1,PWRHYD001,2048,3.639
RE1,PWRHYD001,2049,3.639
RE1,PWRHYD001,2050,3.639
RE1,PWRHYD002,2015,0.148
RE1,PWRHYD002,2016,0.148
RE1,PWRHYD002,2017,0.148
RE1,PWRHYD002,2018,0.148
RE1,PWRHYD002,2019,0.148
RE1,PWRHYD002,2020,0.148
RE1,PWRHYD002,2021,0.148
RE1,PWRHYD002,2022,0.148
RE1,PWRHYD002,2023,0.148
RE1,PWRHYD002,2024,0.148
RE1,PWRHYD002,2025,0.148
RE1,PWRHYD002,2026,0.148
RE1,PWRHYD002,2027,0.148
RE1,PWRHYD002,2028,0.148
RE1,PWRHYD002,2029,0.148
RE1,PWRHYD002,2030,0.148
RE1,PWRHYD002,2031,0.148
RE1,PWRHYD002,2032,0.148
RE1,PWRHYD002,2033,0.148
RE1,PWRHYD002,2034,0.148
RE1,PWRHYD002,2035,0.148
RE1,PWRHYD002,2036,0.148
RE1,PWRHYD002,2037,0.148
RE1,PWRHYD002,2038,0.148
RE1,PWRHYD002,2039,0.148
RE1,PWRHYD002,2040,0.148
RE1,PWRHYD002,2041,0.148
RE1,PWRHYD002,2042,0.148
RE1,PWRHYD002,2043,0.148
RE1,PWRHYD002,2044,0.148
RE1,PWRHYD002,2045,0.148
RE1,PWRHYD002,2046,0.148
RE1,PWRHYD002,2047,0.148
RE1,PWRHYD002,2048,0.148
RE1,PWRHYD002,2049,0.148
RE1,PWRHYD002,2050,0.148
RE1,PWRWND001,2015,0.234
RE1,PWRWND001,2016,0.507
RE1,PWRWND001,2017,0.628
RE1,PWRWND001,2018,1.103
RE1,PWRWND001,2019,1.507
RE1,PWRWND001,2020,1.507
RE1,PWRWND001,2021,1.545
RE1,PWRWND001,2022,1.545
RE1,PWRWND001,2023,1.545
RE1,PWRWND001,2024,1.545
RE1,PWRWND001,2025,1.545
RE1,PWRWND001,2026,1.545
RE1,PWRWND001,2027,1.545
RE1,PWRWND001,2028,1.545
RE1,PWRWND001,2029,1.545
RE1,PWRWND001,2030,1.545
RE1,PWRWND001,2031,1.545
RE1,PWRWND001,2032,1.545
RE1,PWRWND001,2033,1.545
RE1,PWRWND001,2034,1.545
RE1,PWRWND001,2035,1.545
RE1,PWRWND001,2036,1.272
RE1,PWRWND001,2037,1.272
RE1,PWRWND001,2038,1.272
RE1,PWRWND001,2039,1.272
RE1,PWRWND001,2040,1.272
RE1,PWRWND001,2041,1.272
RE1,PWRWND001,2042,1.272
RE1,PWRWND001,2043,1.272
RE1,PWRWND001,2044,1.272
RE1,PWRWND001,2045,1.272
RE1,PWRWND001,2046,1.272
RE1,PWRWND001,2047,0.507
RE1,PWRWND001,2048,0.4
RE1,PWRWND001,2049,0.4
RE1,PWRWND001,2070,11.8815
RE1,PWRSOL001S,2030,16.4616
RE1,PWRSOL001S,2031,16.7862
RE1,PWRSOL001S,2032,17.1105
RE1,PWRSOL001S,2033,17.4347
RE1,PWRSOL001S,2034,18.1957
RE1,PWRSOL001S,2035,18.5308
RE1,PWRSOL001S,2036,18.8132
RE1,PWRSOL001S,2037,19.0956
RE1,PWRSOL001S,2038,19.3779
RE1,PWRSOL001S,2039,19.6601
RE1,PWRSOL001S,2040,20.2171
RE1,PWRSOL001S,2041,20.2171
RE1,PWRSOL001S,2042,20.4919
RE1,PWRSOL001S,2043,20.7666
RE1,PWRSOL001S,2044,21.0412
RE1,PWRSOL001S,2045,21.3159
RE1,PWRSOL001S,2046,21.5163
RE1,PWRSOL001S,2047,21.7167
RE1,PWRSOL001S,2048,21.9171
RE1,PWRSOL001S,2049,22.1174
RE1,PWRSOL001S,2050,39.3095
RE1,PWRSOL001S,2051,40.217
RE1,PWRSOL001S,2052,40.56
RE1,PWRSOL001S,2053,40.9059
RE1,PWRSOL001S,2054,41.255
RE1,PWRSOL001S,2055,41.6071
RE1,PWRSOL001S,2056,41.9623
RE1,PWRSOL001S,2057,42.3207
RE1,PWRSOL001S,2058,42.6823
RE1,PWRSOL001S,2059,43.925
RE1,PWRSOL001S,2060,42.5627
RE1,PWRSOL001S,2061,43.7865
RE1,PWRSOL001S,2062,44.1611
RE1,PWRSOL001S,2063,44.5391
RE1,PWRSOL001S,2064,44.9204
RE1,PWRSOL001S,2065,45.3051
RE1,PWRSOL001S,2066,45.6932
RE1,PWRSOL001S,2067,46.0848
RE1,PWRSOL001S,2068,46.4799
RE1,PWRSOL001S,2069,48.4255
RE1,PWRSOL001S,2070,53.1152
RE1,PWRTRNIMP,2015,3.135
RE1,PWRTRNIMP,2016,3.7339
RE1,PWRTRNIMP,2017,4.3449
RE1,PWRTRNIMP,2018,4.6598
RE1,PWRTRNIMP,2019,4.7646
RE1,PWRTRNIMP,2020,4.8461
RE1,PWRTRNIMP,2021,4.8953
RE1,PWRTRNIMP,2022,4.9576
RE1,PWRTRNIMP,2023,5.0199
RE1,PWRTRNIMP,2024,4.9946
RE1,PWRTRNIMP,2025,6.1685
RE1,PWRTRNIMP,2026,6.186
RE1,PWRTRNIMP,2027,6.2205
RE1,PWRTRNIMP,2028,6.2732
RE1,PWRTRNIMP,2029,6.3941
RE1,PWRTRNIMP,2030,7.1586
RE1,PWRTRNIMP,2031,6.9389
RE1,PWRTRNIMP,2032,6.8534
RE1,PWRTRNIMP,2033,6.7305
RE1,PWRTRNIMP,2034,6.6127
RE1,PWRTRNIMP,2035,6.5794
RE1,PWRTRNIMP,2036,6.5504
RE1,PWRTRNIMP,2037,6.5098
RE1,PWRTRNIMP,2038,6.2329
RE1,PWRTRNIMP,2039,6.2219
RE1,PWRTRNIMP,2040,6.1778
RE1,PWRTRNIMP,2041,6.1712
RE1,PWRTRNIMP,2042,6.167
RE1,PWRTRNIMP,2043,6.1508
RE1,PWRTRNIMP,2044,5.8272
RE1,PWRTRNIMP,2045,5.6535
RE1,PWRTRNIMP,2046,5.6917
RE1,PWRTRNIMP,2047,5.7919
RE1,PWRTRNIMP,2048,5.8283
RE1,PWRTRNIMP,2049,5.8625
RE1,PWRTRNIMP,2050,6.4407
RE1,PWRTRNIMP,2051,6.3458
RE1,PWRTRNIMP,2052,7.1147
RE1,PWRTRNIMP,2053,7.1123
RE1,PWRTRNIMP,2054,7.1098
RE1,PWRTRNIMP,2055,7.1074
RE1,PWRTRNIMP,2056,7.1048
RE1,PWRTRNIMP,2057,7.1023
RE1,PWRTRNIMP,2058,7.0997
RE1,PWRTRNIMP,2059,6.8616
RE1,PWRTRNIMP,2060,7.1431
RE1,PWRTRNIMP,2061,6.5679
RE1,PWRTRNIMP,2062,6.7326
RE1,PWRTRNIMP,2063,7.0577
RE1,PWRTRNIMP,2064,7.0836
RE1,PWRTRNIMP,2065,7.0808
RE1,PWRTRNIMP,2066,7.078
RE1,PWRTRNIMP,2067,7.0751
RE1,PWRTRNIMP,2068,7.0722
RE1,PWRTRNIMP,2069,7.0656
RE1,PWRTRNIMP,2070,7.2567
RE1,PWRTRN,2015,42.88
RE1,PWRTRN,2016,42.88
RE1,PWRTRN,2017,42.88
RE1,PWRTRN,2018,42.88
RE1,PWRTRN,2019,42.88
RE1,PWRTRN,2020,42.88
RE1,PWRTRN,2021,42.88
RE1,PWRTRN,2022,42.88
RE1,PWRTRN,2023,42.88
RE1,PWRTRN,2024,42.88
RE1,PWRTRN,2025,42.88
RE1,PWRTRN,2026,43.1543
RE1,PWRTRN,2027,45.0131
RE1,PWRTRN,2028,46.8706
RE1,PWRTRN,2029,48.4318
RE1,PWRTRN,2030,48.4318
RE1,PWRTRN,2031,49.1996
RE1,PWRTRN,2032,50.4027
RE1,PWRTRN,2033,51.8246
RE1,PWRTRN,2034,53.3025
RE1,PWRTRN,2035,54.5
RE1,PWRTRN,2036,55.4917
RE1,PWRTRN,2037,56.4806
RE1,PWRTRN,2038,58.2573
RE1,PWRTRN,2039,59.2447
RE1,PWRTRN,2040,60.4786
RE1,PWRTRN,2041,61.4997
RE1,PWRTRN,2042,62.4606
RE1,PWRTRN,2043,63.4265
RE1,PWRTRN,2044,64.879
RE1,PWRTRN,2045,66.2717
RE1,PWRTRN,2046,66.9938
RE1,PWRTRN,2047,68.0373
RE1,PWRTRN,2048,68.7293
RE1,PWRTRN,2049,69.421
RE1,PWRTRN,2050,139.9804
RE1,PWRTRN,2051,141.8522
RE1,PWRTRN,2052,143.2169
RE1,PWRTRN,2053,144.4969
RE1,PWRTRN,2054,145.7886
RE1,PWRTRN,2055,147.0921
RE1,PWRTRN,2056,148.4075
RE1,PWRTRN,2057,149.7348
RE1,PWRTRN,2058,151.0744
RE1,PWRTRN,2059,152.5425
RE1,PWRTRN,2060,153.3252
RE1,PWRTRN,2061,155.0593
RE1,PWRTRN,2062,156.4473
RE1,PWRTRN,2063,157.848
RE1,PWRTRN,2064,159.3726
RE1,PWRTRN,2065,160.8003
RE1,PWRTRN,2066,162.241
RE1,PWRTRN,2067,163.695
RE1,PWRTRN,2068,165.1622
RE1,PWRTRN,2069,166.7994
RE1,PWRTRN,2070,166.7994
RE1,PWRDIST,2015,42.88
RE1,PWRDIST,2016,42.88
RE1,PWRDIST,2017,42.88
RE1,PWRDIST,2018,42.88
RE1,PWRDIST,2019,42.88
RE1,PWRDIST,2020,42.88
RE1,PWRDIST,2021,42.88
RE1,PWRDIST,2022,42.88
RE1,PWRDIST,2023,42.88
RE1,PWRDIST,2024,42.88
RE1,PWRDIST,2025,42.88
RE1,PWRDIST,2026,42.88
RE1,PWRDIST,2027,42.88
RE1,PWRDIST,2028,44.2091
RE1,PWRDIST,2029,45.6967
RE1,PWRDIST,2030,45.6967
RE1,PWRDIST,2031,46.4514
RE1,PWRDIST,2032,47.6029
RE1,PWRDIST,2033,48.9617
RE1,PWRDIST,2034,50.3744
RE1,PWRDIST,2035,51.523
RE1,PWRDIST,2036,52.4776
RE1,PWRDIST,2037,53.4301
RE1,PWRDIST,2038,55.1289
RE1,PWRDIST,2039,56.0815
RE1,PWRDIST,2040,57.2682
RE1,PWRDIST,2041,58.2541
RE1,PWRDIST,2042,59.1835
RE1,PWRDIST,2043,60.1183
RE1,PWRDIST,2044,61.515
RE1,PWRDIST,2045,62.856
RE1,PWRDIST,2046,63.5615
RE1,PWRDIST,2047,64.5725
RE1,PWRDIST,2048,65.2504
RE1,PWRDIST,2049,65.9286
RE1,PWRDIST,2050,132.9814
RE1,PWRDIST,2051,134.7596
RE1,PWRDIST,2052,136.056
RE1,PWRDIST,2053,137.2721
RE1,PWRDIST,2054,138.4992
RE1,PWRDIST,2055,139.7375
RE1,PWRDIST,2056,140.9871
RE1,PWRDIST,2057,142.2481
RE1,PWRDIST,2058,143.5206
RE1,PWRDIST,2059,144.9154
RE1,PWRDIST,2060,145.6589
RE1,PWRDIST,2061,147.3064
RE1,PWRDIST,2062,148.6249
RE1,PWRDIST,2063,149.9556
RE1,PWRDIST,2064,151.404
RE1,PWRDIST,2065,152.7603
RE1,PWRDIST,2066,154.129
RE1,PWRDIST,2067,155.5102
RE1,PWRDIST,2068,156.9041
RE1,PWRDIST,2069,158.4594
RE1,PWRDIST,2070,158.4594
RE1,PWRTRNEXP,2015,0.277
RE1,PWRTRNEXP,2016,0.1731
RE1,PWRTRNEXP,2017,0.1385
RE1,PWRTRNEXP,2018,0.1385
RE1,PWRTRNEXP,2019,0.1385
RE1,PWRTRNEXP,2020,0.1385
RE1,PWRTRNEXP,2021,0.1385
RE1,PWRTRNEXP,2022,0.1385
RE1,PWRTRNEXP,2023,0.1385
RE1,PWRTRNEXP,2024,0.1385
RE1,PWRTRNEXP,2025,0.9695
RE1,PWRTRNEXP,2026,0.9695
RE1,PWRTRNEXP,2027,0.7667
RE1,PWRTRNEXP,2028,0.6453
RE1,PWRTRNEXP,2029,0.6456
RE1,PWRTRNEXP,2030,0.9695
RE1,PWRTRNEXP,2031,0.9695
RE1,PWRTRNEXP,2032,0.9695
RE1,PWRTRNEXP,2033,0.9695
RE1,PWRTRNEXP,2034,0.9695
RE1,PWRTRNEXP,2035,0.9695
RE1,PWRTRNEXP,2036,0.9695
RE1,PWRTRNEXP,2037,0.9695
RE1,PWRTRNEXP,2038,0.9695
RE1,PWRTRNEXP,2039,0.9695
RE1,PWRTRNEXP,2040,0.9695
RE1,PWRTRNEXP,2041,0.9695
RE1,PWRTRNEXP,2042,0.9695
RE1,PWRTRNEXP,2043,0.9695
RE1,PWRTRNEXP,2044,0.9695
RE1,PWRTRNEXP,2045,0.9695
RE1,PWRTRNEXP,2046,0.9695
RE1,PWRTRNEXP,2047,0.9695
RE1,PWRTRNEXP,2048,0.9695
RE1,PWRTRNEXP,2049,0.9695
RE1,PWRTRNEXP,2050,0.9695
RE1,PWRTRNEXP,2051,0.9695
RE1,PWRTRNEXP,2052,0.9695
RE1,PWRTRNEXP,2053,0.9695
RE1,PWRTRNEXP,2054,0.9695
RE1,PWRTRNEXP,2055,0.9695
RE1,PWRTRNEXP,2056,0.9695
RE1,PWRTRNEXP,2057,0.9695
RE1,PWRTRNEXP,2058,0.9695
RE1,PWRTRNEXP,2059,0.9695
RE1,PWRTRNEXP,2060,0.9695
RE1,PWRTRNEXP,2061,0.9695
RE1,PWRTRNEXP,2062,0.9695
RE1,PWRTRNEXP,2063,0.9695
RE1,PWRTRNEXP,2064,0.9695
RE1,PWRTRNEXP,2065,0.9695
RE1,PWRTRNEXP,2066,0.9695
RE1,PWRTRNEXP,2067,0.9695
RE1,PWRTRNEXP,2068,0.9695
RE1,PWRTRNEXP,2069,0.9695
RE1,PWRTRNEXP,2070,0.2154
RE1,DEMTRAEVC,2024,9.8936
RE1,DEMTRAEVC,2025,10.055
RE1,DEMTRAEVC,2026,10.2347
RE1,DEMTRAEVC,2027,10.4144
RE1,DEMTRAEVC,2028,10.5941
RE1,DEMTRAEVC,2029,10.7737
RE1,DEMTRAEVC,2030,10.9534
RE1,DEMTRAEVC,2031,11.102
RE1,DEMTRAEVC,2032,11.2506
RE1,DEMTRAEVC,2033,11.3991
RE1,DEMTRAEVC,2034,11.5477
RE1,DEMTRAEVC,2035,11.6961
RE1,DEMTRAEVC,2036,11.8315
RE1,DEMTRAEVC,2037,11.9668
RE1,DEMTRAEVC,2038,12.1022
RE1,DEMTRAEVC,2039,12.2375
RE1,DEMTRAEVC,2040,12.3728
RE1,DEMTRAEVC,2041,12.5015
RE1,DEMTRAEVC,2042,12.6302
RE1,DEMTRAEVC,2043,12.7589
RE1,DEMTRAEVC,2044,12.8876
RE1,DEMTRAEVC,2045,13.0163
RE1,DEMTRAEVC,2046,13.1169
RE1,DEMTRAEVC,2047,13.2175
RE1,DEMTRAEVC,2048,13.3181
RE1,DEMTRAEVC,2049,13.4187
RE1,DEMTRAEVC,2050,71.1473
RE1,DEMTRAEVC,2051,71.6094
RE1,DEMTRAEVC,2052,71.6934
RE1,DEMTRAEVC,2053,72.2651
RE1,DEMTRAEVC,2054,72.8414
RE1,DEMTRAEVC,2055,73.4222
RE1,DEMTRAEVC,2056,74.0075
RE1,DEMTRAEVC,2057,74.5975
RE1,DEMTRAEVC,2058,75.1921
RE1,DEMTRAEVC,2059,76.0315
RE1,DEMTRAEVC,2060,76.2796
RE1,DEMTRAEVC,2061,77.3374
RE1,DEMTRAEVC,2062,77.8487
RE1,DEMTRAEVC,2063,78.2667
RE1,DEMTRAEVC,2064,78.859
RE1,DEMTRAEVC,2065,79.487
RE1,DEMTRAEVC,2066,80.1201
RE1,DEMTRAEVC,2067,80.758
RE1,DEMTRAEVC,2068,81.4011
RE1,DEMTRAEVC,2069,82.273
RE1,DEMTRAEVC,2070,82.273
RE1,DEMTRAMCYELC,2024,8.9132
RE1,DEMTRAMCYELC,2025,9.0585
RE1,DEMTRAMCYELC,2026,9.2205
RE1,DEMTRAMCYELC,2027,9.3824
RE1,DEMTRAMCYELC,2028,9.5442
RE1,DEMTRAMCYELC,2029,9.7061
RE1,DEMTRAMCYELC,2030,9.8679
RE1,DEMTRAMCYELC,2031,10.0018
RE1,DEMTRAMCYELC,2032,10.1357
RE1,DEMTRAMCYELC,2033,10.2695
RE1,DEMTRAMCYELC,2034,10.4033
RE1,DEMTRAMCYELC,2035,10.5371
RE1,DEMTRAMCYELC,2036,10.659
RE1,DEMTRAMCYELC,2037,10.7809
RE1,DEMTRAMCYELC,2038,10.9029
RE1,DEMTRAMCYELC,2039,11.0248
RE1,DEMTRAMCYELC,2040,11.1466
RE1,DEMTRAMCYELC,2041,11.2626
RE1,DEMTRAMCYELC,2042,11.3786
RE1,DEMTRAMCYELC,2043,11.4945
RE1,DEMTRAMCYELC,2044,11.6105
RE1,DEMTRAMCYELC,2045,11.7264
RE1,DEMTRAMCYELC,2046,11.817
RE1,DEMTRAMCYELC,2047,11.9077
RE1,DEMTRAMCYELC,2048,11.9983
RE1,DEMTRAMCYELC,2049,12.089
RE1,DEMTRAMCYELC,2050,14.2922
RE1,DEMTRAMCYELC,2051,14.4646
RE1,DEMTRAMCYELC,2052,14.3427
RE1,DEMTRAMCYELC,2053,14.2208
RE1,DEMTRAMCYELC,2054,14.1136
RE1,DEMTRAMCYELC,2055,14.5329
RE1,DEMTRAMCYELC,2056,14.6277
RE1,DEMTRAMCYELC,2057,14.8217
RE1,DEMTRAMCYELC,2058,14.9643
RE1,DEMTRAMCYELC,2059,15.1309
RE1,DEMTRAMCYELC,2060,14.9906
RE1,DEMTRAMCYELC,2061,15.4364
RE1,DEMTRAMCYELC,2062,15.5349
RE1,DEMTRAMCYELC,2063,15.6289
RE1,DEMTRAMCYELC,2064,15.7244
RE1,DEMTRAMCYELC,2065,15.0089
RE1,DEMTRAMCYELC,2066,15.1837
RE1,DEMTRAMCYELC,2067,15.2673
RE1,DEMTRAMCYELC,2068,15.5128
RE1,DEMTRAMCYELC,2069,15.5854
RE1,DEMTRAMCYELC,2070,16.5669
RE1,DEMTRACARELC,2050,27.2722
RE1,DEMTRACARELC,2051,27.3445
RE1,DEMTRACARELC,2052,27.7328
RE1,DEMTRACARELC,2053,27.8502
RE1,DEMTRACARELC,2054,28.2827
RE1,DEMTRACARELC,2055,28.2827
RE1,DEMTRACARELC,2056,28.4638
RE1,DEMTRACARELC,2057,28.6216
RE1,DEMTRACARELC,2058,28.8336
RE1,DEMTRACARELC,2059,29.2407
RE1,DEMTRACARELC,2060,29.4206
RE1,DEMTRACARELC,2061,29.7424
RE1,DEMTRACARELC,2062,29.9178
RE1,DEMTRACARELC,2063,30.0122
RE1,DEMTRACARELC,2064,30.2605
RE1,DEMTRACARELC,2065,31.3508
RE1,DEMTRACARELC,2066,31.5537
RE1,DEMTRACARELC,2067,31.8507
RE1,DEMTRACARELC,2068,31.9889
RE1,DEMTRACARELC,2069,32.5047
RE1,DEMTRACARELC,2070,31.3245
RE1,DEMTRABUSELC,2050,22.5322
RE1,DEMTRABUSELC,2051,22.7038
RE1,DEMTRABUSELC,2052,22.8767
RE1,DEMTRABUSELC,2053,23.051
RE1,DEMTRABUSELC,2054,23.2266
RE1,DEMTRABUSELC,2055,23.4036
RE1,DEMTRABUSELC,2056,23.5819
RE1,DEMTRABUSELC,2057,23.7616
RE1,DEMTRABUSELC,2058,23.9427
RE1,DEMTRABUSELC,2059,24.1252
RE1,DEMTRABUSELC,2060,24.3091
RE1,DEMTRABUSELC,2061,24.4945
RE1,DEMTRABUSELC,2062,24.6812
RE1,DEMTRABUSELC,2063,24.8695
RE1,DEMTRABUSELC,2064,25.0591
RE1,DEMTRABUSELC,2065,25.2503
RE1,DEMTRABUSELC,2066,25.4429
RE1,DEMTRABUSELC,2067,25.637
RE1,DEMTRABUSELC,2068,25.8326
RE1,DEMTRABUSELC,2069,26.0298
RE1,DEMTRABUSELC,2070,26.2284
RE1,DEMTRAMCYGSL,2015,7.3231
RE1,DEMTRAMCYGSL,2016,7.6038
RE1,DEMTRAMCYGSL,2017,7.7786
RE1,DEMTRAMCYGSL,2018,7.9671
RE1,DEMTRAMCYGSL,2019,8.1493
RE1,DEMTRAMCYGSL,2020,8.3314
RE1,DEMTRAMCYGSL,2021,8.4769
RE1,DEMTRAMCYGSL,2022,8.6223
RE1,DEMTRAMCYGSL,2023,8.7678
RE1,DEMTRAMCYGSL,2024,8.7678
RE1,DEMTRAMCYGSL,2025,8.7678
RE1,DEMTRAMCYGSL,2026,8.7678
RE1,DEMTRAMCYGSL,2027,8.7678
RE1,DEMTRAMCYGSL,2028,8.7678
RE1,DEMTRAMCYGSL,2029,8.7678
RE1,DEMTRAMCYGSL,2030,1.4446
RE1,DEMTRAMCYGSL,2031,1.164
RE1,DEMTRAMCYGSL,2032,0.9891
RE1,DEMTRAMCYGSL,2033,0.8006
RE1,DEMTRAMCYGSL,2034,0.6185
RE1,DEMTRAMCYGSL,2035,0.4364
RE1,DEMTRAMCYGSL,2036,0.2909
RE1,DEMTRAMCYGSL,2037,0.1454
RE1,DEMTRACARGSL,2015,16.4763
RE1,DEMTRACARGSL,2016,20.868
RE1,DEMTRACARGSL,2017,20.868
RE1,DEMTRACARGSL,2018,20.868
RE1,DEMTRACARGSL,2019,20.868
RE1,DEMTRACARGSL,2020,20.868
RE1,DEMTRACARGSL,2021,20.868
RE1,DEMTRACARGSL,2022,20.868
RE1,DEMTRACARGSL,2023,20.868
RE1,DEMTRACARGSL,2024,20.868
RE1,DEMTRACARGSL,2025,20.868
RE1,DEMTRACARGSL,2026,20.868
RE1,DEMTRACARGSL,2027,20.868
RE1,DEMTRACARGSL,2028,20.868
RE1,DEMTRACARGSL,2029,20.868
RE1,DEMTRACARGSL,2030,46.8593
RE1,DEMTRACARGSL,2031,46.8593
RE1,DEMTRACARGSL,2032,46.8593
RE1,DEMTRACARGSL,2033,46.8593
RE1,DEMTRACARGSL,2034,46.8593
RE1,DEMTRACARGSL,2035,30.383
RE1,DEMTRACARGSL,2036,25.9913
RE1,DEMTRACARGSL,2037,25.9913
RE1,DEMTRACARGSL,2038,25.9913
RE1,DEMTRACARGSL,2039,25.9913
RE1,DEMTRACARGSL,2040,25.9913
RE1,DEMTRACARGSL,2041,25.9913
RE1,DEMTRACARGSL,2042,25.9913
RE1,DEMTRACARGSL,2043,25.9913
RE1,DEMTRACARGSL,2044,25.9913
RE1,DEMTRACARGSL,2045,25.9913
RE1,DEMTRACARGSL,2046,25.9913
RE1,DEMTRACARGSL,2047,25.9913
RE1,DEMTRACARGSL,2048,25.9913
RE1,DEMTRACARGSL,2049,25.9913
RE1,DEMTRABUSGSL,2015,14.498
RE1,DEMTRABUSGSL,2016,14.498
RE1,DEMTRABUSGSL,2017,14.498
RE1,DEMTRABUSGSL,2018,14.7392
RE1,DEMTRABUSGSL,2019,15.0762
RE1,DEMTRABUSGSL,2020,15.4131
RE1,DEMTRABUSGSL,2021,17.9562
RE1,DEMTRABUSGSL,2022,17.9562
RE1,DEMTRABUSGSL,2023,17.9562
RE1,DEMTRABUSGSL,2024,17.9562
RE1,DEMTRABUSGSL,2025,17.9562
RE1,DEMTRABUSGSL,2026,17.9562
RE1,DEMTRABUSGSL,2027,17.9562
RE1,DEMTRABUSGSL,2028,17.9562
RE1,DEMTRABUSGSL,2029,17.9562
RE1,DEMTRABUSGSL,2030,40.3208
RE1,DEMTRABUSGSL,2031,40.3208
RE1,DEMTRABUSGSL,2032,40.3208
RE1,DEMTRABUSGSL,2033,40.3208
RE1,DEMTRABUSGSL,2034,40.3208
RE1,DEMTRABUSGSL,2035,25.8228
RE1,DEMTRABUSGSL,2036,25.8228
RE1,DEMTRABUSGSL,2037,25.8228
RE1,DEMTRABUSGSL,2038,25.5816
RE1,DEMTRABUSGSL,2039,25.2446
RE1,DEMTRABUSGSL,2040,24.9077
RE1,DEMTRABUSGSL,2041,22.3646
RE1,DEMTRABUSGSL,2042,22.3646
RE1,DEMTRABUSGSL,2043,22.3646
RE1,DEMTRABUSGSL,2044,22.3646
RE1,DEMTRABUSGSL,2045,22.3646
RE1,DEMTRABUSGSL,2046,22.3646
RE1,DEMTRABUSGSL,2047,22.3646
RE1,DEMTRABUSGSL,2048,22.3646
RE1,DEMTRABUSGSL,2049,22.3646
RE1,DEMINDELC,2015,11.2574
RE1,DEMINDELC,2016,11.9084
RE1,DEMINDELC,2017,12.4663
RE1,DEMINDELC,2018,13.0242
RE1,DEMINDELC,2019,13.5821
RE1,DEMINDELC,2020,14.14
RE1,DEMINDELC,2021,14.5682
RE1,DEMINDELC,2022,14.9965
RE1,DEMINDELC,2023,15.4247
RE1,DEMINDELC,2024,15.4247
RE1,DEMINDELC,2025,4.1673
RE1,DEMINDELC,2026,3.5163
RE1,DEMINDELC,2027,2.9584
RE1,DEMINDELC,2028,2.4005
RE1,DEMINDELC,2029,1.8426
RE1,DEMINDELC,2030,1.852
RE1,DEMINDELC,2031,1.709
RE1,DEMINDELC,2032,1.7563
RE1,DEMINDELC,2033,1.8036
RE1,DEMINDELC,2034,1.8508
RE1,DEMINDELC,2035,1.8981
RE1,DEMINDELC,2036,1.9362
RE1,DEMINDELC,2037,1.9742
RE1,DEMINDELC,2038,2.0123
RE1,DEMINDELC,2039,2.0503
RE1,DEMINDELC,2040,1.8183
RE1,DEMINDELC,2041,2.1256
RE1,DEMINDELC,2042,2.1629
RE1,DEMINDELC,2043,2.2002
RE1,DEMINDELC,2044,2.1529
RE1,DEMINDELC,2045,2.2747
RE1,DEMINDELC,2046,2.3006
RE1,DEMINDELC,2047,2.3266
RE1,DEMINDELC,2048,2.3525
RE1,DEMINDELC,2049,2.3785
RE1,DEMINDELC,2050,2.0934
RE1,DEMINDELC,2051,2.1168
RE1,DEMINDELC,2052,2.4584
RE1,DEMINDELC,2053,2.4858
RE1,DEMINDELC,2054,2.5135
RE1,DEMINDELC,2055,2.5415
RE1,DEMINDELC,2056,2.5699
RE1,DEMINDELC,2057,2.5986
RE1,DEMINDELC,2058,2.6275
RE1,DEMINDELC,2059,2.6569
RE1,DEMINDELC,2060,2.6066
RE1,DEMINDELC,2061,2.3651
RE1,DEMINDELC,2062,2.3915
RE1,DEMINDELC,2063,2.4182
RE1,DEMINDELC,2064,2.8084
RE1,DEMINDELC,2065,2.8397
RE1,DEMINDELC,2066,2.8714
RE1,DEMINDELC,2067,2.9034
RE1,DEMINDELC,2068,2.9358
RE1,DEMINDELC,2069,2.8425
RE1,DEMINDELC,2070,5.069
RE1,INDENEFFDP,2024,11.1047
RE1,INDENEFFDP,2025,11.4047
RE1,INDENEFFDP,2026,11.7288
RE1,INDENEFFDP,2027,12.053
RE1,INDENEFFDP,2028,12.3771
RE1,INDENEFFDP,2029,12.7012
RE1,INDENEFFDP,2030,12.8791
RE1,INDENEFFDP,2031,13.3959
RE1,INDENEFFDP,2032,13.7664
RE1,INDENEFFDP,2033,14.1368
RE1,INDENEFFDP,2034,14.5073
RE1,INDENEFFDP,2035,14.8778
RE1,INDENEFFDP,2036,15.1761
RE1,INDENEFFDP,2037,15.4743
RE1,INDENEFFDP,2038,15.7726
RE1,INDENEFFDP,2039,16.0709
RE1,INDENEFFDP,2040,16.5769
RE1,INDENEFFDP,2041,16.6612
RE1,INDENEFFDP,2042,16.9533
RE1,INDENEFFDP,2043,17.2453
RE1,INDENEFFDP,2044,17.76
RE1,INDENEFFDP,2045,17.8295
RE1,INDENEFFDP,2046,18.0329
RE1,INDENEFFDP,2047,18.2362
RE1,INDENEFFDP,2048,18.4396
RE1,INDENEFFDP,2049,18.643
RE1,INDENEFFDP,2050,19.0856
RE1,INDENEFFDP,2051,19.2985
RE1,INDENEFFDP,2052,19.2692
RE1,INDENEFFDP,2053,19.4841
RE1,INDENEFFDP,2054,19.7014
RE1,INDENEFFDP,2055,19.9212
RE1,INDENEFFDP,2056,20.1434
RE1,INDENEFFDP,2057,20.3681
RE1,INDENEFFDP,2058,20.5953
RE1,INDENEFFDP,2059,20.8251
RE1,INDENEFFDP,2060,21.3246
RE1,INDENEFFDP,2061,21.5625
RE1,INDENEFFDP,2062,21.803
RE1,INDENEFFDP,2063,22.0463
RE1,INDENEFFDP,2064,22.0128
RE1,INDENEFFDP,2065,22.2583
RE1,INDENEFFDP,2066,22.5066
RE1,INDENEFFDP,2067,22.7577
RE1,INDENEFFDP,2068,23.0115
RE1,INDENEFFDP,2069,23.5636
RE1,INDENEFFDP,2070,21.9375
RE1,DEMINDHEBIO,2015,17.0071
RE1,DEMINDHEBIO,2016,17.0071
RE1,DEMINDHEBIO,2017,17.0071
RE1,DEMINDHEBIO,2018,17.0071
RE1,DEMINDHEBIO,2019,17.0071
RE1,DEMINDHEBIO,2020,17.0071
RE1,DEMINDHEBIO,2021,17.0071
RE1,DEMINDHEBIO,2022,17.1674
RE1,DEMINDHEBIO,2023,17.4148
RE1,DEMINDHEBIO,2024,17.6619
RE1,DEMINDHEBIO,2025,17.9087
RE1,DEMINDHEBIO,2026,18.1811
RE1,DEMINDHEBIO,2027,18.4532
RE1,DEMINDHEBIO,2028,18.725
RE1,DEMINDHEBIO,2029,18.9964
RE1,DEMINDHEBIO,2030,19.2676
RE1,DEMINDHEBIO,2031,19.5121
RE1,DEMINDHEBIO,2032,19.7561
RE1,DEMINDHEBIO,2033,19.9997
RE1,DEMINDHEBIO,2034,20.2428
RE1,DEMINDHEBIO,2035,20.4856
RE1,DEMINDHEBIO,2036,20.6987
RE1,DEMINDHEBIO,2037,20.9116
RE1,DEMINDHEBIO,2038,21.1243
RE1,DEMINDHEBIO,2039,21.3367
RE1,DEMINDHEBIO,2040,21.549
RE1,DEMINDHEBIO,2041,21.7701
RE1,DEMINDHEBIO,2042,21.9911
RE1,DEMINDHEBIO,2043,22.212
RE1,DEMINDHEBIO,2044,22.4327
RE1,DEMINDHEBIO,2045,22.6533
RE1,DEMINDHEBIO,2046,22.8229
RE1,DEMINDHEBIO,2047,22.9925
RE1,DEMINDHEBIO,2048,23.1619
RE1,DEMINDHEBIO,2049,23.3313
RE1,DEMINDHEBIO,2050,23.5007
RE1,DEMINDHEBIO,2051,23.6741
RE1,DEMINDHEBIO,2052,23.8487
RE1,DEMINDHEBIO,2053,24.0248
RE1,DEMINDHEBIO,2054,24.2021
RE1,DEMINDHEBIO,2055,24.3808
RE1,DEMINDHEBIO,2056,24.5608
RE1,DEMINDHEBIO,2057,24.7423
RE1,DEMINDHEBIO,2058,24.9251
RE1,DEMINDHEBIO,2059,25.1093
RE1,DEMINDHEBIO,2060,25.2949
RE1,DEMINDHEBIO,2061,25.4819
RE1,DEMINDHEBIO,2062,25.6703
RE1,DEMINDHEBIO,2063,25.8602
RE1,DEMINDHEBIO,2064,26.0515
RE1,DEMINDHEBIO,2065,26.2443
RE1,DEMINDHEBIO,2066,26.4385
RE1,DEMINDHEBIO,2067,26.6342
RE1,DEMINDHEBIO,2068,26.8315
RE1,DEMINDHEBIO,2069,27.0302
RE1,DEMINDHEBIO,2070,27.2304
RE1,DEMRESELC,2015,5.6197
RE1,DEMRESELC,2016,5.9447
RE1,DEMRESELC,2017,6.2232
RE1,DEMRESELC,2018,6.5017
RE1,DEMRESELC,2019,6.7802
RE1,DEMRESELC,2020,7.0587
RE1,DEMRESELC,2021,7.2725
RE1,DEMRESELC,2022,7.4863
RE1,DEMRESELC,2023,7.7
RE1,DEMRESELC,2024,7.7
RE1,DEMRESELC,2025,2.0803
RE1,DEMRESELC,2026,1.7554
RE1,DEMRESELC,2027,1.4768
RE1,DEMRESELC,2028,1.1983
RE1,DEMRESELC,2029,0.9198
RE1,DEMRESELC,2030,0.9245
RE1,DEMRESELC,2031,0.8532
RE1,DEMRESELC,2032,0.8768
RE1,DEMRESELC,2033,0.9003
RE1,DEMRESELC,2034,0.9239
RE1,DEMRESELC,2035,0.9475
RE1,DEMRESELC,2036,0.9665
RE1,DEMRESELC,2037,0.9855
RE1,DEMRESELC,2038,1.0045
RE1,DEMRESELC,2039,1.0235
RE1,DEMRESELC,2040,0.9077
RE1,DEMRESELC,2041,1.0611
RE1,DEMRESELC,2042,1.0797
RE1,DEMRESELC,2043,1.0983
RE1,DEMRESELC,2044,1.0747
RE1,DEMRESELC,2045,1.1355
RE1,DEMRESELC,2046,1.1485
RE1,DEMRESELC,2047,1.1614
RE1,DEMRESELC,2048,1.1744
RE1,DEMRESELC,2049,1.1873
RE1,DEMRESELC,2050,1.045
RE1,DEMRESELC,2051,1.0567
RE1,DEMRESELC,2052,1.2272
RE1,DEMRESELC,2053,1.2409
RE1,DEMRESELC,2054,1.2547
RE1,DEMRESELC,2055,1.2687
RE1,DEMRESELC,2056,1.2829
RE1,DEMRESELC,2057,1.2972
RE1,DEMRESELC,2058,1.3117
RE1,DEMRESELC,2059,1.3263
RE1,DEMRESELC,2060,1.3012
RE1,DEMRESELC,2061,1.1807
RE1,DEMRESELC,2062,1.1938
RE1,DEMRESELC,2063,1.2072
RE1,DEMRESELC,2064,1.402
RE1,DEMRESELC,2065,1.4176
RE1,DEMRESELC,2066,1.4334
RE1,DEMRESELC,2067,1.4494
RE1,DEMRESELC,2068,1.4656
RE1,DEMRESELC,2069,1.419
RE1,DEMRESELC,2070,2.5304
RE1,RESENEFFDP,2024,5.5435
RE1,RESENEFFDP,2025,5.6933
RE1,RESENEFFDP,2026,5.8551
RE1,RESENEFFDP,2027,6.0169
RE1,RESENEFFDP,2028,6.1787
RE1,RESENEFFDP,2029,6.3405
RE1,RESENEFFDP,2030,6.4293
RE1,RESENEFFDP,2031,6.6873
RE1,RESENEFFDP,2032,6.8722
RE1,RESENEFFDP,2033,7.0571
RE1,RESENEFFDP,2034,7.2421
RE1,RESENEFFDP,2035,7.427
RE1,RESENEFFDP,2036,7.5759
RE1,RESENEFFDP,2037,7.7248
RE1,RESENEFFDP,2038,7.8737
RE1,RESENEFFDP,2039,8.0226
RE1,RESENEFFDP,2040,8.2752
RE1,RESENEFFDP,2041,8.3173
RE1,RESENEFFDP,2042,8.4631
RE1,RESENEFFDP,2043,8.6089
RE1,RESENEFFDP,2044,8.8658
RE1,RESENEFFDP,2045,8.9005
RE1,RESENEFFDP,2046,9.0021
RE1,RESENEFFDP,2047,9.1036
RE1,RESENEFFDP,2048,9.2051
RE1,RESENEFFDP,2049,9.3066
RE1,RESENEFFDP,2050,9.5276
RE1,RESENEFFDP,2051,9.6338
RE1,RESENEFFDP,2052,9.6192
RE1,RESENEFFDP,2053,9.7265
RE1,RESENEFFDP,2054,9.835
RE1,RESENEFFDP,2055,9.9447
RE1,RESENEFFDP,2056,10.0556
RE1,RESENEFFDP,2057,10.1678
RE1,RESENEFFDP,2058,10.2812
RE1,RESENEFFDP,2059,10.3959
RE1,RESENEFFDP,2060,10.6453
RE1,RESENEFFDP,2061,10.7641
RE1,RESENEFFDP,2062,10.8841
RE1,RESENEFFDP,2063,11.0055
RE1,RESENEFFDP,2064,10.9888
RE1,RESENEFFDP,2065,11.1114
RE1,RESENEFFDP,2066,11.2354
RE1,RESENEFFDP,2067,11.3607
RE1,RESENEFFDP,2068,11.4874
RE1,RESENEFFDP,2069,11.763
RE1,RESENEFFDP,2070,10.9513
RE1,DEMRESCKNELC,2015,1.7885
RE1,DEMRESCKNELC,2016,1.7002
RE1,DEMRESCKNELC,2017,1.7252
RE1,DEMRESCKNELC,2018,1.7871
RE1,DEMRESCKNELC,2019,1.6977
RE1,DEMRESCKNELC,2020,1.6084
RE1,DEMRESCKNELC,2021,1.519
RE1,DEMRESCKNELC,2022,1.4297
RE1,DEMRESCKNELC,2023,1.3403
RE1,DEMRESCKNELC,2024,7.6641
RE1,DEMRESCKNELC,2025,13.9878
RE1,DEMRESCKNELC,2026,20.3116
RE1,DEMRESCKNELC,2027,26.6353
RE1,DEMRESCKNELC,2028,32.9591
RE1,DEMRESCKNELC,2029,39.2828
RE1,DEMRESCKNELC,2030,45.6066
RE1,DEMRESCKNELC,2031,51.9304
RE1,DEMRESCKNELC,2032,56.1786
RE1,DEMRESCKNELC,2033,59.5871
RE1,DEMRESCKNELC,2034,63.4062
RE1,DEMRESCKNELC,2035,65.2132
RE1,DEMRESCKNELC,2036,66.7624
RE1,DEMRESCKNELC,2037,69.1912
RE1,DEMRESCKNELC,2038,75.5149
RE1,DEMRESCKNELC,2039,77.0492
RE1,DEMRESCKNELC,2040,80.3672
RE1,DEMRESCKNELC,2041,82.3055
RE1,DEMRESCKNELC,2042,83.8137
RE1,DEMRESCKNELC,2043,85.3631
RE1,DEMRESCKNELC,2044,90.4323
RE1,DEMRESCKNELC,2045,95.0764
RE1,DEMRESCKNELC,2046,96.478
RE1,DEMRESCKNELC,2047,102.8911
RE1,DEMRESCKNELC,2048,109.3042
RE1,DEMRESCKNELC,2049,115.7173
RE1,DEMRESCKNELC,2050,122.1304
RE1,DEMRESCKNELC,2051,128.5436
RE1,DEMRESCKNELC,2052,134.9567
RE1,DEMRESCKNELC,2053,141.3698
RE1,DEMRESCKNELC,2054,141.3698
RE1,DEMRESCKNELC,2055,141.3698
RE1,DEMRESCKNELC,2056,141.3698
RE1,DEMRESCKNELC,2057,141.3698
RE1,DEMRESCKNELC,2058,141.3698
RE1,DEMRESCKNELC,2059,141.3698
RE1,DEMRESCKNELC,2060,141.3698
RE1,DEMRESCKNELC,2061,141.3698
RE1,DEMRESCKNELC,2062,143.4453
RE1,DEMRESCKNELC,2063,146.3606
RE1,DEMRESCKNELC,2064,148.6588
RE1,DEMRESCKNELC,2065,149.9106
RE1,DEMRESCKNELC,2066,151.1732
RE1,DEMRESCKNELC,2067,153.7313
RE1,DEMRESCKNELC,2068,153.7313
RE1,DEMRESCKNELC,2069,154.2654
RE1,DEMRESCKNELC,2070,150.9474
RE1,DEMRESCKNOIL,2015,59.8163
RE1,DEMRESCKNOIL,2016,56.8634
RE1,DEMRESCKNOIL,2017,57.7007
RE1,DEMRESCKNOIL,2018,59.7694
RE1,DEMRESCKNOIL,2019,56.7809
RE1,DEMRESCKNOIL,2020,53.7924
RE1,DEMRESCKNOIL,2021,50.804
RE1,DEMRESCKNOIL,2022,47.8155
RE1,DEMRESCKNOIL,2023,44.827
RE1,DEMRESCKNOIL,2024,41.8386
RE1,DEMRESCKNOIL,2025,38.8501
RE1,DEMRESCKNOIL,2026,35.8616
RE1,DEMRESCKNOIL,2027,32.8731
RE1,DEMRESCKNOIL,2028,29.8847
RE1,DEMRESCKNOIL,2029,26.8962
RE1,DEMRESCKNOIL,2030,23.9077
RE1,DEMRESCKNOIL,2031,20.9193
RE1,DEMRESCKNOIL,2032,17.9308
RE1,DEMRESCKNOIL,2033,14.9423
RE1,DEMRESCKNOIL,2034,11.9539
RE1,DEMRESCKNOIL,2035,8.9654
RE1,DEMRESCKNOIL,2036,5.9769
RE1,DEMRESCKNOIL,2037,2.9885
RE1,DEMRESCKNBIO,2015,55.4578
RE1,DEMRESCKNBIO,2016,52.7201
RE1,DEMRESCKNBIO,2017,53.4964
RE1,DEMRESCKNBIO,2018,55.4143
RE1,DEMRESCKNBIO,2019,52.6436
RE1,DEMRESCKNBIO,2020,49.8729
RE1,DEMRESCKNBIO,2021,47.1022
RE1,DEMRESCKNBIO,2022,44.3314
RE1,DEMRESCKNBIO,2023,41.5607
RE1,DEMRESCKNBIO,2024,38.79
RE1,DEMRESCKNBIO,2025,36.0193
RE1,DEMRESCKNBIO,2026,33.2486
RE1,DEMRESCKNBIO,2027,30.4779
RE1,DEMRESCKNBIO,2028,27.7072
RE1,DEMRESCKNBIO,2029,24.9364
RE1,DEMRESCKNBIO,2030,23.0728
RE1,DEMRESCKNBIO,2031,23.4133
RE1,DEMRESCKNBIO,2032,23.7528
RE1,DEMRESCKNBIO,2033,24.0913
RE1,DEMRESCKNBIO,2034,24.4289
RE1,DEMRESCKNBIO,2035,24.7656
RE1,DEMRESCKNBIO,2036,25.0587
RE1,DEMRESCKNBIO,2037,25.3512
RE1,DEMRESCKNBIO,2038,25.6433
RE1,DEMRESCKNBIO,2039,25.9349
RE1,DEMRESCKNBIO,2040,26.226
RE1,DEMRESCKNBIO,2041,26.5167
RE1,DEMRESCKNBIO,2042,26.8071
RE1,DEMRESCKNBIO,2043,27.0971
RE1,DEMRESCKNBIO,2044,27.3869
RE1,DEMRESCKNBIO,2045,27.6764
RE1,DEMRESCKNBIO,2046,27.8957
RE1,DEMRESCKNBIO,2047,28.1149
RE1,DEMRESCKNBIO,2048,28.334
RE1,DEMRESCKNBIO,2049,28.553
RE1,DEMRESCKNBIO,2050,28.7718
RE1,DEMRESCKNBIO,2051,28.9961
RE1,DEMRESCKNBIO,2052,29.2221
RE1,DEMRESCKNBIO,2053,29.4498
RE1,DEMRESCKNBIO,2054,29.6794
RE1,DEMRESCKNBIO,2055,29.9107
RE1,DEMRESCKNBIO,2056,30.1438
RE1,DEMRESCKNBIO,2057,30.3788
RE1,DEMRESCKNBIO,2058,30.6155
RE1,DEMRESCKNBIO,2059,30.8541
RE1,DEMRESCKNBIO,2060,31.0946
RE1,DEMRESCKNBIO,2061,31.337
RE1,DEMRESCKNBIO,2062,31.5812
RE1,DEMRESCKNBIO,2063,31.8274
RE1,DEMRESCKNBIO,2064,32.0754
RE1,DEMRESCKNBIO,2065,32.3254
RE1,DEMRESCKNBIO,2066,32.5774
RE1,DEMRESCKNBIO,2067,32.8313
RE1,DEMRESCKNBIO,2068,33.0872
RE1,DEMRESCKNBIO,2069,33.345
RE1,DEMRESCKNBIO,2070,33.6049
RE1,DEMRESHEBIO,2015,3.3713
RE1,DEMRESHEBIO,2016,3.3713
RE1,DEMRESHEBIO,2017,3.3713
RE1,DEMRESHEBIO,2018,3.3713
RE1,DEMRESHEBIO,2019,3.453
RE1,DEMRESHEBIO,2020,3.5371
RE1,DEMRESHEBIO,2021,3.5997
RE1,DEMRESHEBIO,2022,3.6621
RE1,DEMRESHEBIO,2023,3.7244
RE1,DEMRESHEBIO,2024,3.7865
RE1,DEMRESHEBIO,2025,3.8486
RE1,DEMRESHEBIO,2026,3.9165
RE1,DEMRESHEBIO,2027,3.9844
RE1,DEMRESHEBIO,2028,4.0521
RE1,DEMRESHEBIO,2029,4.1197
RE1,DEMRESHEBIO,2030,4.1871
RE1,DEMRESHEBIO,2031,4.2489
RE1,DEMRESHEBIO,2032,4.3105
RE1,DEMRESHEBIO,2033,4.372
RE1,DEMRESHEBIO,2034,4.4332
RE1,DEMRESHEBIO,2035,4.4943
RE1,DEMRESHEBIO,2036,4.5475
RE1,DEMRESHEBIO,2037,4.6006
RE1,DEMRESHEBIO,2038,4.6536
RE1,DEMRESHEBIO,2039,4.7065
RE1,DEMRESHEBIO,2040,4.7594
RE1,DEMRESHEBIO,2041,4.8121
RE1,DEMRESHEBIO,2042,4.8648
RE1,DEMRESHEBIO,2043,4.9175
RE1,DEMRESHEBIO,2044,4.97
RE1,DEMRESHEBIO,2045,5.0226
RE1,DEMRESHEBIO,2046,5.0624
RE1,DEMRESHEBIO,2047,5.1022
RE1,DEMRESHEBIO,2048,5.1419
RE1,DEMRESHEBIO,2049,5.1817
RE1,DEMRESHEBIO,2050,5.2214
RE1,DEMRESHEBIO,2051,5.2621
RE1,DEMRESHEBIO,2052,5.3031
RE1,DEMRESHEBIO,2053,5.3444
RE1,DEMRESHEBIO,2054,5.3861
RE1,DEMRESHEBIO,2055,5.428
RE1,DEMRESHEBIO,2056,5.4703
RE1,DEMRESHEBIO,2057,5.513
RE1,DEMRESHEBIO,2058,5.556
RE1,DEMRESHEBIO,2059,5.5993
RE1,DEMRESHEBIO,2060,5.6429
RE1,DEMRESHEBIO,2061,5.6869
RE1,DEMRESHEBIO,2062,5.7312
RE1,DEMRESHEBIO,2063,5.7759
RE1,DEMRESHEBIO,2064,5.8209
RE1,DEMRESHEBIO,2065,5.8663
RE1,DEMRESHEBIO,2066,5.912
RE1,DEMRESHEBIO,2067,5.9581
RE1,DEMRESHEBIO,2068,6.0045
RE1,DEMRESHEBIO,2069,6.0513
RE1,DEMRESHEBIO,2070,6.0985
RE1,DEMCOMELC,2015,5.8082
RE1,DEMCOMELC,2016,6.1441
RE1,DEMCOMELC,2017,6.432
RE1,DEMCOMELC,2018,6.7198
RE1,DEMCOMELC,2019,7.0077
RE1,DEMCOMELC,2020,7.2955
RE1,DEMCOMELC,2021,7.5165
RE1,DEMCOMELC,2022,7.7374
RE1,DEMCOMELC,2023,7.9583
RE1,DEMCOMELC,2024,7.9583
RE1,DEMCOMELC,2025,2.1501
RE1,DEMCOMELC,2026,1.8142
RE1,DEMCOMELC,2027,1.5264
RE1,DEMCOMELC,2028,1.2385
RE1,DEMCOMELC,2029,0.9507
RE1,DEMCOMELC,2030,0.9555
RE1,DEMCOMELC,2031,0.8818
RE1,DEMCOMELC,2032,0.9062
RE1,DEMCOMELC,2033,0.9306
RE1,DEMCOMELC,2034,0.9549
RE1,DEMCOMELC,2035,0.9793
RE1,DEMCOMELC,2036,0.999
RE1,DEMCOMELC,2037,1.0186
RE1,DEMCOMELC,2038,1.0382
RE1,DEMCOMELC,2039,1.0579
RE1,DEMCOMELC,2040,0.9381
RE1,DEMCOMELC,2041,1.0967
RE1,DEMCOMELC,2042,1.1159
RE1,DEMCOMELC,2043,1.1352
RE1,DEMCOMELC,2044,1.1108
RE1,DEMCOMELC,2045,1.1736
RE1,DEMCOMELC,2046,1.187
RE1,DEMCOMELC,2047,1.2004
RE1,DEMCOMELC,2048,1.2138
RE1,DEMCOMELC,2049,1.2272
RE1,DEMCOMELC,2050,1.0801
RE1,DEMCOMELC,2051,1.0922
RE1,DEMCOMELC,2052,1.2684
RE1,DEMCOMELC,2053,1.2825
RE1,DEMCOMELC,2054,1.2968
RE1,DEMCOMELC,2055,1.3113
RE1,DEMCOMELC,2056,1.3259
RE1,DEMCOMELC,2057,1.3407
RE1,DEMCOMELC,2058,1.3557
RE1,DEMCOMELC,2059,1.3708
RE1,DEMCOMELC,2060,1.3449
RE1,DEMCOMELC,2061,1.2203
RE1,DEMCOMELC,2062,1.2339
RE1,DEMCOMELC,2063,1.2477
RE1,DEMCOMELC,2064,1.449
RE1,DEMCOMELC,2065,1.4651
RE1,DEMCOMELC,2066,1.4815
RE1,DEMCOMELC,2067,1.498
RE1,DEMCOMELC,2068,1.5147
RE1,DEMCOMELC,2069,1.4666
RE1,DEMCOMELC,2070,2.6153
RE1,COMENEFFDP,2024,5.7295
RE1,COMENEFFDP,2025,5.8842
RE1,COMENEFFDP,2026,6.0515
RE1,COMENEFFDP,2027,6.2187
RE1,COMENEFFDP,2028,6.386
RE1,COMENEFFDP,2029,6.5532
RE1,COMENEFFDP,2030,6.6449
RE1,COMENEFFDP,2031,6.9116
RE1,COMENEFFDP,2032,7.1027
RE1,COMENEFFDP,2033,7.2939
RE1,COMENEFFDP,2034,7.485
RE1,COMENEFFDP,2035,7.6762
RE1,COMENEFFDP,2036,7.8301
RE1,COMENEFFDP,2037,7.984
RE1,COMENEFFDP,2038,8.1379
RE1,COMENEFFDP,2039,8.2917
RE1,COMENEFFDP,2040,8.5528
RE1,COMENEFFDP,2041,8.5963
RE1,COMENEFFDP,2042,8.747
RE1,COMENEFFDP,2043,8.8977
RE1,COMENEFFDP,2044,9.1633
RE1,COMENEFFDP,2045,9.1991
RE1,COMENEFFDP,2046,9.304
RE1,COMENEFFDP,2047,9.409
RE1,COMENEFFDP,2048,9.5139
RE1,COMENEFFDP,2049,9.6188
RE1,COMENEFFDP,2050,9.8472
RE1,COMENEFFDP,2051,9.957
RE1,COMENEFFDP,2052,9.9419
RE1,COMENEFFDP,2053,10.0528
RE1,COMENEFFDP,2054,10.1649
RE1,COMENEFFDP,2055,10.2783
RE1,COMENEFFDP,2056,10.393
RE1,COMENEFFDP,2057,10.5089
RE1,COMENEFFDP,2058,10.6261
RE1,COMENEFFDP,2059,10.7447
RE1,COMENEFFDP,2060,11.0024
RE1,COMENEFFDP,2061,11.1252
RE1,COMENEFFDP,2062,11.2493
RE1,COMENEFFDP,2063,11.3747
RE1,COMENEFFDP,2064,11.3575
RE1,COMENEFFDP,2065,11.4842
RE1,COMENEFFDP,2066,11.6123
RE1,COMENEFFDP,2067,11.7418
RE1,COMENEFFDP,2068,11.8728
RE1,COMENEFFDP,2069,12.1576
RE1,COMENEFFDP,2070,11.3186
RE1,DEMCOMHEBIO,2015,1.4833
RE1,DEMCOMHEBIO,2016,1.5588
RE1,DEMCOMHEBIO,2017,1.5964
RE1,DEMCOMHEBIO,2018,1.634
RE1,DEMCOMHEBIO,2019,1.6716
RE1,DEMCOMHEBIO,2020,1.7093
RE1,DEMCOMHEBIO,2021,1.7399
RE1,DEMCOMHEBIO,2022,1.7705
RE1,DEMCOMHEBIO,2023,1.8012
RE1,DEMCOMHEBIO,2024,1.8318
RE1,DEMCOMHEBIO,2025,1.8625
RE1,DEMCOMHEBIO,2026,1.8972
RE1,DEMCOMHEBIO,2027,1.9319
RE1,DEMCOMHEBIO,2028,1.9667
RE1,DEMCOMHEBIO,2029,2.0014
RE1,DEMCOMHEBIO,2030,2.0361
RE1,DEMCOMHEBIO,2031,2.0647
RE1,DEMCOMHEBIO,2032,2.0933
RE1,DEMCOMHEBIO,2033,2.1219
RE1,DEMCOMHEBIO,2034,2.1505
RE1,DEMCOMHEBIO,2035,2.1791
RE1,DEMCOMHEBIO,2036,2.2054
RE1,DEMCOMHEBIO,2037,2.2317
RE1,DEMCOMHEBIO,2038,2.2581
RE1,DEMCOMHEBIO,2039,2.2844
RE1,DEMCOMHEBIO,2040,2.3107
RE1,DEMCOMHEBIO,2041,2.3354
RE1,DEMCOMHEBIO,2042,2.3601
RE1,DEMCOMHEBIO,2043,2.3849
RE1,DEMCOMHEBIO,2044,2.4096
RE1,DEMCOMHEBIO,2045,2.4343
RE1,DEMCOMHEBIO,2046,2.4538
RE1,DEMCOMHEBIO,2047,2.4732
RE1,DEMCOMHEBIO,2048,2.4927
RE1,DEMCOMHEBIO,2049,2.5122
RE1,DEMCOMHEBIO,2050,2.5316
RE1,DEMCOMHEBIO,2051,2.5516
RE1,DEMCOMHEBIO,2052,2.5716
RE1,DEMCOMHEBIO,2053,2.5919
RE1,DEMCOMHEBIO,2054,2.6123
RE1,DEMCOMHEBIO,2055,2.6329
RE1,DEMCOMHEBIO,2056,2.6536
RE1,DEMCOMHEBIO,2057,2.6745
RE1,DEMCOMHEBIO,2058,2.6955
RE1,DEMCOMHEBIO,2059,2.7167
RE1,DEMCOMHEBIO,2060,2.7381
RE1,DEMCOMHEBIO,2061,2.7597
RE1,DEMCOMHEBIO,2062,2.7814
RE1,DEMCOMHEBIO,2063,2.8033
RE1,DEMCOMHEBIO,2064,2.8254
RE1,DEMCOMHEBIO,2065,2.8476
RE1,DEMCOMHEBIO,2066,2.87
RE1,DEMCOMHEBIO,2067,2.8926
RE1,DEMCOMHEBIO,2068,2.9154
RE1,DEMCOMHEBIO,2069,2.9383
RE1,DEMCOMHEBIO,2070,2.9615
RE1,DEMINDHECOA,2015,25.5106
RE1,DEMINDHECOA,2016,25.5106
RE1,DEMINDHECOA,2017,25.5106
RE1,DEMINDHECOA,2018,25.5106
RE1,DEMINDHECOA,2019,25.5106
RE1,DEMINDHECOA,2020,25.5106
RE1,DEMINDHECOA,2021,25.5106
RE1,DEMINDHECOA,2022,25.7511
RE1,DEMINDHECOA,2023,26.1222
RE1,DEMINDHECOA,2024,26.4929
RE1,DEMINDHECOA,2025,26.863
RE1,DEMINDHECOA,2026,27.2717
RE1,DEMINDHECOA,2027,27.6798
RE1,DEMINDHECOA,2028,28.0875
RE1,DEMINDHECOA,2029,28.4947
RE1,DEMINDHECOA,2030,28.9014
RE1,DEMINDHECOA,2031,29.2682
RE1,DEMINDHECOA,2032,29.6342
RE1,DEMINDHECOA,2033,29.9995
RE1,DEMINDHECOA,2034,30.3642
RE1,DEMINDHECOA,2035,30.7284
RE1,DEMINDHECOA,2036,31.048
RE1,DEMINDHECOA,2037,31.3674
RE1,DEMINDHECOA,2038,31.6864
RE1,DEMINDHECOA,2039,32.0051
RE1,DEMINDHECOA,2040,32.3235
RE1,DEMINDHECOA,2041,32.6552
RE1,DEMINDHECOA,2042,32.9867
RE1,DEMINDHECOA,2043,33.318
RE1,DEMINDHECOA,2044,33.6491
RE1,DEMINDHECOA,2045,33.98
RE1,DEMINDHECOA,2046,34.2344
RE1,DEMINDHECOA,2047,34.4887
RE1,DEMINDHECOA,2048,34.7429
RE1,DEMINDHECOA,2049,34.997
RE1,DEMINDHECOA,2050,35.2511
RE1,DEMINDHECOA,2051,35.5111
RE1,DEMINDHECOA,2052,35.7731
RE1,DEMINDHECOA,2053,36.0371
RE1,DEMINDHECOA,2054,36.3031
RE1,DEMINDHECOA,2055,36.5712
RE1,DEMINDHECOA,2056,36.8413
RE1,DEMINDHECOA,2057,37.1134
RE1,DEMINDHECOA,2058,37.3876
RE1,DEMINDHECOA,2059,37.6639
RE1,DEMINDHECOA,2060,37.9423
RE1,DEMINDHECOA,2061,38.2228
RE1,DEMINDHECOA,2062,38.5055
RE1,DEMINDHECOA,2063,38.7903
RE1,DEMINDHECOA,2064,39.0773
RE1,DEMINDHECOA,2065,39.3664
RE1,DEMINDHECOA,2066,39.6578
RE1,DEMINDHECOA,2067,39.9514
RE1,DEMINDHECOA,2068,40.2472
RE1,DEMINDHECOA,2069,40.5453
RE1,DEMINDHECOA,2070,40.8456
