r,t,y,TotalTechnologyAnnualActivity
RE1,MINOIL,2024,2141.65
RE1,MINBIO,2015,1083.1531
RE1,MINBIO,2016,1039.3007
RE1,MINBIO,2017,1077.9026
RE1,MINBIO,2018,1116.6382
RE1,MINBIO,2019,1137.3916
RE1,MINBIO,2020,1170.5173
RE1,MINBIO,2021,1197.7543
RE1,MINBIO,2022,1212.6692
RE1,MINBIO,2023,1227.5592
RE1,MINBIO,2024,1242.4259
RE1,MINBIO,2025,1257.2707
RE1,MINBIO,2026,1273.636
RE1,MINBIO,2027,1289.9767
RE1,MINBIO,2028,1306.2942
RE1,MINBIO,2029,1322.5899
RE1,MINBIO,2030,1338.8648
RE1,MINBIO,2031,1181.6437
RE1,MINBIO,2032,1196.2983
RE1,MINBIO,2033,1210.9213
RE1,MINBIO,2034,1225.5142
RE1,MINBIO,2035,1312.9459
RE1,MINBIO,2036,1389.3214
RE1,MINBIO,2037,1544.995
RE1,MINBIO,2038,1682.452
RE1,MINBIO,2039,1754.799
RE1,MINBIO,2040,1823.4914
RE1,MINBIO,2041,1923.3735
RE1,MINBIO,2042,2035.1202
RE1,MINBIO,2043,2106.4582
RE1,MINBIO,2044,2218.0406
RE1,MINBIO,2045,2360.4907
RE1,MINBIO,2046,2411.6801
RE1,MINBIO,2047,2469.1226
RE1,MINBIO,2048,2521.9896
RE1,MINBIO,2049,2573.4058
RE1,MINBIO,2050,7224.105
RE1,MINBIO,2051,7374.467
RE1,MINBIO,2052,7472.8918
RE1,MINBIO,2053,7564.1996
RE1,MINBIO,2054,7656.3322
RE1,MINBIO,2055,7749.2968
RE1,MINBIO,2056,7843.1016
RE1,MINBIO,2057,7937.7543
RE1,MINBIO,2058,8033.2627
RE1,MINBIO,2059,8116.6505
RE1,MINBIO,2060,8248.8755
RE1,MINBIO,2061,8316.1396
RE1,MINBIO,2062,8415.0538
RE1,MINBIO,2063,8514.8636
RE1,MINBIO,2064,8624.7417
RE1,MINBIO,2065,8726.4704
RE1,MINBIO,2066,8829.1214
RE1,MINBIO,2067,8932.7033
RE1,MINBIO,2068,9037.225
RE1,MINBIO,2069,9105.0482
RE1,MINBIO,2070,8987.1553
RE1,IMPCOA,2027,2640.3816
RE1,IMPCOA,2028,4069.8491
RE1,IMPCOA,2029,4056.7732
RE1,IMPCOA,2030,4051.5959
RE1,IMPCOA,2031,4345.4377
RE1,IMPCOA,2032,4446.0165
RE1,IMPCOA,2033,4574.0744
RE1,IMPCOA,2034,4665.2358
RE1,IMPCOA,2035,4676.5121
RE1,IMPCOA,2036,4686.4121
RE1,IMPCOA,2037,4590.9725
RE1,IMPCOA,2038,4600.8518
RE1,IMPCOA,2039,4610.7213
RE1,IMPCOA,2040,4620.5814
RE1,IMPCOA,2041,4630.855
RE1,IMPCOA,2042,4589.436
RE1,IMPCOA,2043,4599.6959
RE1,IMPCOA,2044,4609.9494
RE1,IMPCOA,2045,4614.5105
RE1,IMPCOA,2046,4622.8209
RE1,IMPCOA,2047,4635.9501
RE1,IMPCOA,2048,4643.8227
RE1,IMPCOA,2049,4651.6927
RE1,IMPCOA,2050,4636.5871
RE1,IMPCOA,2051,4639.0403
RE1,IMPCOA,2052,4646.8031
RE1,IMPCOA,2053,4654.6246
RE1,IMPCOA,2054,4662.5051
RE1,IMPCOA,2055,4670.445
RE1,IMPCOA,2056,4678.445
RE1,IMPCOA,2057,4686.5053
RE1,IMPCOA,2058,4694.6266
RE1,IMPCOA,2059,4702.4821
RE1,IMPCOA,2060,4711.9275
RE1,IMPCOA,2061,4719.3602
RE1,IMPCOA,2062,4727.7296
RE1,IMPCOA,2063,4736.1623
RE1,IMPCOA,2064,4744.6587
RE1,IMPCOA,2065,4753.2193
RE1,IMPCOA,2066,4761.8446
RE1,IMPCOA,2067,4770.5351
RE1,IMPCOA,2068,4779.2913
RE1,IMPCOA,2069,4823.5155
RE1,IMPCOA,2070,3701.9793
RE1,MINCOA,2015,1201.8755
RE1,MINCOA,2016,1120.3443
RE1,MINCOA,2017,1132.6139
RE1,MINCOA,2018,1153.041
RE1,MINCOA,2019,1262.8933
RE1,MINCOA,2020,2935.6729
RE1,MINCOA,2021,3016.1628
RE1,MINCOA,2022,3114.3238
RE1,MINCOA,2023,3212.4118
RE1,MINCOA,2024,3885.5502
RE1,MINCOA,2025,3758.8806
RE1,MINCOA,2026,3945.917
RE1,MINCOA,2027,1416.8428
RE1,IMPLFO,2015,5550.7898
RE1,IMPLFO,2016,5742.9386
RE1,IMPLFO,2017,5873.1208
RE1,IMPLFO,2018,6018.0954
RE1,IMPLFO,2019,6157.2481
RE1,IMPLFO,2020,6296.354
RE1,IMPLFO,2021,6407.2812
RE1,IMPLFO,2022,6518.1765
RE1,IMPLFO,2023,6629.0418
RE1,IMPLFO,2024,3364.716
RE1,IMPLFO,2025,5329.9469
RE1,IMPLFO,2026,5377.5471
RE1,IMPLFO,2027,5425.1219
RE1,IMPLFO,2028,5472.6727
RE1,IMPLFO,2029,5523.8338
RE1,IMPLFO,2030,5615.9284
RE1,IMPLFO,2031,5692.1349
RE1,IMPLFO,2032,5768.3205
RE1,IMPLFO,2033,5844.4863
RE1,IMPLFO,2034,5920.6333
RE1,IMPLFO,2035,5996.7626
RE1,IMPLFO,2036,6066.1647
RE1,IMPLFO,2037,6135.5566
RE1,IMPLFO,2038,6204.9389
RE1,IMPLFO,2039,6274.3118
RE1,IMPLFO,2040,6343.6757
RE1,IMPLFO,2041,6409.678
RE1,IMPLFO,2042,6475.6737
RE1,IMPLFO,2043,6541.663
RE1,IMPLFO,2044,6607.6461
RE1,IMPLFO,2045,6673.6232
RE1,IMPLFO,2046,6725.2119
RE1,IMPLFO,2047,6776.7979
RE1,IMPLFO,2048,6828.3813
RE1,IMPLFO,2049,6879.9622
RE1,UPSREF001,2024,2141.65
RE1,MINNGS,2015,794.6634
RE1,MINNGS,2016,796.9507
RE1,MINNGS,2017,806.5935
RE1,MINNGS,2018,839.6294
RE1,MINNGS,2019,846.9226
RE1,MINNGS,2025,17.6584
RE1,MINNGS,2026,22.0805
RE1,MINNGS,2027,66.0877
RE1,MINNGS,2028,162.0291
RE1,MINNGS,2029,269.7928
RE1,MINNGS,2030,126.9582
RE1,MINNGS,2031,139.3775
RE1,MINNGS,2032,142.46
RE1,MINNGS,2033,130.5444
RE1,MINNGS,2034,127.5292
RE1,MINNGS,2035,128.538
RE1,MINNGS,2036,129.2408
RE1,MINNGS,2037,130.091
RE1,MINNGS,2038,86.1789
RE1,MINNGS,2039,87.0286
RE1,MINNGS,2040,77.825
RE1,MINNGS,2041,71.2877
RE1,MINNGS,2042,72.115
RE1,MINNGS,2043,72.6168
RE1,MINNGS,2044,40.3956
RE1,MINSOL,2015,8.5316
RE1,MINSOL,2016,14.7631
RE1,MINSOL,2017,16.2722
RE1,MINSOL,2018,17.8654
RE1,MINSOL,2019,17.9916
RE1,MINSOL,2020,17.9916
RE1,MINSOL,2021,18.4546
RE1,MINSOL,2022,18.4546
RE1,MINSOL,2023,18.4546
RE1,MINSOL,2024,18.4546
RE1,MINSOL,2025,104.1034
RE1,MINSOL,2026,105.5297
RE1,MINSOL,2027,107.7845
RE1,MINSOL,2028,110.9385
RE1,MINSOL,2029,113.2152
RE1,MINSOL,2030,115.4912
RE1,MINSOL,2031,117.7677
RE1,MINSOL,2032,120.0428
RE1,MINSOL,2033,122.3169
RE1,MINSOL,2034,127.6545
RE1,MINSOL,2035,130.0047
RE1,MINSOL,2036,131.9859
RE1,MINSOL,2037,133.9665
RE1,MINSOL,2038,135.9466
RE1,MINSOL,2039,137.9261
RE1,MINSOL,2040,142.2956
RE1,MINSOL,2041,141.8327
RE1,MINSOL,2042,143.76
RE1,MINSOL,2043,145.6869
RE1,MINSOL,2044,147.586
RE1,MINSOL,2045,149.5122
RE1,MINSOL,2046,150.9179
RE1,MINSOL,2047,152.3236
RE1,MINSOL,2048,153.7291
RE1,MINSOL,2049,155.1344
RE1,MINSOL,2050,275.7221
RE1,MINSOL,2051,282.0875
RE1,MINSOL,2052,284.4928
RE1,MINSOL,2053,286.9194
RE1,MINSOL,2054,289.3675
RE1,MINSOL,2055,291.8374
RE1,MINSOL,2056,294.3292
RE1,MINSOL,2057,296.8431
RE1,MINSOL,2058,299.3793
RE1,MINSOL,2059,300.816
RE1,MINSOL,2060,298.54
RE1,MINSOL,2061,307.1241
RE1,MINSOL,2062,309.7517
RE1,MINSOL,2063,312.4027
RE1,MINSOL,2064,315.0773
RE1,MINSOL,2065,317.7758
RE1,MINSOL,2066,320.4982
RE1,MINSOL,2067,323.2449
RE1,MINSOL,2068,326.0161
RE1,MINSOL,2069,328.812
RE1,MINSOL,2070,372.5568
RE1,MINWND,2015,1.1746
RE1,MINWND,2016,2.545
RE1,MINWND,2017,3.1524
RE1,MINWND,2018,5.5368
RE1,MINWND,2019,7.5648
RE1,MINWND,2020,7.5648
RE1,MINWND,2021,7.7555
RE1,MINWND,2022,7.7555
RE1,MINWND,2023,7.7555
RE1,MINWND,2024,7.7555
RE1,MINWND,2025,7.7555
RE1,MINWND,2026,7.7555
RE1,MINWND,2027,7.7555
RE1,MINWND,2028,7.7555
RE1,MINWND,2029,7.7555
RE1,MINWND,2030,7.7555
RE1,MINWND,2031,7.7555
RE1,MINWND,2032,7.7555
RE1,MINWND,2033,7.7555
RE1,MINWND,2034,7.7555
RE1,MINWND,2035,7.7555
RE1,MINWND,2036,6.3851
RE1,MINWND,2037,6.3851
RE1,MINWND,2038,6.3851
RE1,MINWND,2039,6.3851
RE1,MINWND,2040,6.3851
RE1,MINWND,2041,6.3851
RE1,MINWND,2042,6.3851
RE1,MINWND,2043,6.3851
RE1,MINWND,2044,6.3851
RE1,MINWND,2045,6.3851
RE1,MINWND,2046,6.3851
RE1,MINWND,2047,2.545
RE1,MINWND,2048,2.0079
RE1,MINWND,2049,2.0079
RE1,MINWND,2070,372.5568
RE1,MINGEO,2024,1.4486
RE1,MINGEO,2025,1.4486
RE1,MINGEO,2026,1.4486
RE1,MINGEO,2027,1.4486
RE1,MINGEO,2028,1.4486
RE1,MINGEO,2029,1.4486
RE1,MINGEO,2030,1.4486
RE1,MINGEO,2031,1.4486
RE1,MINGEO,2032,1.4486
RE1,MINGEO,2033,1.4486
RE1,MINGEO,2034,1.4486
RE1,MINGEO,2035,1.4486
RE1,MINGEO,2036,1.4486
RE1,MINGEO,2037,1.4486
RE1,MINGEO,2038,1.4486
RE1,MINGEO,2039,1.4486
RE1,MINGEO,2040,1.4486
RE1,MINGEO,2041,1.4486
RE1,MINGEO,2042,1.4486
RE1,MINGEO,2043,1.4486
RE1,MINGEO,2044,1.4486
RE1,MINGEO,2045,1.4486
RE1,MINGEO,2046,1.4486
RE1,MINGEO,2047,1.4486
RE1,MINGEO,2048,1.4486
RE1,MINGEO,2049,1.4486
RE1,MINGEO,2050,1.4486
RE1,MINGEO,2051,1.4486
RE1,MINGEO,2052,1.4486
RE1,MINGEO,2053,1.4486
RE1,MINGEO,2054,1.4486
RE1,MINGEO,2055,1.4486
RE1,MINGEO,2056,1.4486
RE1,MINGEO,2057,1.4486
RE1,MINGEO,2058,1.4486
RE1,MINGEO,2059,1.4486
RE1,MINGEO,2060,1.4486
RE1,MINGEO,2061,1.4486
RE1,MINGEO,2062,1.4486
RE1,MINGEO,2063,1.4486
RE1,MINGEO,2064,1.4486
RE1,MINGEO,2065,1.4486
RE1,MINGEO,2066,1.4486
RE1,MINGEO,2067,1.4486
RE1,MINGEO,2068,1.4486
RE1,MINGEO,2069,1.4486
RE1,MINGEO,2070,1.4486
RE1,MINHYD,2015,29.4911
RE1,MINHYD,2016,29.4911
RE1,MINHYD,2017,29.4911
RE1,MINHYD,2018,29.4911
RE1,MINHYD,2019,29.4911
RE1,MINHYD,2020,29.4911
RE1,MINHYD,2021,29.4911
RE1,MINHYD,2022,29.4911
RE1,MINHYD,2023,29.4911
RE1,MINHYD,2024,29.4911
RE1,MINHYD,2025,29.4911
RE1,MINHYD,2026,29.4911
RE1,MINHYD,2027,29.4911
RE1,MINHYD,2028,29.4911
RE1,MINHYD,2029,29.4911
RE1,MINHYD,2030,29.4911
RE1,MINHYD,2031,29.4911
RE1,MINHYD,2032,29.4911
RE1,MINHYD,2033,29.4911
RE1,MINHYD,2034,29.4911
RE1,MINHYD,2035,29.4911
RE1,MINHYD,2036,29.4911
RE1,MINHYD,2037,29.4911
RE1,MINHYD,2038,29.4911
RE1,MINHYD,2039,29.4911
RE1,MINHYD,2040,29.4911
RE1,MINHYD,2041,29.4911
RE1,MINHYD,2042,29.4911
RE1,MINHYD,2043,29.4911
RE1,MINHYD,2044,29.4911
RE1,MINHYD,2045,29.4911
RE1,MINHYD,2046,29.4911
RE1,MINHYD,2047,29.4911
RE1,MINHYD,2048,29.4911
RE1,MINHYD,2049,29.4911
RE1,MINHYD,2050,29.4911
RE1,PWRBIO001,2015,65.3647
RE1,PWRBIO001,2016,74.7151
RE1,PWRBIO001,2017,84.0435
RE1,PWRBIO001,2018,88.6748
RE1,PWRBIO001,2019,88.6748
RE1,PWRBIO001,2020,93.3938
RE1,PWRBIO001,2021,98.069
RE1,PWRBIO001,2022,98.069
RE1,PWRBIO001,2023,98.069
RE1,PWRBIO001,2024,98.069
RE1,PWRBIO001,2025,98.069
RE1,PWRBIO001,2026,98.069
RE1,PWRBIO001,2027,98.069
RE1,PWRBIO001,2028,98.069
RE1,PWRBIO001,2029,98.069
RE1,PWRBIO001,2030,98.069
RE1,PWRBIO001,2031,32.7043
RE1,PWRBIO001,2032,32.7043
RE1,PWRBIO001,2033,32.7043
RE1,PWRBIO001,2034,32.7043
RE1,PWRBIO001,2035,60.4105
RE1,PWRBIO001,2036,84.5927
RE1,PWRBIO001,2037,138.9324
RE1,PWRBIO001,2038,186.3516
RE1,PWRBIO001,2039,209.0198
RE1,PWRBIO001,2040,230.304
RE1,PWRBIO001,2041,263.3657
RE1,PWRBIO001,2042,300.9428
RE1,PWRBIO001,2043,323.1592
RE1,PWRBIO001,2044,360.6815
RE1,PWRBIO001,2045,409.9441
RE1,PWRBIO001,2046,425.6571
RE1,PWRBIO001,2047,443.7494
RE1,PWRBIO001,2048,460.1034
RE1,PWRBIO001,2049,475.9074
RE1,PWRBIO001,2050,2240.4896
RE1,PWRBIO001,2051,2293.827
RE1,PWRBIO001,2052,2327.3869
RE1,PWRBIO001,2053,2358.2109
RE1,PWRBIO001,2054,2389.3186
RE1,PWRBIO001,2055,2420.7124
RE1,PWRBIO001,2056,2452.3952
RE1,PWRBIO001,2057,2484.3697
RE1,PWRBIO001,2058,2516.6387
RE1,PWRBIO001,2059,2544.2679
RE1,PWRBIO001,2060,2590.435
RE1,PWRBIO001,2061,2611.8704
RE1,PWRBIO001,2062,2645.3082
RE1,PWRBIO001,2063,2679.0544
RE1,PWRBIO001,2064,2716.5965
RE1,PWRBIO001,2065,2751.0073
RE1,PWRBIO001,2066,2785.7358
RE1,PWRBIO001,2067,2820.7852
RE1,PWRBIO001,2068,2856.1585
RE1,PWRBIO001,2069,2877.5443
RE1,PWRBIO001,2070,2828.2817
RE1,PWRCOA001,2015,123.6759
RE1,PWRCOA001,2016,123.6759
RE1,PWRCOA001,2017,123.6759
RE1,PWRCOA001,2018,123.6759
RE1,PWRCOA001,2019,151.6685
RE1,PWRCOA001,2020,649.0163
RE1,PWRCOA001,2021,669.7261
RE1,PWRCOA001,2022,695.7476
RE1,PWRCOA001,2023,721.7522
RE1,PWRCOA001,2024,920.4491
RE1,PWRCOA001,2025,878.9678
RE1,PWRCOA001,2026,931.3343
RE1,PWRCOA001,2027,960.9642
RE1,PWRCOA001,2028,960.9642
RE1,PWRCOA001,2029,953.2506
RE1,PWRCOA001,2030,947.9131
RE1,PWRCOA001,2031,1032.7433
RE1,PWRCOA001,2032,1059.5432
RE1,PWRCOA001,2033,1094.6012
RE1,PWRCOA001,2034,1118.5852
RE1,PWRCOA001,2035,1118.5852
RE1,PWRCOA001,2036,1118.5852
RE1,PWRCOA001,2037,1086.9548
RE1,PWRCOA001,2038,1086.9548
RE1,PWRCOA001,2039,1086.9548
RE1,PWRCOA001,2040,1086.9548
RE1,PWRCOA001,2041,1086.9548
RE1,PWRCOA001,2042,1071.4336
RE1,PWRCOA001,2043,1071.4336
RE1,PWRCOA001,2044,1071.4336
RE1,PWRCOA001,2045,1069.726
RE1,PWRCOA001,2046,1069.8558
RE1,PWRCOA001,2047,1071.4336
RE1,PWRCOA001,2048,1071.4336
RE1,PWRCOA001,2049,1071.4336
RE1,PWRCOA001,2050,1064.5348
RE1,PWRCOA001,2051,1062.8531
RE1,PWRCOA001,2052,1062.7475
RE1,PWRCOA001,2053,1062.641
RE1,PWRCOA001,2054,1062.5336
RE1,PWRCOA001,2055,1062.4252
RE1,PWRCOA001,2056,1062.3158
RE1,PWRCOA001,2057,1062.2055
RE1,PWRCOA001,2058,1062.0942
RE1,PWRCOA001,2059,1061.8837
RE1,PWRCOA001,2060,1062.131
RE1,PWRCOA001,2061,1061.7543
RE1,PWRCOA001,2062,1061.639
RE1,PWRCOA001,2063,1061.5226
RE1,PWRCOA001,2064,1061.4052
RE1,PWRCOA001,2065,1061.2868
RE1,PWRCOA001,2066,1061.1673
RE1,PWRCOA001,2067,1061.0468
RE1,PWRCOA001,2068,1060.9251
RE1,PWRCOA001,2069,1071.4336
RE1,PWRCOA001,2070,731.8427
RE1,PWRGEO,2024,0.1449
RE1,PWRGEO,2025,0.1449
RE1,PWRGEO,2026,0.1449
RE1,PWRGEO,2027,0.1449
RE1,PWRGEO,2028,0.1449
RE1,PWRGEO,2029,0.1449
RE1,PWRGEO,2030,0.1449
RE1,PWRGEO,2031,0.1449
RE1,PWRGEO,2032,0.1449
RE1,PWRGEO,2033,0.1449
RE1,PWRGEO,2034,0.1449
RE1,PWRGEO,2035,0.1449
RE1,PWRGEO,2036,0.1449
RE1,PWRGEO,2037,0.1449
RE1,PWRGEO,2038,0.1449
RE1,PWRGEO,2039,0.1449
RE1,PWRGEO,2040,0.1449
RE1,PWRGEO,2041,0.1449
RE1,PWRGEO,2042,0.1449
RE1,PWRGEO,2043,0.1449
RE1,PWRGEO,2044,0.1449
RE1,PWRGEO,2045,0.1449
RE1,PWRGEO,2046,0.1449
RE1,PWRGEO,2047,0.1449
RE1,PWRGEO,2048,0.1449
RE1,PWRGEO,2049,0.1449
RE1,PWRGEO,2050,0.1449
RE1,PWRGEO,2051,0.1449
RE1,PWRGEO,2052,0.1449
RE1,PWRGEO,2053,0.1449
RE1,PWRGEO,2054,0.1449
RE1,PWRGEO,2055,0.1449
RE1,PWRGEO,2056,0.1449
RE1,PWRGEO,2057,0.1449
RE1,PWRGEO,2058,0.1449
RE1,PWRGEO,2059,0.1449
RE1,PWRGEO,2060,0.1449
RE1,PWRGEO,2061,0.1449
RE1,PWRGEO,2062,0.1449
RE1,PWRGEO,2063,0.1449
RE1,PWRGEO,2064,0.1449
RE1,PWRGEO,2065,0.1449
RE1,PWRGEO,2066,0.1449
RE1,PWRGEO,2067,0.1449
RE1,PWRGEO,2068,0.1449
RE1,PWRGEO,2069,0.1449
RE1,PWRGEO,2070,0.1449
RE1,PWRNGS001,2015,439.0405
RE1,PWRNGS001,2016,440.3043
RE1,PWRNGS001,2017,445.6318
RE1,PWRNGS001,2018,463.8837
RE1,PWRNGS001,2019,467.9131
RE1,PWRNGS001,2025,9.756
RE1,PWRNGS001,2026,12.1992
RE1,PWRNGS001,2027,36.5125
RE1,PWRNGS001,2028,89.5188
RE1,PWRNGS001,2029,149.0568
RE1,PWRNGS001,2030,70.1426
RE1,PWRNGS001,2031,77.0041
RE1,PWRNGS001,2032,78.7072
RE1,PWRNGS001,2033,72.124
RE1,PWRNGS001,2034,70.4581
RE1,PWRNGS001,2035,71.0155
RE1,PWRNGS001,2036,71.4038
RE1,PWRNGS001,2037,71.8735
RE1,PWRNGS001,2038,47.6126
RE1,PWRNGS001,2039,48.0821
RE1,PWRNGS001,2040,42.9972
RE1,PWRNGS001,2041,39.3855
RE1,PWRNGS001,2042,39.8426
RE1,PWRNGS001,2043,40.1198
RE1,PWRNGS001,2044,22.318
RE1,PWRSOL001,2015,8.5041
RE1,PWRSOL001,2016,14.7357
RE1,PWRSOL001,2017,16.2447
RE1,PWRSOL001,2018,17.8379
RE1,PWRSOL001,2019,17.9642
RE1,PWRSOL001,2020,17.9642
RE1,PWRSOL001,2021,18.4271
RE1,PWRSOL001,2022,18.4271
RE1,PWRSOL001,2023,18.4271
RE1,PWRSOL001,2024,18.4271
RE1,PWRSOL001,2025,104.076
RE1,PWRSOL001,2026,105.5022
RE1,PWRSOL001,2027,107.757
RE1,PWRSOL001,2028,110.9111
RE1,PWRSOL001,2029,113.1878
RE1,PWRSOL001,2030,115.4638
RE1,PWRSOL001,2031,117.7402
RE1,PWRSOL001,2032,120.0154
RE1,PWRSOL001,2033,122.2894
RE1,PWRSOL001,2034,127.627
RE1,PWRSOL001,2035,129.9772
RE1,PWRSOL001,2036,131.9584
RE1,PWRSOL001,2037,133.9391
RE1,PWRSOL001,2038,135.9191
RE1,PWRSOL001,2039,137.8986
RE1,PWRSOL001,2040,142.2682
RE1,PWRSOL001,2041,141.8053
RE1,PWRSOL001,2042,143.7325
RE1,PWRSOL001,2043,145.6594
RE1,PWRSOL001,2044,147.586
RE1,PWRSOL001,2045,149.5122
RE1,PWRSOL001,2046,150.9179
RE1,PWRSOL001,2047,152.3236
RE1,PWRSOL001,2048,153.7291
RE1,PWRSOL001,2049,155.1344
RE1,PWRSOL001,2050,275.7221
RE1,PWRSOL001,2051,282.0875
RE1,PWRSOL001,2052,284.4928
RE1,PWRSOL001,2053,286.9194
RE1,PWRSOL001,2054,289.3675
RE1,PWRSOL001,2055,291.8374
RE1,PWRSOL001,2056,294.3292
RE1,PWRSOL001,2057,296.8431
RE1,PWRSOL001,2058,299.3793
RE1,PWRSOL001,2059,300.816
RE1,PWRSOL001,2060,298.54
RE1,PWRSOL001,2061,307.1241
RE1,PWRSOL001,2062,309.7517
RE1,PWRSOL001,2063,312.4027
RE1,PWRSOL001,2064,315.0773
RE1,PWRSOL001,2065,317.7758
RE1,PWRSOL001,2066,320.4982
RE1,PWRSOL001,2067,323.2449
RE1,PWRSOL001,2068,326.0161
RE1,PWRSOL001,2069,328.812
RE1,PWRSOL001,2070,372.5568
RE1,PWRCSP002,2015,0.0274
RE1,PWRCSP002,2016,0.0274
RE1,PWRCSP002,2017,0.0274
RE1,PWRCSP002,2018,0.0274
RE1,PWRCSP002,2019,0.0274
RE1,PWRCSP002,2020,0.0274
RE1,PWRCSP002,2021,0.0274
RE1,PWRCSP002,2022,0.0274
RE1,PWRCSP002,2023,0.0274
RE1,PWRCSP002,2024,0.0274
RE1,PWRCSP002,2025,0.0274
RE1,PWRCSP002,2026,0.0274
RE1,PWRCSP002,2027,0.0274
RE1,PWRCSP002,2028,0.0274
RE1,PWRCSP002,2029,0.0274
RE1,PWRCSP002,2030,0.0274
RE1,PWRCSP002,2031,0.0274
RE1,PWRCSP002,2032,0.0274
RE1,PWRCSP002,2033,0.0274
RE1,PWRCSP002,2034,0.0274
RE1,PWRCSP002,2035,0.0274
RE1,PWRCSP002,2036,0.0274
RE1,PWRCSP002,2037,0.0274
RE1,PWRCSP002,2038,0.0274
RE1,PWRCSP002,2039,0.0274
RE1,PWRCSP002,2040,0.0274
RE1,PWRCSP002,2041,0.0274
RE1,PWRCSP002,2042,0.0274
RE1,PWRCSP002,2043,0.0274
RE1,PWRHYD001,2015,28.3385
RE1,PWRHYD001,2016,28.3385
RE1,PWRHYD001,2017,28.3385
RE1,PWRHYD001,2018,28.3385
RE1,PWRHYD001,2019,28.3385
RE1,PWRHYD001,2020,28.3385
RE1,PWRHYD001,2021,28.3385
RE1,PWRHYD001,2022,28.3385
RE1,PWRHYD001,2023,28.3385
RE1,PWRHYD001,2024,28.3385
RE1,PWRHYD001,2025,28.3385
RE1,PWRHYD001,2026,28.3385
RE1,PWRHYD001,2027,28.3385
RE1,PWRHYD001,2028,28.3385
RE1,PWRHYD001,2029,28.3385
RE1,PWRHYD001,2030,28.3385
RE1,PWRHYD001,2031,28.3385
RE1,PWRHYD001,2032,28.3385
RE1,PWRHYD001,2033,28.3385
RE1,PWRHYD001,2034,28.3385
RE1,PWRHYD001,2035,28.3385
RE1,PWRHYD001,2036,28.3385
RE1,PWRHYD001,2037,28.3385
RE1,PWRHYD001,2038,28.3385
RE1,PWRHYD001,2039,28.3385
RE1,PWRHYD001,2040,28.3385
RE1,PWRHYD001,2041,28.3385
RE1,PWRHYD001,2042,28.3385
RE1,PWRHYD001,2043,28.3385
RE1,PWRHYD001,2044,28.3385
RE1,PWRHYD001,2045,28.3385
RE1,PWRHYD001,2046,28.3385
RE1,PWRHYD001,2047,28.3385
RE1,PWRHYD001,2048,28.3385
RE1,PWRHYD001,2049,28.3385
RE1,PWRHYD001,2050,28.3385
RE1,PWRHYD002,2015,1.1525
RE1,PWRHYD002,2016,1.1525
RE1,PWRHYD002,2017,1.1525
RE1,PWRHYD002,2018,1.1525
RE1,PWRHYD002,2019,1.1525
RE1,PWRHYD002,2020,1.1525
RE1,PWRHYD002,2021,1.1525
RE1,PWRHYD002,2022,1.1525
RE1,PWRHYD002,2023,1.1525
RE1,PWRHYD002,2024,1.1525
RE1,PWRHYD002,2025,1.1525
RE1,PWRHYD002,2026,1.1525
RE1,PWRHYD002,2027,1.1525
RE1,PWRHYD002,2028,1.1525
RE1,PWRHYD002,2029,1.1525
RE1,PWRHYD002,2030,1.1525
RE1,PWRHYD002,2031,1.1525
RE1,PWRHYD002,2032,1.1525
RE1,PWRHYD002,2033,1.1525
RE1,PWRHYD002,2034,1.1525
RE1,PWRHYD002,2035,1.1525
RE1,PWRHYD002,2036,1.1525
RE1,PWRHYD002,2037,1.1525
RE1,PWRHYD002,2038,1.1525
RE1,PWRHYD002,2039,1.1525
RE1,PWRHYD002,2040,1.1525
RE1,PWRHYD002,2041,1.1525
RE1,PWRHYD002,2042,1.1525
RE1,PWRHYD002,2043,1.1525
RE1,PWRHYD002,2044,1.1525
RE1,PWRHYD002,2045,1.1525
RE1,PWRHYD002,2046,1.1525
RE1,PWRHYD002,2047,1.1525
RE1,PWRHYD002,2048,1.1525
RE1,PWRHYD002,2049,1.1525
RE1,PWRHYD002,2050,1.1525
RE1,PWRWND001,2015,1.1746
RE1,PWRWND001,2016,2.545
RE1,PWRWND001,2017,3.1524
RE1,PWRWND001,2018,5.5368
RE1,PWRWND001,2019,7.5648
RE1,PWRWND001,2020,7.5648
RE1,PWRWND001,2021,7.7555
RE1,PWRWND001,2022,7.7555
RE1,PWRWND001,2023,7.7555
RE1,PWRWND001,2024,7.7555
RE1,PWRWND001,2025,7.7555
RE1,PWRWND001,2026,7.7555
RE1,PWRWND001,2027,7.7555
RE1,PWRWND001,2028,7.7555
RE1,PWRWND001,2029,7.7555
RE1,PWRWND001,2030,7.7555
RE1,PWRWND001,2031,7.7555
RE1,PWRWND001,2032,7.7555
RE1,PWRWND001,2033,7.7555
RE1,PWRWND001,2034,7.7555
RE1,PWRWND001,2035,7.7555
RE1,PWRWND001,2036,6.3851
RE1,PWRWND001,2037,6.3851
RE1,PWRWND001,2038,6.3851
RE1,PWRWND001,2039,6.3851
RE1,PWRWND001,2040,6.3851
RE1,PWRWND001,2041,6.3851
RE1,PWRWND001,2042,6.3851
RE1,PWRWND001,2043,6.3851
RE1,PWRWND001,2044,6.3851
RE1,PWRWND001,2045,6.3851
RE1,PWRWND001,2046,6.3851
RE1,PWRWND001,2047,2.545
RE1,PWRWND001,2048,2.0079
RE1,PWRWND001,2049,2.0079
RE1,PWRWND001,2070,372.5568
RE1,PWRSOL001S,2030,115.4638
RE1,PWRSOL001S,2031,117.7402
RE1,PWRSOL001S,2032,120.0154
RE1,PWRSOL001S,2033,122.2894
RE1,PWRSOL001S,2034,127.627
RE1,PWRSOL001S,2035,129.9772
RE1,PWRSOL001S,2036,131.9584
RE1,PWRSOL001S,2037,133.9391
RE1,PWRSOL001S,2038,135.9191
RE1,PWRSOL001S,2039,137.8986
RE1,PWRSOL001S,2040,141.8053
RE1,PWRSOL001S,2041,141.8053
RE1,PWRSOL001S,2042,143.7325
RE1,PWRSOL001S,2043,145.6594
RE1,PWRSOL001S,2044,147.586
RE1,PWRSOL001S,2045,149.5122
RE1,PWRSOL001S,2046,150.9179
RE1,PWRSOL001S,2047,152.3236
RE1,PWRSOL001S,2048,153.7291
RE1,PWRSOL001S,2049,155.1344
RE1,PWRSOL001S,2050,275.7221
RE1,PWRSOL001S,2051,282.0875
RE1,PWRSOL001S,2052,284.4928
RE1,PWRSOL001S,2053,286.9194
RE1,PWRSOL001S,2054,289.3675
RE1,PWRSOL001S,2055,291.8374
RE1,PWRSOL001S,2056,294.3292
RE1,PWRSOL001S,2057,296.8431
RE1,PWRSOL001S,2058,299.3793
RE1,PWRSOL001S,2059,308.0955
RE1,PWRSOL001S,2060,298.54
RE1,PWRSOL001S,2061,307.1241
RE1,PWRSOL001S,2062,309.7517
RE1,PWRSOL001S,2063,312.4027
RE1,PWRSOL001S,2064,315.0773
RE1,PWRSOL001S,2065,317.7758
RE1,PWRSOL001S,2066,320.4982
RE1,PWRSOL001S,2067,323.2449
RE1,PWRSOL001S,2068,326.0161
RE1,PWRSOL001S,2069,328.812
RE1,PWRSOL001S,2070,372.5568
RE1,PWRTRNIMP,2015,52.0
RE1,PWRTRNIMP,2016,71.0
RE1,PWRTRNIMP,2017,88.0
RE1,PWRTRNIMP,2018,96.0
RE1,PWRTRNIMP,2019,96.0
RE1,PWRTRNIMP,2020,96.0
RE1,PWRTRNIMP,2021,96.0
RE1,PWRTRNIMP,2022,96.0
RE1,PWRTRNIMP,2023,96.0
RE1,PWRTRNIMP,2024,96.0
RE1,PWRTRNIMP,2025,96.0
RE1,PWRTRNIMP,2026,96.0
RE1,PWRTRNIMP,2027,96.0
RE1,PWRTRNIMP,2028,96.0
RE1,PWRTRNIMP,2029,96.0
RE1,PWRTRNIMP,2030,96.0
RE1,PWRTRNIMP,2031,96.0
RE1,PWRTRNIMP,2032,96.0
RE1,PWRTRNIMP,2033,96.0
RE1,PWRTRNIMP,2034,96.0
RE1,PWRTRNIMP,2035,96.0
RE1,PWRTRNIMP,2036,96.0
RE1,PWRTRNIMP,2037,96.0
RE1,PWRTRNIMP,2038,96.0
RE1,PWRTRNIMP,2039,96.0
RE1,PWRTRNIMP,2040,96.0
RE1,PWRTRNIMP,2041,96.0
RE1,PWRTRNIMP,2042,96.0
RE1,PWRTRNIMP,2043,96.0
RE1,PWRTRNIMP,2044,96.0
RE1,PWRTRNIMP,2045,96.0
RE1,PWRTRNIMP,2046,96.0
RE1,PWRTRNIMP,2047,96.0
RE1,PWRTRNIMP,2048,96.0
RE1,PWRTRNIMP,2049,96.0
RE1,PWRTRNIMP,2050,96.0
RE1,PWRTRNIMP,2051,96.0
RE1,PWRTRNIMP,2052,96.0
RE1,PWRTRNIMP,2053,96.0
RE1,PWRTRNIMP,2054,96.0
RE1,PWRTRNIMP,2055,96.0
RE1,PWRTRNIMP,2056,96.0
RE1,PWRTRNIMP,2057,96.0
RE1,PWRTRNIMP,2058,96.0
RE1,PWRTRNIMP,2059,96.0
RE1,PWRTRNIMP,2060,96.0
RE1,PWRTRNIMP,2061,96.0
RE1,PWRTRNIMP,2062,96.0
RE1,PWRTRNIMP,2063,96.0
RE1,PWRTRNIMP,2064,96.0
RE1,PWRTRNIMP,2065,96.0
RE1,PWRTRNIMP,2066,96.0
RE1,PWRTRNIMP,2067,96.0
RE1,PWRTRNIMP,2068,96.0
RE1,PWRTRNIMP,2069,96.0
RE1,PWRTRNIMP,2070,96.0
RE1,PWRTRN,2015,711.6784
RE1,PWRTRN,2016,751.7444
RE1,PWRTRN,2017,786.4668
RE1,PWRTRN,2018,821.3276
RE1,PWRTRN,2019,855.5038
RE1,PWRTRN,2020,889.6576
RE1,PWRTRN,2021,915.6962
RE1,PWRTRN,2022,941.7178
RE1,PWRTRN,2023,967.7224
RE1,PWRTRN,2024,1166.5641
RE1,PWRTRN,2025,1220.4877
RE1,PWRTRN,2026,1276.7236
RE1,PWRTRN,2027,1332.9217
RE1,PWRTRN,2028,1389.082
RE1,PWRTRN,2029,1443.1831
RE1,PWRTRN,2030,1476.6713
RE1,PWRTRN,2031,1507.5511
RE1,PWRTRN,2032,1540.6043
RE1,PWRTRN,2033,1573.6273
RE1,PWRTRN,2034,1606.6205
RE1,PWRTRN,2035,1639.5845
RE1,PWRTRN,2036,1666.747
RE1,PWRTRN,2037,1693.8873
RE1,PWRTRN,2038,1721.0058
RE1,PWRTRN,2039,1748.1025
RE1,PWRTRN,2040,1772.578
RE1,PWRTRN,2041,1801.5651
RE1,PWRTRN,2042,1827.9325
RE1,PWRTRN,2043,1854.2799
RE1,PWRTRN,2044,1877.826
RE1,PWRTRN,2045,1906.9155
RE1,PWRTRN,2046,1925.5699
RE1,PWRTRN,2047,1944.211
RE1,PWRTRN,2048,1962.8389
RE1,PWRTRN,2049,1981.4536
RE1,PWRTRN,2050,3978.3045
RE1,PWRTRN,2051,4013.2
RE1,PWRTRN,2052,4051.4648
RE1,PWRTRN,2053,4087.0356
RE1,PWRTRN,2054,4122.9321
RE1,PWRTRN,2055,4159.1572
RE1,PWRTRN,2056,4195.7142
RE1,PWRTRN,2057,4232.6062
RE1,PWRTRN,2058,4269.8364
RE1,PWRTRN,2059,4307.4079
RE1,PWRTRN,2060,4341.9908
RE1,PWRTRN,2061,4380.2177
RE1,PWRTRN,2062,4418.7955
RE1,PWRTRN,2063,4457.7273
RE1,PWRTRN,2064,4500.5013
RE1,PWRTRN,2065,4540.1904
RE1,PWRTRN,2066,4580.2444
RE1,PWRTRN,2067,4620.6666
RE1,PWRTRN,2068,4661.4606
RE1,PWRTRN,2069,4698.9466
RE1,PWRTRN,2070,4770.1398
RE1,PWRDIST,2015,668.4143
RE1,PWRDIST,2016,706.2764
RE1,PWRDIST,2017,739.1412
RE1,PWRDIST,2018,772.1574
RE1,PWRDIST,2019,804.5514
RE1,PWRDIST,2020,836.9454
RE1,PWRDIST,2021,861.7236
RE1,PWRDIST,2022,886.5018
RE1,PWRDIST,2023,911.2799
RE1,PWRDIST,2024,1098.8839
RE1,PWRDIST,2025,1150.0553
RE1,PWRDIST,2026,1203.4397
RE1,PWRDIST,2027,1256.823
RE1,PWRDIST,2028,1310.2053
RE1,PWRDIST,2029,1361.6794
RE1,PWRDIST,2030,1393.7316
RE1,PWRDIST,2031,1423.3418
RE1,PWRDIST,2032,1455.0237
RE1,PWRDIST,2033,1486.6975
RE1,PWRDIST,2034,1518.3635
RE1,PWRDIST,2035,1550.0222
RE1,PWRDIST,2036,1576.2148
RE1,PWRDIST,2037,1602.4033
RE1,PWRDIST,2038,1628.5878
RE1,PWRDIST,2039,1654.7684
RE1,PWRDIST,2040,1678.4836
RE1,PWRDIST,2041,1706.4875
RE1,PWRDIST,2042,1732.0269
RE1,PWRDIST,2043,1757.5638
RE1,PWRDIST,2044,1780.4608
RE1,PWRDIST,2045,1808.6299
RE1,PWRDIST,2046,1826.9165
RE1,PWRDIST,2047,1845.2021
RE1,PWRDIST,2048,1863.4866
RE1,PWRDIST,2049,1881.77
RE1,PWRDIST,2050,3779.3893
RE1,PWRDIST,2051,3812.54
RE1,PWRDIST,2052,3848.8916
RE1,PWRDIST,2053,3882.6838
RE1,PWRDIST,2054,3916.7854
RE1,PWRDIST,2055,3951.1994
RE1,PWRDIST,2056,3985.9285
RE1,PWRDIST,2057,4020.9759
RE1,PWRDIST,2058,4056.3446
RE1,PWRDIST,2059,4092.0375
RE1,PWRDIST,2060,4124.8913
RE1,PWRDIST,2061,4161.2068
RE1,PWRDIST,2062,4197.8557
RE1,PWRDIST,2063,4234.841
RE1,PWRDIST,2064,4275.4762
RE1,PWRDIST,2065,4313.1809
RE1,PWRDIST,2066,4351.2322
RE1,PWRDIST,2067,4389.6333
RE1,PWRDIST,2068,4428.3876
RE1,PWRDIST,2069,4463.9993
RE1,PWRDIST,2070,4531.6328
RE1,PWRTRNEXP,2015,7.6
RE1,PWRTRNEXP,2016,4.75
RE1,PWRTRNEXP,2017,3.8
RE1,PWRTRNEXP,2018,3.8
RE1,PWRTRNEXP,2019,3.8
RE1,PWRTRNEXP,2020,3.8
RE1,PWRTRNEXP,2021,3.8
RE1,PWRTRNEXP,2022,3.8
RE1,PWRTRNEXP,2023,3.8
RE1,PWRTRNEXP,2024,3.8
RE1,PWRTRNEXP,2025,3.8
RE1,PWRTRNEXP,2026,3.8
RE1,PWRTRNEXP,2027,3.8
RE1,PWRTRNEXP,2028,3.8
RE1,PWRTRNEXP,2029,3.8
RE1,PWRTRNEXP,2030,3.8
RE1,PWRTRNEXP,2031,3.8
RE1,PWRTRNEXP,2032,3.8
RE1,PWRTRNEXP,2033,3.8
RE1,PWRTRNEXP,2034,3.8
RE1,PWRTRNEXP,2035,3.8
RE1,PWRTRNEXP,2036,3.8
RE1,PWRTRNEXP,2037,3.8
RE1,PWRTRNEXP,2038,3.8
RE1,PWRTRNEXP,2039,3.8
RE1,PWRTRNEXP,2040,3.8
RE1,PWRTRNEXP,2041,3.8
RE1,PWRTRNEXP,2042,3.8
RE1,PWRTRNEXP,2043,3.8
RE1,PWRTRNEXP,2044,3.8
RE1,PWRTRNEXP,2045,3.8
RE1,PWRTRNEXP,2046,3.8
RE1,PWRTRNEXP,2047,3.8
RE1,PWRTRNEXP,2048,3.8
RE1,PWRTRNEXP,2049,3.8
RE1,PWRTRNEXP,2050,3.8
RE1,PWRTRNEXP,2051,3.8
RE1,PWRTRNEXP,2052,3.8
RE1,PWRTRNEXP,2053,3.8
RE1,PWRTRNEXP,2054,3.8
RE1,PWRTRNEXP,2055,3.8
RE1,PWRTRNEXP,2056,3.8
RE1,PWRTRNEXP,2057,3.8
RE1,PWRTRNEXP,2058,3.8
RE1,PWRTRNEXP,2059,3.8
RE1,PWRTRNEXP,2060,3.8
RE1,PWRTRNEXP,2061,3.8
RE1,PWRTRNEXP,2062,3.8
RE1,PWRTRNEXP,2063,3.8
RE1,PWRTRNEXP,2064,3.8
RE1,PWRTRNEXP,2065,3.8
RE1,PWRTRNEXP,2066,3.8
RE1,PWRTRNEXP,2067,3.8
RE1,PWRTRNEXP,2068,3.8
RE1,PWRTRNEXP,2069,3.8
RE1,PWRTRNEXP,2070,3.8
RE1,DEMTRAEVC,2024,310.224
RE1,DEMTRAEVC,2025,315.2839
RE1,DEMTRAEVC,2026,320.9196
RE1,DEMTRAEVC,2027,326.5544
RE1,DEMTRAEVC,2028,332.1882
RE1,DEMTRAEVC,2029,337.8212
RE1,DEMTRAEVC,2030,343.4535
RE1,DEMTRAEVC,2031,348.114
RE1,DEMTRAEVC,2032,352.7733
RE1,DEMTRAEVC,2033,357.4314
RE1,DEMTRAEVC,2034,362.0883
RE1,DEMTRAEVC,2035,366.7442
RE1,DEMTRAEVC,2036,370.9886
RE1,DEMTRAEVC,2037,375.2324
RE1,DEMTRAEVC,2038,379.4756
RE1,DEMTRAEVC,2039,383.7182
RE1,DEMTRAEVC,2040,387.9603
RE1,DEMTRAEVC,2041,391.9968
RE1,DEMTRAEVC,2042,396.0329
RE1,DEMTRAEVC,2043,400.0686
RE1,DEMTRAEVC,2044,404.104
RE1,DEMTRAEVC,2045,408.1389
RE1,DEMTRAEVC,2046,411.294
RE1,DEMTRAEVC,2047,414.4488
RE1,DEMTRAEVC,2048,417.6035
RE1,DEMTRAEVC,2049,420.758
RE1,DEMTRAEVC,2050,2119.562
RE1,DEMTRAEVC,2051,2135.7033
RE1,DEMTRAEVC,2052,2151.9694
RE1,DEMTRAEVC,2053,2168.3614
RE1,DEMTRAEVC,2054,2184.8802
RE1,DEMTRAEVC,2055,2201.5267
RE1,DEMTRAEVC,2056,2218.3021
RE1,DEMTRAEVC,2057,2235.2072
RE1,DEMTRAEVC,2058,2252.2431
RE1,DEMTRAEVC,2059,2269.4109
RE1,DEMTRAEVC,2060,2286.7115
RE1,DEMTRAEVC,2061,2304.146
RE1,DEMTRAEVC,2062,2321.7154
RE1,DEMTRAEVC,2063,2339.4209
RE1,DEMTRAEVC,2064,2357.2633
RE1,DEMTRAEVC,2065,2375.2439
RE1,DEMTRAEVC,2066,2393.3637
RE1,DEMTRAEVC,2067,2411.6237
RE1,DEMTRAEVC,2068,2430.0251
RE1,DEMTRAEVC,2069,2448.569
RE1,DEMTRAEVC,2070,2467.2565
RE1,DEMTRAMCYELC,2024,279.4811
RE1,DEMTRAMCYELC,2025,284.0396
RE1,DEMTRAMCYELC,2026,289.1168
RE1,DEMTRAMCYELC,2027,294.1931
RE1,DEMTRAMCYELC,2028,299.2687
RE1,DEMTRAMCYELC,2029,304.3435
RE1,DEMTRAMCYELC,2030,309.4175
RE1,DEMTRAMCYELC,2031,313.6162
RE1,DEMTRAMCYELC,2032,317.8138
RE1,DEMTRAMCYELC,2033,322.0103
RE1,DEMTRAMCYELC,2034,326.2057
RE1,DEMTRAMCYELC,2035,330.4001
RE1,DEMTRAMCYELC,2036,334.224
RE1,DEMTRAMCYELC,2037,338.0472
RE1,DEMTRAMCYELC,2038,341.8699
RE1,DEMTRAMCYELC,2039,345.6921
RE1,DEMTRAMCYELC,2040,349.5138
RE1,DEMTRAMCYELC,2041,353.1503
RE1,DEMTRAMCYELC,2042,356.7864
RE1,DEMTRAMCYELC,2043,360.4222
RE1,DEMTRAMCYELC,2044,364.0576
RE1,DEMTRAMCYELC,2045,367.6927
RE1,DEMTRAMCYELC,2046,370.5351
RE1,DEMTRAMCYELC,2047,373.3773
RE1,DEMTRAMCYELC,2048,376.2194
RE1,DEMTRAMCYELC,2049,379.0613
RE1,DEMTRAMCYELC,2050,381.9031
RE1,DEMTRAMCYELC,2051,384.8114
RE1,DEMTRAMCYELC,2052,387.7422
RE1,DEMTRAMCYELC,2053,390.6957
RE1,DEMTRAMCYELC,2054,393.6721
RE1,DEMTRAMCYELC,2055,396.6715
RE1,DEMTRAMCYELC,2056,399.6941
RE1,DEMTRAMCYELC,2057,402.74
RE1,DEMTRAMCYELC,2058,405.8096
RE1,DEMTRAMCYELC,2059,408.9029
RE1,DEMTRAMCYELC,2060,412.0201
RE1,DEMTRAMCYELC,2061,415.1614
RE1,DEMTRAMCYELC,2062,418.3271
RE1,DEMTRAMCYELC,2063,421.5173
RE1,DEMTRAMCYELC,2064,424.7321
RE1,DEMTRAMCYELC,2065,427.9719
RE1,DEMTRAMCYELC,2066,431.2367
RE1,DEMTRAMCYELC,2067,434.5268
RE1,DEMTRAMCYELC,2068,437.8424
RE1,DEMTRAMCYELC,2069,441.1836
RE1,DEMTRAMCYELC,2070,444.5507
RE1,DEMTRACARELC,2050,821.0916
RE1,DEMTRACARELC,2051,827.3445
RE1,DEMTRACARELC,2052,833.6458
RE1,DEMTRACARELC,2053,839.9959
RE1,DEMTRACARELC,2054,846.395
RE1,DEMTRACARELC,2055,852.8437
RE1,DEMTRACARELC,2056,859.3422
RE1,DEMTRACARELC,2057,865.8911
RE1,DEMTRACARELC,2058,872.4906
RE1,DEMTRACARELC,2059,879.1412
RE1,DEMTRACARELC,2060,885.8432
RE1,DEMTRACARELC,2061,892.5971
RE1,DEMTRACARELC,2062,899.4033
RE1,DEMTRACARELC,2063,906.2621
RE1,DEMTRACARELC,2064,913.1741
RE1,DEMTRACARELC,2065,920.1395
RE1,DEMTRACARELC,2066,927.1589
RE1,DEMTRACARELC,2067,934.2326
RE1,DEMTRACARELC,2068,941.3611
RE1,DEMTRACARELC,2069,948.5448
RE1,DEMTRACARELC,2070,955.784
RE1,DEMTRABUSELC,2050,706.5207
RE1,DEMTRABUSELC,2051,711.9011
RE1,DEMTRABUSELC,2052,717.3232
RE1,DEMTRABUSELC,2053,722.7871
RE1,DEMTRABUSELC,2054,728.2934
RE1,DEMTRABUSELC,2055,733.8422
RE1,DEMTRABUSELC,2056,739.434
RE1,DEMTRABUSELC,2057,745.0691
RE1,DEMTRABUSELC,2058,750.7477
RE1,DEMTRABUSELC,2059,756.4703
RE1,DEMTRABUSELC,2060,762.2372
RE1,DEMTRABUSELC,2061,768.0487
RE1,DEMTRABUSELC,2062,773.9051
RE1,DEMTRABUSELC,2063,779.807
RE1,DEMTRABUSELC,2064,785.7544
RE1,DEMTRABUSELC,2065,791.748
RE1,DEMTRABUSELC,2066,797.7879
RE1,DEMTRABUSELC,2067,803.8746
RE1,DEMTRABUSELC,2068,810.0084
RE1,DEMTRABUSELC,2069,816.1897
RE1,DEMTRABUSELC,2070,822.4188
RE1,DEMTRAMCYGSL,2015,229.6235
RE1,DEMTRAMCYGSL,2016,238.4248
RE1,DEMTRAMCYGSL,2017,243.9061
RE1,DEMTRAMCYGSL,2018,249.8175
RE1,DEMTRAMCYGSL,2019,255.529
RE1,DEMTRAMCYGSL,2020,261.2392
RE1,DEMTRAMCYGSL,2021,265.801
RE1,DEMTRAMCYGSL,2022,270.3619
RE1,DEMTRAMCYGSL,2023,274.9219
RE1,DEMTRACARGSL,2015,493.6906
RE1,DEMTRACARGSL,2016,512.6133
RE1,DEMTRACARGSL,2017,524.3982
RE1,DEMTRACARGSL,2018,537.1075
RE1,DEMTRACARGSL,2019,549.3873
RE1,DEMTRACARGSL,2020,561.6643
RE1,DEMTRACARGSL,2021,571.4721
RE1,DEMTRACARGSL,2022,581.278
RE1,DEMTRACARGSL,2023,591.0821
RE1,DEMTRACARGSL,2024,600.8844
RE1,DEMTRACARGSL,2025,610.6851
RE1,DEMTRACARGSL,2026,621.601
RE1,DEMTRACARGSL,2027,632.5152
RE1,DEMTRACARGSL,2028,643.4276
RE1,DEMTRACARGSL,2029,654.3384
RE1,DEMTRACARGSL,2030,665.2477
RE1,DEMTRACARGSL,2031,674.2749
RE1,DEMTRACARGSL,2032,683.2997
RE1,DEMTRACARGSL,2033,692.3221
RE1,DEMTRACARGSL,2034,701.3422
RE1,DEMTRACARGSL,2035,710.3603
RE1,DEMTRACARGSL,2036,718.5815
RE1,DEMTRACARGSL,2037,726.8015
RE1,DEMTRACARGSL,2038,735.0203
RE1,DEMTRACARGSL,2039,743.238
RE1,DEMTRACARGSL,2040,751.4547
RE1,DEMTRACARGSL,2041,759.2732
RE1,DEMTRACARGSL,2042,767.0908
RE1,DEMTRACARGSL,2043,774.9077
RE1,DEMTRACARGSL,2044,782.7239
RE1,DEMTRACARGSL,2045,790.5394
RE1,DEMTRACARGSL,2046,796.6504
RE1,DEMTRACARGSL,2047,802.7612
RE1,DEMTRACARGSL,2048,808.8716
RE1,DEMTRACARGSL,2049,814.9818
RE1,DEMTRABUSGSL,2015,424.8035
RE1,DEMTRABUSGSL,2016,441.0859
RE1,DEMTRABUSGSL,2017,451.2263
RE1,DEMTRABUSGSL,2018,462.1623
RE1,DEMTRABUSGSL,2019,472.7286
RE1,DEMTRABUSGSL,2020,483.2925
RE1,DEMTRABUSGSL,2021,491.7318
RE1,DEMTRABUSGSL,2022,500.1694
RE1,DEMTRABUSGSL,2023,508.6055
RE1,DEMTRABUSGSL,2024,517.04
RE1,DEMTRABUSGSL,2025,525.4732
RE1,DEMTRABUSGSL,2026,534.866
RE1,DEMTRABUSGSL,2027,544.2573
RE1,DEMTRABUSGSL,2028,553.647
RE1,DEMTRABUSGSL,2029,563.0354
RE1,DEMTRABUSGSL,2030,572.4224
RE1,DEMTRABUSGSL,2031,580.1901
RE1,DEMTRABUSGSL,2032,587.9555
RE1,DEMTRABUSGSL,2033,595.719
RE1,DEMTRABUSGSL,2034,603.4805
RE1,DEMTRABUSGSL,2035,611.2403
RE1,DEMTRABUSGSL,2036,618.3143
RE1,DEMTRABUSGSL,2037,625.3873
RE1,DEMTRABUSGSL,2038,632.4593
RE1,DEMTRABUSGSL,2039,639.5304
RE1,DEMTRABUSGSL,2040,646.6006
RE1,DEMTRABUSGSL,2041,653.3281
RE1,DEMTRABUSGSL,2042,660.0549
RE1,DEMTRABUSGSL,2043,666.7811
RE1,DEMTRABUSGSL,2044,673.5066
RE1,DEMTRABUSGSL,2045,680.2316
RE1,DEMTRABUSGSL,2046,685.4899
RE1,DEMTRABUSGSL,2047,690.748
RE1,DEMTRABUSGSL,2048,696.0058
RE1,DEMTRABUSGSL,2049,701.2634
RE1,DEMINDELC,2015,328.0418
RE1,DEMINDELC,2016,347.0108
RE1,DEMINDELC,2017,363.2685
RE1,DEMINDELC,2018,379.5262
RE1,DEMINDELC,2019,395.7839
RE1,DEMINDELC,2020,412.0416
RE1,DEMINDELC,2021,424.52
RE1,DEMINDELC,2022,436.9984
RE1,DEMINDELC,2023,449.4768
RE1,DEMINDELC,2024,14.858
RE1,DEMINDELC,2025,15.2594
RE1,DEMINDELC,2026,15.6931
RE1,DEMINDELC,2027,16.1268
RE1,DEMINDELC,2028,16.5604
RE1,DEMINDELC,2029,16.9941
RE1,DEMINDELC,2030,21.9013
RE1,DEMINDELC,2031,17.9235
RE1,DEMINDELC,2032,18.4192
RE1,DEMINDELC,2033,18.9149
RE1,DEMINDELC,2034,19.4106
RE1,DEMINDELC,2035,19.9063
RE1,DEMINDELC,2036,20.3054
RE1,DEMINDELC,2037,20.7045
RE1,DEMINDELC,2038,21.1036
RE1,DEMINDELC,2039,21.5026
RE1,DEMINDELC,2040,16.6083
RE1,DEMINDELC,2041,22.2925
RE1,DEMINDELC,2042,22.6833
RE1,DEMINDELC,2043,23.0741
RE1,DEMINDELC,2044,17.7937
RE1,DEMINDELC,2045,23.8557
RE1,DEMINDELC,2046,24.1278
RE1,DEMINDELC,2047,24.3999
RE1,DEMINDELC,2048,24.672
RE1,DEMINDELC,2049,24.9441
RE1,DEMINDELC,2050,19.1217
RE1,DEMINDELC,2051,19.335
RE1,DEMINDELC,2052,25.7819
RE1,DEMINDELC,2053,26.0695
RE1,DEMINDELC,2054,26.3603
RE1,DEMINDELC,2055,26.6544
RE1,DEMINDELC,2056,26.9517
RE1,DEMINDELC,2057,27.2523
RE1,DEMINDELC,2058,27.5563
RE1,DEMINDELC,2059,27.8637
RE1,DEMINDELC,2060,21.365
RE1,DEMINDELC,2061,21.6034
RE1,DEMINDELC,2062,21.8443
RE1,DEMINDELC,2063,22.088
RE1,DEMINDELC,2064,29.4528
RE1,DEMINDELC,2065,29.7814
RE1,DEMINDELC,2066,30.1136
RE1,DEMINDELC,2067,30.4495
RE1,DEMINDELC,2068,30.7892
RE1,DEMINDELC,2069,23.6082
RE1,DEMINDELC,2070,84.5158
RE1,INDENEFFDP,2024,343.921
RE1,INDENEFFDP,2025,353.211
RE1,INDENEFFDP,2026,363.2497
RE1,INDENEFFDP,2027,373.2884
RE1,INDENEFFDP,2028,383.3272
RE1,INDENEFFDP,2029,393.3659
RE1,INDENEFFDP,2030,399.9634
RE1,INDENEFFDP,2031,414.8787
RE1,INDENEFFDP,2032,426.3528
RE1,INDENEFFDP,2033,437.827
RE1,INDENEFFDP,2034,449.3011
RE1,INDENEFFDP,2035,460.7753
RE1,INDENEFFDP,2036,470.0127
RE1,INDENEFFDP,2037,479.2502
RE1,INDENEFFDP,2038,488.4877
RE1,INDENEFFDP,2039,497.7251
RE1,INDENEFFDP,2040,511.0345
RE1,INDENEFFDP,2041,516.0083
RE1,INDENEFFDP,2042,525.054
RE1,INDENEFFDP,2043,534.0996
RE1,INDENEFFDP,2044,547.5078
RE1,INDENEFFDP,2045,552.191
RE1,INDENEFFDP,2046,558.4895
RE1,INDENEFFDP,2047,564.7881
RE1,INDENEFFDP,2048,571.0866
RE1,INDENEFFDP,2049,577.3852
RE1,INDENEFFDP,2050,588.3718
RE1,INDENEFFDP,2051,594.935
RE1,INDENEFFDP,2052,596.7782
RE1,INDENEFFDP,2053,603.4351
RE1,INDENEFFDP,2054,610.1664
RE1,INDENEFFDP,2055,616.9727
RE1,INDENEFFDP,2056,623.8549
RE1,INDENEFFDP,2057,630.8139
RE1,INDENEFFDP,2058,637.8505
RE1,INDENEFFDP,2059,644.9657
RE1,INDENEFFDP,2060,657.3982
RE1,INDENEFFDP,2061,664.7314
RE1,INDENEFFDP,2062,672.1464
RE1,INDENEFFDP,2063,679.6441
RE1,INDENEFFDP,2064,681.7497
RE1,INDENEFFDP,2065,689.3545
RE1,INDENEFFDP,2066,697.0441
RE1,INDENEFFDP,2067,704.8195
RE1,INDENEFFDP,2068,712.6817
RE1,INDENEFFDP,2069,726.4196
RE1,INDENEFFDP,2070,687.8732
RE1,DEMINDHEBIO,2015,426.6187
RE1,DEMINDHEBIO,2016,382.5919
RE1,DEMINDHEBIO,2017,389.2174
RE1,DEMINDHEBIO,2018,400.2481
RE1,DEMINDHEBIO,2019,409.232
RE1,DEMINDHEBIO,2020,418.2022
RE1,DEMINDHEBIO,2021,424.4265
RE1,DEMINDHEBIO,2022,430.6414
RE1,DEMINDHEBIO,2023,436.8476
RE1,DEMINDHEBIO,2024,443.0455
RE1,DEMINDHEBIO,2025,449.2357
RE1,DEMINDHEBIO,2026,456.0698
RE1,DEMINDHEBIO,2027,462.8953
RE1,DEMINDHEBIO,2028,469.7126
RE1,DEMINDHEBIO,2029,476.5222
RE1,DEMINDHEBIO,2030,483.3244
RE1,DEMINDHEBIO,2031,489.4573
RE1,DEMINDHEBIO,2032,495.5783
RE1,DEMINDHEBIO,2033,501.6882
RE1,DEMINDHEBIO,2034,507.7874
RE1,DEMINDHEBIO,2035,513.8767
RE1,DEMINDHEBIO,2036,519.2227
RE1,DEMINDHEBIO,2037,524.563
RE1,DEMINDHEBIO,2038,529.8978
RE1,DEMINDHEBIO,2039,535.2274
RE1,DEMINDHEBIO,2040,540.5518
RE1,DEMINDHEBIO,2041,546.0995
RE1,DEMINDHEBIO,2042,551.6435
RE1,DEMINDHEBIO,2043,557.1839
RE1,DEMINDHEBIO,2044,562.7208
RE1,DEMINDHEBIO,2045,568.2543
RE1,DEMINDHEBIO,2046,572.5085
RE1,DEMINDHEBIO,2047,576.7612
RE1,DEMINDHEBIO,2048,581.0124
RE1,DEMINDHEBIO,2049,585.2622
RE1,DEMINDHEBIO,2050,589.5105
RE1,DEMINDHEBIO,2051,593.8592
RE1,DEMINDHEBIO,2052,598.241
RE1,DEMINDHEBIO,2053,602.6561
RE1,DEMINDHEBIO,2054,607.1048
RE1,DEMINDHEBIO,2055,611.5873
RE1,DEMINDHEBIO,2056,616.1039
RE1,DEMINDHEBIO,2057,620.6549
RE1,DEMINDHEBIO,2058,625.2405
RE1,DEMINDHEBIO,2059,629.8611
RE1,DEMINDHEBIO,2060,634.5168
RE1,DEMINDHEBIO,2061,639.2079
RE1,DEMINDHEBIO,2062,643.9348
RE1,DEMINDHEBIO,2063,648.6976
RE1,DEMINDHEBIO,2064,653.4968
RE1,DEMINDHEBIO,2065,658.3324
RE1,DEMINDHEBIO,2066,663.205
RE1,DEMINDHEBIO,2067,668.1146
RE1,DEMINDHEBIO,2068,673.0617
RE1,DEMINDHEBIO,2069,678.0464
RE1,DEMINDHEBIO,2070,683.0692
RE1,DEMRESELC,2015,163.7593
RE1,DEMRESELC,2016,173.2287
RE1,DEMRESELC,2017,181.3446
RE1,DEMRESELC,2018,189.4604
RE1,DEMRESELC,2019,197.5763
RE1,DEMRESELC,2020,205.6922
RE1,DEMRESELC,2021,211.9215
RE1,DEMRESELC,2022,218.1507
RE1,DEMRESELC,2023,224.38
RE1,DEMRESELC,2024,7.4172
RE1,DEMRESELC,2025,7.6175
RE1,DEMRESELC,2026,7.834
RE1,DEMRESELC,2027,8.0505
RE1,DEMRESELC,2028,8.267
RE1,DEMRESELC,2029,8.4835
RE1,DEMRESELC,2030,10.9332
RE1,DEMRESELC,2031,8.9475
RE1,DEMRESELC,2032,9.1949
RE1,DEMRESELC,2033,9.4424
RE1,DEMRESELC,2034,9.6898
RE1,DEMRESELC,2035,9.9373
RE1,DEMRESELC,2036,10.1365
RE1,DEMRESELC,2037,10.3357
RE1,DEMRESELC,2038,10.535
RE1,DEMRESELC,2039,10.7342
RE1,DEMRESELC,2040,8.2909
RE1,DEMRESELC,2041,11.1285
RE1,DEMRESELC,2042,11.3236
RE1,DEMRESELC,2043,11.5186
RE1,DEMRESELC,2044,8.8826
RE1,DEMRESELC,2045,11.9088
RE1,DEMRESELC,2046,12.0447
RE1,DEMRESELC,2047,12.1805
RE1,DEMRESELC,2048,12.3163
RE1,DEMRESELC,2049,12.4522
RE1,DEMRESELC,2050,9.5456
RE1,DEMRESELC,2051,9.6521
RE1,DEMRESELC,2052,12.8704
RE1,DEMRESELC,2053,13.014
RE1,DEMRESELC,2054,13.1591
RE1,DEMRESELC,2055,13.3059
RE1,DEMRESELC,2056,13.4544
RE1,DEMRESELC,2057,13.6044
RE1,DEMRESELC,2058,13.7562
RE1,DEMRESELC,2059,13.9096
RE1,DEMRESELC,2060,10.6655
RE1,DEMRESELC,2061,10.7845
RE1,DEMRESELC,2062,10.9048
RE1,DEMRESELC,2063,11.0264
RE1,DEMRESELC,2064,14.7029
RE1,DEMRESELC,2065,14.8669
RE1,DEMRESELC,2066,15.0328
RE1,DEMRESELC,2067,15.2005
RE1,DEMRESELC,2068,15.37
RE1,DEMRESELC,2069,11.7853
RE1,DEMRESELC,2070,42.1905
RE1,RESENEFFDP,2024,171.6862
RE1,RESENEFFDP,2025,176.3238
RE1,RESENEFFDP,2026,181.3352
RE1,RESENEFFDP,2027,186.3465
RE1,RESENEFFDP,2028,191.3579
RE1,RESENEFFDP,2029,196.3692
RE1,RESENEFFDP,2030,199.6628
RE1,RESENEFFDP,2031,207.1085
RE1,RESENEFFDP,2032,212.8364
RE1,RESENEFFDP,2033,218.5644
RE1,RESENEFFDP,2034,224.2923
RE1,RESENEFFDP,2035,230.0202
RE1,RESENEFFDP,2036,234.6316
RE1,RESENEFFDP,2037,239.2429
RE1,RESENEFFDP,2038,243.8543
RE1,RESENEFFDP,2039,248.4657
RE1,RESENEFFDP,2040,255.1097
RE1,RESENEFFDP,2041,257.5926
RE1,RESENEFFDP,2042,262.1083
RE1,RESENEFFDP,2043,266.6239
RE1,RESENEFFDP,2044,273.3173
RE1,RESENEFFDP,2045,275.6551
RE1,RESENEFFDP,2046,278.7994
RE1,RESENEFFDP,2047,281.9436
RE1,RESENEFFDP,2048,285.0879
RE1,RESENEFFDP,2049,288.2322
RE1,RESENEFFDP,2050,293.7167
RE1,RESENEFFDP,2051,296.9931
RE1,RESENEFFDP,2052,297.9132
RE1,RESENEFFDP,2053,301.2364
RE1,RESENEFFDP,2054,304.5966
RE1,RESENEFFDP,2055,307.9943
RE1,RESENEFFDP,2056,311.43
RE1,RESENEFFDP,2057,314.9039
RE1,RESENEFFDP,2058,318.4166
RE1,RESENEFFDP,2059,321.9685
RE1,RESENEFFDP,2060,328.1749
RE1,RESENEFFDP,2061,331.8356
RE1,RESENEFFDP,2062,335.5372
RE1,RESENEFFDP,2063,339.28
RE1,RESENEFFDP,2064,340.3312
RE1,RESENEFFDP,2065,344.1275
RE1,RESENEFFDP,2066,347.9662
RE1,RESENEFFDP,2067,351.8477
RE1,RESENEFFDP,2068,355.7725
RE1,RESENEFFDP,2069,362.6305
RE1,RESENEFFDP,2070,343.3881
RE1,DEMRESCKNELC,2015,7.0099
RE1,DEMRESCKNELC,2016,6.6639
RE1,DEMRESCKNELC,2017,6.762
RE1,DEMRESCKNELC,2018,7.0044
RE1,DEMRESCKNELC,2019,6.6542
RE1,DEMRESCKNELC,2020,6.304
RE1,DEMRESCKNELC,2021,5.9538
RE1,DEMRESCKNELC,2022,5.6035
RE1,DEMRESCKNELC,2023,5.2533
RE1,DEMRESCKNELC,2024,30.0393
RE1,DEMRESCKNELC,2025,54.8253
RE1,DEMRESCKNELC,2026,79.6112
RE1,DEMRESCKNELC,2027,104.3972
RE1,DEMRESCKNELC,2028,129.1832
RE1,DEMRESCKNELC,2029,152.1526
RE1,DEMRESCKNELC,2030,154.6446
RE1,DEMRESCKNELC,2031,156.9268
RE1,DEMRESCKNELC,2032,159.2021
RE1,DEMRESCKNELC,2033,161.4709
RE1,DEMRESCKNELC,2034,163.7336
RE1,DEMRESCKNELC,2035,165.9904
RE1,DEMRESCKNELC,2036,167.9544
RE1,DEMRESCKNELC,2037,169.9151
RE1,DEMRESCKNELC,2038,171.8726
RE1,DEMRESCKNELC,2039,173.8271
RE1,DEMRESCKNELC,2040,175.7786
RE1,DEMRESCKNELC,2041,177.727
RE1,DEMRESCKNELC,2042,179.6732
RE1,DEMRESCKNELC,2043,181.6173
RE1,DEMRESCKNELC,2044,183.5594
RE1,DEMRESCKNELC,2045,185.4995
RE1,DEMRESCKNELC,2046,186.9697
RE1,DEMRESCKNELC,2047,188.439
RE1,DEMRESCKNELC,2048,189.9074
RE1,DEMRESCKNELC,2049,191.3751
RE1,DEMRESCKNELC,2050,192.8419
RE1,DEMRESCKNELC,2051,194.3449
RE1,DEMRESCKNELC,2052,195.8596
RE1,DEMRESCKNELC,2053,197.3861
RE1,DEMRESCKNELC,2054,198.9246
RE1,DEMRESCKNELC,2055,200.475
RE1,DEMRESCKNELC,2056,202.0375
RE1,DEMRESCKNELC,2057,203.6121
RE1,DEMRESCKNELC,2058,205.1991
RE1,DEMRESCKNELC,2059,206.7984
RE1,DEMRESCKNELC,2060,208.4102
RE1,DEMRESCKNELC,2061,210.0345
RE1,DEMRESCKNELC,2062,211.6715
RE1,DEMRESCKNELC,2063,213.3213
RE1,DEMRESCKNELC,2064,214.9839
RE1,DEMRESCKNELC,2065,216.6595
RE1,DEMRESCKNELC,2066,218.3482
RE1,DEMRESCKNELC,2067,220.05
RE1,DEMRESCKNELC,2068,221.765
RE1,DEMRESCKNELC,2069,223.4935
RE1,DEMRESCKNELC,2070,225.2354
RE1,DEMRESCKNOIL,2015,117.5028
RE1,DEMRESCKNOIL,2016,111.7023
RE1,DEMRESCKNOIL,2017,113.3469
RE1,DEMRESCKNOIL,2018,117.4106
RE1,DEMRESCKNOIL,2019,120.876
RE1,DEMRESCKNOIL,2020,124.3333
RE1,DEMRESCKNOIL,2021,126.9942
RE1,DEMRESCKNOIL,2022,129.6497
RE1,DEMRESCKNOIL,2023,132.3
RE1,DEMRESCKNOIL,2024,109.8094
RE1,DEMRESCKNOIL,2025,87.3143
RE1,DEMRESCKNOIL,2026,65.0389
RE1,DEMRESCKNOIL,2027,42.7584
RE1,DEMRESCKNOIL,2028,20.4732
RE1,DEMRESCKNBIO,2015,72.8133
RE1,DEMRESCKNBIO,2016,69.2189
RE1,DEMRESCKNBIO,2017,70.238
RE1,DEMRESCKNBIO,2018,72.7562
RE1,DEMRESCKNBIO,2019,74.5779
RE1,DEMRESCKNBIO,2020,76.3949
RE1,DEMRESCKNBIO,2021,77.7461
RE1,DEMRESCKNBIO,2022,79.0942
RE1,DEMRESCKNBIO,2023,80.4393
RE1,DEMRESCKNBIO,2024,81.7816
RE1,DEMRESCKNBIO,2025,83.1212
RE1,DEMRESCKNBIO,2026,84.5894
RE1,DEMRESCKNBIO,2027,86.0545
RE1,DEMRESCKNBIO,2028,87.5169
RE1,DEMRESCKNBIO,2029,88.9767
RE1,DEMRESCKNBIO,2030,90.434
RE1,DEMRESCKNBIO,2031,91.7686
RE1,DEMRESCKNBIO,2032,93.0992
RE1,DEMRESCKNBIO,2033,94.4259
RE1,DEMRESCKNBIO,2034,95.7491
RE1,DEMRESCKNBIO,2035,97.0689
RE1,DEMRESCKNBIO,2036,98.2174
RE1,DEMRESCKNBIO,2037,99.364
RE1,DEMRESCKNBIO,2038,100.5087
RE1,DEMRESCKNBIO,2039,101.6517
RE1,DEMRESCKNBIO,2040,102.7929
RE1,DEMRESCKNBIO,2041,103.9322
RE1,DEMRESCKNBIO,2042,105.0704
RE1,DEMRESCKNBIO,2043,106.2072
RE1,DEMRESCKNBIO,2044,107.343
RE1,DEMRESCKNBIO,2045,108.4775
RE1,DEMRESCKNBIO,2046,109.3372
RE1,DEMRESCKNBIO,2047,110.1965
RE1,DEMRESCKNBIO,2048,111.0552
RE1,DEMRESCKNBIO,2049,111.9135
RE1,DEMRESCKNBIO,2050,112.7712
RE1,DEMRESCKNBIO,2051,113.6502
RE1,DEMRESCKNBIO,2052,114.536
RE1,DEMRESCKNBIO,2053,115.4287
RE1,DEMRESCKNBIO,2054,116.3283
RE1,DEMRESCKNBIO,2055,117.235
RE1,DEMRESCKNBIO,2056,118.1487
RE1,DEMRESCKNBIO,2057,119.0695
RE1,DEMRESCKNBIO,2058,119.9976
RE1,DEMRESCKNBIO,2059,120.9328
RE1,DEMRESCKNBIO,2060,121.8754
RE1,DEMRESCKNBIO,2061,122.8253
RE1,DEMRESCKNBIO,2062,123.7826
RE1,DEMRESCKNBIO,2063,124.7473
RE1,DEMRESCKNBIO,2064,125.7196
RE1,DEMRESCKNBIO,2065,126.6995
RE1,DEMRESCKNBIO,2066,127.687
RE1,DEMRESCKNBIO,2067,128.6822
RE1,DEMRESCKNBIO,2068,129.6851
RE1,DEMRESCKNBIO,2069,130.6959
RE1,DEMRESCKNBIO,2070,131.7145
RE1,DEMRESHEBIO,2015,84.5683
RE1,DEMRESHEBIO,2016,80.3936
RE1,DEMRESHEBIO,2017,81.5773
RE1,DEMRESHEBIO,2018,84.502
RE1,DEMRESHEBIO,2019,86.6177
RE1,DEMRESHEBIO,2020,88.7281
RE1,DEMRESHEBIO,2021,90.2975
RE1,DEMRESHEBIO,2022,91.8632
RE1,DEMRESHEBIO,2023,93.4254
RE1,DEMRESHEBIO,2024,94.9844
RE1,DEMRESHEBIO,2025,96.5403
RE1,DEMRESHEBIO,2026,98.2455
RE1,DEMRESHEBIO,2027,99.9472
RE1,DEMRESHEBIO,2028,101.6457
RE1,DEMRESHEBIO,2029,103.3411
RE1,DEMRESHEBIO,2030,105.0337
RE1,DEMRESHEBIO,2031,106.5837
RE1,DEMRESHEBIO,2032,108.1291
RE1,DEMRESHEBIO,2033,109.6701
RE1,DEMRESHEBIO,2034,111.2069
RE1,DEMRESHEBIO,2035,112.7397
RE1,DEMRESHEBIO,2036,114.0736
RE1,DEMRESHEBIO,2037,115.4053
RE1,DEMRESHEBIO,2038,116.7349
RE1,DEMRESHEBIO,2039,118.0623
RE1,DEMRESHEBIO,2040,119.3878
RE1,DEMRESHEBIO,2041,120.7111
RE1,DEMRESHEBIO,2042,122.033
RE1,DEMRESHEBIO,2043,123.3534
RE1,DEMRESHEBIO,2044,124.6724
RE1,DEMRESHEBIO,2045,125.9901
RE1,DEMRESHEBIO,2046,126.9887
RE1,DEMRESHEBIO,2047,127.9866
RE1,DEMRESHEBIO,2048,128.984
RE1,DEMRESHEBIO,2049,129.9808
RE1,DEMRESHEBIO,2050,130.9771
RE1,DEMRESHEBIO,2051,131.9979
RE1,DEMRESHEBIO,2052,133.0267
RE1,DEMRESHEBIO,2053,134.0635
RE1,DEMRESHEBIO,2054,135.1084
RE1,DEMRESHEBIO,2055,136.1614
RE1,DEMRESHEBIO,2056,137.2226
RE1,DEMRESHEBIO,2057,138.2922
RE1,DEMRESHEBIO,2058,139.37
RE1,DEMRESHEBIO,2059,140.4562
RE1,DEMRESHEBIO,2060,141.551
RE1,DEMRESHEBIO,2061,142.6542
RE1,DEMRESHEBIO,2062,143.766
RE1,DEMRESHEBIO,2063,144.8866
RE1,DEMRESHEBIO,2064,146.0158
RE1,DEMRESHEBIO,2065,147.1538
RE1,DEMRESHEBIO,2066,148.3008
RE1,DEMRESHEBIO,2067,149.4566
RE1,DEMRESHEBIO,2068,150.6215
RE1,DEMRESHEBIO,2069,151.7954
RE1,DEMRESHEBIO,2070,152.9785
RE1,DEMCOMELC,2015,169.2528
RE1,DEMCOMELC,2016,179.0399
RE1,DEMCOMELC,2017,187.428
RE1,DEMCOMELC,2018,195.8161
RE1,DEMCOMELC,2019,204.2043
RE1,DEMCOMELC,2020,212.5924
RE1,DEMCOMELC,2021,219.0306
RE1,DEMCOMELC,2022,225.4689
RE1,DEMCOMELC,2023,231.9071
RE1,DEMCOMELC,2024,7.666
RE1,DEMCOMELC,2025,7.8731
RE1,DEMCOMELC,2026,8.0968
RE1,DEMCOMELC,2027,8.3206
RE1,DEMCOMELC,2028,8.5443
RE1,DEMCOMELC,2029,8.7681
RE1,DEMCOMELC,2030,11.3
RE1,DEMCOMELC,2031,9.2476
RE1,DEMCOMELC,2032,9.5034
RE1,DEMCOMELC,2033,9.7591
RE1,DEMCOMELC,2034,10.0149
RE1,DEMCOMELC,2035,10.2707
RE1,DEMCOMELC,2036,10.4766
RE1,DEMCOMELC,2037,10.6825
RE1,DEMCOMELC,2038,10.8884
RE1,DEMCOMELC,2039,11.0943
RE1,DEMCOMELC,2040,8.569
RE1,DEMCOMELC,2041,11.5018
RE1,DEMCOMELC,2042,11.7034
RE1,DEMCOMELC,2043,11.9051
RE1,DEMCOMELC,2044,9.1806
RE1,DEMCOMELC,2045,12.3083
RE1,DEMCOMELC,2046,12.4487
RE1,DEMCOMELC,2047,12.5891
RE1,DEMCOMELC,2048,12.7295
RE1,DEMCOMELC,2049,12.8699
RE1,DEMCOMELC,2050,9.8658
RE1,DEMCOMELC,2051,9.9759
RE1,DEMCOMELC,2052,13.3022
RE1,DEMCOMELC,2053,13.4505
RE1,DEMCOMELC,2054,13.6006
RE1,DEMCOMELC,2055,13.7523
RE1,DEMCOMELC,2056,13.9057
RE1,DEMCOMELC,2057,14.0608
RE1,DEMCOMELC,2058,14.2177
RE1,DEMCOMELC,2059,14.3763
RE1,DEMCOMELC,2060,11.0233
RE1,DEMCOMELC,2061,11.1462
RE1,DEMCOMELC,2062,11.2706
RE1,DEMCOMELC,2063,11.3963
RE1,DEMCOMELC,2064,15.1962
RE1,DEMCOMELC,2065,15.3657
RE1,DEMCOMELC,2066,15.5371
RE1,DEMCOMELC,2067,15.7104
RE1,DEMCOMELC,2068,15.8856
RE1,DEMCOMELC,2069,12.1806
RE1,DEMCOMELC,2070,43.6058
RE1,COMENEFFDP,2024,177.4457
RE1,COMENEFFDP,2025,182.2389
RE1,COMENEFFDP,2026,187.4183
RE1,COMENEFFDP,2027,192.5978
RE1,COMENEFFDP,2028,197.7772
RE1,COMENEFFDP,2029,202.9567
RE1,COMENEFFDP,2030,206.3607
RE1,COMENEFFDP,2031,214.0562
RE1,COMENEFFDP,2032,219.9763
RE1,COMENEFFDP,2033,225.8964
RE1,COMENEFFDP,2034,231.8164
RE1,COMENEFFDP,2035,237.7365
RE1,COMENEFFDP,2036,242.5026
RE1,COMENEFFDP,2037,247.2686
RE1,COMENEFFDP,2038,252.0347
RE1,COMENEFFDP,2039,256.8008
RE1,COMENEFFDP,2040,263.6677
RE1,COMENEFFDP,2041,266.2339
RE1,COMENEFFDP,2042,270.901
RE1,COMENEFFDP,2043,275.5681
RE1,COMENEFFDP,2044,282.4861
RE1,COMENEFFDP,2045,284.9024
RE1,COMENEFFDP,2046,288.1521
RE1,COMENEFFDP,2047,291.4018
RE1,COMENEFFDP,2048,294.6516
RE1,COMENEFFDP,2049,297.9013
RE1,COMENEFFDP,2050,303.5698
RE1,COMENEFFDP,2051,306.9561
RE1,COMENEFFDP,2052,307.9071
RE1,COMENEFFDP,2053,311.3417
RE1,COMENEFFDP,2054,314.8147
RE1,COMENEFFDP,2055,318.3264
RE1,COMENEFFDP,2056,321.8773
RE1,COMENEFFDP,2057,325.4678
RE1,COMENEFFDP,2058,329.0983
RE1,COMENEFFDP,2059,332.7694
RE1,COMENEFFDP,2060,339.1839
RE1,COMENEFFDP,2061,342.9675
RE1,COMENEFFDP,2062,346.7932
RE1,COMENEFFDP,2063,350.6616
RE1,COMENEFFDP,2064,351.748
RE1,COMENEFFDP,2065,355.6717
RE1,COMENEFFDP,2066,359.6392
RE1,COMENEFFDP,2067,363.6509
RE1,COMENEFFDP,2068,367.7074
RE1,COMENEFFDP,2069,374.7954
RE1,COMENEFFDP,2070,354.9075
RE1,DEMCOMHEBIO,2015,37.209
RE1,DEMCOMHEBIO,2016,39.1015
RE1,DEMCOMHEBIO,2017,40.0453
RE1,DEMCOMHEBIO,2018,40.9891
RE1,DEMCOMHEBIO,2019,41.933
RE1,DEMCOMHEBIO,2020,42.8768
RE1,DEMCOMHEBIO,2021,43.6453
RE1,DEMCOMHEBIO,2022,44.4138
RE1,DEMCOMHEBIO,2023,45.1824
RE1,DEMCOMHEBIO,2024,45.9509
RE1,DEMCOMHEBIO,2025,46.7194
RE1,DEMCOMHEBIO,2026,47.5908
RE1,DEMCOMHEBIO,2027,48.4622
RE1,DEMCOMHEBIO,2028,49.3335
RE1,DEMCOMHEBIO,2029,50.2049
RE1,DEMCOMHEBIO,2030,51.0763
RE1,DEMCOMHEBIO,2031,51.7934
RE1,DEMCOMHEBIO,2032,52.5105
RE1,DEMCOMHEBIO,2033,53.2276
RE1,DEMCOMHEBIO,2034,53.9447
RE1,DEMCOMHEBIO,2035,54.6618
RE1,DEMCOMHEBIO,2036,55.3222
RE1,DEMCOMHEBIO,2037,55.9825
RE1,DEMCOMHEBIO,2038,56.6429
RE1,DEMCOMHEBIO,2039,57.3033
RE1,DEMCOMHEBIO,2040,57.9637
RE1,DEMCOMHEBIO,2041,58.5837
RE1,DEMCOMHEBIO,2042,59.2037
RE1,DEMCOMHEBIO,2043,59.8237
RE1,DEMCOMHEBIO,2044,60.4437
RE1,DEMCOMHEBIO,2045,61.0637
RE1,DEMCOMHEBIO,2046,61.552
RE1,DEMCOMHEBIO,2047,62.0404
RE1,DEMCOMHEBIO,2048,62.5287
RE1,DEMCOMHEBIO,2049,63.017
RE1,DEMCOMHEBIO,2050,63.5053
RE1,DEMCOMHEBIO,2051,64.0052
RE1,DEMCOMHEBIO,2052,64.5091
RE1,DEMCOMHEBIO,2053,65.0169
RE1,DEMCOMHEBIO,2054,65.5287
RE1,DEMCOMHEBIO,2055,66.0445
RE1,DEMCOMHEBIO,2056,66.5644
RE1,DEMCOMHEBIO,2057,67.0884
RE1,DEMCOMHEBIO,2058,67.6165
RE1,DEMCOMHEBIO,2059,68.1488
RE1,DEMCOMHEBIO,2060,68.6853
RE1,DEMCOMHEBIO,2061,69.226
RE1,DEMCOMHEBIO,2062,69.7709
RE1,DEMCOMHEBIO,2063,70.3201
RE1,DEMCOMHEBIO,2064,70.8737
RE1,DEMCOMHEBIO,2065,71.4316
RE1,DEMCOMHEBIO,2066,71.9939
RE1,DEMCOMHEBIO,2067,72.5606
RE1,DEMCOMHEBIO,2068,73.1318
RE1,DEMCOMHEBIO,2069,73.7075
RE1,DEMCOMHEBIO,2070,74.2877
RE1,DEMINDHECOA,2015,639.928
RE1,DEMINDHECOA,2016,573.8878
RE1,DEMINDHECOA,2017,583.8262
RE1,DEMINDHECOA,2018,600.3722
RE1,DEMINDHECOA,2019,613.848
RE1,DEMINDHECOA,2020,627.3034
RE1,DEMINDHECOA,2021,636.6397
RE1,DEMINDHECOA,2022,645.9621
RE1,DEMINDHECOA,2023,655.2714
RE1,DEMINDHECOA,2024,664.5683
RE1,DEMINDHECOA,2025,673.8536
RE1,DEMINDHECOA,2026,684.1048
RE1,DEMINDHECOA,2027,694.343
RE1,DEMINDHECOA,2028,704.5689
RE1,DEMINDHECOA,2029,714.7833
RE1,DEMINDHECOA,2030,724.9866
RE1,DEMINDHECOA,2031,734.1859
RE1,DEMINDHECOA,2032,743.3675
RE1,DEMINDHECOA,2033,752.5323
RE1,DEMINDHECOA,2034,761.6812
RE1,DEMINDHECOA,2035,770.815
RE1,DEMINDHECOA,2036,778.834
RE1,DEMINDHECOA,2037,786.8445
RE1,DEMINDHECOA,2038,794.8467
RE1,DEMINDHECOA,2039,802.841
RE1,DEMINDHECOA,2040,810.8277
RE1,DEMINDHECOA,2041,819.1493
RE1,DEMINDHECOA,2042,827.4653
RE1,DEMINDHECOA,2043,835.7759
RE1,DEMINDHECOA,2044,844.0812
RE1,DEMINDHECOA,2045,852.3815
RE1,DEMINDHECOA,2046,858.7627
RE1,DEMINDHECOA,2047,865.1418
RE1,DEMINDHECOA,2048,871.5186
RE1,DEMINDHECOA,2049,877.8932
RE1,DEMINDHECOA,2050,884.2658
RE1,DEMINDHECOA,2051,890.7889
RE1,DEMINDHECOA,2052,897.3615
RE1,DEMINDHECOA,2053,903.9841
RE1,DEMINDHECOA,2054,910.6572
RE1,DEMINDHECOA,2055,917.3809
RE1,DEMINDHECOA,2056,924.1559
RE1,DEMINDHECOA,2057,930.9824
RE1,DEMINDHECOA,2058,937.8608
RE1,DEMINDHECOA,2059,944.7916
RE1,DEMINDHECOA,2060,951.7751
RE1,DEMINDHECOA,2061,958.8119
RE1,DEMINDHECOA,2062,965.9022
RE1,DEMINDHECOA,2063,973.0464
RE1,DEMINDHECOA,2064,980.2452
RE1,DEMINDHECOA,2065,987.4987
RE1,DEMINDHECOA,2066,994.8075
RE1,DEMINDHECOA,2067,1002.1719
RE1,DEMINDHECOA,2068,1009.5925
RE1,DEMINDHECOA,2069,1017.0697
RE1,DEMINDHECOA,2070,1024.6038
