r,t,f,y,UseByTechnologyAnnual
RE1,COMENEFFDP,ELC003,2024,177.4457
RE1,COMENEFFDP,ELC003,2025,182.2389
RE1,COMENEFFDP,ELC003,2026,187.4184
RE1,COMENEFFDP,ELC003,2027,192.5978
RE1,COMENEFFDP,ELC003,2028,197.7773
RE1,COMENEFFDP,ELC003,2029,202.9567
RE1,COMENEFFDP,ELC003,2030,206.3607
RE1,COMENEFFDP,ELC003,2031,214.0562
RE1,COMENEFFDP,ELC003,2032,219.9763
RE1,COMENEFFDP,ELC003,2033,225.8964
RE1,COMENEFFDP,ELC003,2034,231.8164
RE1,COMENEFFDP,ELC003,2035,237.7365
RE1,COMENEFFDP,ELC003,2036,242.5026
RE1,COMENEFFDP,ELC003,2037,247.2687
RE1,COMENEFFDP,ELC003,2038,252.0347
RE1,COMENEFFDP,ELC003,2039,256.8008
RE1,COMENEFFDP,ELC003,2040,263.6677
RE1,COMENEFFDP,ELC003,2041,266.2339
RE1,COMENEFFDP,ELC003,2042,270.901
RE1,COMENEFFDP,ELC003,2043,275.5682
RE1,COMENEFFDP,ELC003,2044,282.486
RE1,COMENEFFDP,ELC003,2045,284.9023
RE1,COMENEFFDP,ELC003,2046,288.1521
RE1,COMENEFFDP,ELC003,2047,291.4019
RE1,COMENEFFDP,ELC003,2048,294.6515
RE1,COMENEFFDP,ELC003,2049,297.9013
RE1,COMENEFFDP,ELC003,2050,303.5698
RE1,COMENEFFDP,ELC003,2051,306.9561
RE1,COMENEFFDP,ELC003,2052,307.9071
RE1,COMENEFFDP,ELC003,2053,311.3417
RE1,COMENEFFDP,ELC003,2054,314.8147
RE1,COMENEFFDP,ELC003,2055,318.3264
RE1,COMENEFFDP,ELC003,2056,321.8773
RE1,COMENEFFDP,ELC003,2057,325.4678
RE1,COMENEFFDP,ELC003,2058,329.0983
RE1,COMENEFFDP,ELC003,2059,332.7693
RE1,COMENEFFDP,ELC003,2060,339.1839
RE1,COMENEFFDP,ELC003,2061,342.9674
RE1,COMENEFFDP,ELC003,2062,346.7932
RE1,COMENEFFDP,ELC003,2063,350.6617
RE1,COMENEFFDP,ELC003,2064,351.748
RE1,COMENEFFDP,ELC003,2065,355.6717
RE1,COMENEFFDP,ELC003,2066,359.6392
RE1,COMENEFFDP,ELC003,2067,363.6509
RE1,COMENEFFDP,ELC003,2068,367.7073
RE1,COMENEFFDP,ELC003,2069,374.7954
RE1,COMENEFFDP,ELC003,2070,354.9075
RE1,DEMCOMELC,ELC003,2015,169.2528
RE1,DEMCOMELC,ELC003,2016,179.0399
RE1,DEMCOMELC,ELC003,2017,187.428
RE1,DEMCOMELC,ELC003,2018,195.8162
RE1,DEMCOMELC,ELC003,2019,204.2043
RE1,DEMCOMELC,ELC003,2020,212.5924
RE1,DEMCOMELC,ELC003,2021,219.0306
RE1,DEMCOMELC,ELC003,2022,225.4689
RE1,DEMCOMELC,ELC003,2023,231.9071
RE1,DEMCOMELC,ELC003,2024,7.666
RE1,DEMCOMELC,ELC003,2025,7.8731
RE1,DEMCOMELC,ELC003,2026,8.0968
RE1,DEMCOMELC,ELC003,2027,8.3206
RE1,DEMCOMELC,ELC003,2028,8.5443
RE1,DEMCOMELC,ELC003,2029,8.7681
RE1,DEMCOMELC,ELC003,2030,11.3
RE1,DEMCOMELC,ELC003,2031,9.2476
RE1,DEMCOMELC,ELC003,2032,9.5034
RE1,DEMCOMELC,ELC003,2033,9.7591
RE1,DEMCOMELC,ELC003,2034,10.0149
RE1,DEMCOMELC,ELC003,2035,10.2707
RE1,DEMCOMELC,ELC003,2036,10.4766
RE1,DEMCOMELC,ELC003,2037,10.6825
RE1,DEMCOMELC,ELC003,2038,10.8884
RE1,DEMCOMELC,ELC003,2039,11.0943
RE1,DEMCOMELC,ELC003,2040,8.569
RE1,DEMCOMELC,ELC003,2041,11.5018
RE1,DEMCOMELC,ELC003,2042,11.7034
RE1,DEMCOMELC,ELC003,2043,11.9051
RE1,DEMCOMELC,ELC003,2044,9.1806
RE1,DEMCOMELC,ELC003,2045,12.3083
RE1,DEMCOMELC,ELC003,2046,12.4487
RE1,DEMCOMELC,ELC003,2047,12.5891
RE1,DEMCOMELC,ELC003,2048,12.7295
RE1,DEMCOMELC,ELC003,2049,12.8699
RE1,DEMCOMELC,ELC003,2050,9.8658
RE1,DEMCOMELC,ELC003,2051,9.9759
RE1,DEMCOMELC,ELC003,2052,13.3022
RE1,DEMCOMELC,ELC003,2053,13.4506
RE1,DEMCOMELC,ELC003,2054,13.6006
RE1,DEMCOMELC,ELC003,2055,13.7523
RE1,DEMCOMELC,ELC003,2056,13.9057
RE1,DEMCOMELC,ELC003,2057,14.0608
RE1,DEMCOMELC,ELC003,2058,14.2177
RE1,DEMCOMELC,ELC003,2059,14.3763
RE1,DEMCOMELC,ELC003,2060,11.0233
RE1,DEMCOMELC,ELC003,2061,11.1462
RE1,DEMCOMELC,ELC003,2062,11.2706
RE1,DEMCOMELC,ELC003,2063,11.3963
RE1,DEMCOMELC,ELC003,2064,15.1962
RE1,DEMCOMELC,ELC003,2065,15.3657
RE1,DEMCOMELC,ELC003,2066,15.5371
RE1,DEMCOMELC,ELC003,2067,15.7104
RE1,DEMCOMELC,ELC003,2068,15.8856
RE1,DEMCOMELC,ELC003,2069,12.1806
RE1,DEMCOMELC,ELC003,2070,43.6058
RE1,DEMCOMHEBIO,BIO,2015,45.3768
RE1,DEMCOMHEBIO,BIO,2016,47.6848
RE1,DEMCOMHEBIO,BIO,2017,48.8357
RE1,DEMCOMHEBIO,BIO,2018,49.9867
RE1,DEMCOMHEBIO,BIO,2019,51.1378
RE1,DEMCOMHEBIO,BIO,2020,52.2888
RE1,DEMCOMHEBIO,BIO,2021,53.226
RE1,DEMCOMHEBIO,BIO,2022,54.1632
RE1,DEMCOMHEBIO,BIO,2023,55.1005
RE1,DEMCOMHEBIO,BIO,2024,56.0377
RE1,DEMCOMHEBIO,BIO,2025,56.9749
RE1,DEMCOMHEBIO,BIO,2026,58.0376
RE1,DEMCOMHEBIO,BIO,2027,59.1002
RE1,DEMCOMHEBIO,BIO,2028,60.1628
RE1,DEMCOMHEBIO,BIO,2029,61.2255
RE1,DEMCOMHEBIO,BIO,2030,62.2882
RE1,DEMCOMHEBIO,BIO,2031,63.1627
RE1,DEMCOMHEBIO,BIO,2032,64.0372
RE1,DEMCOMHEBIO,BIO,2033,64.9117
RE1,DEMCOMHEBIO,BIO,2034,65.7862
RE1,DEMCOMHEBIO,BIO,2035,66.6607
RE1,DEMCOMHEBIO,BIO,2036,67.4661
RE1,DEMCOMHEBIO,BIO,2037,68.2713
RE1,DEMCOMHEBIO,BIO,2038,69.0767
RE1,DEMCOMHEBIO,BIO,2039,69.8821
RE1,DEMCOMHEBIO,BIO,2040,70.6874
RE1,DEMCOMHEBIO,BIO,2041,71.4435
RE1,DEMCOMHEBIO,BIO,2042,72.1996
RE1,DEMCOMHEBIO,BIO,2043,72.9557
RE1,DEMCOMHEBIO,BIO,2044,73.7118
RE1,DEMCOMHEBIO,BIO,2045,74.4679
RE1,DEMCOMHEBIO,BIO,2046,75.0634
RE1,DEMCOMHEBIO,BIO,2047,75.659
RE1,DEMCOMHEBIO,BIO,2048,76.2545
RE1,DEMCOMHEBIO,BIO,2049,76.85
RE1,DEMCOMHEBIO,BIO,2050,77.4455
RE1,DEMCOMHEBIO,BIO,2051,78.0551
RE1,DEMCOMHEBIO,BIO,2052,78.6696
RE1,DEMCOMHEBIO,BIO,2053,79.2889
RE1,DEMCOMHEBIO,BIO,2054,79.9131
RE1,DEMCOMHEBIO,BIO,2055,80.5421
RE1,DEMCOMHEBIO,BIO,2056,81.1761
RE1,DEMCOMHEBIO,BIO,2057,81.8151
RE1,DEMCOMHEBIO,BIO,2058,82.4591
RE1,DEMCOMHEBIO,BIO,2059,83.1083
RE1,DEMCOMHEBIO,BIO,2060,83.7626
RE1,DEMCOMHEBIO,BIO,2061,84.422
RE1,DEMCOMHEBIO,BIO,2062,85.0865
RE1,DEMCOMHEBIO,BIO,2063,85.7562
RE1,DEMCOMHEBIO,BIO,2064,86.4313
RE1,DEMCOMHEBIO,BIO,2065,87.1117
RE1,DEMCOMHEBIO,BIO,2066,87.7974
RE1,DEMCOMHEBIO,BIO,2067,88.4885
RE1,DEMCOMHEBIO,BIO,2068,89.1851
RE1,DEMCOMHEBIO,BIO,2069,89.8872
RE1,DEMCOMHEBIO,BIO,2070,90.5948
RE1,DEMINDELC,ELC003,2015,328.0418
RE1,DEMINDELC,ELC003,2016,347.0108
RE1,DEMINDELC,ELC003,2017,363.2685
RE1,DEMINDELC,ELC003,2018,379.5262
RE1,DEMINDELC,ELC003,2019,395.7839
RE1,DEMINDELC,ELC003,2020,412.0416
RE1,DEMINDELC,ELC003,2021,424.52
RE1,DEMINDELC,ELC003,2022,436.9984
RE1,DEMINDELC,ELC003,2023,449.4769
RE1,DEMINDELC,ELC003,2024,14.858
RE1,DEMINDELC,ELC003,2025,15.2594
RE1,DEMINDELC,ELC003,2026,15.6931
RE1,DEMINDELC,ELC003,2027,16.1268
RE1,DEMINDELC,ELC003,2028,16.5605
RE1,DEMINDELC,ELC003,2029,16.9941
RE1,DEMINDELC,ELC003,2030,21.9014
RE1,DEMINDELC,ELC003,2031,17.9235
RE1,DEMINDELC,ELC003,2032,18.4192
RE1,DEMINDELC,ELC003,2033,18.915
RE1,DEMINDELC,ELC003,2034,19.4107
RE1,DEMINDELC,ELC003,2035,19.9063
RE1,DEMINDELC,ELC003,2036,20.3054
RE1,DEMINDELC,ELC003,2037,20.7045
RE1,DEMINDELC,ELC003,2038,21.1036
RE1,DEMINDELC,ELC003,2039,21.5026
RE1,DEMINDELC,ELC003,2040,16.6083
RE1,DEMINDELC,ELC003,2041,22.2925
RE1,DEMINDELC,ELC003,2042,22.6833
RE1,DEMINDELC,ELC003,2043,23.0741
RE1,DEMINDELC,ELC003,2044,17.7937
RE1,DEMINDELC,ELC003,2045,23.8557
RE1,DEMINDELC,ELC003,2046,24.1278
RE1,DEMINDELC,ELC003,2047,24.3999
RE1,DEMINDELC,ELC003,2048,24.672
RE1,DEMINDELC,ELC003,2049,24.9441
RE1,DEMINDELC,ELC003,2050,19.1217
RE1,DEMINDELC,ELC003,2051,19.335
RE1,DEMINDELC,ELC003,2052,25.7819
RE1,DEMINDELC,ELC003,2053,26.0695
RE1,DEMINDELC,ELC003,2054,26.3603
RE1,DEMINDELC,ELC003,2055,26.6544
RE1,DEMINDELC,ELC003,2056,26.9517
RE1,DEMINDELC,ELC003,2057,27.2523
RE1,DEMINDELC,ELC003,2058,27.5563
RE1,DEMINDELC,ELC003,2059,27.8637
RE1,DEMINDELC,ELC003,2060,21.3651
RE1,DEMINDELC,ELC003,2061,21.6034
RE1,DEMINDELC,ELC003,2062,21.8444
RE1,DEMINDELC,ELC003,2063,22.088
RE1,DEMINDELC,ELC003,2064,29.4529
RE1,DEMINDELC,ELC003,2065,29.7814
RE1,DEMINDELC,ELC003,2066,30.1136
RE1,DEMINDELC,ELC003,2067,30.4495
RE1,DEMINDELC,ELC003,2068,30.7892
RE1,DEMINDELC,ELC003,2069,23.6082
RE1,DEMINDELC,ELC003,2070,84.5158
RE1,DEMINDHEBIO,BIO,2015,520.2667
RE1,DEMINDHEBIO,BIO,2016,466.5755
RE1,DEMINDHEBIO,BIO,2017,474.6554
RE1,DEMINDHEBIO,BIO,2018,488.1075
RE1,DEMINDHEBIO,BIO,2019,499.0635
RE1,DEMINDHEBIO,BIO,2020,510.0028
RE1,DEMINDHEBIO,BIO,2021,517.5933
RE1,DEMINDHEBIO,BIO,2022,525.1725
RE1,DEMINDHEBIO,BIO,2023,532.741
RE1,DEMINDHEBIO,BIO,2024,540.2994
RE1,DEMINDHEBIO,BIO,2025,547.8484
RE1,DEMINDHEBIO,BIO,2026,556.1827
RE1,DEMINDHEBIO,BIO,2027,564.5065
RE1,DEMINDHEBIO,BIO,2028,572.8203
RE1,DEMINDHEBIO,BIO,2029,581.1247
RE1,DEMINDHEBIO,BIO,2030,589.42
RE1,DEMINDHEBIO,BIO,2031,596.8992
RE1,DEMINDHEBIO,BIO,2032,604.3638
RE1,DEMINDHEBIO,BIO,2033,611.8149
RE1,DEMINDHEBIO,BIO,2034,619.2529
RE1,DEMINDHEBIO,BIO,2035,626.6788
RE1,DEMINDHEBIO,BIO,2036,633.1984
RE1,DEMINDHEBIO,BIO,2037,639.711
RE1,DEMINDHEBIO,BIO,2038,646.2168
RE1,DEMINDHEBIO,BIO,2039,652.7162
RE1,DEMINDHEBIO,BIO,2040,659.2095
RE1,DEMINDHEBIO,BIO,2041,665.975
RE1,DEMINDHEBIO,BIO,2042,672.736
RE1,DEMINDHEBIO,BIO,2043,679.4926
RE1,DEMINDHEBIO,BIO,2044,686.2449
RE1,DEMINDHEBIO,BIO,2045,692.9931
RE1,DEMINDHEBIO,BIO,2046,698.1811
RE1,DEMINDHEBIO,BIO,2047,703.3673
RE1,DEMINDHEBIO,BIO,2048,708.5517
RE1,DEMINDHEBIO,BIO,2049,713.7343
RE1,DEMINDHEBIO,BIO,2050,718.9153
RE1,DEMINDHEBIO,BIO,2051,724.2186
RE1,DEMINDHEBIO,BIO,2052,729.5622
RE1,DEMINDHEBIO,BIO,2053,734.9465
RE1,DEMINDHEBIO,BIO,2054,740.3717
RE1,DEMINDHEBIO,BIO,2055,745.8382
RE1,DEMINDHEBIO,BIO,2056,751.3462
RE1,DEMINDHEBIO,BIO,2057,756.8962
RE1,DEMINDHEBIO,BIO,2058,762.4884
RE1,DEMINDHEBIO,BIO,2059,768.1232
RE1,DEMINDHEBIO,BIO,2060,773.8009
RE1,DEMINDHEBIO,BIO,2061,779.5219
RE1,DEMINDHEBIO,BIO,2062,785.2864
RE1,DEMINDHEBIO,BIO,2063,791.0947
RE1,DEMINDHEBIO,BIO,2064,796.9472
RE1,DEMINDHEBIO,BIO,2065,802.8444
RE1,DEMINDHEBIO,BIO,2066,808.7866
RE1,DEMINDHEBIO,BIO,2067,814.7739
RE1,DEMINDHEBIO,BIO,2068,820.807
RE1,DEMINDHEBIO,BIO,2069,826.8859
RE1,DEMINDHEBIO,BIO,2070,833.0112
RE1,DEMINDHECOA,COA,2015,790.0347
RE1,DEMINDHECOA,COA,2016,708.5035
RE1,DEMINDHECOA,COA,2017,720.773
RE1,DEMINDHECOA,COA,2018,741.2003
RE1,DEMINDHECOA,COA,2019,757.8371
RE1,DEMINDHECOA,COA,2020,774.4487
RE1,DEMINDHECOA,COA,2021,785.975
RE1,DEMINDHECOA,COA,2022,797.4842
RE1,DEMINDHECOA,COA,2023,808.9771
RE1,DEMINDHECOA,COA,2024,820.4548
RE1,DEMINDHECOA,COA,2025,831.918
RE1,DEMINDHECOA,COA,2026,844.5738
RE1,DEMINDHECOA,COA,2027,857.2136
RE1,DEMINDHECOA,COA,2028,869.8382
RE1,DEMINDHECOA,COA,2029,882.4485
RE1,DEMINDHECOA,COA,2030,895.0453
RE1,DEMINDHECOA,COA,2031,906.4024
RE1,DEMINDHECOA,COA,2032,917.7378
RE1,DEMINDHECOA,COA,2033,929.0522
RE1,DEMINDHECOA,COA,2034,940.3471
RE1,DEMINDHECOA,COA,2035,951.6236
RE1,DEMINDHECOA,COA,2036,961.5236
RE1,DEMINDHECOA,COA,2037,971.4131
RE1,DEMINDHECOA,COA,2038,981.2923
RE1,DEMINDHECOA,COA,2039,991.1618
RE1,DEMINDHECOA,COA,2040,1001.022
RE1,DEMINDHECOA,COA,2041,1011.2955
RE1,DEMINDHECOA,COA,2042,1021.5622
RE1,DEMINDHECOA,COA,2043,1031.8221
RE1,DEMINDHECOA,COA,2044,1042.0757
RE1,DEMINDHECOA,COA,2045,1052.3228
RE1,DEMINDHECOA,COA,2046,1060.201
RE1,DEMINDHECOA,COA,2047,1068.0763
RE1,DEMINDHECOA,COA,2048,1075.949
RE1,DEMINDHECOA,COA,2049,1083.8189
RE1,DEMINDHECOA,COA,2050,1091.6863
RE1,DEMINDHECOA,COA,2051,1099.7394
RE1,DEMINDHECOA,COA,2052,1107.8538
RE1,DEMINDHECOA,COA,2053,1116.0299
RE1,DEMINDHECOA,COA,2054,1124.2682
RE1,DEMINDHECOA,COA,2055,1132.5691
RE1,DEMINDHECOA,COA,2056,1140.9332
RE1,DEMINDHECOA,COA,2057,1149.361
RE1,DEMINDHECOA,COA,2058,1157.853
RE1,DEMINDHECOA,COA,2059,1166.4095
RE1,DEMINDHECOA,COA,2060,1175.0311
RE1,DEMINDHECOA,COA,2061,1183.7184
RE1,DEMINDHECOA,COA,2062,1192.4719
RE1,DEMINDHECOA,COA,2063,1201.292
RE1,DEMINDHECOA,COA,2064,1210.1793
RE1,DEMINDHECOA,COA,2065,1219.1342
RE1,DEMINDHECOA,COA,2066,1228.1574
RE1,DEMINDHECOA,COA,2067,1237.2494
RE1,DEMINDHECOA,COA,2068,1246.4106
RE1,DEMINDHECOA,COA,2069,1255.6416
RE1,DEMINDHECOA,COA,2070,1264.9431
RE1,DEMRESCKNBIO,BIO,2015,242.4683
RE1,DEMRESCKNBIO,BIO,2016,230.4988
RE1,DEMRESCKNBIO,BIO,2017,233.8927
RE1,DEMRESCKNBIO,BIO,2018,242.2782
RE1,DEMRESCKNBIO,BIO,2019,248.3442
RE1,DEMRESCKNBIO,BIO,2020,254.3949
RE1,DEMRESCKNBIO,BIO,2021,258.8946
RE1,DEMRESCKNBIO,BIO,2022,263.3837
RE1,DEMRESCKNBIO,BIO,2023,267.8629
RE1,DEMRESCKNBIO,BIO,2024,272.3327
RE1,DEMRESCKNBIO,BIO,2025,276.7936
RE1,DEMRESCKNBIO,BIO,2026,281.6827
RE1,DEMRESCKNBIO,BIO,2027,286.5615
RE1,DEMRESCKNBIO,BIO,2028,291.4313
RE1,DEMRESCKNBIO,BIO,2029,296.2924
RE1,DEMRESCKNBIO,BIO,2030,301.1452
RE1,DEMRESCKNBIO,BIO,2031,305.5894
RE1,DEMRESCKNBIO,BIO,2032,310.0203
RE1,DEMRESCKNBIO,BIO,2033,314.4383
RE1,DEMRESCKNBIO,BIO,2034,318.8445
RE1,DEMRESCKNBIO,BIO,2035,323.2394
RE1,DEMRESCKNBIO,BIO,2036,327.064
RE1,DEMRESCKNBIO,BIO,2037,330.8821
RE1,DEMRESCKNBIO,BIO,2038,334.694
RE1,DEMRESCKNBIO,BIO,2039,338.5002
RE1,DEMRESCKNBIO,BIO,2040,342.3
RE1,DEMRESCKNBIO,BIO,2041,346.0942
RE1,DEMRESCKNBIO,BIO,2042,349.8844
RE1,DEMRESCKNBIO,BIO,2043,353.67
RE1,DEMRESCKNBIO,BIO,2044,357.4522
RE1,DEMRESCKNBIO,BIO,2045,361.2301
RE1,DEMRESCKNBIO,BIO,2046,364.0929
RE1,DEMRESCKNBIO,BIO,2047,366.9544
RE1,DEMRESCKNBIO,BIO,2048,369.8138
RE1,DEMRESCKNBIO,BIO,2049,372.672
RE1,DEMRESCKNBIO,BIO,2050,375.5281
RE1,DEMRESCKNBIO,BIO,2051,378.4552
RE1,DEMRESCKNBIO,BIO,2052,381.4049
RE1,DEMRESCKNBIO,BIO,2053,384.3773
RE1,DEMRESCKNBIO,BIO,2054,387.3733
RE1,DEMRESCKNBIO,BIO,2055,390.3926
RE1,DEMRESCKNBIO,BIO,2056,393.4352
RE1,DEMRESCKNBIO,BIO,2057,396.5014
RE1,DEMRESCKNBIO,BIO,2058,399.592
RE1,DEMRESCKNBIO,BIO,2059,402.7062
RE1,DEMRESCKNBIO,BIO,2060,405.8451
RE1,DEMRESCKNBIO,BIO,2061,409.0083
RE1,DEMRESCKNBIO,BIO,2062,412.1961
RE1,DEMRESCKNBIO,BIO,2063,415.4085
RE1,DEMRESCKNBIO,BIO,2064,418.6463
RE1,DEMRESCKNBIO,BIO,2065,421.9093
RE1,DEMRESCKNBIO,BIO,2066,425.1977
RE1,DEMRESCKNBIO,BIO,2067,428.5114
RE1,DEMRESCKNBIO,BIO,2068,431.8514
RE1,DEMRESCKNBIO,BIO,2069,435.2174
RE1,DEMRESCKNBIO,BIO,2070,438.6093
RE1,DEMRESCKNELC,ELC003,2015,7.3604
RE1,DEMRESCKNELC,ELC003,2016,6.9971
RE1,DEMRESCKNELC,ELC003,2017,7.1001
RE1,DEMRESCKNELC,ELC003,2018,7.3546
RE1,DEMRESCKNELC,ELC003,2019,6.9869
RE1,DEMRESCKNELC,ELC003,2020,6.6192
RE1,DEMRESCKNELC,ELC003,2021,6.2515
RE1,DEMRESCKNELC,ELC003,2022,5.8837
RE1,DEMRESCKNELC,ELC003,2023,5.516
RE1,DEMRESCKNELC,ELC003,2024,31.5413
RE1,DEMRESCKNELC,ELC003,2025,57.5666
RE1,DEMRESCKNELC,ELC003,2026,83.5918
RE1,DEMRESCKNELC,ELC003,2027,109.6171
RE1,DEMRESCKNELC,ELC003,2028,135.6423
RE1,DEMRESCKNELC,ELC003,2029,159.7602
RE1,DEMRESCKNELC,ELC003,2030,162.3768
RE1,DEMRESCKNELC,ELC003,2031,164.7731
RE1,DEMRESCKNELC,ELC003,2032,167.1622
RE1,DEMRESCKNELC,ELC003,2033,169.5445
RE1,DEMRESCKNELC,ELC003,2034,171.9203
RE1,DEMRESCKNELC,ELC003,2035,174.2899
RE1,DEMRESCKNELC,ELC003,2036,176.3521
RE1,DEMRESCKNELC,ELC003,2037,178.4109
RE1,DEMRESCKNELC,ELC003,2038,180.4663
RE1,DEMRESCKNELC,ELC003,2039,182.5184
RE1,DEMRESCKNELC,ELC003,2040,184.5675
RE1,DEMRESCKNELC,ELC003,2041,186.6133
RE1,DEMRESCKNELC,ELC003,2042,188.6568
RE1,DEMRESCKNELC,ELC003,2043,190.6981
RE1,DEMRESCKNELC,ELC003,2044,192.7373
RE1,DEMRESCKNELC,ELC003,2045,194.7744
RE1,DEMRESCKNELC,ELC003,2046,196.3181
RE1,DEMRESCKNELC,ELC003,2047,197.8609
RE1,DEMRESCKNELC,ELC003,2048,199.4028
RE1,DEMRESCKNELC,ELC003,2049,200.9438
RE1,DEMRESCKNELC,ELC003,2050,202.484
RE1,DEMRESCKNELC,ELC003,2051,204.0621
RE1,DEMRESCKNELC,ELC003,2052,205.6526
RE1,DEMRESCKNELC,ELC003,2053,207.2555
RE1,DEMRESCKNELC,ELC003,2054,208.8708
RE1,DEMRESCKNELC,ELC003,2055,210.4987
RE1,DEMRESCKNELC,ELC003,2056,212.1393
RE1,DEMRESCKNELC,ELC003,2057,213.7928
RE1,DEMRESCKNELC,ELC003,2058,215.459
RE1,DEMRESCKNELC,ELC003,2059,217.1383
RE1,DEMRESCKNELC,ELC003,2060,218.8307
RE1,DEMRESCKNELC,ELC003,2061,220.5363
RE1,DEMRESCKNELC,ELC003,2062,222.2551
RE1,DEMRESCKNELC,ELC003,2063,223.9874
RE1,DEMRESCKNELC,ELC003,2064,225.7331
RE1,DEMRESCKNELC,ELC003,2065,227.4925
RE1,DEMRESCKNELC,ELC003,2066,229.2656
RE1,DEMRESCKNELC,ELC003,2067,231.0525
RE1,DEMRESCKNELC,ELC003,2068,232.8533
RE1,DEMRESCKNELC,ELC003,2069,234.6682
RE1,DEMRESCKNELC,ELC003,2070,236.4972
RE1,DEMRESCKNOIL,LFO,2015,235.0056
RE1,DEMRESCKNOIL,LFO,2016,223.4046
RE1,DEMRESCKNOIL,LFO,2017,226.6938
RE1,DEMRESCKNOIL,LFO,2018,234.8212
RE1,DEMRESCKNOIL,LFO,2019,241.7519
RE1,DEMRESCKNOIL,LFO,2020,248.6667
RE1,DEMRESCKNOIL,LFO,2021,253.9884
RE1,DEMRESCKNOIL,LFO,2022,259.2993
RE1,DEMRESCKNOIL,LFO,2023,264.6001
RE1,DEMRESCKNOIL,LFO,2024,219.6189
RE1,DEMRESCKNOIL,LFO,2025,174.6286
RE1,DEMRESCKNOIL,LFO,2026,130.0778
RE1,DEMRESCKNOIL,LFO,2027,85.5168
RE1,DEMRESCKNOIL,LFO,2028,40.9464
RE1,DEMRESELC,ELC003,2015,163.7593
RE1,DEMRESELC,ELC003,2016,173.2287
RE1,DEMRESELC,ELC003,2017,181.3445
RE1,DEMRESELC,ELC003,2018,189.4604
RE1,DEMRESELC,ELC003,2019,197.5763
RE1,DEMRESELC,ELC003,2020,205.6922
RE1,DEMRESELC,ELC003,2021,211.9215
RE1,DEMRESELC,ELC003,2022,218.1507
RE1,DEMRESELC,ELC003,2023,224.38
RE1,DEMRESELC,ELC003,2024,7.4172
RE1,DEMRESELC,ELC003,2025,7.6175
RE1,DEMRESELC,ELC003,2026,7.834
RE1,DEMRESELC,ELC003,2027,8.0505
RE1,DEMRESELC,ELC003,2028,8.267
RE1,DEMRESELC,ELC003,2029,8.4835
RE1,DEMRESELC,ELC003,2030,10.9332
RE1,DEMRESELC,ELC003,2031,8.9475
RE1,DEMRESELC,ELC003,2032,9.1949
RE1,DEMRESELC,ELC003,2033,9.4424
RE1,DEMRESELC,ELC003,2034,9.6899
RE1,DEMRESELC,ELC003,2035,9.9373
RE1,DEMRESELC,ELC003,2036,10.1365
RE1,DEMRESELC,ELC003,2037,10.3358
RE1,DEMRESELC,ELC003,2038,10.535
RE1,DEMRESELC,ELC003,2039,10.7342
RE1,DEMRESELC,ELC003,2040,8.2909
RE1,DEMRESELC,ELC003,2041,11.1285
RE1,DEMRESELC,ELC003,2042,11.3236
RE1,DEMRESELC,ELC003,2043,11.5186
RE1,DEMRESELC,ELC003,2044,8.8826
RE1,DEMRESELC,ELC003,2045,11.9088
RE1,DEMRESELC,ELC003,2046,12.0447
RE1,DEMRESELC,ELC003,2047,12.1805
RE1,DEMRESELC,ELC003,2048,12.3163
RE1,DEMRESELC,ELC003,2049,12.4522
RE1,DEMRESELC,ELC003,2050,9.5456
RE1,DEMRESELC,ELC003,2051,9.6521
RE1,DEMRESELC,ELC003,2052,12.8704
RE1,DEMRESELC,ELC003,2053,13.014
RE1,DEMRESELC,ELC003,2054,13.1592
RE1,DEMRESELC,ELC003,2055,13.3059
RE1,DEMRESELC,ELC003,2056,13.4544
RE1,DEMRESELC,ELC003,2057,13.6044
RE1,DEMRESELC,ELC003,2058,13.7562
RE1,DEMRESELC,ELC003,2059,13.9096
RE1,DEMRESELC,ELC003,2060,10.6655
RE1,DEMRESELC,ELC003,2061,10.7845
RE1,DEMRESELC,ELC003,2062,10.9048
RE1,DEMRESELC,ELC003,2063,11.0264
RE1,DEMRESELC,ELC003,2064,14.7029
RE1,DEMRESELC,ELC003,2065,14.867
RE1,DEMRESELC,ELC003,2066,15.0328
RE1,DEMRESELC,ELC003,2067,15.2005
RE1,DEMRESELC,ELC003,2068,15.37
RE1,DEMRESELC,ELC003,2069,11.7853
RE1,DEMRESELC,ELC003,2070,42.1905
RE1,DEMRESHEBIO,BIO,2015,103.1321
RE1,DEMRESHEBIO,BIO,2016,98.041
RE1,DEMRESHEBIO,BIO,2017,99.4845
RE1,DEMRESHEBIO,BIO,2018,103.0512
RE1,DEMRESHEBIO,BIO,2019,105.6313
RE1,DEMRESHEBIO,BIO,2020,108.205
RE1,DEMRESHEBIO,BIO,2021,110.1189
RE1,DEMRESHEBIO,BIO,2022,112.0283
RE1,DEMRESHEBIO,BIO,2023,113.9334
RE1,DEMRESHEBIO,BIO,2024,115.8346
RE1,DEMRESHEBIO,BIO,2025,117.7321
RE1,DEMRESHEBIO,BIO,2026,119.8116
RE1,DEMRESHEBIO,BIO,2027,121.8868
RE1,DEMRESHEBIO,BIO,2028,123.9582
RE1,DEMRESHEBIO,BIO,2029,126.0257
RE1,DEMRESHEBIO,BIO,2030,128.0899
RE1,DEMRESHEBIO,BIO,2031,129.9801
RE1,DEMRESHEBIO,BIO,2032,131.8648
RE1,DEMRESHEBIO,BIO,2033,133.744
RE1,DEMRESHEBIO,BIO,2034,135.6182
RE1,DEMRESHEBIO,BIO,2035,137.4874
RE1,DEMRESHEBIO,BIO,2036,139.1142
RE1,DEMRESHEBIO,BIO,2037,140.7382
RE1,DEMRESHEBIO,BIO,2038,142.3596
RE1,DEMRESHEBIO,BIO,2039,143.9784
RE1,DEMRESHEBIO,BIO,2040,145.5949
RE1,DEMRESHEBIO,BIO,2041,147.2087
RE1,DEMRESHEBIO,BIO,2042,148.8207
RE1,DEMRESHEBIO,BIO,2043,150.431
RE1,DEMRESHEBIO,BIO,2044,152.0395
RE1,DEMRESHEBIO,BIO,2045,153.6465
RE1,DEMRESHEBIO,BIO,2046,154.8643
RE1,DEMRESHEBIO,BIO,2047,156.0812
RE1,DEMRESHEBIO,BIO,2048,157.2976
RE1,DEMRESHEBIO,BIO,2049,158.5132
RE1,DEMRESHEBIO,BIO,2050,159.7282
RE1,DEMRESHEBIO,BIO,2051,160.9731
RE1,DEMRESHEBIO,BIO,2052,162.2277
RE1,DEMRESHEBIO,BIO,2053,163.4921
RE1,DEMRESHEBIO,BIO,2054,164.7663
RE1,DEMRESHEBIO,BIO,2055,166.0505
RE1,DEMRESHEBIO,BIO,2056,167.3446
RE1,DEMRESHEBIO,BIO,2057,168.6489
RE1,DEMRESHEBIO,BIO,2058,169.9634
RE1,DEMRESHEBIO,BIO,2059,171.2881
RE1,DEMRESHEBIO,BIO,2060,172.6232
RE1,DEMRESHEBIO,BIO,2061,173.9685
RE1,DEMRESHEBIO,BIO,2062,175.3244
RE1,DEMRESHEBIO,BIO,2063,176.691
RE1,DEMRESHEBIO,BIO,2064,178.0681
RE1,DEMRESHEBIO,BIO,2065,179.4559
RE1,DEMRESHEBIO,BIO,2066,180.8546
RE1,DEMRESHEBIO,BIO,2067,182.2642
RE1,DEMRESHEBIO,BIO,2068,183.6848
RE1,DEMRESHEBIO,BIO,2069,185.1163
RE1,DEMRESHEBIO,BIO,2070,186.5592
RE1,DEMTRABUSELC,ELCEV,2030,0.0
RE1,DEMTRABUSELC,ELCEV,2050,784.2379
RE1,DEMTRABUSELC,ELCEV,2051,790.2102
RE1,DEMTRABUSELC,ELCEV,2052,796.2287
RE1,DEMTRABUSELC,ELCEV,2053,802.2937
RE1,DEMTRABUSELC,ELCEV,2054,808.4057
RE1,DEMTRABUSELC,ELCEV,2055,814.5649
RE1,DEMTRABUSELC,ELCEV,2056,820.7718
RE1,DEMTRABUSELC,ELCEV,2057,827.0266
RE1,DEMTRABUSELC,ELCEV,2058,833.33
RE1,DEMTRABUSELC,ELCEV,2059,839.6821
RE1,DEMTRABUSELC,ELCEV,2060,846.0832
RE1,DEMTRABUSELC,ELCEV,2061,852.534
RE1,DEMTRABUSELC,ELCEV,2062,859.0347
RE1,DEMTRABUSELC,ELCEV,2063,865.5857
RE1,DEMTRABUSELC,ELCEV,2064,872.1874
RE1,DEMTRABUSELC,ELCEV,2065,878.8402
RE1,DEMTRABUSELC,ELCEV,2066,885.5446
RE1,DEMTRABUSELC,ELCEV,2067,892.3007
RE1,DEMTRABUSELC,ELCEV,2068,899.1092
RE1,DEMTRABUSELC,ELCEV,2069,905.9705
RE1,DEMTRABUSELC,ELCEV,2070,912.8849
RE1,DEMTRABUSGSL,LFO,2015,1699.2141
RE1,DEMTRABUSGSL,LFO,2016,1764.3436
RE1,DEMTRABUSGSL,LFO,2017,1804.9055
RE1,DEMTRABUSGSL,LFO,2018,1848.6493
RE1,DEMTRABUSGSL,LFO,2019,1890.9145
RE1,DEMTRABUSGSL,LFO,2020,1933.1701
RE1,DEMTRABUSGSL,LFO,2021,1966.9274
RE1,DEMTRABUSGSL,LFO,2022,2000.6778
RE1,DEMTRABUSGSL,LFO,2023,2034.422
RE1,DEMTRABUSGSL,LFO,2024,2068.1603
RE1,DEMTRABUSGSL,LFO,2025,2101.8929
RE1,DEMTRABUSGSL,LFO,2026,2139.4641
RE1,DEMTRABUSGSL,LFO,2027,2177.0291
RE1,DEMTRABUSGSL,LFO,2028,2214.5882
RE1,DEMTRABUSGSL,LFO,2029,2252.1417
RE1,DEMTRABUSGSL,LFO,2030,2289.6898
RE1,DEMTRABUSGSL,LFO,2031,2320.7602
RE1,DEMTRABUSGSL,LFO,2032,2351.8221
RE1,DEMTRABUSGSL,LFO,2033,2382.8759
RE1,DEMTRABUSGSL,LFO,2034,2413.9221
RE1,DEMTRABUSGSL,LFO,2035,2444.9609
RE1,DEMTRABUSGSL,LFO,2036,2473.2572
RE1,DEMTRABUSGSL,LFO,2037,2501.5493
RE1,DEMTRABUSGSL,LFO,2038,2529.8372
RE1,DEMTRABUSGSL,LFO,2039,2558.1215
RE1,DEMTRABUSGSL,LFO,2040,2586.4021
RE1,DEMTRABUSGSL,LFO,2041,2613.3122
RE1,DEMTRABUSGSL,LFO,2042,2640.2194
RE1,DEMTRABUSGSL,LFO,2043,2667.1243
RE1,DEMTRABUSGSL,LFO,2044,2694.0264
RE1,DEMTRABUSGSL,LFO,2045,2720.9262
RE1,DEMTRABUSGSL,LFO,2046,2741.9596
RE1,DEMTRABUSGSL,LFO,2047,2762.9919
RE1,DEMTRABUSGSL,LFO,2048,2784.0231
RE1,DEMTRABUSGSL,LFO,2049,2805.0533
RE1,DEMTRACARELC,ELCEV,2050,911.4117
RE1,DEMTRACARELC,ELCEV,2051,918.3524
RE1,DEMTRACARELC,ELCEV,2052,925.3469
RE1,DEMTRACARELC,ELCEV,2053,932.3954
RE1,DEMTRACARELC,ELCEV,2054,939.4985
RE1,DEMTRACARELC,ELCEV,2055,946.6565
RE1,DEMTRACARELC,ELCEV,2056,953.8699
RE1,DEMTRACARELC,ELCEV,2057,961.1391
RE1,DEMTRACARELC,ELCEV,2058,968.4645
RE1,DEMTRACARELC,ELCEV,2059,975.8467
RE1,DEMTRACARELC,ELCEV,2060,983.286
RE1,DEMTRACARELC,ELCEV,2061,990.7828
RE1,DEMTRACARELC,ELCEV,2062,998.3376
RE1,DEMTRACARELC,ELCEV,2063,1005.9509
RE1,DEMTRACARELC,ELCEV,2064,1013.6232
RE1,DEMTRACARELC,ELCEV,2065,1021.3549
RE1,DEMTRACARELC,ELCEV,2066,1029.1463
RE1,DEMTRACARELC,ELCEV,2067,1036.9982
RE1,DEMTRACARELC,ELCEV,2068,1044.9108
RE1,DEMTRACARELC,ELCEV,2069,1052.8847
RE1,DEMTRACARELC,ELCEV,2070,1060.9203
RE1,DEMTRACARGSL,LFO,2015,2468.4525
RE1,DEMTRACARGSL,LFO,2016,2563.0667
RE1,DEMTRACARGSL,LFO,2017,2621.9909
RE1,DEMTRACARGSL,LFO,2018,2685.5378
RE1,DEMTRACARGSL,LFO,2019,2746.9366
RE1,DEMTRACARGSL,LFO,2020,2808.3213
RE1,DEMTRACARGSL,LFO,2021,2857.3605
RE1,DEMTRACARGSL,LFO,2022,2906.3901
RE1,DEMTRACARGSL,LFO,2023,2955.4102
RE1,DEMTRACARGSL,LFO,2024,3004.422
RE1,DEMTRACARGSL,LFO,2025,3053.4254
RE1,DEMTRACARGSL,LFO,2026,3108.0052
RE1,DEMTRACARGSL,LFO,2027,3162.5759
RE1,DEMTRACARGSL,LFO,2028,3217.1381
RE1,DEMTRACARGSL,LFO,2029,3271.6921
RE1,DEMTRACARGSL,LFO,2030,3326.2386
RE1,DEMTRACARGSL,LFO,2031,3371.3746
RE1,DEMTRACARGSL,LFO,2032,3416.4985
RE1,DEMTRACARGSL,LFO,2033,3461.6102
RE1,DEMTRACARGSL,LFO,2034,3506.711
RE1,DEMTRACARGSL,LFO,2035,3551.8015
RE1,DEMTRACARGSL,LFO,2036,3592.9073
RE1,DEMTRACARGSL,LFO,2037,3634.0073
RE1,DEMTRACARGSL,LFO,2038,3675.1015
RE1,DEMTRACARGSL,LFO,2039,3716.19
RE1,DEMTRACARGSL,LFO,2040,3757.2734
RE1,DEMTRACARGSL,LFO,2041,3796.3658
RE1,DEMTRACARGSL,LFO,2042,3835.454
RE1,DEMTRACARGSL,LFO,2043,3874.5387
RE1,DEMTRACARGSL,LFO,2044,3913.6195
RE1,DEMTRACARGSL,LFO,2045,3952.6968
RE1,DEMTRACARGSL,LFO,2046,3983.2523
RE1,DEMTRACARGSL,LFO,2047,4013.806
RE1,DEMTRACARGSL,LFO,2048,4044.3582
RE1,DEMTRACARGSL,LFO,2049,4074.9086
RE1,DEMTRAEVC,ELC003,2024,344.3487
RE1,DEMTRAEVC,ELC003,2025,349.9651
RE1,DEMTRAEVC,ELC003,2026,356.2208
RE1,DEMTRAEVC,ELC003,2027,362.4754
RE1,DEMTRAEVC,ELC003,2028,368.7289
RE1,DEMTRAEVC,ELC003,2029,374.9815
RE1,DEMTRAEVC,ELC003,2030,381.2334
RE1,DEMTRAEVC,ELC003,2031,386.4066
RE1,DEMTRAEVC,ELC003,2032,391.5784
RE1,DEMTRAEVC,ELC003,2033,396.7489
RE1,DEMTRAEVC,ELC003,2034,401.918
RE1,DEMTRAEVC,ELC003,2035,407.086
RE1,DEMTRAEVC,ELC003,2036,411.7974
RE1,DEMTRAEVC,ELC003,2037,416.508
RE1,DEMTRAEVC,ELC003,2038,421.2179
RE1,DEMTRAEVC,ELC003,2039,425.9272
RE1,DEMTRAEVC,ELC003,2040,430.6359
RE1,DEMTRAEVC,ELC003,2041,435.1165
RE1,DEMTRAEVC,ELC003,2042,439.5965
RE1,DEMTRAEVC,ELC003,2043,444.0762
RE1,DEMTRAEVC,ELC003,2044,448.5555
RE1,DEMTRAEVC,ELC003,2045,453.0342
RE1,DEMTRAEVC,ELC003,2046,456.5362
RE1,DEMTRAEVC,ELC003,2047,460.0382
RE1,DEMTRAEVC,ELC003,2048,463.5399
RE1,DEMTRAEVC,ELC003,2049,467.0414
RE1,DEMTRAEVC,ELC003,2050,2352.7138
RE1,DEMTRAEVC,ELC003,2051,2370.6307
RE1,DEMTRAEVC,ELC003,2052,2388.6861
RE1,DEMTRAEVC,ELC003,2053,2406.8811
RE1,DEMTRAEVC,ELC003,2054,2425.217
RE1,DEMTRAEVC,ELC003,2055,2443.6947
RE1,DEMTRAEVC,ELC003,2056,2462.3153
RE1,DEMTRAEVC,ELC003,2057,2481.08
RE1,DEMTRAEVC,ELC003,2058,2499.9898
RE1,DEMTRAEVC,ELC003,2059,2519.0461
RE1,DEMTRAEVC,ELC003,2060,2538.2498
RE1,DEMTRAEVC,ELC003,2061,2557.6021
RE1,DEMTRAEVC,ELC003,2062,2577.1041
RE1,DEMTRAEVC,ELC003,2063,2596.7572
RE1,DEMTRAEVC,ELC003,2064,2616.5622
RE1,DEMTRAEVC,ELC003,2065,2636.5207
RE1,DEMTRAEVC,ELC003,2066,2656.6336
RE1,DEMTRAEVC,ELC003,2067,2676.9023
RE1,DEMTRAEVC,ELC003,2068,2697.3279
RE1,DEMTRAEVC,ELC003,2069,2717.9116
RE1,DEMTRAEVC,ELC003,2070,2738.6547
RE1,DEMTRAMCYELC,ELCEV,2024,310.224
RE1,DEMTRAMCYELC,ELCEV,2025,315.284
RE1,DEMTRAMCYELC,ELCEV,2026,320.9197
RE1,DEMTRAMCYELC,ELCEV,2027,326.5544
RE1,DEMTRAMCYELC,ELCEV,2028,332.1882
RE1,DEMTRAMCYELC,ELCEV,2029,337.8212
RE1,DEMTRAMCYELC,ELCEV,2030,343.4534
RE1,DEMTRAMCYELC,ELCEV,2031,348.114
RE1,DEMTRAMCYELC,ELCEV,2032,352.7733
RE1,DEMTRAMCYELC,ELCEV,2033,357.4313
RE1,DEMTRAMCYELC,ELCEV,2034,362.0883
RE1,DEMTRAMCYELC,ELCEV,2035,366.7441
RE1,DEMTRAMCYELC,ELCEV,2036,370.9885
RE1,DEMTRAMCYELC,ELCEV,2037,375.2324
RE1,DEMTRAMCYELC,ELCEV,2038,379.4756
RE1,DEMTRAMCYELC,ELCEV,2039,383.7182
RE1,DEMTRAMCYELC,ELCEV,2040,387.9603
RE1,DEMTRAMCYELC,ELCEV,2041,391.9968
RE1,DEMTRAMCYELC,ELCEV,2042,396.0329
RE1,DEMTRAMCYELC,ELCEV,2043,400.0687
RE1,DEMTRAMCYELC,ELCEV,2044,404.1039
RE1,DEMTRAMCYELC,ELCEV,2045,408.1389
RE1,DEMTRAMCYELC,ELCEV,2046,411.294
RE1,DEMTRAMCYELC,ELCEV,2047,414.4488
RE1,DEMTRAMCYELC,ELCEV,2048,417.6034
RE1,DEMTRAMCYELC,ELCEV,2049,420.7581
RE1,DEMTRAMCYELC,ELCEV,2050,423.9124
RE1,DEMTRAMCYELC,ELCEV,2051,427.1407
RE1,DEMTRAMCYELC,ELCEV,2052,430.3939
RE1,DEMTRAMCYELC,ELCEV,2053,433.6723
RE1,DEMTRAMCYELC,ELCEV,2054,436.976
RE1,DEMTRAMCYELC,ELCEV,2055,440.3053
RE1,DEMTRAMCYELC,ELCEV,2056,443.6604
RE1,DEMTRAMCYELC,ELCEV,2057,447.0414
RE1,DEMTRAMCYELC,ELCEV,2058,450.4486
RE1,DEMTRAMCYELC,ELCEV,2059,453.8822
RE1,DEMTRAMCYELC,ELCEV,2060,457.3423
RE1,DEMTRAMCYELC,ELCEV,2061,460.8292
RE1,DEMTRAMCYELC,ELCEV,2062,464.343
RE1,DEMTRAMCYELC,ELCEV,2063,467.8841
RE1,DEMTRAMCYELC,ELCEV,2064,471.4527
RE1,DEMTRAMCYELC,ELCEV,2065,475.0488
RE1,DEMTRAMCYELC,ELCEV,2066,478.6728
RE1,DEMTRAMCYELC,ELCEV,2067,482.3247
RE1,DEMTRAMCYELC,ELCEV,2068,486.005
RE1,DEMTRAMCYELC,ELCEV,2069,489.7138
RE1,DEMTRAMCYELC,ELCEV,2070,493.4513
RE1,DEMTRAMCYGSL,LFO,2015,1148.1175
RE1,DEMTRAMCYGSL,LFO,2016,1192.124
RE1,DEMTRAMCYGSL,LFO,2017,1219.5305
RE1,DEMTRAMCYGSL,LFO,2018,1249.087
RE1,DEMTRAMCYGSL,LFO,2019,1277.645
RE1,DEMTRAMCYGSL,LFO,2020,1306.196
RE1,DEMTRAMCYGSL,LFO,2021,1329.005
RE1,DEMTRAMCYGSL,LFO,2022,1351.809
RE1,DEMTRAMCYGSL,LFO,2023,1374.6095
RE1,INDENEFFDP,ELC003,2024,343.921
RE1,INDENEFFDP,ELC003,2025,353.211
RE1,INDENEFFDP,ELC003,2026,363.2497
RE1,INDENEFFDP,ELC003,2027,373.2884
RE1,INDENEFFDP,ELC003,2028,383.3272
RE1,INDENEFFDP,ELC003,2029,393.3659
RE1,INDENEFFDP,ELC003,2030,399.9634
RE1,INDENEFFDP,ELC003,2031,414.8787
RE1,INDENEFFDP,ELC003,2032,426.3529
RE1,INDENEFFDP,ELC003,2033,437.827
RE1,INDENEFFDP,ELC003,2034,449.3011
RE1,INDENEFFDP,ELC003,2035,460.7753
RE1,INDENEFFDP,ELC003,2036,470.0127
RE1,INDENEFFDP,ELC003,2037,479.2502
RE1,INDENEFFDP,ELC003,2038,488.4877
RE1,INDENEFFDP,ELC003,2039,497.7251
RE1,INDENEFFDP,ELC003,2040,511.0345
RE1,INDENEFFDP,ELC003,2041,516.0083
RE1,INDENEFFDP,ELC003,2042,525.054
RE1,INDENEFFDP,ELC003,2043,534.0996
RE1,INDENEFFDP,ELC003,2044,547.5078
RE1,INDENEFFDP,ELC003,2045,552.1909
RE1,INDENEFFDP,ELC003,2046,558.4895
RE1,INDENEFFDP,ELC003,2047,564.7881
RE1,INDENEFFDP,ELC003,2048,571.0866
RE1,INDENEFFDP,ELC003,2049,577.3852
RE1,INDENEFFDP,ELC003,2050,588.3718
RE1,INDENEFFDP,ELC003,2051,594.935
RE1,INDENEFFDP,ELC003,2052,596.7782
RE1,INDENEFFDP,ELC003,2053,603.4351
RE1,INDENEFFDP,ELC003,2054,610.1664
RE1,INDENEFFDP,ELC003,2055,616.9727
RE1,INDENEFFDP,ELC003,2056,623.8549
RE1,INDENEFFDP,ELC003,2057,630.8139
RE1,INDENEFFDP,ELC003,2058,637.8505
RE1,INDENEFFDP,ELC003,2059,644.9657
RE1,INDENEFFDP,ELC003,2060,657.3982
RE1,INDENEFFDP,ELC003,2061,664.7314
RE1,INDENEFFDP,ELC003,2062,672.1464
RE1,INDENEFFDP,ELC003,2063,679.6441
RE1,INDENEFFDP,ELC003,2064,681.7497
RE1,INDENEFFDP,ELC003,2065,689.3545
RE1,INDENEFFDP,ELC003,2066,697.0441
RE1,INDENEFFDP,ELC003,2067,704.8195
RE1,INDENEFFDP,ELC003,2068,712.6817
RE1,INDENEFFDP,ELC003,2069,726.4196
RE1,INDENEFFDP,ELC003,2070,687.8732
RE1,PWRBIO001,BIO,2015,171.9092
RE1,PWRBIO001,BIO,2016,196.5007
RE1,PWRBIO001,BIO,2017,221.0344
RE1,PWRBIO001,BIO,2018,233.2147
RE1,PWRBIO001,BIO,2019,233.2147
RE1,PWRBIO001,BIO,2020,245.6257
RE1,PWRBIO001,BIO,2021,257.9215
RE1,PWRBIO001,BIO,2022,257.9215
RE1,PWRBIO001,BIO,2023,257.9215
RE1,PWRBIO001,BIO,2024,257.9215
RE1,PWRBIO001,BIO,2025,257.9215
RE1,PWRBIO001,BIO,2026,257.9215
RE1,PWRBIO001,BIO,2027,257.9215
RE1,PWRBIO001,BIO,2028,257.9215
RE1,PWRBIO001,BIO,2029,257.9215
RE1,PWRBIO001,BIO,2030,257.9215
RE1,PWRBIO001,BIO,2031,86.0123
RE1,PWRBIO001,BIO,2032,86.0123
RE1,PWRBIO001,BIO,2033,86.0123
RE1,PWRBIO001,BIO,2034,86.0123
RE1,PWRBIO001,BIO,2035,158.8796
RE1,PWRBIO001,BIO,2036,222.4788
RE1,PWRBIO001,BIO,2037,365.3922
RE1,PWRBIO001,BIO,2038,490.1047
RE1,PWRBIO001,BIO,2039,549.7221
RE1,PWRBIO001,BIO,2040,605.6995
RE1,PWRBIO001,BIO,2041,692.6518
RE1,PWRBIO001,BIO,2042,791.4796
RE1,PWRBIO001,BIO,2043,849.9087
RE1,PWRBIO001,BIO,2044,948.5924
RE1,PWRBIO001,BIO,2045,1078.153
RE1,PWRBIO001,BIO,2046,1119.4782
RE1,PWRBIO001,BIO,2047,1167.0607
RE1,PWRBIO001,BIO,2048,1210.072
RE1,PWRBIO001,BIO,2049,1251.6365
RE1,PWRBIO001,BIO,2050,5892.4878
RE1,PWRBIO001,BIO,2051,6032.7652
RE1,PWRBIO001,BIO,2052,6121.0275
RE1,PWRBIO001,BIO,2053,6202.0949
RE1,PWRBIO001,BIO,2054,6283.9079
RE1,PWRBIO001,BIO,2055,6366.4736
RE1,PWRBIO001,BIO,2056,6449.7993
RE1,PWRBIO001,BIO,2057,6533.8923
RE1,PWRBIO001,BIO,2058,6618.7597
RE1,PWRBIO001,BIO,2059,6691.4245
RE1,PWRBIO001,BIO,2060,6812.844
RE1,PWRBIO001,BIO,2061,6869.2191
RE1,PWRBIO001,BIO,2062,6957.1605
RE1,PWRBIO001,BIO,2063,7045.9133
RE1,PWRBIO001,BIO,2064,7144.6488
RE1,PWRBIO001,BIO,2065,7235.1492
RE1,PWRBIO001,BIO,2066,7326.4854
RE1,PWRBIO001,BIO,2067,7418.6651
RE1,PWRBIO001,BIO,2068,7511.6968
RE1,PWRBIO001,BIO,2069,7567.9415
RE1,PWRBIO001,BIO,2070,7438.3808
RE1,PWRCOA001,COA,2015,411.8408
RE1,PWRCOA001,COA,2016,411.8408
RE1,PWRCOA001,COA,2017,411.8408
RE1,PWRCOA001,COA,2018,411.8408
RE1,PWRCOA001,COA,2019,505.0561
RE1,PWRCOA001,COA,2020,2161.2243
RE1,PWRCOA001,COA,2021,2230.1877
RE1,PWRCOA001,COA,2022,2316.8396
RE1,PWRCOA001,COA,2023,2403.4349
RE1,PWRCOA001,COA,2024,3065.0953
RE1,PWRCOA001,COA,2025,2926.9625
RE1,PWRCOA001,COA,2026,3101.3433
RE1,PWRCOA001,COA,2027,3200.0109
RE1,PWRCOA001,COA,2028,3200.0109
RE1,PWRCOA001,COA,2029,3174.3246
RE1,PWRCOA001,COA,2030,3156.5505
RE1,PWRCOA001,COA,2031,3439.0353
RE1,PWRCOA001,COA,2032,3528.2786
RE1,PWRCOA001,COA,2033,3645.0221
RE1,PWRCOA001,COA,2034,3724.8885
RE1,PWRCOA001,COA,2035,3724.8885
RE1,PWRCOA001,COA,2036,3724.8885
RE1,PWRCOA001,COA,2037,3619.5596
RE1,PWRCOA001,COA,2038,3619.5596
RE1,PWRCOA001,COA,2039,3619.5596
RE1,PWRCOA001,COA,2040,3619.5596
RE1,PWRCOA001,COA,2041,3619.5596
RE1,PWRCOA001,COA,2042,3567.8737
RE1,PWRCOA001,COA,2043,3567.8737
RE1,PWRCOA001,COA,2044,3567.8737
RE1,PWRCOA001,COA,2045,3562.1875
RE1,PWRCOA001,COA,2046,3562.6198
RE1,PWRCOA001,COA,2047,3567.8737
RE1,PWRCOA001,COA,2048,3567.8737
RE1,PWRCOA001,COA,2049,3567.8737
RE1,PWRCOA001,COA,2050,3544.9007
RE1,PWRCOA001,COA,2051,3539.3007
RE1,PWRCOA001,COA,2052,3538.9492
RE1,PWRCOA001,COA,2053,3538.5946
RE1,PWRCOA001,COA,2054,3538.2368
RE1,PWRCOA001,COA,2055,3537.8758
RE1,PWRCOA001,COA,2056,3537.5116
RE1,PWRCOA001,COA,2057,3537.1442
RE1,PWRCOA001,COA,2058,3536.7735
RE1,PWRCOA001,COA,2059,3536.0725
RE1,PWRCOA001,COA,2060,3536.8962
RE1,PWRCOA001,COA,2061,3535.6416
RE1,PWRCOA001,COA,2062,3535.2576
RE1,PWRCOA001,COA,2063,3534.8702
RE1,PWRCOA001,COA,2064,3534.4793
RE1,PWRCOA001,COA,2065,3534.0849
RE1,PWRCOA001,COA,2066,3533.687
RE1,PWRCOA001,COA,2067,3533.2856
RE1,PWRCOA001,COA,2068,3532.8806
RE1,PWRCOA001,COA,2069,3567.8737
RE1,PWRCOA001,COA,2070,2437.0362
RE1,PWRCSP002,SOL,2015,0.0274
RE1,PWRCSP002,SOL,2016,0.0274
RE1,PWRCSP002,SOL,2017,0.0274
RE1,PWRCSP002,SOL,2018,0.0274
RE1,PWRCSP002,SOL,2019,0.0274
RE1,PWRCSP002,SOL,2020,0.0274
RE1,PWRCSP002,SOL,2021,0.0274
RE1,PWRCSP002,SOL,2022,0.0274
RE1,PWRCSP002,SOL,2023,0.0274
RE1,PWRCSP002,SOL,2024,0.0274
RE1,PWRCSP002,SOL,2025,0.0274
RE1,PWRCSP002,SOL,2026,0.0274
RE1,PWRCSP002,SOL,2027,0.0274
RE1,PWRCSP002,SOL,2028,0.0274
RE1,PWRCSP002,SOL,2029,0.0274
RE1,PWRCSP002,SOL,2030,0.0274
RE1,PWRCSP002,SOL,2031,0.0274
RE1,PWRCSP002,SOL,2032,0.0274
RE1,PWRCSP002,SOL,2033,0.0274
RE1,PWRCSP002,SOL,2034,0.0274
RE1,PWRCSP002,SOL,2035,0.0274
RE1,PWRCSP002,SOL,2036,0.0274
RE1,PWRCSP002,SOL,2037,0.0274
RE1,PWRCSP002,SOL,2038,0.0274
RE1,PWRCSP002,SOL,2039,0.0274
RE1,PWRCSP002,SOL,2040,0.0274
RE1,PWRCSP002,SOL,2041,0.0274
RE1,PWRCSP002,SOL,2042,0.0274
RE1,PWRCSP002,SOL,2043,0.0274
RE1,PWRDIST,ELC002,2015,668.4143
RE1,PWRDIST,ELC002,2016,706.2764
RE1,PWRDIST,ELC002,2017,739.1412
RE1,PWRDIST,ELC002,2018,772.1574
RE1,PWRDIST,ELC002,2019,804.5514
RE1,PWRDIST,ELC002,2020,836.9454
RE1,PWRDIST,ELC002,2021,861.7236
RE1,PWRDIST,ELC002,2022,886.5018
RE1,PWRDIST,ELC002,2023,911.2799
RE1,PWRDIST,ELC002,2024,1098.8839
RE1,PWRDIST,ELC002,2025,1150.0553
RE1,PWRDIST,ELC002,2026,1203.4397
RE1,PWRDIST,ELC002,2027,1256.823
RE1,PWRDIST,ELC002,2028,1310.2053
RE1,PWRDIST,ELC002,2029,1361.6794
RE1,PWRDIST,ELC002,2030,1393.7315
RE1,PWRDIST,ELC002,2031,1423.3418
RE1,PWRDIST,ELC002,2032,1455.0237
RE1,PWRDIST,ELC002,2033,1486.6975
RE1,PWRDIST,ELC002,2034,1518.3635
RE1,PWRDIST,ELC002,2035,1550.0222
RE1,PWRDIST,ELC002,2036,1576.2148
RE1,PWRDIST,ELC002,2037,1602.4033
RE1,PWRDIST,ELC002,2038,1628.5877
RE1,PWRDIST,ELC002,2039,1654.7684
RE1,PWRDIST,ELC002,2040,1678.4836
RE1,PWRDIST,ELC002,2041,1706.4875
RE1,PWRDIST,ELC002,2042,1732.027
RE1,PWRDIST,ELC002,2043,1757.5638
RE1,PWRDIST,ELC002,2044,1780.4607
RE1,PWRDIST,ELC002,2045,1808.6299
RE1,PWRDIST,ELC002,2046,1826.9165
RE1,PWRDIST,ELC002,2047,1845.2021
RE1,PWRDIST,ELC002,2048,1863.4865
RE1,PWRDIST,ELC002,2049,1881.77
RE1,PWRDIST,ELC002,2050,3779.3893
RE1,PWRDIST,ELC002,2051,3812.5399
RE1,PWRDIST,ELC002,2052,3848.8916
RE1,PWRDIST,ELC002,2053,3882.6838
RE1,PWRDIST,ELC002,2054,3916.7854
RE1,PWRDIST,ELC002,2055,3951.1994
RE1,PWRDIST,ELC002,2056,3985.9285
RE1,PWRDIST,ELC002,2057,4020.9759
RE1,PWRDIST,ELC002,2058,4056.3446
RE1,PWRDIST,ELC002,2059,4092.0375
RE1,PWRDIST,ELC002,2060,4124.8913
RE1,PWRDIST,ELC002,2061,4161.2068
RE1,PWRDIST,ELC002,2062,4197.8557
RE1,PWRDIST,ELC002,2063,4234.841
RE1,PWRDIST,ELC002,2064,4275.4762
RE1,PWRDIST,ELC002,2065,4313.1809
RE1,PWRDIST,ELC002,2066,4351.2322
RE1,PWRDIST,ELC002,2067,4389.6333
RE1,PWRDIST,ELC002,2068,4428.3876
RE1,PWRDIST,ELC002,2069,4463.9993
RE1,PWRDIST,ELC002,2070,4531.6328
RE1,PWRGEO,GEO,2024,1.449
RE1,PWRGEO,GEO,2025,1.449
RE1,PWRGEO,GEO,2026,1.449
RE1,PWRGEO,GEO,2027,1.449
RE1,PWRGEO,GEO,2028,1.449
RE1,PWRGEO,GEO,2029,1.449
RE1,PWRGEO,GEO,2030,1.449
RE1,PWRGEO,GEO,2031,1.449
RE1,PWRGEO,GEO,2032,1.449
RE1,PWRGEO,GEO,2033,1.449
RE1,PWRGEO,GEO,2034,1.449
RE1,PWRGEO,GEO,2035,1.449
RE1,PWRGEO,GEO,2036,1.449
RE1,PWRGEO,GEO,2037,1.449
RE1,PWRGEO,GEO,2038,1.449
RE1,PWRGEO,GEO,2039,1.449
RE1,PWRGEO,GEO,2040,1.449
RE1,PWRGEO,GEO,2041,1.449
RE1,PWRGEO,GEO,2042,1.449
RE1,PWRGEO,GEO,2043,1.449
RE1,PWRGEO,GEO,2044,1.449
RE1,PWRGEO,GEO,2045,1.449
RE1,PWRGEO,GEO,2046,1.449
RE1,PWRGEO,GEO,2047,1.449
RE1,PWRGEO,GEO,2048,1.449
RE1,PWRGEO,GEO,2049,1.449
RE1,PWRGEO,GEO,2050,1.449
RE1,PWRGEO,GEO,2051,1.449
RE1,PWRGEO,GEO,2052,1.449
RE1,PWRGEO,GEO,2053,1.449
RE1,PWRGEO,GEO,2054,1.449
RE1,PWRGEO,GEO,2055,1.449
RE1,PWRGEO,GEO,2056,1.449
RE1,PWRGEO,GEO,2057,1.449
RE1,PWRGEO,GEO,2058,1.449
RE1,PWRGEO,GEO,2059,1.449
RE1,PWRGEO,GEO,2060,1.449
RE1,PWRGEO,GEO,2061,1.449
RE1,PWRGEO,GEO,2062,1.449
RE1,PWRGEO,GEO,2063,1.449
RE1,PWRGEO,GEO,2064,1.449
RE1,PWRGEO,GEO,2065,1.449
RE1,PWRGEO,GEO,2066,1.449
RE1,PWRGEO,GEO,2067,1.449
RE1,PWRGEO,GEO,2068,1.449
RE1,PWRGEO,GEO,2069,1.449
RE1,PWRGEO,GEO,2070,1.449
RE1,PWRHYD001,HYD,2015,28.3385
RE1,PWRHYD001,HYD,2016,28.3385
RE1,PWRHYD001,HYD,2017,28.3385
RE1,PWRHYD001,HYD,2018,28.3385
RE1,PWRHYD001,HYD,2019,28.3385
RE1,PWRHYD001,HYD,2020,28.3385
RE1,PWRHYD001,HYD,2021,28.3385
RE1,PWRHYD001,HYD,2022,28.3385
RE1,PWRHYD001,HYD,2023,28.3385
RE1,PWRHYD001,HYD,2024,28.3385
RE1,PWRHYD001,HYD,2025,28.3385
RE1,PWRHYD001,HYD,2026,28.3385
RE1,PWRHYD001,HYD,2027,28.3385
RE1,PWRHYD001,HYD,2028,28.3385
RE1,PWRHYD001,HYD,2029,28.3385
RE1,PWRHYD001,HYD,2030,28.3385
RE1,PWRHYD001,HYD,2031,28.3385
RE1,PWRHYD001,HYD,2032,28.3385
RE1,PWRHYD001,HYD,2033,28.3385
RE1,PWRHYD001,HYD,2034,28.3385
RE1,PWRHYD001,HYD,2035,28.3385
RE1,PWRHYD001,HYD,2036,28.3385
RE1,PWRHYD001,HYD,2037,28.3385
RE1,PWRHYD001,HYD,2038,28.3385
RE1,PWRHYD001,HYD,2039,28.3385
RE1,PWRHYD001,HYD,2040,28.3385
RE1,PWRHYD001,HYD,2041,28.3385
RE1,PWRHYD001,HYD,2042,28.3385
RE1,PWRHYD001,HYD,2043,28.3385
RE1,PWRHYD001,HYD,2044,28.3385
RE1,PWRHYD001,HYD,2045,28.3385
RE1,PWRHYD001,HYD,2046,28.3385
RE1,PWRHYD001,HYD,2047,28.3385
RE1,PWRHYD001,HYD,2048,28.3385
RE1,PWRHYD001,HYD,2049,28.3385
RE1,PWRHYD001,HYD,2050,28.3385
RE1,PWRHYD002,HYD,2015,1.1526
RE1,PWRHYD002,HYD,2016,1.1526
RE1,PWRHYD002,HYD,2017,1.1526
RE1,PWRHYD002,HYD,2018,1.1526
RE1,PWRHYD002,HYD,2019,1.1526
RE1,PWRHYD002,HYD,2020,1.1526
RE1,PWRHYD002,HYD,2021,1.1526
RE1,PWRHYD002,HYD,2022,1.1526
RE1,PWRHYD002,HYD,2023,1.1526
RE1,PWRHYD002,HYD,2024,1.1526
RE1,PWRHYD002,HYD,2025,1.1526
RE1,PWRHYD002,HYD,2026,1.1526
RE1,PWRHYD002,HYD,2027,1.1526
RE1,PWRHYD002,HYD,2028,1.1526
RE1,PWRHYD002,HYD,2029,1.1526
RE1,PWRHYD002,HYD,2030,1.1526
RE1,PWRHYD002,HYD,2031,1.1526
RE1,PWRHYD002,HYD,2032,1.1526
RE1,PWRHYD002,HYD,2033,1.1526
RE1,PWRHYD002,HYD,2034,1.1526
RE1,PWRHYD002,HYD,2035,1.1526
RE1,PWRHYD002,HYD,2036,1.1526
RE1,PWRHYD002,HYD,2037,1.1526
RE1,PWRHYD002,HYD,2038,1.1526
RE1,PWRHYD002,HYD,2039,1.1526
RE1,PWRHYD002,HYD,2040,1.1526
RE1,PWRHYD002,HYD,2041,1.1526
RE1,PWRHYD002,HYD,2042,1.1526
RE1,PWRHYD002,HYD,2043,1.1526
RE1,PWRHYD002,HYD,2044,1.1526
RE1,PWRHYD002,HYD,2045,1.1526
RE1,PWRHYD002,HYD,2046,1.1526
RE1,PWRHYD002,HYD,2047,1.1526
RE1,PWRHYD002,HYD,2048,1.1526
RE1,PWRHYD002,HYD,2049,1.1526
RE1,PWRHYD002,HYD,2050,1.1526
RE1,PWRHYD002,HYD,2070,0.0
RE1,PWRHYD004,HYD,2070,0.0
RE1,PWRNGS001,NGS,2015,794.6633
RE1,PWRNGS001,NGS,2016,796.9506
RE1,PWRNGS001,NGS,2017,806.5936
RE1,PWRNGS001,NGS,2018,839.6295
RE1,PWRNGS001,NGS,2019,846.9226
RE1,PWRNGS001,NGS,2025,17.6585
RE1,PWRNGS001,NGS,2026,22.0805
RE1,PWRNGS001,NGS,2027,66.0877
RE1,PWRNGS001,NGS,2028,162.029
RE1,PWRNGS001,NGS,2029,269.7927
RE1,PWRNGS001,NGS,2030,126.9581
RE1,PWRNGS001,NGS,2031,139.3774
RE1,PWRNGS001,NGS,2032,142.4599
RE1,PWRNGS001,NGS,2033,130.5444
RE1,PWRNGS001,NGS,2034,127.5291
RE1,PWRNGS001,NGS,2035,128.538
RE1,PWRNGS001,NGS,2036,129.2408
RE1,PWRNGS001,NGS,2037,130.091
RE1,PWRNGS001,NGS,2038,86.1789
RE1,PWRNGS001,NGS,2039,87.0286
RE1,PWRNGS001,NGS,2040,77.825
RE1,PWRNGS001,NGS,2041,71.2878
RE1,PWRNGS001,NGS,2042,72.1151
RE1,PWRNGS001,NGS,2043,72.6169
RE1,PWRNGS001,NGS,2044,40.3956
RE1,PWRSOL001,SOL,2015,8.5041
RE1,PWRSOL001,SOL,2016,14.7357
RE1,PWRSOL001,SOL,2017,16.2447
RE1,PWRSOL001,SOL,2018,17.8379
RE1,PWRSOL001,SOL,2019,17.9642
RE1,PWRSOL001,SOL,2020,17.9642
RE1,PWRSOL001,SOL,2021,18.4271
RE1,PWRSOL001,SOL,2022,18.4271
RE1,PWRSOL001,SOL,2023,18.4271
RE1,PWRSOL001,SOL,2024,18.4271
RE1,PWRSOL001,SOL,2025,104.076
RE1,PWRSOL001,SOL,2026,105.5022
RE1,PWRSOL001,SOL,2027,107.7571
RE1,PWRSOL001,SOL,2028,110.9111
RE1,PWRSOL001,SOL,2029,113.1878
RE1,PWRSOL001,SOL,2030,115.4638
RE1,PWRSOL001,SOL,2031,117.7402
RE1,PWRSOL001,SOL,2032,120.0154
RE1,PWRSOL001,SOL,2033,122.2894
RE1,PWRSOL001,SOL,2034,127.627
RE1,PWRSOL001,SOL,2035,129.9772
RE1,PWRSOL001,SOL,2036,131.9584
RE1,PWRSOL001,SOL,2037,133.9391
RE1,PWRSOL001,SOL,2038,135.9191
RE1,PWRSOL001,SOL,2039,137.8986
RE1,PWRSOL001,SOL,2040,142.2682
RE1,PWRSOL001,SOL,2041,141.8053
RE1,PWRSOL001,SOL,2042,143.7325
RE1,PWRSOL001,SOL,2043,145.6594
RE1,PWRSOL001,SOL,2044,147.586
RE1,PWRSOL001,SOL,2045,149.5121
RE1,PWRSOL001,SOL,2046,150.9179
RE1,PWRSOL001,SOL,2047,152.3236
RE1,PWRSOL001,SOL,2048,153.7291
RE1,PWRSOL001,SOL,2049,155.1344
RE1,PWRSOL001,SOL,2050,275.7221
RE1,PWRSOL001,SOL,2051,282.0875
RE1,PWRSOL001,SOL,2052,284.4927
RE1,PWRSOL001,SOL,2053,286.9194
RE1,PWRSOL001,SOL,2054,289.3675
RE1,PWRSOL001,SOL,2055,291.8374
RE1,PWRSOL001,SOL,2056,294.3291
RE1,PWRSOL001,SOL,2057,296.8431
RE1,PWRSOL001,SOL,2058,299.3793
RE1,PWRSOL001,SOL,2059,300.816
RE1,PWRSOL001,SOL,2060,298.54
RE1,PWRSOL001,SOL,2061,307.1241
RE1,PWRSOL001,SOL,2062,309.7517
RE1,PWRSOL001,SOL,2063,312.4027
RE1,PWRSOL001,SOL,2064,315.0773
RE1,PWRSOL001,SOL,2065,317.7757
RE1,PWRSOL001,SOL,2066,320.4982
RE1,PWRSOL001,SOL,2067,323.2449
RE1,PWRSOL001,SOL,2068,326.0161
RE1,PWRSOL001,SOL,2069,328.812
RE1,PWRSOL001,SOL,2070,372.5568
RE1,PWRSOL002,SOL,2032,0.0
RE1,PWRSOL002,SOL,2034,0.0
RE1,PWRSOL002,SOL,2035,0.0
RE1,PWRSOL002,SOL,2038,0.0
RE1,PWRSOL002,SOL,2041,0.0
RE1,PWRSOL002,SOL,2042,0.0
RE1,PWRSOL002,SOL,2043,0.0
RE1,PWRTRN,ELC001,2015,711.6784
RE1,PWRTRN,ELC001,2016,751.7444
RE1,PWRTRN,ELC001,2017,786.4668
RE1,PWRTRN,ELC001,2018,821.3276
RE1,PWRTRN,ELC001,2019,855.5038
RE1,PWRTRN,ELC001,2020,889.6576
RE1,PWRTRN,ELC001,2021,915.6962
RE1,PWRTRN,ELC001,2022,941.7178
RE1,PWRTRN,ELC001,2023,967.7223
RE1,PWRTRN,ELC001,2024,1166.5641
RE1,PWRTRN,ELC001,2025,1220.4877
RE1,PWRTRN,ELC001,2026,1276.7236
RE1,PWRTRN,ELC001,2027,1332.9217
RE1,PWRTRN,ELC001,2028,1389.082
RE1,PWRTRN,ELC001,2029,1443.1831
RE1,PWRTRN,ELC001,2030,1476.6713
RE1,PWRTRN,ELC001,2031,1507.5511
RE1,PWRTRN,ELC001,2032,1540.6043
RE1,PWRTRN,ELC001,2033,1573.6273
RE1,PWRTRN,ELC001,2034,1606.6206
RE1,PWRTRN,ELC001,2035,1639.5845
RE1,PWRTRN,ELC001,2036,1666.747
RE1,PWRTRN,ELC001,2037,1693.8873
RE1,PWRTRN,ELC001,2038,1721.0058
RE1,PWRTRN,ELC001,2039,1748.1024
RE1,PWRTRN,ELC001,2040,1772.5779
RE1,PWRTRN,ELC001,2041,1801.5651
RE1,PWRTRN,ELC001,2042,1827.9325
RE1,PWRTRN,ELC001,2043,1854.28
RE1,PWRTRN,ELC001,2044,1877.826
RE1,PWRTRN,ELC001,2045,1906.9155
RE1,PWRTRN,ELC001,2046,1925.5699
RE1,PWRTRN,ELC001,2047,1944.2111
RE1,PWRTRN,ELC001,2048,1962.8389
RE1,PWRTRN,ELC001,2049,1981.4536
RE1,PWRTRN,ELC001,2050,3978.3045
RE1,PWRTRN,ELC001,2051,4013.2
RE1,PWRTRN,ELC001,2052,4051.4648
RE1,PWRTRN,ELC001,2053,4087.0356
RE1,PWRTRN,ELC001,2054,4122.9321
RE1,PWRTRN,ELC001,2055,4159.1572
RE1,PWRTRN,ELC001,2056,4195.7142
RE1,PWRTRN,ELC001,2057,4232.6062
RE1,PWRTRN,ELC001,2058,4269.8364
RE1,PWRTRN,ELC001,2059,4307.4079
RE1,PWRTRN,ELC001,2060,4341.9908
RE1,PWRTRN,ELC001,2061,4380.2177
RE1,PWRTRN,ELC001,2062,4418.7955
RE1,PWRTRN,ELC001,2063,4457.7273
RE1,PWRTRN,ELC001,2064,4500.5013
RE1,PWRTRN,ELC001,2065,4540.1904
RE1,PWRTRN,ELC001,2066,4580.2444
RE1,PWRTRN,ELC001,2067,4620.6666
RE1,PWRTRN,ELC001,2068,4661.4606
RE1,PWRTRN,ELC001,2069,4698.9467
RE1,PWRTRN,ELC001,2070,4770.1397
RE1,PWRTRNEXP,ELC001,2015,7.6
RE1,PWRTRNEXP,ELC001,2016,4.75
RE1,PWRTRNEXP,ELC001,2017,3.8
RE1,PWRTRNEXP,ELC001,2018,3.8
RE1,PWRTRNEXP,ELC001,2019,3.8
RE1,PWRTRNEXP,ELC001,2020,3.8
RE1,PWRTRNEXP,ELC001,2021,3.8
RE1,PWRTRNEXP,ELC001,2022,3.8
RE1,PWRTRNEXP,ELC001,2023,3.8
RE1,PWRTRNEXP,ELC001,2024,3.8
RE1,PWRTRNEXP,ELC001,2025,3.8
RE1,PWRTRNEXP,ELC001,2026,3.8
RE1,PWRTRNEXP,ELC001,2027,3.8
RE1,PWRTRNEXP,ELC001,2028,3.8
RE1,PWRTRNEXP,ELC001,2029,3.8
RE1,PWRTRNEXP,ELC001,2030,3.8
RE1,PWRTRNEXP,ELC001,2031,3.8
RE1,PWRTRNEXP,ELC001,2032,3.8
RE1,PWRTRNEXP,ELC001,2033,3.8
RE1,PWRTRNEXP,ELC001,2034,3.8
RE1,PWRTRNEXP,ELC001,2035,3.8
RE1,PWRTRNEXP,ELC001,2036,3.8
RE1,PWRTRNEXP,ELC001,2037,3.8
RE1,PWRTRNEXP,ELC001,2038,3.8
RE1,PWRTRNEXP,ELC001,2039,3.8
RE1,PWRTRNEXP,ELC001,2040,3.8
RE1,PWRTRNEXP,ELC001,2041,3.8
RE1,PWRTRNEXP,ELC001,2042,3.8
RE1,PWRTRNEXP,ELC001,2043,3.8
RE1,PWRTRNEXP,ELC001,2044,3.8
RE1,PWRTRNEXP,ELC001,2045,3.8
RE1,PWRTRNEXP,ELC001,2046,3.8
RE1,PWRTRNEXP,ELC001,2047,3.8
RE1,PWRTRNEXP,ELC001,2048,3.8
RE1,PWRTRNEXP,ELC001,2049,3.8
RE1,PWRTRNEXP,ELC001,2050,3.8
RE1,PWRTRNEXP,ELC001,2051,3.8
RE1,PWRTRNEXP,ELC001,2052,3.8
RE1,PWRTRNEXP,ELC001,2053,3.8
RE1,PWRTRNEXP,ELC001,2054,3.8
RE1,PWRTRNEXP,ELC001,2055,3.8
RE1,PWRTRNEXP,ELC001,2056,3.8
RE1,PWRTRNEXP,ELC001,2057,3.8
RE1,PWRTRNEXP,ELC001,2058,3.8
RE1,PWRTRNEXP,ELC001,2059,3.8
RE1,PWRTRNEXP,ELC001,2060,3.8
RE1,PWRTRNEXP,ELC001,2061,3.8
RE1,PWRTRNEXP,ELC001,2062,3.8
RE1,PWRTRNEXP,ELC001,2063,3.8
RE1,PWRTRNEXP,ELC001,2064,3.8
RE1,PWRTRNEXP,ELC001,2065,3.8
RE1,PWRTRNEXP,ELC001,2066,3.8
RE1,PWRTRNEXP,ELC001,2067,3.8
RE1,PWRTRNEXP,ELC001,2068,3.8
RE1,PWRTRNEXP,ELC001,2069,3.8
RE1,PWRTRNEXP,ELC001,2070,3.8
RE1,PWRWND001,WND,2015,1.1747
RE1,PWRWND001,WND,2016,2.545
RE1,PWRWND001,WND,2017,3.1524
RE1,PWRWND001,WND,2018,5.5368
RE1,PWRWND001,WND,2019,7.5648
RE1,PWRWND001,WND,2020,7.5648
RE1,PWRWND001,WND,2021,7.7555
RE1,PWRWND001,WND,2022,7.7555
RE1,PWRWND001,WND,2023,7.7555
RE1,PWRWND001,WND,2024,7.7555
RE1,PWRWND001,WND,2025,7.7555
RE1,PWRWND001,WND,2026,7.7555
RE1,PWRWND001,WND,2027,7.7555
RE1,PWRWND001,WND,2028,7.7555
RE1,PWRWND001,WND,2029,7.7555
RE1,PWRWND001,WND,2030,7.7555
RE1,PWRWND001,WND,2031,7.7555
RE1,PWRWND001,WND,2032,7.7555
RE1,PWRWND001,WND,2033,7.7555
RE1,PWRWND001,WND,2034,7.7555
RE1,PWRWND001,WND,2035,7.7555
RE1,PWRWND001,WND,2036,6.3851
RE1,PWRWND001,WND,2037,6.3851
RE1,PWRWND001,WND,2038,6.3851
RE1,PWRWND001,WND,2039,6.3851
RE1,PWRWND001,WND,2040,6.3851
RE1,PWRWND001,WND,2041,6.3851
RE1,PWRWND001,WND,2042,6.3851
RE1,PWRWND001,WND,2043,6.3851
RE1,PWRWND001,WND,2044,6.3851
RE1,PWRWND001,WND,2045,6.3851
RE1,PWRWND001,WND,2046,6.3851
RE1,PWRWND001,WND,2047,2.545
RE1,PWRWND001,WND,2048,2.0079
RE1,PWRWND001,WND,2049,2.0079
RE1,PWRWND001,WND,2070,372.5568
RE1,RESENEFFDP,ELC003,2024,171.6862
RE1,RESENEFFDP,ELC003,2025,176.3238
RE1,RESENEFFDP,ELC003,2026,181.3352
RE1,RESENEFFDP,ELC003,2027,186.3465
RE1,RESENEFFDP,ELC003,2028,191.3579
RE1,RESENEFFDP,ELC003,2029,196.3692
RE1,RESENEFFDP,ELC003,2030,199.6628
RE1,RESENEFFDP,ELC003,2031,207.1085
RE1,RESENEFFDP,ELC003,2032,212.8364
RE1,RESENEFFDP,ELC003,2033,218.5643
RE1,RESENEFFDP,ELC003,2034,224.2923
RE1,RESENEFFDP,ELC003,2035,230.0202
RE1,RESENEFFDP,ELC003,2036,234.6315
RE1,RESENEFFDP,ELC003,2037,239.2429
RE1,RESENEFFDP,ELC003,2038,243.8543
RE1,RESENEFFDP,ELC003,2039,248.4657
RE1,RESENEFFDP,ELC003,2040,255.1097
RE1,RESENEFFDP,ELC003,2041,257.5926
RE1,RESENEFFDP,ELC003,2042,262.1082
RE1,RESENEFFDP,ELC003,2043,266.6239
RE1,RESENEFFDP,ELC003,2044,273.3173
RE1,RESENEFFDP,ELC003,2045,275.6551
RE1,RESENEFFDP,ELC003,2046,278.7994
RE1,RESENEFFDP,ELC003,2047,281.9436
RE1,RESENEFFDP,ELC003,2048,285.0879
RE1,RESENEFFDP,ELC003,2049,288.2321
RE1,RESENEFFDP,ELC003,2050,293.7167
RE1,RESENEFFDP,ELC003,2051,296.9931
RE1,RESENEFFDP,ELC003,2052,297.9132
RE1,RESENEFFDP,ELC003,2053,301.2364
RE1,RESENEFFDP,ELC003,2054,304.5966
RE1,RESENEFFDP,ELC003,2055,307.9943
RE1,RESENEFFDP,ELC003,2056,311.43
RE1,RESENEFFDP,ELC003,2057,314.9039
RE1,RESENEFFDP,ELC003,2058,318.4166
RE1,RESENEFFDP,ELC003,2059,321.9685
RE1,RESENEFFDP,ELC003,2060,328.1748
RE1,RESENEFFDP,ELC003,2061,331.8356
RE1,RESENEFFDP,ELC003,2062,335.5372
RE1,RESENEFFDP,ELC003,2063,339.2801
RE1,RESENEFFDP,ELC003,2064,340.3312
RE1,RESENEFFDP,ELC003,2065,344.1275
RE1,RESENEFFDP,ELC003,2066,347.9662
RE1,RESENEFFDP,ELC003,2067,351.8477
RE1,RESENEFFDP,ELC003,2068,355.7725
RE1,RESENEFFDP,ELC003,2069,362.6305
RE1,RESENEFFDP,ELC003,2070,343.3881
RE1,UPSREF001,OIL,2024,2141.65
