r,t,y,AnnualFixedOperatingCost
RE1,PWRBIO001,2015,222.8976
RE1,PWRBIO001,2016,222.8976
RE1,PWRBIO001,2017,222.8976
RE1,PWRBIO001,2018,222.8976
RE1,PWRBIO001,2019,222.8976
RE1,PWRBIO001,2020,222.8976
RE1,PWRBIO001,2021,222.8976
RE1,PWRBIO001,2022,222.8976
RE1,PWRBIO001,2023,222.8976
RE1,PWRBIO001,2024,222.8976
RE1,PWRBIO001,2025,222.8976
RE1,PWRBIO001,2026,222.8976
RE1,PWRBIO001,2027,222.8976
RE1,PWRBIO001,2028,222.8976
RE1,PWRBIO001,2029,222.8976
RE1,PWRBIO001,2030,222.8976
RE1,PWRCOA001,2015,273.468
RE1,PWRCOA001,2016,273.468
RE1,PWRCOA001,2017,275.0078
RE1,PWRCOA001,2018,507.5674
RE1,PWRCOA001,2019,507.5674
RE1,PWRCOA001,2020,507.5674
RE1,PWRCOA001,2021,507.5674
RE1,PWRCOA001,2022,525.2923
RE1,PWRCOA001,2023,902.6844
RE1,PWRCOA001,2024,1444.2305
RE1,PWRCOA001,2025,1542.5735
RE1,PWRCOA001,2026,1640.9795
RE1,PWRCOA001,2027,1640.9795
RE1,PWRCOA001,2028,1640.9795
RE1,PWRCOA001,2029,1623.9235
RE1,PWRCOA001,2030,1623.9235
RE1,PWRCOA001,2031,1596.5715
RE1,PWRCOA001,2032,1596.5715
RE1,PWRCOA001,2033,1596.5715
RE1,PWRCOA001,2034,1596.5715
RE1,PWRCOA001,2035,1596.5715
RE1,PWRCOA001,2036,1596.5715
RE1,PWRCOA001,2037,1526.6315
RE1,PWRCOA001,2038,1526.6315
RE1,PWRCOA001,2039,1526.6315
RE1,PWRCOA001,2040,1526.6315
RE1,PWRCOA001,2041,1526.6315
RE1,PWRCOA001,2042,1492.3115
RE1,PWRCOA001,2043,1492.3115
RE1,PWRCOA001,2044,1492.3115
RE1,PWRCOA001,2045,1492.3115
RE1,PWRCOA001,2046,1492.3115
RE1,PWRCOA001,2047,1492.3115
RE1,PWRCOA001,2048,1492.3115
RE1,PWRCOA001,2049,1492.3115
RE1,PWRCOA001,2050,1492.3115
RE1,PWRCOA001,2051,1492.3115
RE1,PWRCOA001,2052,1492.3115
RE1,PWRCOA001,2053,1492.3115
RE1,PWRCOA001,2054,1492.3115
RE1,PWRCOA001,2055,1492.3115
RE1,PWRCOA001,2056,1492.3115
RE1,PWRCOA001,2057,1492.3115
RE1,PWRCOA001,2058,1492.3115
RE1,PWRCOA001,2059,1492.3115
RE1,PWRCOA001,2060,1492.3115
RE1,PWRCOA001,2061,1492.3115
RE1,PWRCOA001,2062,1492.3115
RE1,PWRCOA001,2063,1492.3115
RE1,PWRCOA001,2064,1492.3115
RE1,PWRCOA001,2065,1492.3115
RE1,PWRCOA001,2066,1492.3115
RE1,PWRCOA001,2067,1492.3115
RE1,PWRCOA001,2068,1492.3115
RE1,PWRCOA001,2069,1492.3115
RE1,PWRCOA001,2070,1492.3115
RE1,PWRGEO,2021,0.66
RE1,PWRGEO,2022,0.66
RE1,PWRGEO,2023,0.66
RE1,PWRGEO,2024,0.66
RE1,PWRGEO,2025,0.66
RE1,PWRGEO,2026,0.66
RE1,PWRGEO,2027,0.66
RE1,PWRGEO,2028,0.66
RE1,PWRGEO,2029,0.66
RE1,PWRGEO,2030,0.66
RE1,PWRGEO,2031,0.66
RE1,PWRGEO,2032,0.66
RE1,PWRGEO,2033,0.66
RE1,PWRGEO,2034,0.66
RE1,PWRGEO,2035,0.66
RE1,PWRGEO,2036,0.66
RE1,PWRGEO,2037,0.66
RE1,PWRGEO,2038,0.66
RE1,PWRGEO,2039,0.66
RE1,PWRGEO,2040,0.66
RE1,PWRGEO,2041,0.66
RE1,PWRGEO,2042,0.66
RE1,PWRGEO,2043,0.66
RE1,PWRGEO,2044,0.66
RE1,PWRGEO,2045,0.66
RE1,PWRGEO,2046,0.66
RE1,PWRGEO,2047,0.66
RE1,PWRGEO,2048,0.66
RE1,PWRGEO,2049,0.66
RE1,PWRGEO,2050,0.66
RE1,PWRGEO,2051,0.66
RE1,PWRGEO,2052,0.66
RE1,PWRGEO,2053,0.66
RE1,PWRGEO,2054,0.66
RE1,PWRGEO,2055,0.66
RE1,PWRGEO,2056,0.66
RE1,PWRGEO,2057,0.66
RE1,PWRGEO,2058,0.66
RE1,PWRGEO,2059,0.66
RE1,PWRGEO,2060,0.66
RE1,PWRGEO,2061,0.66
RE1,PWRGEO,2062,0.66
RE1,PWRGEO,2063,0.66
RE1,PWRGEO,2064,0.66
RE1,PWRGEO,2065,0.66
RE1,PWRGEO,2066,0.66
RE1,PWRGEO,2067,0.66
RE1,PWRGEO,2068,0.66
RE1,PWRGEO,2069,0.66
RE1,PWRGEO,2070,0.66
RE1,PWRNGS001,2015,1085.28
RE1,PWRNGS001,2016,1085.28
RE1,PWRNGS001,2017,1085.28
RE1,PWRNGS001,2018,1085.28
RE1,PWRNGS001,2019,1085.28
RE1,PWRNGS001,2020,1085.28
RE1,PWRNGS001,2021,1085.28
RE1,PWRNGS001,2022,1085.28
RE1,PWRNGS001,2023,1085.28
RE1,PWRNGS001,2024,430.56
RE1,PWRNGS001,2025,430.56
RE1,PWRNGS001,2026,400.64
RE1,PWRNGS001,2027,400.64
RE1,PWRNGS001,2028,395.68
RE1,PWRNGS001,2029,390.8
RE1,PWRNGS001,2030,343.76
RE1,PWRNGS001,2031,334.0
RE1,PWRNGS001,2032,334.0
RE1,PWRNGS001,2033,300.96
RE1,PWRNGS001,2034,287.36
RE1,PWRNGS001,2035,287.36
RE1,PWRNGS001,2036,287.36
RE1,PWRNGS001,2037,287.36
RE1,PWRNGS001,2038,172.64
RE1,PWRNGS001,2039,172.64
RE1,PWRNGS001,2040,144.48
RE1,PWRNGS001,2041,128.0
RE1,PWRNGS001,2042,128.0
RE1,PWRNGS001,2043,128.0
RE1,PWRNGS001,2044,64.0
RE1,PWRSOL001,2015,33.513
RE1,PWRSOL001,2016,31.0765
RE1,PWRSOL001,2017,28.6401
RE1,PWRSOL001,2018,26.2036
RE1,PWRSOL001,2019,23.7671
RE1,PWRSOL001,2020,21.3307
RE1,PWRSOL001,2021,189.4281
RE1,PWRSOL001,2022,383.5188
RE1,PWRSOL001,2023,369.6521
RE1,PWRSOL001,2024,374.1361
RE1,PWRSOL001,2025,379.7817
RE1,PWRSOL001,2026,384.7541
RE1,PWRSOL001,2027,389.2995
RE1,PWRSOL001,2028,402.0509
RE1,PWRSOL001,2029,421.1995
RE1,PWRSOL001,2030,453.4542
RE1,PWRSOL001,2031,471.7448
RE1,PWRSOL001,2032,494.1998
RE1,PWRSOL001,2033,515.9394
RE1,PWRSOL001,2034,538.9688
RE1,PWRSOL001,2035,567.079
RE1,PWRSOL001,2036,594.573
RE1,PWRSOL001,2037,617.1429
RE1,PWRSOL001,2038,650.0763
RE1,PWRSOL001,2039,687.5326
RE1,PWRSOL001,2040,724.2827
RE1,PWRSOL001,2041,776.7335
RE1,PWRSOL001,2042,827.0275
RE1,PWRSOL001,2043,873.2427
RE1,PWRSOL001,2044,902.2474
RE1,PWRSOL001,2045,951.5961
RE1,PWRSOL001,2046,965.6033
RE1,PWRSOL001,2047,992.948
RE1,PWRSOL001,2048,1023.1619
RE1,PWRSOL001,2049,1054.3862
RE1,PWRSOL001,2050,1078.4704
RE1,PWRSOL001,2051,1087.7364
RE1,PWRSOL001,2052,1097.0858
RE1,PWRSOL001,2053,1106.5193
RE1,PWRSOL001,2054,1116.0377
RE1,PWRSOL001,2055,1125.6418
RE1,PWRSOL001,2056,1135.3324
RE1,PWRSOL001,2057,1145.1103
RE1,PWRSOL001,2058,1154.9764
RE1,PWRSOL001,2059,1164.9314
RE1,PWRSOL001,2060,1174.9762
RE1,PWRSOL001,2061,1185.1117
RE1,PWRSOL001,2062,1195.3386
RE1,PWRSOL001,2063,1205.6578
RE1,PWRSOL001,2064,1216.0703
RE1,PWRSOL001,2065,1226.5769
RE1,PWRSOL001,2066,1237.1784
RE1,PWRSOL001,2067,1247.8757
RE1,PWRSOL001,2068,1274.4753
RE1,PWRSOL001,2069,1301.3091
RE1,PWRSOL001,2070,1280.552
RE1,PWRCSP002,2015,0.6
RE1,PWRCSP002,2016,0.6
RE1,PWRCSP002,2017,0.6
RE1,PWRCSP002,2018,0.6
RE1,PWRCSP002,2019,0.6
RE1,PWRCSP002,2020,0.6
RE1,PWRCSP002,2021,0.6
RE1,PWRCSP002,2022,0.6
RE1,PWRCSP002,2023,0.6
RE1,PWRCSP002,2024,0.6
RE1,PWRCSP002,2025,0.6
RE1,PWRCSP002,2026,0.6
RE1,PWRCSP002,2027,0.6
RE1,PWRCSP002,2028,0.6
RE1,PWRCSP002,2029,0.6
RE1,PWRCSP002,2030,0.6
RE1,PWRCSP002,2031,0.6
RE1,PWRCSP002,2032,0.6
RE1,PWRCSP002,2033,0.6
RE1,PWRCSP002,2034,0.6
RE1,PWRCSP002,2035,0.6
RE1,PWRCSP002,2036,0.6
RE1,PWRCSP002,2037,0.6
RE1,PWRCSP002,2038,0.6
RE1,PWRCSP002,2039,0.6
RE1,PWRCSP002,2040,0.6
RE1,PWRCSP002,2041,0.6
RE1,PWRCSP002,2042,0.6
RE1,PWRCSP002,2043,0.6
RE1,PWRCSP002,2048,1672.7642
RE1,PWRCSP002,2049,5340.7425
RE1,PWRCSP002,2050,10744.918
RE1,PWRCSP002,2051,10744.918
RE1,PWRCSP002,2052,10744.918
RE1,PWRCSP002,2053,10822.938
RE1,PWRCSP002,2054,10908.39
RE1,PWRCSP002,2055,10994.298
RE1,PWRCSP002,2056,11080.665
RE1,PWRCSP002,2057,11167.491
RE1,PWRCSP002,2058,11254.779
RE1,PWRCSP002,2059,11342.529
RE1,PWRCSP002,2060,11430.743
RE1,PWRCSP002,2061,11519.421
RE1,PWRCSP002,2062,11608.566
RE1,PWRCSP002,2063,11698.178
RE1,PWRCSP002,2064,11788.259
RE1,PWRCSP002,2065,11878.809
RE1,PWRCSP002,2066,11969.831
RE1,PWRCSP002,2067,12061.325
RE1,PWRCSP002,2068,12153.292
RE1,PWRCSP002,2069,12245.732
RE1,PWRCSP002,2070,12338.65
RE1,PWRHYD001,2015,168.0126
RE1,PWRHYD001,2016,168.0126
RE1,PWRHYD001,2017,168.0126
RE1,PWRHYD001,2018,168.0126
RE1,PWRHYD001,2019,168.0126
RE1,PWRHYD001,2020,168.0126
RE1,PWRHYD001,2021,201.5087
RE1,PWRHYD001,2022,201.5087
RE1,PWRHYD001,2023,201.5087
RE1,PWRHYD001,2024,201.5087
RE1,PWRHYD001,2025,201.5087
RE1,PWRHYD001,2026,201.5087
RE1,PWRHYD001,2027,201.5087
RE1,PWRHYD001,2028,201.5087
RE1,PWRHYD001,2029,201.5087
RE1,PWRHYD001,2030,201.5087
RE1,PWRHYD001,2031,201.5087
RE1,PWRHYD001,2032,201.5087
RE1,PWRHYD001,2033,201.5087
RE1,PWRHYD001,2034,201.5087
RE1,PWRHYD001,2035,201.5087
RE1,PWRHYD001,2036,201.5087
RE1,PWRHYD001,2037,201.5087
RE1,PWRHYD001,2038,201.5087
RE1,PWRHYD001,2039,201.5087
RE1,PWRHYD001,2040,201.5087
RE1,PWRHYD001,2041,201.5087
RE1,PWRHYD001,2042,201.5087
RE1,PWRHYD001,2043,201.5087
RE1,PWRHYD001,2044,201.5087
RE1,PWRHYD001,2045,201.5087
RE1,PWRHYD001,2046,201.5087
RE1,PWRHYD001,2047,201.5087
RE1,PWRHYD001,2048,201.5087
RE1,PWRHYD001,2049,201.5087
RE1,PWRHYD001,2050,201.5087
RE1,PWRHYD001,2051,201.5087
RE1,PWRHYD001,2052,201.5087
RE1,PWRHYD001,2053,201.5087
RE1,PWRHYD001,2054,201.5087
RE1,PWRHYD001,2055,201.5087
RE1,PWRHYD001,2056,201.5087
RE1,PWRHYD001,2057,201.5087
RE1,PWRHYD001,2058,201.5087
RE1,PWRHYD001,2059,201.5087
RE1,PWRHYD001,2060,201.5087
RE1,PWRHYD001,2061,201.5087
RE1,PWRHYD001,2062,201.5087
RE1,PWRHYD001,2063,201.5087
RE1,PWRHYD001,2064,201.5087
RE1,PWRHYD001,2065,201.5087
RE1,PWRHYD001,2066,201.5087
RE1,PWRHYD001,2067,201.5087
RE1,PWRHYD001,2068,201.5087
RE1,PWRHYD001,2069,201.5087
RE1,PWRHYD001,2070,201.5087
RE1,PWRHYD002,2015,7.0723
RE1,PWRHYD002,2016,7.0723
RE1,PWRHYD002,2017,7.0723
RE1,PWRHYD002,2018,7.0723
RE1,PWRHYD002,2019,7.0723
RE1,PWRHYD002,2020,7.0723
RE1,PWRHYD002,2021,8.4823
RE1,PWRHYD002,2022,8.4823
RE1,PWRHYD002,2023,8.4823
RE1,PWRHYD002,2024,8.4823
RE1,PWRHYD002,2025,8.4823
RE1,PWRHYD002,2026,8.4823
RE1,PWRHYD002,2027,8.4823
RE1,PWRHYD002,2028,8.4823
RE1,PWRHYD002,2029,8.4823
RE1,PWRHYD002,2030,8.4823
RE1,PWRHYD002,2031,8.4823
RE1,PWRHYD002,2032,8.4823
RE1,PWRHYD002,2033,8.4823
RE1,PWRHYD002,2034,8.4823
RE1,PWRHYD002,2035,8.4823
RE1,PWRHYD002,2036,8.4823
RE1,PWRHYD002,2037,8.4823
RE1,PWRHYD002,2038,8.4823
RE1,PWRHYD002,2039,8.4823
RE1,PWRHYD002,2040,8.4823
RE1,PWRHYD002,2041,8.4823
RE1,PWRHYD002,2042,8.4823
RE1,PWRHYD002,2043,8.4823
RE1,PWRHYD002,2044,8.4823
RE1,PWRHYD002,2045,8.4823
RE1,PWRHYD002,2046,8.4823
RE1,PWRHYD002,2047,8.4823
RE1,PWRHYD002,2048,8.4823
RE1,PWRHYD002,2049,8.4823
RE1,PWRHYD002,2050,8.4823
RE1,PWRHYD002,2051,8.4823
RE1,PWRHYD002,2052,8.4823
RE1,PWRHYD002,2053,8.4823
RE1,PWRHYD002,2054,8.4823
RE1,PWRHYD002,2055,8.4823
RE1,PWRHYD002,2056,8.4823
RE1,PWRHYD002,2057,8.4823
RE1,PWRHYD002,2058,8.4823
RE1,PWRHYD002,2059,8.4823
RE1,PWRHYD002,2060,8.4823
RE1,PWRHYD002,2061,8.4823
RE1,PWRHYD002,2062,8.4823
RE1,PWRHYD002,2063,8.4823
RE1,PWRHYD002,2064,8.4823
RE1,PWRHYD002,2065,8.4823
RE1,PWRHYD002,2066,8.4823
RE1,PWRHYD002,2067,8.4823
RE1,PWRHYD002,2068,8.4823
RE1,PWRHYD002,2069,8.4823
RE1,PWRHYD002,2070,8.4823
RE1,PWRHYD003,2022,40.8618
RE1,PWRHYD003,2023,40.8618
RE1,PWRHYD003,2024,40.8618
RE1,PWRHYD003,2025,40.8618
RE1,PWRHYD003,2026,40.8618
RE1,PWRHYD003,2027,40.8618
RE1,PWRHYD003,2028,40.8618
RE1,PWRHYD003,2029,40.8618
RE1,PWRHYD003,2030,40.8618
RE1,PWRHYD003,2031,40.8618
RE1,PWRHYD003,2032,40.8618
RE1,PWRHYD003,2033,40.8618
RE1,PWRHYD003,2034,40.8618
RE1,PWRHYD003,2035,40.8618
RE1,PWRHYD003,2036,40.8618
RE1,PWRHYD003,2037,40.8618
RE1,PWRHYD003,2038,40.8618
RE1,PWRHYD003,2039,40.8618
RE1,PWRHYD003,2040,40.8618
RE1,PWRHYD003,2041,40.8618
RE1,PWRHYD003,2042,40.8618
RE1,PWRHYD003,2043,40.8618
RE1,PWRHYD003,2044,40.8618
RE1,PWRHYD003,2045,40.8618
RE1,PWRHYD003,2046,40.8618
RE1,PWRHYD003,2047,40.8618
RE1,PWRHYD003,2048,40.8618
RE1,PWRHYD003,2049,40.8618
RE1,PWRHYD003,2050,40.8618
RE1,PWRHYD003,2051,40.8618
RE1,PWRHYD003,2052,40.8618
RE1,PWRHYD003,2053,40.8618
RE1,PWRHYD003,2054,40.8618
RE1,PWRHYD003,2055,40.8618
RE1,PWRHYD003,2056,40.8618
RE1,PWRHYD003,2057,40.8618
RE1,PWRHYD003,2058,40.8618
RE1,PWRHYD003,2059,40.8618
RE1,PWRHYD003,2060,40.8618
RE1,PWRHYD003,2061,40.8618
RE1,PWRHYD003,2062,40.8618
RE1,PWRHYD003,2063,40.8618
RE1,PWRHYD003,2064,40.8618
RE1,PWRHYD003,2065,40.8618
RE1,PWRHYD003,2066,40.8618
RE1,PWRHYD003,2067,40.8618
RE1,PWRHYD003,2068,40.8618
RE1,PWRHYD003,2069,40.8618
RE1,PWRHYD003,2070,40.8618
RE1,PWRWND001,2015,24.8609
RE1,PWRWND001,2016,23.6185
RE1,PWRWND001,2017,22.376
RE1,PWRWND001,2018,21.1336
RE1,PWRWND001,2019,19.8912
RE1,PWRWND001,2020,18.6488
RE1,PWRWND001,2021,17.9023
RE1,PWRWND001,2022,16.9108
RE1,PWRWND001,2023,16.175
RE1,PWRWND001,2024,15.4392
RE1,PWRWND001,2025,14.7034
RE1,PWRWND001,2026,461.9685
RE1,PWRWND001,2027,1534.1899
RE1,PWRWND001,2028,1794.5198
RE1,PWRWND001,2029,1747.7706
RE1,PWRWND001,2030,1748.7611
RE1,PWRWND001,2031,3116.7332
RE1,PWRWND001,2032,3473.0373
RE1,PWRWND001,2033,4014.2189
RE1,PWRWND001,2034,4149.0667
RE1,PWRWND001,2035,4316.815
RE1,PWRWND001,2036,4614.9477
RE1,PWRWND001,2037,4886.0325
RE1,PWRWND001,2038,4978.5087
RE1,PWRWND001,2039,4978.5087
RE1,PWRWND001,2040,6100.7009
RE1,PWRWND001,2041,6542.4988
RE1,PWRWND001,2042,6966.1295
RE1,PWRWND001,2043,7355.4046
RE1,PWRWND001,2044,7599.7135
RE1,PWRWND001,2045,7922.5596
RE1,PWRWND001,2046,8133.366
RE1,PWRWND001,2047,8363.6933
RE1,PWRWND001,2048,9088.3233
RE1,PWRWND001,2049,9162.1047
RE1,PWRWND001,2050,9162.1047
RE1,PWRWND001,2051,9162.1047
RE1,PWRWND001,2052,9240.8554
RE1,PWRWND001,2053,9320.3146
RE1,PWRWND001,2054,9400.489
RE1,PWRWND001,2055,9481.3853
RE1,PWRWND001,2056,9563.0103
RE1,PWRWND001,2057,9645.3707
RE1,PWRWND001,2058,9728.4734
RE1,PWRWND001,2059,9812.3254
RE1,PWRWND001,2060,9896.9338
RE1,PWRWND001,2061,9982.3056
RE1,PWRWND001,2062,10068.448
RE1,PWRWND001,2063,10155.368
RE1,PWRWND001,2064,10243.073
RE1,PWRWND001,2065,10331.571
RE1,PWRWND001,2066,10420.868
RE1,PWRWND001,2067,10510.973
RE1,PWRWND001,2068,10601.893
RE1,PWRWND001,2069,10693.636
RE1,PWRWND001,2070,9571.4438
RE1,PWRWND002,2028,787.9526
RE1,PWRWND002,2029,1861.4848
RE1,PWRWND002,2030,2220.8701
RE1,PWRWND002,2031,2339.362
RE1,PWRWND002,2032,2482.2265
RE1,PWRWND002,2033,2625.671
RE1,PWRWND002,2034,2780.1584
RE1,PWRWND002,2035,2966.0788
RE1,PWRWND002,2036,3147.4372
RE1,PWRWND002,2037,3307.4515
RE1,PWRWND002,2038,3528.3977
RE1,PWRWND002,2039,3780.666
RE1,PWRWND002,2040,3751.806
RE1,PWRWND002,2041,4295.5507
RE1,PWRWND002,2042,4538.2352
RE1,PWRWND002,2043,4754.4007
RE1,PWRWND002,2044,4873.6378
RE1,PWRWND002,2045,5040.3538
RE1,PWRWND002,2046,5133.0736
RE1,PWRWND002,2047,5235.8681
RE1,PWRWND002,2048,5351.3241
RE1,PWRWND002,2049,5642.4291
RE1,PWRWND002,2050,5595.7974
RE1,PWRWND002,2051,5595.7974
RE1,PWRWND002,2052,5643.8948
RE1,PWRWND002,2053,5692.4249
RE1,PWRWND002,2054,5741.3918
RE1,PWRWND002,2055,5790.7995
RE1,PWRWND002,2056,5840.6524
RE1,PWRWND002,2057,5890.9544
RE1,PWRWND002,2058,5941.7097
RE1,PWRWND002,2059,5992.9227
RE1,PWRWND002,2060,6044.5977
RE1,PWRWND002,2061,6096.7389
RE1,PWRWND002,2062,6149.3507
RE1,PWRWND002,2063,6202.4375
RE1,PWRWND002,2064,6256.0039
RE1,PWRWND002,2065,6310.0542
RE1,PWRWND002,2066,6364.5931
RE1,PWRWND002,2067,6419.6251
RE1,PWRWND002,2068,6475.1549
RE1,PWRWND002,2069,6531.1872
RE1,PWRWND002,2070,6587.7265
RE1,PWRSOL001S,2023,3.4373
RE1,PWRSOL001S,2024,200.1376
RE1,PWRSOL001S,2025,389.1617
RE1,PWRSOL001S,2026,389.3018
RE1,PWRSOL001S,2027,388.6793
RE1,PWRSOL001S,2028,395.789
RE1,PWRSOL001S,2029,408.4955
RE1,PWRSOL001S,2030,432.8705
RE1,PWRSOL001S,2031,450.5366
RE1,PWRSOL001S,2032,471.7519
RE1,PWRSOL001S,2033,492.7381
RE1,PWRSOL001S,2034,514.4701
RE1,PWRSOL001S,2035,541.5705
RE1,PWRSOL001S,2036,567.1236
RE1,PWRSOL001S,2037,588.5197
RE1,PWRSOL001S,2038,619.1056
RE1,PWRSOL001S,2039,654.6033
RE1,PWRSOL001S,2040,688.6173
RE1,PWRSOL001S,2041,732.5951
RE1,PWRSOL001S,2042,774.6554
RE1,PWRSOL001S,2043,811.3219
RE1,PWRSOL001S,2044,832.4052
RE1,PWRSOL001S,2045,860.6342
RE1,PWRSOL001S,2046,877.2579
RE1,PWRSOL001S,2047,894.5709
RE1,PWRSOL001S,2048,915.1408
RE1,PWRSOL001S,2049,935.0728
RE1,PWRSOL001S,2050,949.4215
RE1,PWRSOL001S,2051,957.5788
RE1,PWRSOL001S,2052,965.8094
RE1,PWRSOL001S,2053,974.1141
RE1,PWRSOL001S,2054,982.4936
RE1,PWRSOL001S,2055,990.9485
RE1,PWRSOL001S,2056,999.4795
RE1,PWRSOL001S,2057,1008.0874
RE1,PWRSOL001S,2058,1016.7729
RE1,PWRSOL001S,2059,1025.5367
RE1,PWRSOL001S,2060,1034.3796
RE1,PWRSOL001S,2061,1043.3022
RE1,PWRSOL001S,2062,1052.3054
RE1,PWRSOL001S,2063,1061.3899
RE1,PWRSOL001S,2064,1070.5564
RE1,PWRSOL001S,2065,1079.8058
RE1,PWRSOL001S,2066,1089.1387
RE1,PWRSOL001S,2067,1098.556
RE1,PWRSOL001S,2068,1108.0585
RE1,PWRSOL001S,2069,1117.647
RE1,PWRSOL001S,2070,1127.3223
RE1,PWRWND001S,2033,607.1307
RE1,PWRWND001S,2034,1503.0428
RE1,PWRWND001S,2035,2210.037
RE1,PWRWND001S,2036,2965.2192
RE1,PWRWND001S,2037,3899.1351
RE1,PWRWND001S,2038,4711.0251
RE1,PWRWND001S,2039,5447.4427
RE1,PWRWND001S,2040,5437.2158
RE1,PWRWND001S,2041,5764.3438
RE1,PWRWND001S,2042,6855.3989
RE1,PWRWND001S,2043,8157.6327
RE1,PWRWND001S,2044,9947.3212
RE1,PWRWND001S,2045,10538.47
RE1,PWRWND001S,2046,12352.925
RE1,PWRWND001S,2047,14557.129
RE1,PWRWND001S,2048,15142.74
RE1,PWRWND001S,2049,15990.735
RE1,PWRWND001S,2050,16042.65
RE1,PWRWND001S,2051,16053.132
RE1,PWRWND001S,2052,16191.113
RE1,PWRWND001S,2053,16330.335
RE1,PWRWND001S,2054,16470.81
RE1,PWRWND001S,2055,16612.551
RE1,PWRWND001S,2056,16755.568
RE1,PWRWND001S,2057,16899.873
RE1,PWRWND001S,2058,17045.479
RE1,PWRWND001S,2059,17192.398
RE1,PWRWND001S,2060,17340.643
RE1,PWRWND001S,2061,17490.224
RE1,PWRWND001S,2062,17641.156
RE1,PWRWND001S,2063,17793.451
RE1,PWRWND001S,2064,17947.121
RE1,PWRWND001S,2065,18102.18
RE1,PWRWND001S,2066,18258.64
RE1,PWRWND001S,2067,18416.515
RE1,PWRWND001S,2068,18575.818
RE1,PWRWND001S,2069,18736.563
RE1,PWRWND001S,2070,18898.762
RE1,PWRTRN,2015,175.1791
RE1,PWRTRN,2016,175.1791
RE1,PWRTRN,2017,175.1791
RE1,PWRTRN,2018,175.1791
RE1,PWRTRN,2019,175.1791
RE1,PWRTRN,2020,175.1791
RE1,PWRTRN,2021,175.1791
RE1,PWRTRN,2022,175.1791
RE1,PWRTRN,2023,175.1791
RE1,PWRTRN,2024,175.1791
RE1,PWRTRN,2025,191.6564
RE1,PWRTRN,2026,191.6564
RE1,PWRTRN,2027,200.4567
RE1,PWRTRN,2028,207.0646
RE1,PWRTRN,2029,220.4799
RE1,PWRTRN,2030,233.7622
RE1,PWRTRN,2031,260.1525
RE1,PWRTRN,2032,270.0661
RE1,PWRTRN,2033,285.117
RE1,PWRTRN,2034,302.8929
RE1,PWRTRN,2035,320.9599
RE1,PWRTRN,2036,348.1095
RE1,PWRTRN,2037,377.0749
RE1,PWRTRN,2038,408.0499
RE1,PWRTRN,2039,440.0708
RE1,PWRTRN,2040,474.5871
RE1,PWRTRN,2041,512.1414
RE1,PWRTRN,2042,553.4764
RE1,PWRTRN,2043,594.8705
RE1,PWRTRN,2044,631.6458
RE1,PWRTRN,2045,654.4087
RE1,PWRTRN,2046,695.5162
RE1,PWRTRN,2047,736.2025
RE1,PWRTRN,2048,738.934
RE1,PWRTRN,2049,781.3366
RE1,PWRTRN,2050,890.8837
RE1,PWRTRN,2051,918.3686
RE1,PWRTRN,2052,925.3408
RE1,PWRTRN,2053,933.1726
RE1,PWRTRN,2054,941.1436
RE1,PWRTRN,2055,949.1832
RE1,PWRTRN,2056,957.292
RE1,PWRTRN,2057,965.4707
RE1,PWRTRN,2058,973.7197
RE1,PWRTRN,2059,982.0398
RE1,PWRTRN,2060,990.4316
RE1,PWRTRN,2061,998.8957
RE1,PWRTRN,2062,1007.4329
RE1,PWRTRN,2063,1016.0436
RE1,PWRTRN,2064,1024.7287
RE1,PWRTRN,2065,1033.4887
RE1,PWRTRN,2066,1042.3243
RE1,PWRTRN,2067,1051.2363
RE1,PWRTRN,2068,1051.2363
RE1,PWRTRN,2069,1051.2363
RE1,PWRTRN,2070,1051.2363
RE1,PWRDIST,2015,87.5895
RE1,PWRDIST,2016,87.5895
RE1,PWRDIST,2017,87.5895
RE1,PWRDIST,2018,87.5895
RE1,PWRDIST,2019,87.5895
RE1,PWRDIST,2020,87.5895
RE1,PWRDIST,2021,87.5895
RE1,PWRDIST,2022,87.5895
RE1,PWRDIST,2023,87.5895
RE1,PWRDIST,2024,87.5895
RE1,PWRDIST,2025,90.2981
RE1,PWRDIST,2026,90.3277
RE1,PWRDIST,2027,94.5062
RE1,PWRDIST,2028,97.6534
RE1,PWRDIST,2029,104.0141
RE1,PWRDIST,2030,110.3163
RE1,PWRDIST,2031,122.8104
RE1,PWRDIST,2032,127.532
RE1,PWRDIST,2033,134.6834
RE1,PWRDIST,2034,143.127
RE1,PWRDIST,2035,151.7137
RE1,PWRDIST,2036,164.6007
RE1,PWRDIST,2037,178.3548
RE1,PWRDIST,2038,193.0688
RE1,PWRDIST,2039,208.2874
RE1,PWRDIST,2040,224.6972
RE1,PWRDIST,2041,242.5566
RE1,PWRDIST,2042,262.2187
RE1,PWRDIST,2043,281.9215
RE1,PWRDIST,2044,299.4475
RE1,PWRDIST,2045,310.3397
RE1,PWRDIST,2046,329.9413
RE1,PWRDIST,2047,349.3557
RE1,PWRDIST,2048,350.7658
RE1,PWRDIST,2049,371.0144
RE1,PWRDIST,2050,423.1697
RE1,PWRDIST,2051,436.2251
RE1,PWRDIST,2052,439.5369
RE1,PWRDIST,2053,443.257
RE1,PWRDIST,2054,447.0432
RE1,PWRDIST,2055,450.862
RE1,PWRDIST,2056,454.7137
RE1,PWRDIST,2057,458.5986
RE1,PWRDIST,2058,462.5169
RE1,PWRDIST,2059,466.4689
RE1,PWRDIST,2060,470.455
RE1,PWRDIST,2061,474.4755
RE1,PWRDIST,2062,478.5306
RE1,PWRDIST,2063,482.6207
RE1,PWRDIST,2064,486.7461
RE1,PWRDIST,2065,490.9071
RE1,PWRDIST,2066,495.104
RE1,PWRDIST,2067,499.3372
RE1,PWRDIST,2068,499.3372
RE1,PWRDIST,2069,499.3372
RE1,PWRDIST,2070,499.3372
RE1,PWRSOL002,2023,161.0424
RE1,PWRSOL002,2024,156.9773
RE1,PWRSOL002,2025,152.9122
RE1,PWRSOL002,2026,467.0562
RE1,PWRSOL002,2027,601.0044
RE1,PWRSOL002,2028,671.0856
RE1,PWRSOL002,2029,661.7949
RE1,PWRSOL002,2030,1179.6682
RE1,PWRSOL002,2031,1195.5184
RE1,PWRSOL002,2032,1584.3289
RE1,PWRSOL002,2033,1682.306
RE1,PWRSOL002,2034,1787.154
RE1,PWRSOL002,2035,1914.1292
RE1,PWRSOL002,2036,2038.0153
RE1,PWRSOL002,2037,2150.1885
RE1,PWRSOL002,2038,2301.7475
RE1,PWRSOL002,2039,2476.3898
RE1,PWRSOL002,2040,2511.1311
RE1,PWRSOL002,2041,2500.7348
RE1,PWRSOL002,2042,2491.8238
RE1,PWRSOL002,2043,2481.4276
RE1,PWRSOL002,2044,2472.5166
RE1,PWRSOL002,2045,3378.4586
RE1,PWRSOL002,2046,3366.2311
RE1,PWRSOL002,2047,3218.2407
RE1,PWRSOL002,2048,3632.9786
RE1,PWRSOL002,2049,3727.8566
RE1,PWRSOL002,2050,3798.9876
RE1,PWRSOL002,2051,3831.6278
RE1,PWRSOL002,2052,3864.5617
RE1,PWRSOL002,2053,3897.7918
RE1,PWRSOL002,2054,3931.3211
RE1,PWRSOL002,2055,3965.1522
RE1,PWRSOL002,2056,3999.2881
RE1,PWRSOL002,2057,4033.7315
RE1,PWRSOL002,2058,4068.4854
RE1,PWRSOL002,2059,4103.5527
RE1,PWRSOL002,2060,4138.9362
RE1,PWRSOL002,2061,4174.639
RE1,PWRSOL002,2062,4210.6641
RE1,PWRSOL002,2063,4247.0144
RE1,PWRSOL002,2064,4283.693
RE1,PWRSOL002,2065,4320.7031
RE1,PWRSOL002,2066,4358.0477
RE1,PWRSOL002,2067,4395.7299
RE1,PWRSOL002,2068,4433.753
RE1,PWRSOL002,2069,4472.1201
RE1,PWRSOL002,2070,4510.8345
RE1,PWRHYD004,2021,4.5402
RE1,PWRHYD004,2022,4.5402
RE1,PWRHYD004,2023,4.5402
RE1,PWRHYD004,2024,4.5402
RE1,PWRHYD004,2025,4.5402
RE1,PWRHYD004,2026,4.5402
RE1,PWRHYD004,2027,4.5402
RE1,PWRHYD004,2028,4.5402
RE1,PWRHYD004,2029,4.5402
RE1,PWRHYD004,2030,4.5402
RE1,PWRHYD004,2031,4.5402
RE1,PWRHYD004,2032,4.5402
RE1,PWRHYD004,2033,4.5402
RE1,PWRHYD004,2034,4.5402
RE1,PWRHYD004,2035,4.5402
RE1,PWRHYD004,2036,4.5402
RE1,PWRHYD004,2037,4.5402
RE1,PWRHYD004,2038,4.5402
RE1,PWRHYD004,2039,4.5402
RE1,PWRHYD004,2040,4.5402
RE1,PWRHYD004,2041,4.5402
RE1,PWRHYD004,2042,4.5402
RE1,PWRHYD004,2043,4.5402
RE1,PWRHYD004,2044,4.5402
RE1,PWRHYD004,2045,4.5402
RE1,PWRHYD004,2046,4.5402
RE1,PWRHYD004,2047,4.5402
RE1,PWRHYD004,2048,4.5402
RE1,PWRHYD004,2049,4.5402
RE1,PWRHYD004,2050,4.5402
RE1,PWRHYD004,2051,4.5402
RE1,PWRHYD004,2052,4.5402
RE1,PWRHYD004,2053,4.5402
RE1,PWRHYD004,2054,4.5402
RE1,PWRHYD004,2055,4.5402
RE1,PWRHYD004,2056,4.5402
RE1,PWRHYD004,2057,4.5402
RE1,PWRHYD004,2058,4.5402
RE1,PWRHYD004,2059,4.5402
RE1,PWRHYD004,2060,4.5402
RE1,PWRHYD004,2061,4.5402
RE1,PWRHYD004,2062,4.5402
RE1,PWRHYD004,2063,4.5402
RE1,PWRHYD004,2064,4.5402
RE1,PWRHYD004,2065,4.5402
RE1,PWRHYD004,2066,4.5402
RE1,PWRHYD004,2067,4.5402
RE1,PWRHYD004,2068,4.5402
RE1,PWRHYD004,2069,4.5402
RE1,PWRHYD004,2070,4.5402
RE1,DEMTRACARELC,2029,14.2661
RE1,DEMTRACARELC,2030,82.495
RE1,DEMTRACARELC,2031,127.3805
RE1,DEMTRACARELC,2032,147.6048
RE1,DEMTRACARELC,2033,140.8104
RE1,DEMTRACARELC,2034,104.6411
RE1,DEMTRACARELC,2035,36.7429
RE1,DEMTRABUSELC,2026,158.0721
RE1,DEMTRABUSELC,2027,355.0456
RE1,DEMTRABUSELC,2028,541.0529
RE1,DEMTRABUSELC,2029,813.3411
RE1,DEMTRABUSELC,2030,1030.4366
RE1,DEMTRABUSELC,2031,1192.3394
RE1,DEMTRABUSELC,2032,1299.0495
RE1,DEMTRABUSELC,2033,1350.5669
RE1,DEMTRABUSELC,2034,1346.8916
RE1,DEMTRABUSELC,2035,1288.0236
RE1,DEMTRABUSELC,2036,1173.9629
RE1,DEMTRABUSELC,2037,1004.7095
RE1,DEMTRABUSELC,2038,780.2634
RE1,DEMTRABUSELC,2039,500.6246
RE1,DEMTRABUSELC,2040,153.5806
RE1,DEMTRAMCYGSL,2015,220.5428
RE1,DEMTRAMCYGSL,2016,231.243
RE1,DEMTRAMCYGSL,2017,238.8578
RE1,DEMTRAMCYGSL,2018,247.0011
RE1,DEMTRAMCYGSL,2019,255.0563
RE1,DEMTRAMCYGSL,2020,263.2179
RE1,DEMTRAMCYGSL,2021,265.6798
RE1,DEMTRAMCYGSL,2022,268.1418
RE1,DEMTRAMCYGSL,2023,270.6037
RE1,DEMTRAMCYGSL,2024,273.0656
RE1,DEMTRAMCYGSL,2025,275.5275
RE1,DEMTRAMCYGSL,2026,277.9894
RE1,DEMTRAMCYGSL,2027,280.4514
RE1,DEMTRAMCYGSL,2028,282.9133
RE1,DEMTRAMCYGSL,2029,285.3752
RE1,DEMTRAMCYGSL,2030,34.8346
RE1,DEMTRAMCYGSL,2031,25.3522
RE1,DEMTRAMCYGSL,2032,19.4245
RE1,DEMTRAMCYGSL,2033,12.9076
RE1,DEMTRAMCYGSL,2034,6.5068
RE1,DEMTRACARGSL,2036,181.9985
RE1,DEMTRACARGSL,2037,464.9648
RE1,DEMTRACARGSL,2038,719.4797
RE1,DEMTRACARGSL,2039,943.2956
RE1,DEMTRACARGSL,2040,1059.6584
RE1,DEMTRACARGSL,2041,1108.6996
RE1,DEMTRACARGSL,2042,1088.4782
RE1,DEMTRACARGSL,2043,996.9701
RE1,DEMTRACARGSL,2044,832.1519
RE1,DEMTRACARGSL,2045,747.8965
RE1,DEMTRACARGSL,2046,726.6486
RE1,DEMTRACARGSL,2047,649.7074
RE1,DEMTRACARGSL,2048,529.1413
RE1,DEMTRACARGSL,2049,253.8912
RE1,DEMTRABUSGSL,2041,99.8372
RE1,DEMTRABUSGSL,2042,278.93
RE1,DEMTRABUSGSL,2043,458.0228
RE1,DEMTRABUSGSL,2044,637.1156
RE1,DEMTRABUSGSL,2045,714.3815
RE1,DEMTRABUSGSL,2046,648.0547
RE1,DEMTRABUSGSL,2047,531.1014
RE1,DEMTRABUSGSL,2048,355.0389
RE1,DEMTRABUSGSL,2049,201.0096
RE1,DEMINDHEBIO,2015,244.2214
RE1,DEMINDHEBIO,2016,244.3914
RE1,DEMINDHEBIO,2017,244.3914
RE1,DEMINDHEBIO,2018,244.5615
RE1,DEMINDHEBIO,2019,244.5615
RE1,DEMINDHEBIO,2020,244.7316
RE1,DEMINDHEBIO,2021,244.9017
RE1,DEMINDHEBIO,2022,247.2109
RE1,DEMINDHEBIO,2023,250.9477
RE1,DEMINDHEBIO,2024,254.6848
RE1,DEMINDHEBIO,2025,258.4223
RE1,DEMINDHEBIO,2026,262.5354
RE1,DEMINDHEBIO,2027,266.4645
RE1,DEMINDHEBIO,2028,270.5761
RE1,DEMINDHEBIO,2029,274.6887
RE1,DEMINDHEBIO,2030,239.2633
RE1,DEMINDHEBIO,2031,239.4287
RE1,DEMINDHEBIO,2032,239.594
RE1,DEMINDHEBIO,2033,239.7594
RE1,DEMINDHEBIO,2034,239.9247
RE1,DEMINDHEBIO,2035,240.0901
RE1,DEMINDHEBIO,2036,240.2554
RE1,DEMINDHEBIO,2037,238.2528
RE1,DEMINDHEBIO,2038,234.8143
RE1,DEMINDHEBIO,2039,231.3756
RE1,DEMINDHEBIO,2040,227.9365
RE1,DEMINDHEBIO,2041,224.2716
RE1,DEMINDHEBIO,2042,220.4498
RE1,DEMINDHEBIO,2043,216.7756
RE1,DEMINDHEBIO,2044,212.9496
RE1,DEMINDHEBIO,2045,57.8441
RE1,DEMINDHEBIO,2046,57.923
RE1,DEMINDHEBIO,2047,57.9624
RE1,DEMINDHEBIO,2048,58.0414
RE1,DEMINDHEBIO,2049,58.1203
RE1,DEMINDHEBIO,2050,58.1597
RE1,DEMINDHEBIO,2051,58.2386
RE1,DEMINDHEBIO,2052,58.3176
RE1,DEMINDHEBIO,2053,58.3965
RE1,DEMINDHEBIO,2054,58.4754
RE1,DEMINDHEBIO,2055,58.5938
RE1,DEMINDHEBIO,2056,58.6332
RE1,DEMINDHEBIO,2057,58.7516
RE1,DEMINDHEBIO,2058,58.8305
RE1,DEMINDHEBIO,2059,58.9094
RE1,DEMRESCKNELC,2015,0.5365
RE1,DEMRESCKNELC,2016,0.5101
RE1,DEMRESCKNELC,2017,0.5176
RE1,DEMRESCKNELC,2018,0.5361
RE1,DEMRESCKNELC,2019,0.5093
RE1,DEMRESCKNELC,2020,0.4825
RE1,DEMRESCKNELC,2021,6.5702
RE1,DEMRESCKNELC,2022,11.8126
RE1,DEMRESCKNELC,2023,17.9003
RE1,DEMRESCKNELC,2024,23.988
RE1,DEMRESCKNELC,2025,30.0758
RE1,DEMRESCKNELC,2026,31.6363
RE1,DEMRESCKNELC,2027,33.388
RE1,DEMRESCKNELC,2028,37.1382
RE1,DEMRESCKNELC,2029,37.7153
RE1,DEMRESCKNELC,2030,39.9475
RE1,DEMRESCKNELC,2031,39.9207
RE1,DEMRESCKNELC,2032,40.1195
RE1,DEMRESCKNELC,2033,43.6948
RE1,DEMRESCKNELC,2034,45.3791
RE1,DEMRESCKNELC,2035,47.4899
RE1,DEMRESCKNELC,2036,53.5777
RE1,DEMRESCKNELC,2037,59.6654
RE1,DEMRESCKNELC,2038,65.7532
RE1,DEMRESCKNELC,2039,71.8677
RE1,DEMRESCKNELC,2040,74.5138
RE1,DEMRESCKNELC,2041,77.446
RE1,DEMRESCKNELC,2042,77.446
RE1,DEMRESCKNELC,2043,77.446
RE1,DEMRESCKNELC,2044,77.446
RE1,DEMRESCKNELC,2045,82.6972
RE1,DEMRESCKNELC,2046,82.6972
RE1,DEMRESCKNELC,2047,82.6972
RE1,DEMRESCKNELC,2048,82.6972
RE1,DEMRESCKNELC,2049,82.6972
RE1,DEMRESCKNELC,2050,86.1512
RE1,DEMRESCKNELC,2051,96.2344
RE1,DEMRESCKNELC,2052,96.5276
RE1,DEMRESCKNELC,2053,97.3192
RE1,DEMRESCKNELC,2054,98.1622
RE1,DEMRESCKNELC,2055,99.0124
RE1,DEMRESCKNELC,2056,99.8699
RE1,DEMRESCKNELC,2057,100.7349
RE1,DEMRESCKNELC,2058,101.6072
RE1,DEMRESCKNELC,2059,102.4872
RE1,DEMRESCKNELC,2060,103.3747
RE1,DEMRESCKNELC,2061,104.2698
RE1,DEMRESCKNELC,2062,105.1727
RE1,DEMRESCKNELC,2063,106.0834
RE1,DEMRESCKNELC,2064,107.0019
RE1,DEMRESCKNELC,2065,107.9284
RE1,DEMRESCKNELC,2066,108.8629
RE1,DEMRESCKNELC,2067,109.8055
RE1,DEMRESCKNELC,2068,105.9784
RE1,DEMRESCKNELC,2069,102.1182
RE1,DEMRESCKNELC,2070,99.4722
RE1,DEMRESCKNOIL,2015,17.9449
RE1,DEMRESCKNOIL,2016,17.059
RE1,DEMRESCKNOIL,2017,17.3102
RE1,DEMRESCKNOIL,2018,17.9308
RE1,DEMRESCKNOIL,2019,17.0343
RE1,DEMRESCKNOIL,2020,16.1377
RE1,DEMRESCKNOIL,2021,15.2412
RE1,DEMRESCKNOIL,2022,14.3446
RE1,DEMRESCKNOIL,2023,13.4481
RE1,DEMRESCKNOIL,2024,12.5516
RE1,DEMRESCKNOIL,2025,11.655
RE1,DEMRESCKNOIL,2026,10.7585
RE1,DEMRESCKNOIL,2027,9.8619
RE1,DEMRESCKNOIL,2028,8.9654
RE1,DEMRESCKNOIL,2029,8.0689
RE1,DEMRESCKNOIL,2030,7.1723
RE1,DEMRESCKNOIL,2031,6.2758
RE1,DEMRESCKNOIL,2032,5.3792
RE1,DEMRESCKNOIL,2033,4.4827
RE1,DEMRESCKNOIL,2034,3.5862
RE1,DEMRESCKNOIL,2035,2.6896
RE1,DEMRESCKNOIL,2036,1.7931
RE1,DEMRESCKNOIL,2037,0.8965
RE1,DEMRESCKNBIO,2015,22.1831
RE1,DEMRESCKNBIO,2016,21.0881
RE1,DEMRESCKNBIO,2017,21.3985
RE1,DEMRESCKNBIO,2018,22.1657
RE1,DEMRESCKNBIO,2019,21.0574
RE1,DEMRESCKNBIO,2020,19.9492
RE1,DEMRESCKNBIO,2021,18.8409
RE1,DEMRESCKNBIO,2022,17.7326
RE1,DEMRESCKNBIO,2023,16.6243
RE1,DEMRESCKNBIO,2024,15.516
RE1,DEMRESCKNBIO,2025,14.4077
RE1,DEMRESCKNBIO,2026,13.2994
RE1,DEMRESCKNBIO,2027,12.1911
RE1,DEMRESCKNBIO,2028,11.0829
RE1,DEMRESCKNBIO,2029,9.9746
RE1,DEMRESCKNBIO,2030,8.8663
RE1,DEMRESCKNBIO,2031,7.758
RE1,DEMRESCKNBIO,2032,6.6497
RE1,DEMRESCKNBIO,2033,5.5414
RE1,DEMRESCKNBIO,2034,4.4331
RE1,DEMRESCKNBIO,2035,3.3249
RE1,DEMRESCKNBIO,2036,2.2166
RE1,DEMRESCKNBIO,2037,1.1083
RE1,DEMRESHEBIO,2015,48.3738
RE1,DEMRESHEBIO,2016,48.4075
RE1,DEMRESHEBIO,2017,48.4075
RE1,DEMRESHEBIO,2018,48.4412
RE1,DEMRESHEBIO,2019,49.6541
RE1,DEMRESHEBIO,2020,50.8992
RE1,DEMRESHEBIO,2021,51.8355
RE1,DEMRESHEBIO,2022,52.7343
RE1,DEMRESHEBIO,2023,53.6684
RE1,DEMRESHEBIO,2024,54.6018
RE1,DEMRESHEBIO,2025,55.5347
RE1,DEMRESHEBIO,2026,56.5548
RE1,DEMRESHEBIO,2027,57.5344
RE1,DEMRESHEBIO,2028,58.5526
RE1,DEMRESHEBIO,2029,59.5704
RE1,DEMRESHEBIO,2030,60.588
RE1,DEMRESHEBIO,2031,60.6298
RE1,DEMRESHEBIO,2032,60.6717
RE1,DEMRESHEBIO,2033,60.7136
RE1,DEMRESHEBIO,2034,59.5316
RE1,DEMRESHEBIO,2035,58.3511
RE1,DEMRESHEBIO,2036,57.4822
RE1,DEMRESHEBIO,2037,56.6532
RE1,DEMRESHEBIO,2038,55.7854
RE1,DEMRESHEBIO,2039,54.9182
RE1,DEMRESHEBIO,2040,54.0515
RE1,DEMRESHEBIO,2041,53.1332
RE1,DEMRESHEBIO,2042,52.1785
RE1,DEMRESHEBIO,2043,51.2593
RE1,DEMRESHEBIO,2044,50.3049
RE1,DEMRESHEBIO,2045,30.0326
RE1,DEMRESHEBIO,2046,30.0735
RE1,DEMRESHEBIO,2047,30.094
RE1,DEMRESHEBIO,2048,30.135
RE1,DEMRESHEBIO,2049,30.176
RE1,DEMRESHEBIO,2050,30.1965
RE1,DEMRESHEBIO,2051,30.2374
RE1,DEMRESHEBIO,2052,30.2784
RE1,DEMRESHEBIO,2053,30.3194
RE1,DEMRESHEBIO,2054,30.3603
RE1,DEMRESHEBIO,2055,30.4218
RE1,DEMRESHEBIO,2056,30.4423
RE1,DEMRESHEBIO,2057,30.5037
RE1,DEMRESHEBIO,2058,30.5447
RE1,DEMRESHEBIO,2059,30.5857
RE1,DEMRESHEOIL,2015,0.0238
RE1,DEMRESHEOIL,2016,0.0238
RE1,DEMRESHEOIL,2017,0.0238
RE1,DEMRESHEOIL,2018,0.0238
RE1,DEMRESHEOIL,2019,0.0238
RE1,DEMRESHEOIL,2020,0.0238
RE1,DEMRESHEOIL,2021,0.0238
RE1,DEMRESHEOIL,2022,0.0238
RE1,DEMRESHEOIL,2023,0.0238
RE1,DEMRESHEOIL,2024,0.0238
RE1,DEMRESHEOIL,2025,0.0238
RE1,DEMRESHEOIL,2026,0.0238
RE1,DEMRESHEOIL,2027,0.0238
RE1,DEMRESHEOIL,2028,0.0238
RE1,DEMRESHEOIL,2029,0.0238
RE1,DEMRESHEOIL,2049,5.125
RE1,DEMRESHEOIL,2050,5.125
RE1,DEMRESHEOIL,2051,5.125
RE1,DEMRESHEOIL,2052,5.125
RE1,DEMRESHEOIL,2053,5.125
RE1,DEMRESHEOIL,2054,5.125
RE1,DEMRESHEOIL,2055,5.125
RE1,DEMRESHEOIL,2056,5.125
RE1,DEMRESHEOIL,2057,5.125
RE1,DEMRESHEOIL,2058,5.125
RE1,DEMRESHEOIL,2059,5.125
RE1,DEMRESHEOIL,2060,5.125
RE1,DEMRESHEOIL,2061,5.125
RE1,DEMRESHEOIL,2062,5.125
RE1,DEMRESHEOIL,2063,5.125
RE1,DEMCOMHEOIL,2049,2.483
RE1,DEMCOMHEOIL,2050,2.483
RE1,DEMCOMHEOIL,2051,2.483
RE1,DEMCOMHEOIL,2052,2.483
RE1,DEMCOMHEOIL,2053,2.483
RE1,DEMCOMHEOIL,2054,2.483
RE1,DEMCOMHEOIL,2055,2.483
RE1,DEMCOMHEOIL,2056,2.483
RE1,DEMCOMHEOIL,2057,2.483
RE1,DEMCOMHEOIL,2058,2.483
RE1,DEMCOMHEOIL,2059,2.483
RE1,DEMCOMHEOIL,2060,2.483
RE1,DEMCOMHEOIL,2061,2.483
RE1,DEMCOMHEOIL,2062,2.483
RE1,DEMCOMHEOIL,2063,2.483
RE1,DEMCOMHEBIO,2015,21.3006
RE1,DEMCOMHEBIO,2016,22.3995
RE1,DEMCOMHEBIO,2017,22.9402
RE1,DEMCOMHEBIO,2018,23.4972
RE1,DEMCOMHEBIO,2019,24.0383
RE1,DEMCOMHEBIO,2020,24.5964
RE1,DEMCOMHEBIO,2021,25.0547
RE1,DEMCOMHEBIO,2022,25.4959
RE1,DEMCOMHEBIO,2023,25.9551
RE1,DEMCOMHEBIO,2024,26.4149
RE1,DEMCOMHEBIO,2025,26.8753
RE1,DEMCOMHEBIO,2026,27.3955
RE1,DEMCOMHEBIO,2027,27.8971
RE1,DEMCOMHEBIO,2028,28.4184
RE1,DEMCOMHEBIO,2029,28.9404
RE1,DEMCOMHEBIO,2030,29.463
RE1,DEMCOMHEBIO,2031,28.391
RE1,DEMCOMHEBIO,2032,27.8654
RE1,DEMCOMHEBIO,2033,27.339
RE1,DEMCOMHEBIO,2034,26.8119
RE1,DEMCOMHEBIO,2035,26.2841
RE1,DEMCOMHEBIO,2036,25.857
RE1,DEMCOMHEBIO,2037,25.4469
RE1,DEMCOMHEBIO,2038,25.0183
RE1,DEMCOMHEBIO,2039,24.5891
RE1,DEMCOMHEBIO,2040,24.1593
RE1,DEMCOMHEBIO,2041,23.6852
RE1,DEMCOMHEBIO,2042,23.194
RE1,DEMCOMHEBIO,2043,22.7175
RE1,DEMCOMHEBIO,2044,22.2245
RE1,DEMCOMHEBIO,2045,14.5442
RE1,DEMCOMHEBIO,2046,14.564
RE1,DEMCOMHEBIO,2047,14.574
RE1,DEMCOMHEBIO,2048,14.5938
RE1,DEMCOMHEBIO,2049,14.6136
RE1,DEMCOMHEBIO,2050,14.6236
RE1,DEMCOMHEBIO,2051,14.6434
RE1,DEMCOMHEBIO,2052,14.6632
RE1,DEMCOMHEBIO,2053,14.6831
RE1,DEMCOMHEBIO,2054,14.7029
RE1,DEMCOMHEBIO,2055,14.7327
RE1,DEMCOMHEBIO,2056,14.7426
RE1,DEMCOMHEBIO,2057,14.7724
RE1,DEMCOMHEBIO,2058,14.7922
RE1,DEMCOMHEBIO,2059,14.8121
RE1,DEMINDHECOA,2015,688.7859
RE1,DEMINDHECOA,2016,688.7859
RE1,DEMINDHECOA,2017,688.7859
RE1,DEMINDHECOA,2018,688.7859
RE1,DEMINDHECOA,2019,688.7859
RE1,DEMINDHECOA,2020,688.7859
RE1,DEMINDHECOA,2021,688.7859
RE1,DEMINDHECOA,2022,695.2807
RE1,DEMINDHECOA,2023,705.3007
RE1,DEMINDHECOA,2024,715.3074
RE1,DEMINDHECOA,2025,725.3016
RE1,DEMINDHECOA,2026,736.3355
RE1,DEMINDHECOA,2027,747.3554
RE1,DEMINDHECOA,2028,758.362
RE1,DEMINDHECOA,2029,769.3562
RE1,DEMINDHECOA,2030,780.3386
RE1,DEMINDHECOA,2031,790.2403
RE1,DEMINDHECOA,2032,800.1228
RE1,DEMINDHECOA,2033,809.9873
RE1,DEMINDHECOA,2034,819.8347
RE1,DEMINDHECOA,2035,829.6659
RE1,DEMINDHECOA,2036,838.2972
RE1,DEMINDHECOA,2037,846.9193
RE1,DEMINDHECOA,2038,855.5325
RE1,DEMINDHECOA,2039,864.1371
RE1,DEMINDHECOA,2040,872.7336
RE1,DEMINDHECOA,2041,881.6905
RE1,DEMINDHECOA,2042,870.6706
RE1,DEMINDHECOA,2043,859.664
RE1,DEMINDHECOA,2044,848.6698
RE1,DEMINDHECOA,2045,523.216
RE1,DEMINDHECOA,2046,513.3144
RE1,DEMINDHECOA,2047,503.4318
RE1,DEMINDHECOA,2048,493.5673
RE1,DEMINDHECOA,2049,483.7199
RE1,DEMINDHECOA,2050,473.8887
RE1,DEMINDHECOA,2051,465.2575
RE1,DEMINDHECOA,2052,450.1406
RE1,DEMINDHECOA,2053,431.5074
RE1,DEMINDHECOA,2054,412.8961
RE1,DEMINDHECOA,2055,394.3054
RE1,DEMINDHECOA,2056,374.3146
RE1,DEMINDHECOA,2057,374.3146
RE1,DEMINDHECOA,2058,374.3146
RE1,DEMINDHECOA,2059,374.3146
