r,t,y,CapitalInvestment
RE1,MINOIL,2020,0.2142
RE1,MINBIO,2015,0.1098
RE1,MINBIO,2016,0.1029
RE1,MINBIO,2017,0.1043
RE1,MINBIO,2018,0.107
RE1,MINBIO,2019,0.1091
RE1,MINBIO,2020,0.1111
RE1,MINBIO,2021,0.1089
RE1,MINBIO,2022,0.1065
RE1,MINBIO,2023,0.1041
RE1,MINBIO,2024,0.1015
RE1,MINBIO,2025,0.0988
RE1,MINBIO,2026,0.0962
RE1,MINBIO,2027,0.0934
RE1,MINBIO,2028,0.0943
RE1,MINBIO,2029,0.0955
RE1,MINBIO,2030,0.0883
RE1,MINBIO,2031,0.0694
RE1,MINBIO,2032,0.0666
RE1,MINBIO,2033,0.0637
RE1,MINBIO,2034,0.0608
RE1,MINBIO,2035,0.0577
RE1,MINBIO,2036,0.0545
RE1,MINBIO,2037,0.0511
RE1,MINBIO,2038,0.0477
RE1,MINBIO,2039,0.0442
RE1,MINBIO,2040,0.0406
RE1,MINBIO,2041,0.0369
RE1,MINBIO,2042,0.0332
RE1,MINBIO,2043,0.0293
RE1,MINBIO,2044,0.0254
RE1,MINBIO,2045,0.0214
RE1,MINBIO,2046,0.0172
RE1,MINBIO,2047,0.013
RE1,MINBIO,2048,0.0087
RE1,MINBIO,2049,0.0044
RE1,IMPCOA,2028,0.0505
RE1,IMPCOA,2029,0.3328
RE1,IMPCOA,2030,0.3341
RE1,IMPCOA,2031,0.3311
RE1,IMPCOA,2032,0.3322
RE1,IMPCOA,2033,0.3333
RE1,IMPCOA,2034,0.3345
RE1,IMPCOA,2035,0.3356
RE1,IMPCOA,2036,0.3366
RE1,IMPCOA,2037,0.3271
RE1,IMPCOA,2038,0.328
RE1,IMPCOA,2039,0.3132
RE1,IMPCOA,2040,0.2936
RE1,IMPCOA,2041,0.2556
RE1,IMPCOA,2042,0.2193
RE1,IMPCOA,2043,0.1815
RE1,IMPCOA,2044,0.1421
RE1,IMPCOA,2045,0.1518
RE1,IMPCOA,2046,0.1083
RE1,IMPCOA,2047,0.0638
RE1,IMPCOA,2048,0.0406
RE1,IMPCOA,2049,0.0205
RE1,MINCOA,2015,0.1202
RE1,MINCOA,2016,0.112
RE1,MINCOA,2017,0.1135
RE1,MINCOA,2018,0.1506
RE1,MINCOA,2019,0.1522
RE1,MINCOA,2020,0.1539
RE1,MINCOA,2021,0.155
RE1,MINCOA,2022,0.1589
RE1,MINCOA,2023,0.2168
RE1,MINCOA,2024,0.2995
RE1,MINCOA,2025,0.3155
RE1,MINCOA,2026,0.3316
RE1,MINCOA,2027,0.3329
RE1,MINCOA,2028,0.2836
RE1,IMPLFO,2015,0.5551
RE1,IMPLFO,2016,0.5743
RE1,IMPLFO,2017,0.5873
RE1,IMPLFO,2018,0.6018
RE1,IMPLFO,2019,0.6157
RE1,IMPLFO,2020,0.4369
RE1,IMPLFO,2021,0.6071
RE1,IMPLFO,2022,0.5961
RE1,IMPLFO,2023,0.5966
RE1,IMPLFO,2024,0.5841
RE1,IMPLFO,2025,0.5694
RE1,IMPLFO,2026,0.5579
RE1,IMPLFO,2027,0.5441
RE1,IMPLFO,2028,0.5295
RE1,IMPLFO,2029,0.514
RE1,IMPLFO,2030,0.4978
RE1,IMPLFO,2031,0.4794
RE1,IMPLFO,2032,0.4603
RE1,IMPLFO,2033,0.4405
RE1,IMPLFO,2034,0.4201
RE1,IMPLFO,2035,0.3989
RE1,IMPLFO,2036,0.3767
RE1,IMPLFO,2037,0.3538
RE1,IMPLFO,2038,0.3303
RE1,IMPLFO,2039,0.3062
RE1,IMPLFO,2040,0.2814
RE1,IMPLFO,2041,0.2559
RE1,IMPLFO,2042,0.2298
RE1,IMPLFO,2043,0.2032
RE1,IMPLFO,2044,0.1759
RE1,IMPLFO,2045,0.1481
RE1,IMPLFO,2046,0.1194
RE1,IMPLFO,2047,0.0902
RE1,IMPLFO,2048,0.0606
RE1,IMPLFO,2049,0.0305
RE1,MINNGS,2015,0.0785
RE1,MINNGS,2016,0.0818
RE1,MINNGS,2017,0.0847
RE1,MINNGS,2018,0.0705
RE1,MINNGS,2019,0.0767
RE1,MINNGS,2020,0.0829
RE1,MINNGS,2021,0.0819
RE1,MINNGS,2022,0.082
RE1,MINNGS,2023,0.0464
RE1,MINSOL,2015,0.0019
RE1,MINSOL,2016,0.0019
RE1,MINSOL,2017,0.0019
RE1,MINSOL,2018,0.0019
RE1,MINSOL,2019,0.0019
RE1,MINSOL,2020,0.0019
RE1,MINSOL,2021,0.0181
RE1,MINSOL,2022,0.0389
RE1,MINSOL,2023,0.0456
RE1,MINSOL,2024,0.0491
RE1,MINSOL,2025,0.0533
RE1,MINSOL,2026,0.0665
RE1,MINSOL,2027,0.0733
RE1,MINSOL,2028,0.079
RE1,MINSOL,2029,0.0828
RE1,MINSOL,2030,0.109
RE1,MINSOL,2031,0.1136
RE1,MINSOL,2032,0.1335
RE1,MINSOL,2033,0.1423
RE1,MINSOL,2034,0.1518
RE1,MINSOL,2035,0.1631
RE1,MINSOL,2036,0.1744
RE1,MINSOL,2037,0.1846
RE1,MINSOL,2038,0.1985
RE1,MINSOL,2039,0.2143
RE1,MINSOL,2040,0.2248
RE1,MINSOL,2041,0.2338
RE1,MINSOL,2042,0.2424
RE1,MINSOL,2043,0.2504
RE1,MINSOL,2044,0.2553
RE1,MINSOL,2045,0.2946
RE1,MINSOL,2046,0.3037
RE1,MINSOL,2047,0.3028
RE1,MINSOL,2048,0.3388
RE1,MINSOL,2049,0.3775
RE1,MINSOL,2050,0.4275
RE1,MINSOL,2051,0.4304
RE1,MINSOL,2052,0.4334
RE1,MINSOL,2053,0.437
RE1,MINSOL,2054,0.4407
RE1,MINSOL,2055,0.4445
RE1,MINSOL,2056,0.4482
RE1,MINSOL,2057,0.452
RE1,MINSOL,2058,0.4558
RE1,MINSOL,2059,0.4597
RE1,MINSOL,2060,0.4636
RE1,MINSOL,2061,0.4675
RE1,MINSOL,2062,0.4714
RE1,MINSOL,2063,0.4754
RE1,MINSOL,2064,0.4795
RE1,MINSOL,2065,0.4835
RE1,MINSOL,2066,0.4876
RE1,MINSOL,2067,0.4917
RE1,MINSOL,2068,0.489
RE1,MINSOL,2069,0.4862
RE1,MINSOL,2070,0.5043
RE1,MINWND,2015,0.0001
RE1,MINWND,2016,0.0001
RE1,MINWND,2017,0.0001
RE1,MINWND,2018,0.0001
RE1,MINWND,2019,0.0001
RE1,MINWND,2020,0.0001
RE1,MINWND,2021,0.0001
RE1,MINWND,2022,0.0001
RE1,MINWND,2023,0.0001
RE1,MINWND,2024,0.0001
RE1,MINWND,2025,0.0001
RE1,MINWND,2026,0.0043
RE1,MINWND,2027,0.0145
RE1,MINWND,2028,0.0239
RE1,MINWND,2029,0.0341
RE1,MINWND,2030,0.0362
RE1,MINWND,2031,0.0519
RE1,MINWND,2032,0.058
RE1,MINWND,2033,0.0712
RE1,MINWND,2034,0.083
RE1,MINWND,2035,0.0947
RE1,MINWND,2036,0.1063
RE1,MINWND,2037,0.119
RE1,MINWND,2038,0.1292
RE1,MINWND,2039,0.1379
RE1,MINWND,2040,0.151
RE1,MINWND,2041,0.1642
RE1,MINWND,2042,0.181
RE1,MINWND,2043,0.199
RE1,MINWND,2044,0.2186
RE1,MINWND,2045,0.2295
RE1,MINWND,2046,0.2488
RE1,MINWND,2047,0.2719
RE1,MINWND,2048,0.287
RE1,MINWND,2049,0.2986
RE1,MINWND,2050,0.2992
RE1,MINWND,2051,0.2993
RE1,MINWND,2052,0.3019
RE1,MINWND,2053,0.3045
RE1,MINWND,2054,0.3071
RE1,MINWND,2055,0.3098
RE1,MINWND,2056,0.3124
RE1,MINWND,2057,0.3151
RE1,MINWND,2058,0.3178
RE1,MINWND,2059,0.3206
RE1,MINWND,2060,0.3233
RE1,MINWND,2061,0.3261
RE1,MINWND,2062,0.3289
RE1,MINWND,2063,0.3318
RE1,MINWND,2064,0.3346
RE1,MINWND,2065,0.3375
RE1,MINWND,2066,0.3405
RE1,MINWND,2067,0.3434
RE1,MINWND,2068,0.3464
RE1,MINWND,2069,0.3494
RE1,MINWND,2070,0.3591
RE1,MINGEO,2021,0.0001
RE1,MINGEO,2022,0.0001
RE1,MINGEO,2023,0.0001
RE1,MINGEO,2024,0.0001
RE1,MINGEO,2025,0.0001
RE1,MINGEO,2026,0.0001
RE1,MINGEO,2027,0.0001
RE1,MINGEO,2028,0.0001
RE1,MINGEO,2029,0.0001
RE1,MINGEO,2030,0.0001
RE1,MINGEO,2031,0.0001
RE1,MINGEO,2032,0.0001
RE1,MINGEO,2033,0.0001
RE1,MINGEO,2034,0.0001
RE1,MINGEO,2035,0.0001
RE1,MINGEO,2036,0.0001
RE1,MINGEO,2037,0.0001
RE1,MINGEO,2038,0.0001
RE1,MINGEO,2039,0.0001
RE1,MINGEO,2040,0.0001
RE1,MINGEO,2041,0.0001
RE1,MINGEO,2042,0.0001
RE1,MINGEO,2043,0.0001
RE1,MINGEO,2044,0.0001
RE1,MINGEO,2045,0.0001
RE1,MINGEO,2046,0.0001
RE1,MINGEO,2047,0.0001
RE1,MINGEO,2048,0.0001
RE1,MINGEO,2049,0.0001
RE1,MINGEO,2050,0.0001
RE1,MINGEO,2051,0.0001
RE1,MINGEO,2052,0.0001
RE1,MINGEO,2053,0.0001
RE1,MINGEO,2054,0.0001
RE1,MINGEO,2055,0.0001
RE1,MINGEO,2056,0.0001
RE1,MINGEO,2057,0.0001
RE1,MINGEO,2058,0.0001
RE1,MINGEO,2059,0.0001
RE1,MINGEO,2060,0.0001
RE1,MINGEO,2061,0.0001
RE1,MINGEO,2062,0.0001
RE1,MINGEO,2063,0.0001
RE1,MINGEO,2064,0.0001
RE1,MINGEO,2065,0.0001
RE1,MINGEO,2066,0.0001
RE1,MINGEO,2067,0.0001
RE1,MINGEO,2068,0.0001
RE1,MINGEO,2069,0.0001
RE1,MINGEO,2070,0.0001
RE1,MINHYD,2015,0.0052
RE1,MINHYD,2016,0.0052
RE1,MINHYD,2017,0.0052
RE1,MINHYD,2018,0.0052
RE1,MINHYD,2019,0.0052
RE1,MINHYD,2020,0.0052
RE1,MINHYD,2021,0.0063
RE1,MINHYD,2022,0.0072
RE1,MINHYD,2023,0.0072
RE1,MINHYD,2024,0.0072
RE1,MINHYD,2025,0.0072
RE1,MINHYD,2026,0.0072
RE1,MINHYD,2027,0.0072
RE1,MINHYD,2028,0.0072
RE1,MINHYD,2029,0.0072
RE1,MINHYD,2030,0.0072
RE1,MINHYD,2031,0.0072
RE1,MINHYD,2032,0.0072
RE1,MINHYD,2033,0.0072
RE1,MINHYD,2034,0.0072
RE1,MINHYD,2035,0.0072
RE1,MINHYD,2036,0.0072
RE1,MINHYD,2037,0.0072
RE1,MINHYD,2038,0.0072
RE1,MINHYD,2039,0.0072
RE1,MINHYD,2040,0.0072
RE1,MINHYD,2041,0.0072
RE1,MINHYD,2042,0.0072
RE1,MINHYD,2043,0.0072
RE1,MINHYD,2044,0.0072
RE1,MINHYD,2045,0.0072
RE1,MINHYD,2046,0.0072
RE1,MINHYD,2047,0.0072
RE1,MINHYD,2048,0.0072
RE1,MINHYD,2049,0.0072
RE1,MINHYD,2050,0.0072
RE1,MINHYD,2051,0.0072
RE1,MINHYD,2052,0.0072
RE1,MINHYD,2053,0.0072
RE1,MINHYD,2054,0.0072
RE1,MINHYD,2055,0.0072
RE1,MINHYD,2056,0.0072
RE1,MINHYD,2057,0.0072
RE1,MINHYD,2058,0.0072
RE1,MINHYD,2059,0.0072
RE1,MINHYD,2060,0.0072
RE1,MINHYD,2061,0.0072
RE1,MINHYD,2062,0.0072
RE1,MINHYD,2063,0.0072
RE1,MINHYD,2064,0.0072
RE1,MINHYD,2065,0.0072
RE1,MINHYD,2066,0.0072
RE1,MINHYD,2067,0.0072
RE1,MINHYD,2068,0.0072
RE1,MINHYD,2069,0.0072
RE1,MINHYD,2070,0.0072
RE1,PWRCOA001,2017,38.4944
RE1,PWRCOA001,2018,5813.9904
RE1,PWRCOA001,2022,443.1234
RE1,PWRCOA001,2023,9434.803
RE1,PWRCOA001,2024,13538.652
RE1,PWRCOA001,2025,5578.5747
RE1,PWRCOA001,2026,2460.1495
RE1,PWRGEO,2021,16.5
RE1,PWRSOL001,2021,13024.401
RE1,PWRSOL001,2022,15813.85
RE1,PWRSOL001,2023,838.2042
RE1,PWRSOL001,2024,2307.6661
RE1,PWRSOL001,2025,2568.109
RE1,PWRSOL001,2026,964.4004
RE1,PWRSOL001,2027,951.1504
RE1,PWRSOL001,2028,1602.1081
RE1,PWRSOL001,2029,2128.1441
RE1,PWRSOL001,2030,3182.3729
RE1,PWRSOL001,2031,2084.1121
RE1,PWRSOL001,2032,2445.725
RE1,PWRSOL001,2033,2440.0767
RE1,PWRSOL001,2034,3562.6622
RE1,PWRSOL001,2035,3034.9315
RE1,PWRSOL001,2036,2954.6411
RE1,PWRSOL001,2037,2633.8508
RE1,PWRSOL001,2038,3483.7788
RE1,PWRSOL001,2039,3902.8667
RE1,PWRSOL001,2040,3929.939
RE1,PWRSOL001,2041,4034.6766
RE1,PWRSOL001,2042,3868.766
RE1,PWRSOL001,2043,3555.0175
RE1,PWRSOL001,2044,2231.1267
RE1,PWRSOL001,2045,3796.0589
RE1,PWRSOL001,2046,1077.4707
RE1,PWRSOL001,2047,2103.4417
RE1,PWRSOL001,2048,2324.1426
RE1,PWRSOL001,2049,2401.8748
RE1,PWRSOL001,2050,1852.6252
RE1,PWRSOL001,2051,7960.8029
RE1,PWRSOL001,2052,10087.762
RE1,PWRSOL001,2053,1256.5064
RE1,PWRSOL001,2054,2302.0409
RE1,PWRSOL001,2055,2625.7112
RE1,PWRSOL001,2056,1468.4323
RE1,PWRSOL001,2057,1480.0082
RE1,PWRSOL001,2058,2010.899
RE1,PWRSOL001,2059,2464.8081
RE1,PWRSOL001,2060,3369.5798
RE1,PWRSOL001,2061,2514.0107
RE1,PWRSOL001,2062,2863.0827
RE1,PWRSOL001,2063,2908.0936
RE1,PWRSOL001,2064,3952.9475
RE1,PWRSOL001,2065,3551.0154
RE1,PWRSOL001,2066,3538.1696
RE1,PWRSOL001,2067,3298.5294
RE1,PWRSOL001,2068,5387.5526
RE1,PWRSOL001,2069,5885.6083
RE1,PWRSOL001,2070,2333.2419
RE1,PWRCSP002,2048,43699.622
RE1,PWRCSP002,2049,95822.989
RE1,PWRCSP002,2050,141179.73
RE1,PWRCSP002,2053,2038.2312
RE1,PWRCSP002,2054,2232.3432
RE1,PWRCSP002,2055,2244.2958
RE1,PWRCSP002,2056,2256.258
RE1,PWRCSP002,2057,2268.2634
RE1,PWRCSP002,2058,2280.3328
RE1,PWRCSP002,2059,2292.3893
RE1,PWRCSP002,2060,2304.5174
RE1,PWRCSP002,2061,2316.6485
RE1,PWRCSP002,2062,2328.8378
RE1,PWRCSP002,2063,2341.0458
RE1,PWRCSP002,2064,2353.2834
RE1,PWRCSP002,2065,2365.5636
RE1,PWRCSP002,2066,2377.8581
RE1,PWRCSP002,2067,2390.227
RE1,PWRCSP002,2068,2402.5585
RE1,PWRCSP002,2069,2414.9255
RE1,PWRCSP002,2070,2427.4029
RE1,PWRHYD001,2021,1116.535
RE1,PWRHYD001,2051,5600.421
RE1,PWRHYD001,2061,1116.535
RE1,PWRHYD002,2021,46.9994
RE1,PWRHYD002,2051,235.744
RE1,PWRHYD002,2061,46.9994
RE1,PWRHYD003,2022,1362.06
RE1,PWRHYD003,2062,1362.06
RE1,PWRWND001,2026,11188.048
RE1,PWRWND001,2027,27010.818
RE1,PWRWND001,2028,7202.3297
RE1,PWRWND001,2030,845.1633
RE1,PWRWND001,2031,35438.074
RE1,PWRWND001,2032,11179.792
RE1,PWRWND001,2033,16137.536
RE1,PWRWND001,2034,6478.9251
RE1,PWRWND001,2035,7508.4821
RE1,PWRWND001,2036,7453.3186
RE1,PWRWND001,2037,6777.1196
RE1,PWRWND001,2038,2311.9064
RE1,PWRWND001,2040,28054.803
RE1,PWRWND001,2041,11044.948
RE1,PWRWND001,2042,10590.767
RE1,PWRWND001,2043,9731.8789
RE1,PWRWND001,2044,6107.721
RE1,PWRWND001,2045,8071.1537
RE1,PWRWND001,2046,5270.1588
RE1,PWRWND001,2047,5758.1826
RE1,PWRWND001,2048,18115.75
RE1,PWRWND001,2049,1844.5348
RE1,PWRWND001,2052,1968.7669
RE1,PWRWND001,2053,1986.4804
RE1,PWRWND001,2054,2004.361
RE1,PWRWND001,2055,2022.4071
RE1,PWRWND001,2056,10960.85
RE1,PWRWND001,2057,23984.444
RE1,PWRWND001,2058,8031.6465
RE1,PWRWND001,2059,2096.3015
RE1,PWRWND001,2060,2840.6336
RE1,PWRWND001,2061,33438.71
RE1,PWRWND001,2062,12325.925
RE1,PWRWND001,2063,17311.069
RE1,PWRWND001,2064,8464.5093
RE1,PWRWND001,2065,9720.9232
RE1,PWRWND001,2066,9685.7578
RE1,PWRWND001,2067,9029.7414
RE1,PWRWND001,2068,4584.9055
RE1,PWRWND001,2069,2293.5674
RE1,PWRWND002,2028,19698.815
RE1,PWRWND002,2029,28368.381
RE1,PWRWND002,2030,5065.521
RE1,PWRWND002,2031,3358.8824
RE1,PWRWND002,2032,3992.361
RE1,PWRWND002,2033,4035.7893
RE1,PWRWND002,2034,4341.3228
RE1,PWRWND002,2035,5159.0699
RE1,PWRWND002,2036,5083.2325
RE1,PWRWND002,2037,4587.5655
RE1,PWRWND002,2038,6145.357
RE1,PWRWND002,2039,6974.9655
RE1,PWRWND002,2041,14315.119
RE1,PWRWND002,2042,6899.5836
RE1,PWRWND002,2043,6290.5107
RE1,PWRWND002,2044,3916.8346
RE1,PWRWND002,2045,5134.8897
RE1,PWRWND002,2046,3326.0661
RE1,PWRWND002,2047,3604.7573
RE1,PWRWND002,2048,3950.5998
RE1,PWRWND002,2049,8374.2082
RE1,PWRWND002,2052,1202.4334
RE1,PWRWND002,2053,1213.252
RE1,PWRWND002,2054,1224.1727
RE1,PWRWND002,2055,1235.1944
RE1,PWRWND002,2056,1246.3205
RE1,PWRWND002,2057,1257.5503
RE1,PWRWND002,2058,18153.583
RE1,PWRWND002,2059,27643.825
RE1,PWRWND002,2060,5633.7483
RE1,PWRWND002,2061,4203.2848
RE1,PWRWND002,2062,4786.9135
RE1,PWRWND002,2063,4862.1693
RE1,PWRWND002,2064,5169.7379
RE1,PWRWND002,2065,5937.0984
RE1,PWRWND002,2066,5915.621
RE1,PWRWND002,2067,5514.9559
RE1,PWRWND002,2068,6974.9328
RE1,PWRWND002,2069,7790.0882
RE1,PWRWND002,2070,1413.4833
RE1,PWRSOL001S,2023,343.7259
RE1,PWRSOL001S,2024,19696.346
RE1,PWRSOL001S,2025,20561.122
RE1,PWRSOL001S,2026,1268.5391
RE1,PWRSOL001S,2027,1234.5254
RE1,PWRSOL001S,2028,2050.3025
RE1,PWRSOL001S,2029,2683.1434
RE1,PWRSOL001S,2030,3949.2891
RE1,PWRSOL001S,2031,2587.5419
RE1,PWRSOL001S,2032,3035.0236
RE1,PWRSOL001S,2033,3029.4535
RE1,PWRSOL001S,2034,3213.4585
RE1,PWRSOL001S,2035,3767.9378
RE1,PWRSOL001S,2036,3663.7059
RE1,PWRSOL001S,2037,3265.1999
RE1,PWRSOL001S,2038,4313.1475
RE1,PWRSOL001S,2039,4830.7208
RE1,PWRSOL001S,2040,4857.3452
RE1,PWRSOL001S,2041,4947.0242
RE1,PWRSOL001S,2042,4710.9057
RE1,PWRSOL001S,2043,4293.8149
RE1,PWRSOL001S,2044,2675.9425
RE1,PWRSOL001S,2045,3507.1046
RE1,PWRSOL001S,2046,2273.7392
RE1,PWRSOL001S,2047,2463.5541
RE1,PWRSOL001S,2048,2702.4002
RE1,PWRSOL001S,2049,2769.105
RE1,PWRSOL001S,2050,2120.2243
RE1,PWRSOL001S,2051,815.727
RE1,PWRSOL001S,2052,823.0639
RE1,PWRSOL001S,2053,1014.2319
RE1,PWRSOL001S,2054,12240.717
RE1,PWRSOL001S,2055,13824.595
RE1,PWRSOL001S,2056,1680.5372
RE1,PWRSOL001S,2057,1693.7852
RE1,PWRSOL001S,2058,2301.3596
RE1,PWRSOL001S,2059,2820.8327
RE1,PWRSOL001S,2060,3856.2926
RE1,PWRSOL001S,2061,2877.1423
RE1,PWRSOL001S,2062,3276.6354
RE1,PWRSOL001S,2063,3328.1478
RE1,PWRSOL001S,2064,3538.6781
RE1,PWRSOL001S,2065,4063.9353
RE1,PWRSOL001S,2066,4049.234
RE1,PWRSOL001S,2067,3774.9794
RE1,PWRSOL001S,2068,4774.3314
RE1,PWRSOL001S,2069,5332.3041
RE1,PWRSOL001S,2070,5465.119
RE1,PWRWND001S,2033,15178.267
RE1,PWRWND001S,2034,22862.079
RE1,PWRWND001S,2035,18835.141
RE1,PWRWND001S,2036,18982.605
RE1,PWRWND001S,2037,23434.7
RE1,PWRWND001S,2038,20479.603
RE1,PWRWND001S,2039,18516.225
RE1,PWRWND001S,2041,8433.6839
RE1,PWRWND001S,2042,27446.426
RE1,PWRWND001S,2043,32878.939
RE1,PWRWND001S,2044,44983.621
RE1,PWRWND001S,2045,15248.945
RE1,PWRWND001S,2046,45674.231
RE1,PWRWND001S,2047,55690.803
RE1,PWRWND001S,2048,15073.82
RE1,PWRWND001S,2049,21814.519
RE1,PWRWND001S,2050,1774.7015
RE1,PWRWND001S,2051,262.0464
RE1,PWRWND001S,2052,3449.5213
RE1,PWRWND001S,2053,3480.5574
RE1,PWRWND001S,2054,3511.8863
RE1,PWRWND001S,2055,3543.5054
RE1,PWRWND001S,2056,3575.4236
RE1,PWRWND001S,2057,3607.6396
RE1,PWRWND001S,2058,3640.1531
RE1,PWRWND001S,2059,3672.9777
RE1,PWRWND001S,2060,3706.1044
RE1,PWRWND001S,2061,3739.546
RE1,PWRWND001S,2062,3773.2974
RE1,PWRWND001S,2063,17745.411
RE1,PWRWND001S,2064,25498.196
RE1,PWRWND001S,2065,22286.812
RE1,PWRWND001S,2066,22500.66
RE1,PWRWND001S,2067,26922.743
RE1,PWRWND001S,2068,24098.839
RE1,PWRWND001S,2069,22222.682
RE1,PWRWND001S,2070,4054.9777
RE1,PWRTRNIMP,2015,0.0003
RE1,PWRTRNIMP,2016,0.0004
RE1,PWRTRNIMP,2017,0.0005
RE1,PWRTRNIMP,2018,0.0005
RE1,PWRTRNIMP,2019,0.0005
RE1,PWRTRNIMP,2020,0.0005
RE1,PWRTRNIMP,2021,0.0005
RE1,PWRTRNIMP,2022,0.0006
RE1,PWRTRNIMP,2023,0.0006
RE1,PWRTRNIMP,2024,0.0008
RE1,PWRTRNIMP,2025,0.0009
RE1,PWRTRNIMP,2026,0.0009
RE1,PWRTRNIMP,2027,0.0009
RE1,PWRTRNIMP,2028,0.0009
RE1,PWRTRNIMP,2029,0.0008
RE1,PWRTRNIMP,2030,0.0007
RE1,PWRTRNIMP,2031,0.0007
RE1,PWRTRNIMP,2032,0.0007
RE1,PWRTRNIMP,2033,0.0007
RE1,PWRTRNIMP,2034,0.0007
RE1,PWRTRNIMP,2035,0.0007
RE1,PWRTRNIMP,2036,0.0007
RE1,PWRTRNIMP,2037,0.0007
RE1,PWRTRNIMP,2038,0.0007
RE1,PWRTRNIMP,2039,0.0007
RE1,PWRTRNIMP,2040,0.001
RE1,PWRTRNIMP,2041,0.0013
RE1,PWRTRNIMP,2042,0.0011
RE1,PWRTRNIMP,2043,0.0009
RE1,PWRTRNIMP,2044,0.0009
RE1,PWRTRNIMP,2045,0.0013
RE1,PWRTRNIMP,2046,0.0015
RE1,PWRTRNIMP,2047,0.0014
RE1,PWRTRNIMP,2048,0.0016
RE1,PWRTRNIMP,2049,0.0016
RE1,PWRTRNIMP,2050,0.0007
RE1,PWRTRNIMP,2051,0.0007
RE1,PWRTRNIMP,2052,0.0007
RE1,PWRTRNIMP,2053,0.0007
RE1,PWRTRNIMP,2054,0.0006
RE1,PWRTRNIMP,2055,0.0007
RE1,PWRTRNIMP,2056,0.0007
RE1,PWRTRNIMP,2057,0.0007
RE1,PWRTRNIMP,2058,0.0007
RE1,PWRTRNIMP,2059,0.0007
RE1,PWRTRNIMP,2060,0.0013
RE1,PWRTRNIMP,2061,0.0012
RE1,PWRTRNIMP,2062,0.0012
RE1,PWRTRNIMP,2063,0.0011
RE1,PWRTRNIMP,2064,0.0011
RE1,PWRTRNIMP,2065,0.0011
RE1,PWRTRNIMP,2066,0.001
RE1,PWRTRNIMP,2067,0.001
RE1,PWRTRNIMP,2068,0.001
RE1,PWRTRNIMP,2069,0.001
RE1,PWRTRNIMP,2070,0.0006
RE1,PWRTRN,2025,823.8668
RE1,PWRTRN,2027,440.0142
RE1,PWRTRN,2028,330.397
RE1,PWRTRN,2029,670.76
RE1,PWRTRN,2030,664.1156
RE1,PWRTRN,2031,1319.5147
RE1,PWRTRN,2032,495.6805
RE1,PWRTRN,2033,752.5491
RE1,PWRTRN,2034,888.7942
RE1,PWRTRN,2035,903.3467
RE1,PWRTRN,2036,1357.4808
RE1,PWRTRN,2037,1448.2699
RE1,PWRTRN,2038,1548.7487
RE1,PWRTRN,2039,1601.0484
RE1,PWRTRN,2040,1725.8125
RE1,PWRTRN,2041,1877.7138
RE1,PWRTRN,2042,2066.7499
RE1,PWRTRN,2043,2069.7063
RE1,PWRTRN,2044,1838.7657
RE1,PWRTRN,2045,1138.1471
RE1,PWRTRN,2046,2055.3754
RE1,PWRTRN,2047,2034.3114
RE1,PWRTRN,2048,136.5764
RE1,PWRTRN,2049,2120.1292
RE1,PWRTRN,2050,5477.3543
RE1,PWRTRN,2051,10133.199
RE1,PWRTRN,2052,348.6117
RE1,PWRTRN,2053,391.5908
RE1,PWRTRN,2054,398.5514
RE1,PWRTRN,2055,401.9805
RE1,PWRTRN,2056,405.44
RE1,PWRTRN,2057,408.9305
RE1,PWRTRN,2058,412.4522
RE1,PWRTRN,2059,416.0052
RE1,PWRTRN,2060,419.5901
RE1,PWRTRN,2061,423.2068
RE1,PWRTRN,2062,426.8561
RE1,PWRTRN,2063,430.5378
RE1,PWRTRN,2064,434.2525
RE1,PWRTRN,2065,438.0005
RE1,PWRTRN,2066,441.7819
RE1,PWRTRN,2067,445.5975
RE1,PWRDIST,2025,135.4291
RE1,PWRDIST,2026,1.4774
RE1,PWRDIST,2027,208.9239
RE1,PWRDIST,2028,157.3632
RE1,PWRDIST,2029,318.0356
RE1,PWRDIST,2030,315.1068
RE1,PWRDIST,2031,624.7063
RE1,PWRDIST,2032,236.078
RE1,PWRDIST,2033,357.5703
RE1,PWRDIST,2034,422.1827
RE1,PWRDIST,2035,429.3355
RE1,PWRDIST,2036,644.3476
RE1,PWRDIST,2037,687.709
RE1,PWRDIST,2038,735.6971
RE1,PWRDIST,2039,760.9283
RE1,PWRDIST,2040,820.4925
RE1,PWRDIST,2041,892.967
RE1,PWRDIST,2042,983.105
RE1,PWRDIST,2043,985.1433
RE1,PWRDIST,2044,876.2983
RE1,PWRDIST,2045,544.6115
RE1,PWRDIST,2046,980.0802
RE1,PWRDIST,2047,970.7183
RE1,PWRDIST,2048,70.5066
RE1,PWRDIST,2049,1012.4305
RE1,PWRDIST,2050,2607.7661
RE1,PWRDIST,2051,5032.2434
RE1,PWRDIST,2052,165.5905
RE1,PWRDIST,2053,186.0056
RE1,PWRDIST,2054,189.3119
RE1,PWRDIST,2055,190.9407
RE1,PWRDIST,2056,192.584
RE1,PWRDIST,2057,194.242
RE1,PWRDIST,2058,195.9148
RE1,PWRDIST,2059,197.6025
RE1,PWRDIST,2060,199.3053
RE1,PWRDIST,2061,201.0232
RE1,PWRDIST,2062,202.7566
RE1,PWRDIST,2063,204.5055
RE1,PWRDIST,2064,206.27
RE1,PWRDIST,2065,208.0502
RE1,PWRDIST,2066,209.8464
RE1,PWRDIST,2067,211.6588
RE1,PWRSOL002,2023,8052.1191
RE1,PWRSOL002,2026,15808.824
RE1,PWRSOL002,2027,7012.005
RE1,PWRSOL002,2028,3914.4036
RE1,PWRSOL002,2030,26358.197
RE1,PWRSOL002,2031,994.0715
RE1,PWRSOL002,2032,19679.656
RE1,PWRSOL002,2033,5171.5793
RE1,PWRSOL002,2034,5581.4176
RE1,PWRSOL002,2035,6658.708
RE1,PWRSOL002,2036,6582.9466
RE1,PWRSOL002,2037,5964.7925
RE1,PWRSOL002,2038,8017.8375
RE1,PWRSOL002,2039,9137.4025
RE1,PWRSOL002,2040,2247.568
RE1,PWRSOL002,2045,45816.913
RE1,PWRSOL002,2048,21323.88
RE1,PWRSOL002,2049,5519.7981
RE1,PWRSOL002,2050,18091.447
RE1,PWRSOL002,2051,7858.8634
RE1,PWRSOL002,2052,5170.9124
RE1,PWRSOL002,2053,1661.5076
RE1,PWRSOL002,2054,26083.09
RE1,PWRSOL002,2055,2615.1834
RE1,PWRSOL002,2056,20065.289
RE1,PWRSOL002,2057,6563.2329
RE1,PWRSOL002,2058,6983.5421
RE1,PWRSOL002,2059,8033.5158
RE1,PWRSOL002,2060,8003.1903
RE1,PWRSOL002,2061,7453.5761
RE1,PWRSOL002,2062,9452.0332
RE1,PWRSOL002,2063,10567.421
RE1,PWRSOL002,2064,3995.0969
RE1,PWRSOL002,2065,1850.5029
RE1,PWRSOL002,2066,1867.2295
RE1,PWRSOL002,2067,1884.1104
RE1,PWRSOL002,2068,1901.1541
RE1,PWRSOL002,2069,46850.881
RE1,PWRSOL002,2070,1935.7176
RE1,PWRHYD004,2021,151.34
RE1,PWRHYD004,2061,151.34
RE1,PWRTRNEXP,2015,0.0
RE1,PWRTRNEXP,2016,0.0
RE1,PWRTRNEXP,2017,0.0
RE1,PWRTRNEXP,2018,0.0
RE1,PWRTRNEXP,2019,0.0
RE1,PWRTRNEXP,2020,0.0
RE1,PWRTRNEXP,2021,0.0
RE1,PWRTRNEXP,2022,0.0
RE1,PWRTRNEXP,2023,0.0
RE1,PWRTRNEXP,2024,0.0001
RE1,PWRTRNEXP,2025,0.0
RE1,PWRTRNEXP,2026,0.0
RE1,PWRTRNEXP,2027,0.0
RE1,PWRTRNEXP,2028,0.0
RE1,PWRTRNEXP,2029,0.0
RE1,PWRTRNEXP,2030,0.0
RE1,PWRTRNEXP,2031,0.0
RE1,PWRTRNEXP,2032,0.0
RE1,PWRTRNEXP,2033,0.0
RE1,PWRTRNEXP,2034,0.0
RE1,PWRTRNEXP,2035,0.0001
RE1,PWRTRNEXP,2036,0.0001
RE1,PWRTRNEXP,2037,0.0001
RE1,PWRTRNEXP,2038,0.0001
RE1,PWRTRNEXP,2039,0.0001
RE1,PWRTRNEXP,2040,0.0001
RE1,PWRTRNEXP,2041,0.0001
RE1,PWRTRNEXP,2042,0.0001
RE1,PWRTRNEXP,2043,0.0001
RE1,PWRTRNEXP,2044,0.0001
RE1,PWRTRNEXP,2045,0.0001
RE1,PWRTRNEXP,2046,0.0001
RE1,PWRTRNEXP,2047,0.0001
RE1,PWRTRNEXP,2048,0.0001
RE1,PWRTRNEXP,2049,0.0
RE1,PWRTRNEXP,2050,0.0001
RE1,PWRTRNEXP,2051,0.0001
RE1,PWRTRNEXP,2052,0.0001
RE1,PWRTRNEXP,2053,0.0001
RE1,PWRTRNEXP,2054,0.0001
RE1,PWRTRNEXP,2055,0.0001
RE1,PWRTRNEXP,2056,0.0001
RE1,PWRTRNEXP,2057,0.0001
RE1,PWRTRNEXP,2058,0.0001
RE1,PWRTRNEXP,2059,0.0001
RE1,PWRTRNEXP,2060,0.0001
RE1,PWRTRNEXP,2061,0.0001
RE1,PWRTRNEXP,2062,0.0001
RE1,PWRTRNEXP,2063,0.0001
RE1,PWRTRNEXP,2064,0.0001
RE1,PWRTRNEXP,2065,0.0001
RE1,PWRTRNEXP,2066,0.0001
RE1,PWRTRNEXP,2067,0.0001
RE1,PWRTRNEXP,2068,0.0001
RE1,PWRTRNEXP,2069,0.0001
RE1,PWRTRNEXP,2070,0.0
RE1,DEMTRAEVC,2021,624.1317
RE1,DEMTRAEVC,2022,624.1317
RE1,DEMTRAEVC,2023,624.1317
RE1,DEMTRAEVC,2024,624.1317
RE1,DEMTRAEVC,2025,624.1317
RE1,DEMTRAEVC,2026,872.1176
RE1,DEMTRAEVC,2027,974.5826
RE1,DEMTRAEVC,2028,1010.9442
RE1,DEMTRAEVC,2029,1096.9023
RE1,DEMTRAEVC,2030,1872.2346
RE1,DEMTRAEVC,2031,1670.2992
RE1,DEMTRAEVC,2032,1694.4925
RE1,DEMTRAEVC,2033,1080.3833
RE1,DEMTRAEVC,2034,1196.6836
RE1,DEMTRAEVC,2035,1268.5828
RE1,DEMTRAEVC,2036,1228.5366
RE1,DEMTRAEVC,2037,1468.4076
RE1,DEMTRAEVC,2038,1411.7097
RE1,DEMTRAEVC,2039,2340.2678
RE1,DEMTRAEVC,2040,1375.3008
RE1,DEMTRAEVC,2041,2131.2094
RE1,DEMTRAEVC,2042,1372.7874
RE1,DEMTRAEVC,2043,1288.2208
RE1,DEMTRAEVC,2044,1308.9783
RE1,DEMTRAEVC,2045,1004.0825
RE1,DEMTRAEVC,2046,1935.8389
RE1,DEMTRAEVC,2047,1480.853
RE1,DEMTRAEVC,2048,1489.7898
RE1,DEMTRAEVC,2049,1538.1633
RE1,DEMTRAEVC,2050,2398.5574
RE1,DEMTRAEVC,2051,695.6889
RE1,DEMTRAEVC,2052,503.8102
RE1,DEMTRAEVC,2053,507.8493
RE1,DEMTRAEVC,2054,1027.9486
RE1,DEMTRAEVC,2056,520.1664
RE1,DEMTRAEVC,2057,1976.1207
RE1,DEMTRAEVC,2058,3069.1645
RE1,DEMTRAEVC,2059,3073.4066
RE1,DEMTRAEVC,2060,1867.6227
RE1,DEMTRAEVC,2061,403.113
RE1,DEMTRAEVC,2062,406.2329
RE1,DEMTRAEVC,2063,409.3771
RE1,DEMTRAEVC,2064,412.5458
RE1,DEMTRAEVC,2065,415.7392
RE1,DEMTRAEVC,2066,418.9576
RE1,DEMTRAEVC,2067,422.201
RE1,DEMTRAEVC,2068,425.4698
RE1,DEMTRAEVC,2069,428.764
RE1,DEMTRAMCYELC,2021,2603.6996
RE1,DEMTRAMCYELC,2022,2398.5964
RE1,DEMTRAMCYELC,2023,2193.4933
RE1,DEMTRAMCYELC,2024,1988.3901
RE1,DEMTRAMCYELC,2025,1783.287
RE1,DEMTRAMCYELC,2026,1578.1838
RE1,DEMTRAMCYELC,2027,1373.0807
RE1,DEMTRAMCYELC,2028,1167.9775
RE1,DEMTRAMCYELC,2029,962.8743
RE1,DEMTRAMCYELC,2030,757.7712
RE1,DEMTRAMCYELC,2031,552.668
RE1,DEMTRAMCYELC,2032,347.5649
RE1,DEMTRAMCYELC,2033,142.4617
RE1,DEMTRAMCYELC,2034,0.0001
RE1,DEMTRAMCYELC,2035,0.0001
RE1,DEMTRAMCYELC,2036,0.0001
RE1,DEMTRAMCYELC,2037,0.0001
RE1,DEMTRAMCYELC,2038,0.0001
RE1,DEMTRAMCYELC,2039,0.0001
RE1,DEMTRAMCYELC,2040,0.0002
RE1,DEMTRAMCYELC,2041,0.0002
RE1,DEMTRAMCYELC,2042,0.0002
RE1,DEMTRAMCYELC,2043,0.0001
RE1,DEMTRAMCYELC,2044,0.0001
RE1,DEMTRAMCYELC,2045,0.0001
RE1,DEMTRAMCYELC,2046,0.0002
RE1,DEMTRAMCYELC,2047,0.0001
RE1,DEMTRAMCYELC,2048,0.0001
RE1,DEMTRAMCYELC,2049,0.0001
RE1,DEMTRAMCYELC,2050,0.0001
RE1,DEMTRAMCYELC,2054,0.0
RE1,DEMTRAMCYELC,2055,0.0003
RE1,DEMTRAMCYELC,2056,0.0001
RE1,DEMTRAMCYELC,2057,0.0003
RE1,DEMTRAMCYELC,2058,0.0004
RE1,DEMTRAMCYELC,2059,0.0002
RE1,DEMTRAMCYELC,2060,0.0001
RE1,DEMTRAMCYELC,2061,0.0002
RE1,DEMTRAMCYELC,2062,0.0001
RE1,DEMTRAMCYELC,2063,0.0001
RE1,DEMTRAMCYELC,2064,0.0001
RE1,DEMTRAMCYELC,2065,0.0001
RE1,DEMTRAMCYELC,2066,0.0
RE1,DEMTRAMCYELC,2067,0.0
RE1,DEMTRAMCYELC,2068,0.0
RE1,DEMTRAMCYELC,2069,0.0
RE1,DEMTRAMCYELC,2070,0.0002
RE1,DEMTRACARELC,2029,16904.928
RE1,DEMTRACARELC,2030,94200.951
RE1,DEMTRACARELC,2031,93730.025
RE1,DEMTRACARELC,2032,93859.779
RE1,DEMTRACARELC,2033,93415.113
RE1,DEMTRACARELC,2034,92396.575
RE1,DEMTRACARELC,2035,90804.884
RE1,DEMTRACARELC,2036,87222.639
RE1,DEMTRACARELC,2037,84262.062
RE1,DEMTRACARELC,2038,80781.304
RE1,DEMTRACARELC,2039,76897.215
RE1,DEMTRACARELC,2040,130558.9
RE1,DEMTRACARELC,2041,118818.04
RE1,DEMTRACARELC,2042,107321.24
RE1,DEMTRACARELC,2043,95333.243
RE1,DEMTRACARELC,2044,82854.24
RE1,DEMTRACARELC,2045,41217.557
RE1,DEMTRACARELC,2046,18031.736
RE1,DEMTRACARELC,2047,16657.046
RE1,DEMTRACARELC,2048,11806.01
RE1,DEMTRACARELC,2049,9003.9585
RE1,DEMTRACARELC,2050,0.0004
RE1,DEMTRACARELC,2051,0.0008
RE1,DEMTRACARELC,2052,0.0
RE1,DEMTRACARELC,2054,0.0003
RE1,DEMTRACARELC,2056,0.0003
RE1,DEMTRACARELC,2057,0.0003
RE1,DEMTRACARELC,2058,0.0003
RE1,DEMTRACARELC,2059,0.0005
RE1,DEMTRACARELC,2060,0.0005
RE1,DEMTRACARELC,2061,0.0002
RE1,DEMTRACARELC,2062,0.0002
RE1,DEMTRACARELC,2063,0.0002
RE1,DEMTRACARELC,2064,0.0003
RE1,DEMTRACARELC,2065,0.0002
RE1,DEMTRACARELC,2066,0.0001
RE1,DEMTRACARELC,2067,0.0001
RE1,DEMTRACARELC,2068,0.0001
RE1,DEMTRACARELC,2069,0.0002
RE1,DEMTRACARELC,2070,0.0004
RE1,DEMTRABUSELC,2026,49242.423
RE1,DEMTRABUSELC,2027,67388.503
RE1,DEMTRABUSELC,2028,71951.867
RE1,DEMTRABUSELC,2029,112381.98
RE1,DEMTRABUSELC,2030,108456.19
RE1,DEMTRABUSELC,2031,104530.4
RE1,DEMTRABUSELC,2032,100604.61
RE1,DEMTRABUSELC,2033,96678.819
RE1,DEMTRABUSELC,2034,92753.029
RE1,DEMTRABUSELC,2035,88827.238
RE1,DEMTRABUSELC,2036,84901.448
RE1,DEMTRABUSELC,2037,80975.657
RE1,DEMTRABUSELC,2038,77049.866
RE1,DEMTRABUSELC,2039,73124.076
RE1,DEMTRABUSELC,2045,49569.345
RE1,DEMTRABUSELC,2046,91287.083
RE1,DEMTRABUSELC,2047,83435.502
RE1,DEMTRABUSELC,2048,75583.92
RE1,DEMTRABUSELC,2049,67732.339
RE1,DEMTRABUSELC,2050,59880.694
RE1,DEMTRABUSELC,2051,34500.497
RE1,DEMTRABUSELC,2052,34535.768
RE1,DEMTRABUSELC,2053,34571.314
RE1,DEMTRABUSELC,2054,34607.137
RE1,DEMTRABUSELC,2055,34643.24
RE1,DEMTRABUSELC,2056,34679.624
RE1,DEMTRABUSELC,2057,34716.292
RE1,DEMTRABUSELC,2058,34753.246
RE1,DEMTRABUSELC,2059,34790.488
RE1,DEMTRABUSELC,2060,4887.6732
RE1,DEMTRABUSELC,2061,4925.4986
RE1,DEMTRABUSELC,2062,4963.6189
RE1,DEMTRABUSELC,2063,5002.0366
RE1,DEMTRABUSELC,2064,5040.754
RE1,DEMTRABUSELC,2065,35020.128
RE1,DEMTRABUSELC,2066,64999.792
RE1,DEMTRABUSELC,2067,65039.422
RE1,DEMTRABUSELC,2068,65079.362
RE1,DEMTRABUSELC,2069,65119.613
RE1,DEMTRABUSELC,2070,65160.179
RE1,DEMTRAMCYGSL,2015,0.0007
RE1,DEMTRAMCYGSL,2016,0.0
RE1,DEMTRAMCYGSL,2017,0.0
RE1,DEMTRAMCYGSL,2018,0.0
RE1,DEMTRAMCYGSL,2019,0.0
RE1,DEMTRAMCYGSL,2020,0.0
RE1,DEMTRACARGSL,2015,0.0016
RE1,DEMTRACARGSL,2016,0.0001
RE1,DEMTRACARGSL,2017,0.0001
RE1,DEMTRACARGSL,2018,0.0001
RE1,DEMTRACARGSL,2019,0.0001
RE1,DEMTRACARGSL,2020,0.0002
RE1,DEMTRACARGSL,2021,0.0002
RE1,DEMTRACARGSL,2022,0.0002
RE1,DEMTRACARGSL,2023,0.0002
RE1,DEMTRACARGSL,2024,0.0002
RE1,DEMTRACARGSL,2025,0.0001
RE1,DEMTRACARGSL,2026,0.0001
RE1,DEMTRACARGSL,2027,0.0001
RE1,DEMTRACARGSL,2028,0.0001
RE1,DEMTRACARGSL,2029,0.0001
RE1,DEMTRACARGSL,2030,0.0001
RE1,DEMTRABUSGSL,2015,0.0014
RE1,DEMTRABUSGSL,2016,0.0001
RE1,DEMTRABUSGSL,2017,0.0001
RE1,DEMTRABUSGSL,2019,0.0001
RE1,DEMTRABUSGSL,2020,0.0
RE1,DEMTRABUSGSL,2021,0.0
RE1,DEMTRABUSGSL,2025,0.0001
RE1,DEMTRABUSGSL,2026,0.0002
RE1,DEMTRABUSGSL,2027,0.0001
RE1,DEMTRABUSGSL,2028,0.0001
RE1,DEMTRABUSGSL,2029,0.0001
RE1,DEMTRABUSGSL,2030,0.0001
RE1,DEMINDELC,2015,0.0011
RE1,DEMINDELC,2016,0.0001
RE1,DEMINDELC,2017,0.0001
RE1,DEMINDELC,2018,0.0001
RE1,DEMINDELC,2019,0.0001
RE1,DEMINDELC,2020,0.0001
RE1,DEMINDELC,2031,0.0001
RE1,DEMINDELC,2041,0.0002
RE1,DEMINDELC,2051,0.0001
RE1,DEMINDELC,2061,0.0
RE1,DEMINDELC,2062,0.0
RE1,DEMINDELC,2063,0.0
RE1,DEMINDELC,2064,0.0
RE1,DEMINDELC,2065,0.0
RE1,DEMINDELC,2066,0.0
RE1,DEMINDELC,2067,0.0
RE1,DEMINDELC,2068,0.0
RE1,DEMINDELC,2069,0.0
RE1,DEMINDELC,2070,0.0
RE1,INDENEFFGD,2021,3997.7505
RE1,INDENEFFGD,2031,2344.4908
RE1,INDENEFFGD,2032,274.2491
RE1,INDENEFFGD,2033,287.2591
RE1,INDENEFFGD,2034,206.2984
RE1,INDENEFFGD,2035,177.632
RE1,INDENEFFGD,2036,194.7508
RE1,INDENEFFGD,2037,332.1688
RE1,INDENEFFGD,2039,256.3544
RE1,INDENEFFGD,2041,1199.3962
RE1,INDENEFFDP,2021,878.4864
RE1,INDENEFFDP,2022,878.4864
RE1,INDENEFFDP,2023,878.4864
RE1,INDENEFFDP,2024,878.4864
RE1,INDENEFFDP,2025,878.4864
RE1,INDENEFFDP,2026,878.4864
RE1,INDENEFFDP,2027,878.4864
RE1,INDENEFFDP,2028,878.4864
RE1,INDENEFFDP,2029,878.4864
RE1,INDENEFFDP,2030,878.4864
RE1,INDENEFFDP,2031,878.4864
RE1,INDENEFFDP,2032,878.4864
RE1,INDENEFFDP,2033,878.4864
RE1,INDENEFFDP,2034,878.4864
RE1,INDENEFFDP,2035,878.4864
RE1,INDENEFFDP,2036,878.4864
RE1,INDENEFFDP,2037,878.4864
RE1,INDENEFFDP,2038,878.4864
RE1,INDENEFFDP,2039,878.4864
RE1,INDENEFFDP,2040,1756.9727
RE1,INDENEFFDP,2041,1756.9727
RE1,INDENEFFDP,2042,1756.9727
RE1,INDENEFFDP,2043,1756.9727
RE1,INDENEFFDP,2044,1756.9727
RE1,INDENEFFDP,2045,1756.9727
RE1,INDENEFFDP,2046,1756.9727
RE1,INDENEFFDP,2047,1756.9727
RE1,INDENEFFDP,2048,1756.9727
RE1,INDENEFFDP,2049,1756.9727
RE1,INDENEFFDP,2050,1756.9727
RE1,INDENEFFDP,2051,3197.6591
RE1,INDENEFFDP,2052,2879.8342
RE1,INDENEFFDP,2053,1981.5563
RE1,INDENEFFDP,2054,1984.0615
RE1,INDENEFFDP,2055,1986.5946
RE1,INDENEFFDP,2056,1989.156
RE1,INDENEFFDP,2057,1991.746
RE1,INDENEFFDP,2058,1994.3648
RE1,INDENEFFDP,2059,1997.0129
RE1,INDENEFFDP,2060,1999.6905
RE1,INDENEFFDP,2061,3443.0844
RE1,INDENEFFDP,2062,3127.9972
RE1,INDENEFFDP,2063,2232.4875
RE1,INDENEFFDP,2064,2237.7918
RE1,INDENEFFDP,2065,2243.1552
RE1,INDENEFFDP,2066,2248.5785
RE1,INDENEFFDP,2067,2254.0623
RE1,INDENEFFDP,2068,2259.6072
RE1,INDENEFFDP,2069,2265.2141
RE1,INDENEFFDP,2070,2270.8834
RE1,DEMINDHEEH,2042,914.5131
RE1,DEMINDHEEH,2043,1600.3981
RE1,DEMINDHEEH,2044,1600.3981
RE1,DEMINDHEEH,2045,1600.3981
RE1,DEMINDHEEH,2046,1600.3981
RE1,DEMINDHEEH,2047,1600.3981
RE1,DEMINDHEEH,2048,1600.3981
RE1,DEMINDHEEH,2049,1600.3981
RE1,DEMINDHEEH,2050,1600.3981
RE1,DEMINDHEEH,2060,762.2478
RE1,DEMINDHEEH,2061,1687.4953
RE1,DEMINDHEEH,2062,1688.2689
RE1,DEMINDHEEH,2063,1689.0495
RE1,DEMINDHEEH,2064,1689.8375
RE1,DEMINDHEEH,2065,1690.6328
RE1,DEMINDHEEH,2066,91.0373
RE1,DEMINDHEEH,2067,91.8476
RE1,DEMINDHEEH,2068,92.6651
RE1,DEMINDHEEH,2069,93.4903
RE1,DEMINDHEEL,2030,852.2563
RE1,DEMINDHEEL,2031,76.2208
RE1,DEMINDHEEL,2032,245.7392
RE1,DEMINDHEEL,2033,269.1252
RE1,DEMINDHEEL,2034,397.9776
RE1,DEMINDHEEL,2035,415.8799
RE1,DEMINDHEEL,2036,281.12
RE1,DEMINDHEEL,2037,294.8536
RE1,DEMINDHEEL,2038,312.7318
RE1,DEMINDHEEL,2039,137.6361
RE1,DEMINDHEEL,2040,630.163
RE1,DEMINDHEEL,2041,508.8189
RE1,DEMINDHEEL,2042,626.2357
RE1,DEMINDHEEL,2043,207.7547
RE1,DEMINDHEEL,2044,319.0942
RE1,DEMINDHEEL,2045,1497.6686
RE1,DEMINDHEEL,2047,596.1368
RE1,DEMINDHEEL,2048,589.3763
RE1,DEMINDHEEL,2049,371.3994
RE1,DEMINDHEEL,2050,1524.2319
RE1,DEMINDHEEL,2051,293.6544
RE1,DEMINDHEEL,2052,329.7267
RE1,DEMINDHEEL,2053,384.9398
RE1,DEMINDHEEL,2054,17.9537
RE1,DEMINDHEEL,2055,832.1609
RE1,DEMINDHEEL,2056,530.171
RE1,DEMINDHEEL,2057,743.6148
RE1,DEMINDHEEL,2058,253.3286
RE1,DEMINDHEEL,2059,307.4734
RE1,DEMINDHEEL,2060,1666.9683
RE1,DEMINDHEEL,2061,13.8841
RE1,DEMINDHEEL,2062,584.0113
RE1,DEMINDHEEL,2063,628.8143
RE1,DEMINDHEEL,2064,559.0385
RE1,DEMINDHEEL,2065,1410.1004
RE1,DEMINDHEEL,2066,355.1929
RE1,DEMINDHEEL,2067,507.2276
RE1,DEMINDHEEL,2068,412.4613
RE1,DEMINDHEEL,2069,99.5142
RE1,DEMINDHEBIO,2015,6118.9699
RE1,DEMINDHEBIO,2022,57.5756
RE1,DEMINDHEBIO,2023,88.7996
RE1,DEMINDHEBIO,2024,88.6422
RE1,DEMINDHEBIO,2025,88.5041
RE1,DEMINDHEBIO,2026,97.6675
RE1,DEMINDHEBIO,2027,97.5138
RE1,DEMINDHEBIO,2028,97.3534
RE1,DEMINDHEBIO,2029,97.1969
RE1,DEMINDHEBIO,2030,5205.9196
RE1,DEMINDHEBIO,2045,1400.0555
RE1,DEMRESELC,2015,0.0006
RE1,DEMRESELC,2016,0.0
RE1,DEMRESELC,2017,0.0
RE1,DEMRESELC,2018,0.0
RE1,DEMRESELC,2019,0.0
RE1,DEMRESELC,2020,0.0
RE1,DEMRESELC,2031,0.0001
RE1,DEMRESELC,2041,0.0001
RE1,DEMRESELC,2051,0.0
RE1,DEMRESELC,2061,0.0
RE1,DEMRESELC,2062,0.0
RE1,DEMRESELC,2063,0.0
RE1,DEMRESELC,2064,0.0
RE1,DEMRESELC,2065,0.0
RE1,DEMRESELC,2066,0.0
RE1,DEMRESELC,2067,0.0
RE1,DEMRESELC,2068,0.0
RE1,DEMRESELC,2069,0.0
RE1,DEMRESELC,2070,0.0
RE1,RESENEFFGD,2021,1995.6872
RE1,RESENEFFGD,2031,1170.3758
RE1,RESENEFFGD,2032,136.9059
RE1,RESENEFFGD,2033,143.4004
RE1,RESENEFFGD,2034,102.9847
RE1,RESENEFFGD,2035,88.6743
RE1,RESENEFFGD,2036,97.2201
RE1,RESENEFFGD,2037,165.8195
RE1,RESENEFFGD,2039,127.9728
RE1,RESENEFFGD,2041,598.7416
RE1,RESENEFFDP,2021,438.5426
RE1,RESENEFFDP,2022,438.5426
RE1,RESENEFFDP,2023,438.5426
RE1,RESENEFFDP,2024,438.5426
RE1,RESENEFFDP,2025,438.5426
RE1,RESENEFFDP,2026,438.5426
RE1,RESENEFFDP,2027,438.5426
RE1,RESENEFFDP,2028,438.5426
RE1,RESENEFFDP,2029,438.5426
RE1,RESENEFFDP,2030,438.5426
RE1,RESENEFFDP,2031,438.5426
RE1,RESENEFFDP,2032,438.5426
RE1,RESENEFFDP,2033,438.5426
RE1,RESENEFFDP,2034,438.5426
RE1,RESENEFFDP,2035,438.5426
RE1,RESENEFFDP,2036,438.5426
RE1,RESENEFFDP,2037,438.5426
RE1,RESENEFFDP,2038,438.5426
RE1,RESENEFFDP,2039,438.5426
RE1,RESENEFFDP,2040,877.0853
RE1,RESENEFFDP,2041,877.0853
RE1,RESENEFFDP,2042,877.0853
RE1,RESENEFFDP,2043,877.0853
RE1,RESENEFFDP,2044,877.0853
RE1,RESENEFFDP,2045,877.0853
RE1,RESENEFFDP,2046,877.0853
RE1,RESENEFFDP,2047,877.0853
RE1,RESENEFFDP,2048,877.0853
RE1,RESENEFFDP,2049,877.0853
RE1,RESENEFFDP,2050,877.0853
RE1,RESENEFFDP,2051,1922.8975
RE1,RESENEFFDP,2052,988.1745
RE1,RESENEFFDP,2053,1112.026
RE1,RESENEFFDP,2054,990.4486
RE1,RESENEFFDP,2055,991.7131
RE1,RESENEFFDP,2056,992.9918
RE1,RESENEFFDP,2057,994.2847
RE1,RESENEFFDP,2058,995.592
RE1,RESENEFFDP,2059,996.914
RE1,RESENEFFDP,2060,998.2506
RE1,RESENEFFDP,2061,2045.4145
RE1,RESENEFFDP,2062,1112.0581
RE1,RESENEFFDP,2063,1237.2915
RE1,RESENEFFDP,2064,1117.1114
RE1,RESENEFFDP,2065,1119.7888
RE1,RESENEFFDP,2066,1122.4961
RE1,RESENEFFDP,2067,1125.2337
RE1,RESENEFFDP,2068,1128.0017
RE1,RESENEFFDP,2069,1130.8007
RE1,RESENEFFDP,2070,1133.6308
RE1,DEMRESCKNELC,2021,244.5818
RE1,DEMRESCKNELC,2022,210.7644
RE1,DEMRESCKNELC,2023,244.5818
RE1,DEMRESCKNELC,2024,244.5818
RE1,DEMRESCKNELC,2025,244.5818
RE1,DEMRESCKNELC,2026,63.4943
RE1,DEMRESCKNELC,2027,71.1381
RE1,DEMRESCKNELC,2028,151.0836
RE1,DEMRESCKNELC,2029,24.1533
RE1,DEMRESCKNELC,2030,90.3625
RE1,DEMRESCKNELC,2032,9.0244
RE1,DEMRESCKNELC,2033,144.0825
RE1,DEMRESCKNELC,2034,68.4438
RE1,DEMRESCKNELC,2035,85.507
RE1,DEMRESCKNELC,2036,244.5818
RE1,DEMRESCKNELC,2037,244.5818
RE1,DEMRESCKNELC,2038,244.5818
RE1,DEMRESCKNELC,2039,244.5818
RE1,DEMRESCKNELC,2040,105.8427
RE1,DEMRESCKNELC,2041,117.2902
RE1,DEMRESCKNELC,2045,210.0463
RE1,DEMRESCKNELC,2050,138.1624
RE1,DEMRESCKNELC,2051,647.9094
RE1,DEMRESCKNELC,2052,222.4922
RE1,DEMRESCKNELC,2053,276.2451
RE1,DEMRESCKNELC,2054,278.3
RE1,DEMRESCKNELC,2055,278.5904
RE1,DEMRESCKNELC,2056,97.796
RE1,DEMRESCKNELC,2057,105.7354
RE1,DEMRESCKNELC,2058,185.9792
RE1,DEMRESCKNELC,2059,59.3499
RE1,DEMRESCKNELC,2060,125.8626
RE1,DEMRESCKNELC,2061,35.8064
RE1,DEMRESCKNELC,2062,45.1399
RE1,DEMRESCKNELC,2063,180.5098
RE1,DEMRESCKNELC,2064,105.1856
RE1,DEMRESCKNELC,2065,122.5662
RE1,DEMRESCKNELC,2066,281.9611
RE1,DEMRESCKNELC,2067,282.2842
RE1,DEMRESCKNELC,2068,91.4988
RE1,DEMRESCKNELC,2069,90.1762
RE1,DEMRESHEBIO,2015,1212.0074
RE1,DEMRESHEBIO,2019,30.3127
RE1,DEMRESHEBIO,2020,30.2233
RE1,DEMRESHEBIO,2021,22.4702
RE1,DEMRESHEBIO,2022,22.4093
RE1,DEMRESHEBIO,2023,22.353
RE1,DEMRESHEBIO,2024,22.2965
RE1,DEMRESHEBIO,2025,22.2458
RE1,DEMRESHEBIO,2026,24.3684
RE1,DEMRESHEBIO,2027,24.3121
RE1,DEMRESHEBIO,2028,24.255
RE1,DEMRESHEBIO,2029,24.1999
RE1,DEMRESHEBIO,2030,1229.7891
RE1,DEMRESHEBIO,2045,726.9068
RE1,DEMRESHEOIL,2015,0.2605
RE1,DEMRESHEOIL,2049,60.532
RE1,DEMRESHEEL,2031,19.2645
RE1,DEMRESHEEL,2032,94.9402
RE1,DEMRESHEEL,2033,81.3054
RE1,DEMRESHEEL,2034,2.4097
RE1,DEMRESHEEL,2036,94.7888
RE1,DEMRESHEEL,2037,94.7313
RE1,DEMRESHEEL,2038,94.6948
RE1,DEMRESHEEL,2039,94.6321
RE1,DEMRESHEEL,2040,189.2225
RE1,DEMRESHEEL,2043,1.0008
RE1,DEMRESHEEL,2044,106.8645
RE1,DEMRESHEEL,2045,188.7212
RE1,DEMRESHEEL,2047,188.4915
RE1,DEMRESHEEL,2048,188.3453
RE1,DEMRESHEEL,2049,188.2409
RE1,DEMRESHEEL,2050,188.1156
RE1,DEMRESHEEL,2051,183.6156
RE1,DEMRESHEEL,2052,90.1735
RE1,DEMRESHEEL,2053,139.3473
RE1,DEMRESHEEL,2054,13.4691
RE1,DEMRESHEEL,2055,294.975
RE1,DEMRESHEEL,2056,32.0661
RE1,DEMRESHEEL,2058,13.599
RE1,DEMRESHEEL,2059,174.504
RE1,DEMRESHEEL,2060,79.6737
RE1,DEMRESHEEL,2061,63.2455
RE1,DEMRESHEEL,2062,235.7507
RE1,DEMRESHEEL,2063,201.3522
RE1,DEMRESHEEL,2064,146.262
RE1,DEMRESHEEL,2065,315.6591
RE1,DEMRESHEEL,2066,217.0246
RE1,DEMRESHEEL,2067,8.2845
RE1,DEMRESHEEL,2068,152.8186
RE1,DEMRESHEEL,2069,68.3489
RE1,DEMCOMELC,2015,0.0006
RE1,DEMCOMELC,2016,0.0
RE1,DEMCOMELC,2017,0.0
RE1,DEMCOMELC,2018,0.0
RE1,DEMCOMELC,2019,0.0
RE1,DEMCOMELC,2020,0.0
RE1,DEMCOMELC,2031,0.0001
RE1,DEMCOMELC,2041,0.0001
RE1,DEMCOMELC,2051,0.0001
RE1,DEMCOMELC,2061,0.0
RE1,DEMCOMELC,2062,0.0
RE1,DEMCOMELC,2063,0.0
RE1,DEMCOMELC,2064,0.0
RE1,DEMCOMELC,2065,0.0
RE1,DEMCOMELC,2066,0.0
RE1,DEMCOMELC,2067,0.0
RE1,DEMCOMELC,2068,0.0
RE1,DEMCOMELC,2069,0.0
RE1,DEMCOMELC,2070,0.0
RE1,COMENEFFGD,2021,2062.6352
RE1,COMENEFFGD,2031,1209.6376
RE1,COMENEFFGD,2032,141.4986
RE1,COMENEFFGD,2033,148.211
RE1,COMENEFFGD,2034,106.4394
RE1,COMENEFFGD,2035,91.649
RE1,COMENEFFGD,2036,100.4815
RE1,COMENEFFGD,2037,171.3821
RE1,COMENEFFGD,2039,132.2658
RE1,COMENEFFGD,2041,618.8271
RE1,COMENEFFDP,2021,453.2541
RE1,COMENEFFDP,2022,453.2541
RE1,COMENEFFDP,2023,453.2541
RE1,COMENEFFDP,2024,453.2541
RE1,COMENEFFDP,2025,453.2541
RE1,COMENEFFDP,2026,453.2541
RE1,COMENEFFDP,2027,453.2541
RE1,COMENEFFDP,2028,453.2541
RE1,COMENEFFDP,2029,453.2541
RE1,COMENEFFDP,2030,453.2541
RE1,COMENEFFDP,2031,453.2541
RE1,COMENEFFDP,2032,453.2541
RE1,COMENEFFDP,2033,453.2541
RE1,COMENEFFDP,2034,453.2541
RE1,COMENEFFDP,2035,453.2541
RE1,COMENEFFDP,2036,453.2541
RE1,COMENEFFDP,2037,453.2541
RE1,COMENEFFDP,2038,453.2541
RE1,COMENEFFDP,2039,453.2541
RE1,COMENEFFDP,2040,906.5083
RE1,COMENEFFDP,2041,906.5083
RE1,COMENEFFDP,2042,906.5083
RE1,COMENEFFDP,2043,906.5083
RE1,COMENEFFDP,2044,906.5083
RE1,COMENEFFDP,2045,906.5083
RE1,COMENEFFDP,2046,906.5083
RE1,COMENEFFDP,2047,906.5083
RE1,COMENEFFDP,2048,906.5083
RE1,COMENEFFDP,2049,906.5083
RE1,COMENEFFDP,2050,906.5083
RE1,COMENEFFDP,2051,1526.807
RE1,COMENEFFDP,2052,1608.8692
RE1,COMENEFFDP,2053,1022.3819
RE1,COMENEFFDP,2054,1023.6745
RE1,COMENEFFDP,2055,1024.9814
RE1,COMENEFFDP,2056,1026.303
RE1,COMENEFFDP,2057,1027.6393
RE1,COMENEFFDP,2058,1028.9905
RE1,COMENEFFDP,2059,1030.3568
RE1,COMENEFFDP,2060,1031.7383
RE1,COMENEFFDP,2061,1653.4339
RE1,COMENEFFDP,2062,1736.9086
RE1,COMENEFFDP,2063,1151.8496
RE1,COMENEFFDP,2064,1154.5864
RE1,COMENEFFDP,2065,1157.3536
RE1,COMENEFFDP,2066,1160.1518
RE1,COMENEFFDP,2067,1162.9811
RE1,COMENEFFDP,2068,1165.842
RE1,COMENEFFDP,2069,1168.7349
RE1,COMENEFFDP,2070,1171.66
RE1,DEMCOMHEOIL,2049,29.3271
RE1,DEMCOMHEBIO,2015,533.6865
RE1,DEMCOMHEBIO,2016,27.1383
RE1,DEMCOMHEBIO,2017,13.5298
RE1,DEMCOMHEBIO,2018,13.5264
RE1,DEMCOMHEBIO,2019,13.5223
RE1,DEMCOMHEBIO,2020,13.517
RE1,DEMCOMHEBIO,2021,11.0036
RE1,DEMCOMHEBIO,2022,10.9996
RE1,DEMCOMHEBIO,2023,10.9962
RE1,DEMCOMHEBIO,2024,10.9913
RE1,DEMCOMHEBIO,2025,10.988
RE1,DEMCOMHEBIO,2026,12.453
RE1,DEMCOMHEBIO,2027,12.4491
RE1,DEMCOMHEBIO,2028,12.4436
RE1,DEMCOMHEBIO,2029,12.4377
RE1,DEMCOMHEBIO,2030,543.3155
RE1,DEMCOMHEBIO,2045,352.027
RE1,DEMCOMHEEL,2031,32.4323
RE1,DEMCOMHEEL,2032,46.0325
RE1,DEMCOMHEEL,2033,46.0072
RE1,DEMCOMHEEL,2034,5.8461
RE1,DEMCOMHEEL,2036,45.8555
RE1,DEMCOMHEEL,2037,40.5562
RE1,DEMCOMHEEL,2038,45.9136
RE1,DEMCOMHEEL,2039,45.8832
RE1,DEMCOMHEEL,2040,77.6312
RE1,DEMCOMHEEL,2042,46.3811
RE1,DEMCOMHEEL,2044,25.5134
RE1,DEMCOMHEEL,2045,91.5031
RE1,DEMCOMHEEL,2047,91.3917
RE1,DEMCOMHEEL,2048,91.3208
RE1,DEMCOMHEEL,2049,91.2702
RE1,DEMCOMHEEL,2050,91.2094
RE1,DEMCOMHEEL,2051,65.9422
RE1,DEMCOMHEEL,2052,93.1293
RE1,DEMCOMHEEL,2053,5.3112
RE1,DEMCOMHEEL,2054,67.0701
RE1,DEMCOMHEEL,2055,99.3394
RE1,DEMCOMHEEL,2056,23.3289
RE1,DEMCOMHEEL,2057,4.577
RE1,DEMCOMHEEL,2058,22.1997
RE1,DEMCOMHEEL,2059,48.3643
RE1,DEMCOMHEEL,2060,97.5497
RE1,DEMCOMHEEL,2061,6.9826
RE1,DEMCOMHEEL,2062,132.9142
RE1,DEMCOMHEEL,2063,116.7698
RE1,DEMCOMHEEL,2064,26.2536
RE1,DEMCOMHEEL,2065,150.82
RE1,DEMCOMHEEL,2066,54.4358
RE1,DEMCOMHEEL,2067,81.9171
RE1,DEMCOMHEEL,2068,49.6462
RE1,DEMCOMHEEL,2069,19.4993
RE1,DEMINDHECOA,2015,11403.233
RE1,DEMINDHECOA,2022,107.5244
RE1,DEMINDHECOA,2023,165.8868
RE1,DEMINDHECOA,2024,165.6668
RE1,DEMINDHECOA,2025,165.4594
RE1,DEMINDHECOA,2026,182.6719
RE1,DEMINDHECOA,2027,182.4404
RE1,DEMINDHECOA,2028,182.2218
RE1,DEMINDHECOA,2029,182.0151
RE1,DEMINDHECOA,2030,11585.053
RE1,DEMINDHECOA,2031,163.9275
RE1,DEMINDHECOA,2032,163.6112
RE1,DEMINDHECOA,2033,163.3122
RE1,DEMINDHECOA,2034,163.0293
RE1,DEMINDHECOA,2035,162.7612
RE1,DEMINDHECOA,2036,142.8954
RE1,DEMINDHECOA,2037,250.2672
RE1,DEMINDHECOA,2038,308.483
RE1,DEMINDHECOA,2039,308.1217
RE1,DEMINDHECOA,2040,307.7783
RE1,DEMINDHECOA,2041,330.9596
RE1,DEMINDHECOA,2045,6196.9858
