r,t,y,NewCapacity
RE1,MINOIL,2020,2141.6499
RE1,MINBIO,2015,1097.6423
RE1,MINBIO,2016,1029.2793
RE1,MINBIO,2017,1043.3476
RE1,MINBIO,2018,1069.9028
RE1,MINBIO,2019,1090.6562
RE1,MINBIO,2020,1111.3708
RE1,MINBIO,2021,1088.7683
RE1,MINBIO,2022,1065.1452
RE1,MINBIO,2023,1040.5053
RE1,MINBIO,2024,1014.8526
RE1,MINBIO,2025,988.1904
RE1,MINBIO,2026,961.755
RE1,MINBIO,2027,934.2098
RE1,MINBIO,2028,943.4206
RE1,MINBIO,2029,954.8552
RE1,MINBIO,2030,882.6871
RE1,MINBIO,2031,693.8999
RE1,MINBIO,2032,666.1716
RE1,MINBIO,2033,637.4484
RE1,MINBIO,2034,607.7343
RE1,MINBIO,2035,577.0331
RE1,MINBIO,2036,544.5265
RE1,MINBIO,2037,511.1612
RE1,MINBIO,2038,476.9389
RE1,MINBIO,2039,441.8615
RE1,MINBIO,2040,405.9306
RE1,MINBIO,2041,369.2165
RE1,MINBIO,2042,331.6375
RE1,MINBIO,2043,293.1948
RE1,MINBIO,2044,253.8896
RE1,MINBIO,2045,213.7229
RE1,MINBIO,2046,172.2936
RE1,MINBIO,2047,130.2062
RE1,MINBIO,2048,87.4612
RE1,MINBIO,2049,44.059
RE1,IMPCOA,2028,504.9498
RE1,IMPCOA,2029,3328.0651
RE1,IMPCOA,2030,3340.6619
RE1,IMPCOA,2031,3310.8271
RE1,IMPCOA,2032,3322.1624
RE1,IMPCOA,2033,3333.4769
RE1,IMPCOA,2034,3344.7719
RE1,IMPCOA,2035,3356.0482
RE1,IMPCOA,2036,3365.9482
RE1,IMPCOA,2037,3270.5086
RE1,IMPCOA,2038,3280.3879
RE1,IMPCOA,2039,3132.237
RE1,IMPCOA,2040,2935.6627
RE1,IMPCOA,2041,2555.8108
RE1,IMPCOA,2042,2192.8335
RE1,IMPCOA,2043,1814.6457
RE1,IMPCOA,2044,1421.3076
RE1,IMPCOA,2045,1517.7162
RE1,IMPCOA,2046,1083.1608
RE1,IMPCOA,2047,638.0034
RE1,IMPCOA,2048,406.1762
RE1,IMPCOA,2049,205.2844
RE1,MINCOA,2015,1201.8754
RE1,MINCOA,2016,1120.3443
RE1,MINCOA,2017,1134.9327
RE1,MINCOA,2018,1505.5929
RE1,MINCOA,2019,1522.2298
RE1,MINCOA,2020,1538.8413
RE1,MINCOA,2021,1550.3677
RE1,MINCOA,2022,1588.5704
RE1,MINCOA,2023,2168.413
RE1,MINCOA,2024,2995.4551
RE1,MINCOA,2025,3155.0222
RE1,MINCOA,2026,3315.8766
RE1,MINCOA,2027,3328.5164
RE1,MINCOA,2028,2836.1912
RE1,IMPLFO,2015,5550.8602
RE1,IMPLFO,2016,5742.9384
RE1,IMPLFO,2017,5873.1206
RE1,IMPLFO,2018,6018.0952
RE1,IMPLFO,2019,6157.2479
RE1,IMPLFO,2020,4368.8689
RE1,IMPLFO,2021,6071.1992
RE1,IMPLFO,2022,5960.8877
RE1,IMPLFO,2023,5966.1374
RE1,IMPLFO,2024,5841.2282
RE1,IMPLFO,2025,5693.9721
RE1,IMPLFO,2026,5579.1582
RE1,IMPLFO,2027,5441.1688
RE1,IMPLFO,2028,5294.9436
RE1,IMPLFO,2029,5140.4864
RE1,IMPLFO,2030,4977.801
RE1,IMPLFO,2031,4793.8054
RE1,IMPLFO,2032,4602.9545
RE1,IMPLFO,2033,4405.2536
RE1,IMPLFO,2034,4200.7077
RE1,IMPLFO,2035,3989.3212
RE1,IMPLFO,2036,3766.8363
RE1,IMPLFO,2037,3538.133
RE1,IMPLFO,2038,3303.2134
RE1,IMPLFO,2039,3061.823
RE1,IMPLFO,2040,2814.2672
RE1,IMPLFO,2041,2559.265
RE1,IMPLFO,2042,2298.3872
RE1,IMPLFO,2043,2031.6353
RE1,IMPLFO,2044,1759.0105
RE1,IMPLFO,2045,1480.5143
RE1,IMPLFO,2046,1193.5769
RE1,IMPLFO,2047,902.0562
RE1,IMPLFO,2048,605.9528
RE1,IMPLFO,2049,305.2673
RE1,MINNGS,2015,784.854
RE1,MINNGS,2016,817.825
RE1,MINNGS,2017,846.9226
RE1,MINNGS,2018,705.1737
RE1,MINNGS,2019,767.0326
RE1,MINNGS,2020,828.851
RE1,MINNGS,2021,818.6919
RE1,MINNGS,2022,819.8864
RE1,MINNGS,2023,464.2065
RE1,MINSOL,2015,19.2273
RE1,MINSOL,2016,19.2273
RE1,MINSOL,2017,19.2273
RE1,MINSOL,2018,19.2273
RE1,MINSOL,2019,19.2273
RE1,MINSOL,2020,19.2273
RE1,MINSOL,2021,180.7097
RE1,MINSOL,2022,389.4368
RE1,MINSOL,2023,456.3856
RE1,MINSOL,2024,491.3612
RE1,MINSOL,2025,533.4011
RE1,MINSOL,2026,665.0195
RE1,MINSOL,2027,733.1701
RE1,MINSOL,2028,790.4567
RE1,MINSOL,2029,828.3104
RE1,MINSOL,2030,1089.7283
RE1,MINSOL,2031,1136.0724
RE1,MINSOL,2032,1335.4501
RE1,MINSOL,2033,1422.9319
RE1,MINSOL,2034,1517.7286
RE1,MINSOL,2035,1631.216
RE1,MINSOL,2036,1743.8696
RE1,MINSOL,2037,1846.3028
RE1,MINSOL,2038,1984.5586
RE1,MINSOL,2039,2142.6764
RE1,MINSOL,2040,2248.2583
RE1,MINSOL,2041,2338.1488
RE1,MINSOL,2042,2424.343
RE1,MINSOL,2043,2503.5469
RE1,MINSOL,2044,2553.2082
RE1,MINSOL,2045,2945.5463
RE1,MINSOL,2046,3036.5419
RE1,MINSOL,2047,3028.2838
RE1,MINSOL,2048,3387.6308
RE1,MINSOL,2049,3774.544
RE1,MINSOL,2050,4274.8319
RE1,MINSOL,2051,4304.3236
RE1,MINSOL,2052,4334.0807
RE1,MINSOL,2053,4370.2215
RE1,MINSOL,2054,4407.2151
RE1,MINSOL,2055,4444.5172
RE1,MINSOL,2056,4482.1307
RE1,MINSOL,2057,4520.058
RE1,MINSOL,2058,4558.302
RE1,MINSOL,2059,4596.8654
RE1,MINSOL,2060,4635.7509
RE1,MINSOL,2061,4674.9613
RE1,MINSOL,2062,4714.4995
RE1,MINSOL,2063,4754.3682
RE1,MINSOL,2064,4794.5702
RE1,MINSOL,2065,4835.1086
RE1,MINSOL,2066,4875.9861
RE1,MINSOL,2067,4917.2057
RE1,MINSOL,2068,4889.778
RE1,MINSOL,2069,4862.102
RE1,MINSOL,2070,5042.9468
RE1,MINWND,2015,1.358
RE1,MINWND,2016,1.358
RE1,MINWND,2017,1.358
RE1,MINWND,2018,1.358
RE1,MINWND,2019,1.358
RE1,MINWND,2020,1.358
RE1,MINWND,2021,1.358
RE1,MINWND,2022,1.3386
RE1,MINWND,2023,1.3386
RE1,MINWND,2024,1.3386
RE1,MINWND,2025,1.3386
RE1,MINWND,2026,42.804
RE1,MINWND,2027,144.7239
RE1,MINWND,2028,238.9072
RE1,MINWND,2029,341.4098
RE1,MINWND,2030,361.8838
RE1,MINWND,2031,518.8233
RE1,MINWND,2032,579.7834
RE1,MINWND,2033,711.9182
RE1,MINWND,2034,830.4963
RE1,MINWND,2035,946.6554
RE1,MINWND,2036,1063.0391
RE1,MINWND,2037,1189.7101
RE1,MINWND,2038,1291.5108
RE1,MINWND,2039,1379.1623
RE1,MINWND,2040,1509.5744
RE1,MINWND,2041,1641.9352
RE1,MINWND,2042,1809.7239
RE1,MINWND,2043,1990.088
RE1,MINWND,2044,2186.1965
RE1,MINWND,2045,2295.1031
RE1,MINWND,2046,2488.1321
RE1,MINWND,2047,2719.1439
RE1,MINWND,2048,2870.2552
RE1,MINWND,2049,2985.7487
RE1,MINWND,2050,2992.4218
RE1,MINWND,2051,2993.3213
RE1,MINWND,2052,3019.0496
RE1,MINWND,2053,3045.0095
RE1,MINWND,2054,3071.203
RE1,MINWND,2055,3097.6324
RE1,MINWND,2056,3124.2998
RE1,MINWND,2057,3151.2075
RE1,MINWND,2058,3178.3577
RE1,MINWND,2059,3205.7528
RE1,MINWND,2060,3233.3949
RE1,MINWND,2061,3261.2864
RE1,MINWND,2062,3289.4297
RE1,MINWND,2063,3317.8271
RE1,MINWND,2064,3346.4809
RE1,MINWND,2065,3375.3937
RE1,MINWND,2066,3404.5678
RE1,MINWND,2067,3434.0057
RE1,MINWND,2068,3463.7099
RE1,MINWND,2069,3493.6828
RE1,MINWND,2070,3591.231
RE1,MINGEO,2021,1.4486
RE1,MINGEO,2022,1.4486
RE1,MINGEO,2023,1.4486
RE1,MINGEO,2024,1.4486
RE1,MINGEO,2025,1.4486
RE1,MINGEO,2026,1.4486
RE1,MINGEO,2027,1.4486
RE1,MINGEO,2028,1.4486
RE1,MINGEO,2029,1.4486
RE1,MINGEO,2030,1.4486
RE1,MINGEO,2031,1.4486
RE1,MINGEO,2032,1.4486
RE1,MINGEO,2033,1.4486
RE1,MINGEO,2034,1.4486
RE1,MINGEO,2035,1.4486
RE1,MINGEO,2036,1.4486
RE1,MINGEO,2037,1.4486
RE1,MINGEO,2038,1.4486
RE1,MINGEO,2039,1.4486
RE1,MINGEO,2040,1.4486
RE1,MINGEO,2041,1.4486
RE1,MINGEO,2042,1.4486
RE1,MINGEO,2043,1.4486
RE1,MINGEO,2044,1.4486
RE1,MINGEO,2045,1.4486
RE1,MINGEO,2046,1.4486
RE1,MINGEO,2047,1.4486
RE1,MINGEO,2048,1.4486
RE1,MINGEO,2049,1.4486
RE1,MINGEO,2050,1.4486
RE1,MINGEO,2051,1.4486
RE1,MINGEO,2052,1.4486
RE1,MINGEO,2053,1.4486
RE1,MINGEO,2054,1.4486
RE1,MINGEO,2055,1.4486
RE1,MINGEO,2056,1.4486
RE1,MINGEO,2057,1.4486
RE1,MINGEO,2058,1.4486
RE1,MINGEO,2059,1.4486
RE1,MINGEO,2060,1.4486
RE1,MINGEO,2061,1.4486
RE1,MINGEO,2062,1.4486
RE1,MINGEO,2063,1.4486
RE1,MINGEO,2064,1.4486
RE1,MINGEO,2065,1.4486
RE1,MINGEO,2066,1.4486
RE1,MINGEO,2067,1.4486
RE1,MINGEO,2068,1.4486
RE1,MINGEO,2069,1.4486
RE1,MINGEO,2070,1.4486
RE1,MINHYD,2015,51.7481
RE1,MINHYD,2016,51.7481
RE1,MINHYD,2017,51.7481
RE1,MINHYD,2018,51.7481
RE1,MINHYD,2019,51.7481
RE1,MINHYD,2020,51.7481
RE1,MINHYD,2021,63.0214
RE1,MINHYD,2022,71.6301
RE1,MINHYD,2023,71.6301
RE1,MINHYD,2024,71.6301
RE1,MINHYD,2025,71.6301
RE1,MINHYD,2026,71.6301
RE1,MINHYD,2027,71.6301
RE1,MINHYD,2028,71.6301
RE1,MINHYD,2029,71.6301
RE1,MINHYD,2030,71.6301
RE1,MINHYD,2031,71.6301
RE1,MINHYD,2032,71.6301
RE1,MINHYD,2033,71.6301
RE1,MINHYD,2034,71.6301
RE1,MINHYD,2035,71.6301
RE1,MINHYD,2036,71.6301
RE1,MINHYD,2037,71.6301
RE1,MINHYD,2038,71.6301
RE1,MINHYD,2039,71.6301
RE1,MINHYD,2040,71.6301
RE1,MINHYD,2041,71.6301
RE1,MINHYD,2042,71.6301
RE1,MINHYD,2043,71.6301
RE1,MINHYD,2044,71.6301
RE1,MINHYD,2045,71.6301
RE1,MINHYD,2046,71.6301
RE1,MINHYD,2047,71.6301
RE1,MINHYD,2048,71.6301
RE1,MINHYD,2049,71.6301
RE1,MINHYD,2050,71.6301
RE1,MINHYD,2051,71.6301
RE1,MINHYD,2052,71.6301
RE1,MINHYD,2053,71.6301
RE1,MINHYD,2054,71.6301
RE1,MINHYD,2055,71.6301
RE1,MINHYD,2056,71.6301
RE1,MINHYD,2057,71.6301
RE1,MINHYD,2058,71.6301
RE1,MINHYD,2059,71.6301
RE1,MINHYD,2060,71.6301
RE1,MINHYD,2061,71.6301
RE1,MINHYD,2062,71.6301
RE1,MINHYD,2063,71.6301
RE1,MINHYD,2064,71.6301
RE1,MINHYD,2065,71.6301
RE1,MINHYD,2066,71.6301
RE1,MINHYD,2067,71.6301
RE1,MINHYD,2068,71.6301
RE1,MINHYD,2069,71.6301
RE1,MINHYD,2070,71.6301
RE1,PWRCOA001,2017,0.0296
RE1,PWRCOA001,2018,4.4723
RE1,PWRCOA001,2022,0.3409
RE1,PWRCOA001,2023,7.2575
RE1,PWRCOA001,2024,10.4143
RE1,PWRCOA001,2025,4.2912
RE1,PWRCOA001,2026,1.8924
RE1,PWRGEO,2021,0.0066
RE1,PWRSOL001,2021,11.9089
RE1,PWRSOL001,2022,15.3931
RE1,PWRSOL001,2023,0.8722
RE1,PWRSOL001,2024,2.5794
RE1,PWRSOL001,2025,3.1003
RE1,PWRSOL001,2026,1.1879
RE1,PWRSOL001,2027,1.1959
RE1,PWRSOL001,2028,2.0571
RE1,PWRSOL001,2029,2.7916
RE1,PWRSOL001,2030,4.2669
RE1,PWRSOL001,2031,2.8497
RE1,PWRSOL001,2032,3.4116
RE1,PWRSOL001,2033,3.4739
RE1,PWRSOL001,2034,5.1789
RE1,PWRSOL001,2035,4.5066
RE1,PWRSOL001,2036,4.4735
RE1,PWRSOL001,2037,4.0676
RE1,PWRSOL001,2038,5.4902
RE1,PWRSOL001,2039,6.2789
RE1,PWRSOL001,2040,6.4571
RE1,PWRSOL001,2041,6.6292
RE1,PWRSOL001,2042,6.3566
RE1,PWRSOL001,2043,5.8411
RE1,PWRSOL001,2044,3.6659
RE1,PWRSOL001,2045,6.2371
RE1,PWRSOL001,2046,1.7703
RE1,PWRSOL001,2047,3.4561
RE1,PWRSOL001,2048,3.8187
RE1,PWRSOL001,2049,3.9464
RE1,PWRSOL001,2050,3.044
RE1,PWRSOL001,2051,13.0801
RE1,PWRSOL001,2052,16.5748
RE1,PWRSOL001,2053,2.0645
RE1,PWRSOL001,2054,3.7824
RE1,PWRSOL001,2055,4.3142
RE1,PWRSOL001,2056,2.4127
RE1,PWRSOL001,2057,2.4317
RE1,PWRSOL001,2058,3.304
RE1,PWRSOL001,2059,4.0498
RE1,PWRSOL001,2060,5.5364
RE1,PWRSOL001,2061,4.1307
RE1,PWRSOL001,2062,4.7042
RE1,PWRSOL001,2063,4.7782
RE1,PWRSOL001,2064,6.4949
RE1,PWRSOL001,2065,5.8345
RE1,PWRSOL001,2066,5.8134
RE1,PWRSOL001,2067,5.4197
RE1,PWRSOL001,2068,8.8521
RE1,PWRSOL001,2069,9.6704
RE1,PWRSOL001,2070,3.8336
RE1,PWRCSP002,2048,13.9397
RE1,PWRCSP002,2049,30.5665
RE1,PWRCSP002,2050,45.0348
RE1,PWRCSP002,2053,0.6502
RE1,PWRCSP002,2054,0.7121
RE1,PWRCSP002,2055,0.7159
RE1,PWRCSP002,2056,0.7197
RE1,PWRCSP002,2057,0.7236
RE1,PWRCSP002,2058,0.7274
RE1,PWRCSP002,2059,0.7312
RE1,PWRCSP002,2060,0.7351
RE1,PWRCSP002,2061,0.739
RE1,PWRCSP002,2062,0.7429
RE1,PWRCSP002,2063,0.7468
RE1,PWRCSP002,2064,0.7507
RE1,PWRCSP002,2065,0.7546
RE1,PWRCSP002,2066,0.7585
RE1,PWRCSP002,2067,0.7625
RE1,PWRCSP002,2068,0.7664
RE1,PWRCSP002,2069,0.7703
RE1,PWRCSP002,2070,0.7743
RE1,PWRHYD001,2021,0.7255
RE1,PWRHYD001,2051,3.639
RE1,PWRHYD001,2061,0.7255
RE1,PWRHYD002,2021,0.0295
RE1,PWRHYD002,2051,0.148
RE1,PWRHYD002,2061,0.0295
RE1,PWRHYD003,2022,0.63
RE1,PWRHYD003,2062,0.63
RE1,PWRWND001,2026,6.4124
RE1,PWRWND001,2027,15.7612
RE1,PWRWND001,2028,4.2801
RE1,PWRWND001,2030,0.5215
RE1,PWRWND001,2031,22.5034
RE1,PWRWND001,2032,7.3125
RE1,PWRWND001,2033,10.8821
RE1,PWRWND001,2034,4.5086
RE1,PWRWND001,2035,5.3975
RE1,PWRWND001,2036,5.3579
RE1,PWRWND001,2037,4.8718
RE1,PWRWND001,2038,1.6619
RE1,PWRWND001,2040,20.1674
RE1,PWRWND001,2041,7.9397
RE1,PWRWND001,2042,7.6132
RE1,PWRWND001,2043,6.9958
RE1,PWRWND001,2044,4.3906
RE1,PWRWND001,2045,5.802
RE1,PWRWND001,2046,3.7885
RE1,PWRWND001,2047,4.1393
RE1,PWRWND001,2048,13.0226
RE1,PWRWND001,2049,1.326
RE1,PWRWND001,2052,1.4153
RE1,PWRWND001,2053,1.428
RE1,PWRWND001,2054,1.4408
RE1,PWRWND001,2055,1.4538
RE1,PWRWND001,2056,7.8793
RE1,PWRWND001,2057,17.2414
RE1,PWRWND001,2058,5.7736
RE1,PWRWND001,2059,1.5069
RE1,PWRWND001,2060,2.042
RE1,PWRWND001,2061,24.0376
RE1,PWRWND001,2062,8.8606
RE1,PWRWND001,2063,12.4442
RE1,PWRWND001,2064,6.0848
RE1,PWRWND001,2065,6.9879
RE1,PWRWND001,2066,6.9627
RE1,PWRWND001,2067,6.4911
RE1,PWRWND001,2068,3.2959
RE1,PWRWND001,2069,1.6487
RE1,PWRWND002,2028,11.1047
RE1,PWRWND002,2029,17.3387
RE1,PWRWND002,2030,2.8556
RE1,PWRWND002,2031,1.9071
RE1,PWRWND002,2032,2.2832
RE1,PWRWND002,2033,2.3249
RE1,PWRWND002,2034,2.5193
RE1,PWRWND002,2035,3.016
RE1,PWRWND002,2036,2.9938
RE1,PWRWND002,2037,2.7222
RE1,PWRWND002,2038,3.6742
RE1,PWRWND002,2039,4.2021
RE1,PWRWND002,2041,8.7579
RE1,PWRWND002,2042,4.2541
RE1,PWRWND002,2043,3.9091
RE1,PWRWND002,2044,2.4533
RE1,PWRWND002,2045,3.242
RE1,PWRWND002,2046,2.1169
RE1,PWRWND002,2047,2.3129
RE1,PWRWND002,2048,2.5556
RE1,PWRWND002,2049,5.462
RE1,PWRWND002,2052,0.7908
RE1,PWRWND002,2053,0.7979
RE1,PWRWND002,2054,0.8051
RE1,PWRWND002,2055,0.8124
RE1,PWRWND002,2056,0.8197
RE1,PWRWND002,2057,0.8271
RE1,PWRWND002,2058,11.9392
RE1,PWRWND002,2059,18.1807
RE1,PWRWND002,2060,3.7052
RE1,PWRWND002,2061,2.7644
RE1,PWRWND002,2062,3.1482
RE1,PWRWND002,2063,3.1977
RE1,PWRWND002,2064,3.4
RE1,PWRWND002,2065,3.9047
RE1,PWRWND002,2066,3.8906
RE1,PWRWND002,2067,3.6271
RE1,PWRWND002,2068,4.5873
RE1,PWRWND002,2069,5.1234
RE1,PWRWND002,2070,0.9296
RE1,PWRSOL001S,2023,0.2261
RE1,PWRSOL001S,2024,14.0321
RE1,PWRSOL001S,2025,15.9719
RE1,PWRSOL001S,2026,1.0182
RE1,PWRSOL001S,2027,1.0251
RE1,PWRSOL001S,2028,1.7632
RE1,PWRSOL001S,2029,2.3928
RE1,PWRSOL001S,2030,3.6573
RE1,PWRSOL001S,2031,2.4426
RE1,PWRSOL001S,2032,2.9243
RE1,PWRSOL001S,2033,2.9776
RE1,PWRSOL001S,2034,3.2266
RE1,PWRSOL001S,2035,3.8628
RE1,PWRSOL001S,2036,3.8344
RE1,PWRSOL001S,2037,3.4866
RE1,PWRSOL001S,2038,4.7059
RE1,PWRSOL001S,2039,5.3819
RE1,PWRSOL001S,2040,5.5347
RE1,PWRSOL001S,2041,5.6822
RE1,PWRSOL001S,2042,5.4485
RE1,PWRSOL001S,2043,5.0067
RE1,PWRSOL001S,2044,3.1422
RE1,PWRSOL001S,2045,4.1523
RE1,PWRSOL001S,2046,2.7113
RE1,PWRSOL001S,2047,2.9624
RE1,PWRSOL001S,2048,3.2732
RE1,PWRSOL001S,2049,3.3826
RE1,PWRSOL001S,2050,2.6091
RE1,PWRSOL001S,2051,1.0038
RE1,PWRSOL001S,2052,1.0129
RE1,PWRSOL001S,2053,1.2481
RE1,PWRSOL001S,2054,15.0632
RE1,PWRSOL001S,2055,17.0123
RE1,PWRSOL001S,2056,2.068
RE1,PWRSOL001S,2057,2.0843
RE1,PWRSOL001S,2058,2.832
RE1,PWRSOL001S,2059,3.4713
RE1,PWRSOL001S,2060,4.7455
RE1,PWRSOL001S,2061,3.5406
RE1,PWRSOL001S,2062,4.0322
RE1,PWRSOL001S,2063,4.0956
RE1,PWRSOL001S,2064,4.3546
RE1,PWRSOL001S,2065,5.001
RE1,PWRSOL001S,2066,4.9829
RE1,PWRSOL001S,2067,4.6454
RE1,PWRSOL001S,2068,5.8752
RE1,PWRSOL001S,2069,6.5619
RE1,PWRSOL001S,2070,6.7253
RE1,PWRWND001S,2033,9.5308
RE1,PWRWND001S,2034,14.8086
RE1,PWRWND001S,2035,12.5889
RE1,PWRWND001S,2036,12.7112
RE1,PWRWND001S,2037,15.7108
RE1,PWRWND001S,2038,13.7554
RE1,PWRWND001S,2039,12.4479
RE1,PWRWND001S,2041,5.6911
RE1,PWRWND001S,2042,18.5427
RE1,PWRWND001S,2043,22.2549
RE1,PWRWND001S,2044,30.4843
RE1,PWRWND001S,2045,10.3534
RE1,PWRWND001S,2046,31.0478
RE1,PWRWND001S,2047,37.9287
RE1,PWRWND001S,2048,10.2784
RE1,PWRWND001S,2049,14.8989
RE1,PWRWND001S,2050,1.2135
RE1,PWRWND001S,2051,0.1792
RE1,PWRWND001S,2052,2.3588
RE1,PWRWND001S,2053,2.38
RE1,PWRWND001S,2054,2.4014
RE1,PWRWND001S,2055,2.423
RE1,PWRWND001S,2056,2.4449
RE1,PWRWND001S,2057,2.4669
RE1,PWRWND001S,2058,2.4891
RE1,PWRWND001S,2059,2.5116
RE1,PWRWND001S,2060,2.5342
RE1,PWRWND001S,2061,2.5571
RE1,PWRWND001S,2062,2.5802
RE1,PWRWND001S,2063,12.1342
RE1,PWRWND001S,2064,17.4355
RE1,PWRWND001S,2065,15.2396
RE1,PWRWND001S,2066,15.3858
RE1,PWRWND001S,2067,18.4096
RE1,PWRWND001S,2068,16.4787
RE1,PWRWND001S,2069,15.1958
RE1,PWRWND001S,2070,2.7728
RE1,PWRTRNIMP,2015,3.1333
RE1,PWRTRNIMP,2016,3.9256
RE1,PWRTRNIMP,2017,4.5797
RE1,PWRTRNIMP,2018,4.9165
RE1,PWRTRNIMP,2019,4.998
RE1,PWRTRNIMP,2020,5.0795
RE1,PWRTRNIMP,2021,5.2187
RE1,PWRTRNIMP,2022,6.0252
RE1,PWRTRNIMP,2023,6.0427
RE1,PWRTRNIMP,2024,8.1256
RE1,PWRTRNIMP,2025,8.5933
RE1,PWRTRNIMP,2026,8.5948
RE1,PWRTRNIMP,2027,8.5663
RE1,PWRTRNIMP,2028,8.5747
RE1,PWRTRNIMP,2029,8.4417
RE1,PWRTRNIMP,2030,7.3479
RE1,PWRTRNIMP,2031,7.3479
RE1,PWRTRNIMP,2032,7.3479
RE1,PWRTRNIMP,2033,7.3479
RE1,PWRTRNIMP,2034,7.3479
RE1,PWRTRNIMP,2035,7.3479
RE1,PWRTRNIMP,2036,7.3479
RE1,PWRTRNIMP,2037,7.3479
RE1,PWRTRNIMP,2038,7.3479
RE1,PWRTRNIMP,2039,7.3479
RE1,PWRTRNIMP,2040,9.6261
RE1,PWRTRNIMP,2041,12.91
RE1,PWRTRNIMP,2042,10.7809
RE1,PWRTRNIMP,2043,9.2796
RE1,PWRTRNIMP,2044,8.717
RE1,PWRTRNIMP,2045,13.302
RE1,PWRTRNIMP,2046,14.9981
RE1,PWRTRNIMP,2047,14.1428
RE1,PWRTRNIMP,2048,15.9871
RE1,PWRTRNIMP,2049,16.0834
RE1,PWRTRNIMP,2050,7.4052
RE1,PWRTRNIMP,2051,7.3479
RE1,PWRTRNIMP,2052,7.3479
RE1,PWRTRNIMP,2053,7.3479
RE1,PWRTRNIMP,2054,6.1872
RE1,PWRTRNIMP,2055,7.3479
RE1,PWRTRNIMP,2056,7.3479
RE1,PWRTRNIMP,2057,7.3479
RE1,PWRTRNIMP,2058,7.3479
RE1,PWRTRNIMP,2059,7.3479
RE1,PWRTRNIMP,2060,12.8284
RE1,PWRTRNIMP,2061,12.287
RE1,PWRTRNIMP,2062,11.7387
RE1,PWRTRNIMP,2063,11.1833
RE1,PWRTRNIMP,2064,10.6833
RE1,PWRTRNIMP,2065,10.5128
RE1,PWRTRNIMP,2066,10.3401
RE1,PWRTRNIMP,2067,10.1651
RE1,PWRTRNIMP,2068,9.9877
RE1,PWRTRNIMP,2069,9.8081
RE1,PWRTRNIMP,2070,6.3895
RE1,PWRTRN,2025,4.0333
RE1,PWRTRN,2027,2.1541
RE1,PWRTRN,2028,1.6175
RE1,PWRTRN,2029,3.2837
RE1,PWRTRN,2030,3.2512
RE1,PWRTRN,2031,6.4598
RE1,PWRTRN,2032,2.4266
RE1,PWRTRN,2033,3.6842
RE1,PWRTRN,2034,4.3511
RE1,PWRTRN,2035,4.4224
RE1,PWRTRN,2036,6.6456
RE1,PWRTRN,2037,7.0901
RE1,PWRTRN,2038,7.582
RE1,PWRTRN,2039,7.838
RE1,PWRTRN,2040,8.4488
RE1,PWRTRN,2041,9.1925
RE1,PWRTRN,2042,10.1179
RE1,PWRTRN,2043,10.1324
RE1,PWRTRN,2044,9.0018
RE1,PWRTRN,2045,5.5719
RE1,PWRTRN,2046,10.0622
RE1,PWRTRN,2047,9.9591
RE1,PWRTRN,2048,0.6686
RE1,PWRTRN,2049,10.3792
RE1,PWRTRN,2050,26.8147
RE1,PWRTRN,2051,49.6077
RE1,PWRTRN,2052,1.7066
RE1,PWRTRN,2053,1.9171
RE1,PWRTRN,2054,1.9511
RE1,PWRTRN,2055,1.9679
RE1,PWRTRN,2056,1.9849
RE1,PWRTRN,2057,2.0019
RE1,PWRTRN,2058,2.0192
RE1,PWRTRN,2059,2.0366
RE1,PWRTRN,2060,2.0541
RE1,PWRTRN,2061,2.0718
RE1,PWRTRN,2062,2.0897
RE1,PWRTRN,2063,2.1077
RE1,PWRTRN,2064,2.1259
RE1,PWRTRN,2065,2.1443
RE1,PWRTRN,2066,2.1628
RE1,PWRTRN,2067,2.1814
RE1,PWRDIST,2025,1.326
RE1,PWRDIST,2026,0.0145
RE1,PWRDIST,2027,2.0456
RE1,PWRDIST,2028,1.5408
RE1,PWRDIST,2029,3.1139
RE1,PWRDIST,2030,3.0852
RE1,PWRDIST,2031,6.1166
RE1,PWRDIST,2032,2.3115
RE1,PWRDIST,2033,3.501
RE1,PWRDIST,2034,4.1336
RE1,PWRDIST,2035,4.2037
RE1,PWRDIST,2036,6.3089
RE1,PWRDIST,2037,6.7334
RE1,PWRDIST,2038,7.2033
RE1,PWRDIST,2039,7.4503
RE1,PWRDIST,2040,8.0335
RE1,PWRDIST,2041,8.7431
RE1,PWRDIST,2042,9.6257
RE1,PWRDIST,2043,9.6457
RE1,PWRDIST,2044,8.5799
RE1,PWRDIST,2045,5.3324
RE1,PWRDIST,2046,9.5961
RE1,PWRDIST,2047,9.5044
RE1,PWRDIST,2048,0.6903
RE1,PWRDIST,2049,9.9128
RE1,PWRDIST,2050,25.533
RE1,PWRDIST,2051,49.2713
RE1,PWRDIST,2052,1.6213
RE1,PWRDIST,2053,1.8212
RE1,PWRDIST,2054,1.8536
RE1,PWRDIST,2055,1.8695
RE1,PWRDIST,2056,1.8856
RE1,PWRDIST,2057,1.9018
RE1,PWRDIST,2058,1.9182
RE1,PWRDIST,2059,1.9347
RE1,PWRDIST,2060,1.9514
RE1,PWRDIST,2061,1.9682
RE1,PWRDIST,2062,1.9852
RE1,PWRDIST,2063,2.0023
RE1,PWRDIST,2064,2.0196
RE1,PWRDIST,2065,2.037
RE1,PWRDIST,2066,2.0546
RE1,PWRDIST,2067,2.0724
RE1,PWRSOL002,2023,4.0651
RE1,PWRSOL002,2026,8.5186
RE1,PWRSOL002,2027,3.83
RE1,PWRSOL002,2028,2.1677
RE1,PWRSOL002,2030,15.0121
RE1,PWRSOL002,2031,0.5681
RE1,PWRSOL002,2032,11.292
RE1,PWRSOL002,2033,2.9776
RE1,PWRSOL002,2034,3.2266
RE1,PWRSOL002,2035,3.8628
RE1,PWRSOL002,2036,3.8344
RE1,PWRSOL002,2037,3.4866
RE1,PWRSOL002,2038,4.7059
RE1,PWRSOL002,2039,5.3819
RE1,PWRSOL002,2040,1.3293
RE1,PWRSOL002,2045,27.6372
RE1,PWRSOL002,2048,13.0119
RE1,PWRSOL002,2049,3.3826
RE1,PWRSOL002,2050,11.1277
RE1,PWRSOL002,2051,4.8338
RE1,PWRSOL002,2052,3.1805
RE1,PWRSOL002,2053,1.022
RE1,PWRSOL002,2054,16.0432
RE1,PWRSOL002,2055,1.6086
RE1,PWRSOL002,2056,12.3418
RE1,PWRSOL002,2057,4.0369
RE1,PWRSOL002,2058,4.2954
RE1,PWRSOL002,2059,4.9413
RE1,PWRSOL002,2060,4.9226
RE1,PWRSOL002,2061,4.5846
RE1,PWRSOL002,2062,5.8138
RE1,PWRSOL002,2063,6.4998
RE1,PWRSOL002,2064,2.4573
RE1,PWRSOL002,2065,1.1382
RE1,PWRSOL002,2066,1.1485
RE1,PWRSOL002,2067,1.1589
RE1,PWRSOL002,2068,1.1694
RE1,PWRSOL002,2069,28.8171
RE1,PWRSOL002,2070,1.1906
RE1,PWRHYD004,2021,0.07
RE1,PWRHYD004,2061,0.07
RE1,PWRTRNEXP,2015,0.277
RE1,PWRTRNEXP,2016,0.1731
RE1,PWRTRNEXP,2017,0.1385
RE1,PWRTRNEXP,2018,0.1385
RE1,PWRTRNEXP,2019,0.1385
RE1,PWRTRNEXP,2020,0.1385
RE1,PWRTRNEXP,2021,0.1385
RE1,PWRTRNEXP,2022,0.4848
RE1,PWRTRNEXP,2023,0.2844
RE1,PWRTRNEXP,2024,0.9695
RE1,PWRTRNEXP,2025,0.2424
RE1,PWRTRNEXP,2026,0.2424
RE1,PWRTRNEXP,2027,0.2424
RE1,PWRTRNEXP,2028,0.2424
RE1,PWRTRNEXP,2029,0.2327
RE1,PWRTRNEXP,2030,0.2424
RE1,PWRTRNEXP,2031,0.2424
RE1,PWRTRNEXP,2032,0.2424
RE1,PWRTRNEXP,2033,0.2424
RE1,PWRTRNEXP,2034,0.2327
RE1,PWRTRNEXP,2035,0.5488
RE1,PWRTRNEXP,2036,0.9695
RE1,PWRTRNEXP,2037,0.9695
RE1,PWRTRNEXP,2038,0.9695
RE1,PWRTRNEXP,2039,0.9695
RE1,PWRTRNEXP,2040,0.9695
RE1,PWRTRNEXP,2041,0.9695
RE1,PWRTRNEXP,2042,0.9695
RE1,PWRTRNEXP,2043,0.9695
RE1,PWRTRNEXP,2044,0.9695
RE1,PWRTRNEXP,2045,0.9695
RE1,PWRTRNEXP,2046,0.9695
RE1,PWRTRNEXP,2047,0.9695
RE1,PWRTRNEXP,2048,0.9695
RE1,PWRTRNEXP,2049,0.4848
RE1,PWRTRNEXP,2050,0.9695
RE1,PWRTRNEXP,2051,0.9695
RE1,PWRTRNEXP,2052,0.9695
RE1,PWRTRNEXP,2053,0.9695
RE1,PWRTRNEXP,2054,0.9695
RE1,PWRTRNEXP,2055,0.9695
RE1,PWRTRNEXP,2056,0.9695
RE1,PWRTRNEXP,2057,0.9695
RE1,PWRTRNEXP,2058,0.9695
RE1,PWRTRNEXP,2059,0.9695
RE1,PWRTRNEXP,2060,0.9695
RE1,PWRTRNEXP,2061,0.9695
RE1,PWRTRNEXP,2062,0.9695
RE1,PWRTRNEXP,2063,0.9695
RE1,PWRTRNEXP,2064,0.9695
RE1,PWRTRNEXP,2065,0.9695
RE1,PWRTRNEXP,2066,0.9695
RE1,PWRTRNEXP,2067,0.9695
RE1,PWRTRNEXP,2068,0.9695
RE1,PWRTRNEXP,2069,0.9695
RE1,PWRTRNEXP,2070,0.2327
RE1,DEMTRAEVC,2021,1.2483
RE1,DEMTRAEVC,2022,1.2483
RE1,DEMTRAEVC,2023,1.2483
RE1,DEMTRAEVC,2024,1.2483
RE1,DEMTRAEVC,2025,1.2483
RE1,DEMTRAEVC,2026,1.7442
RE1,DEMTRAEVC,2027,1.9492
RE1,DEMTRAEVC,2028,2.0219
RE1,DEMTRAEVC,2029,2.1938
RE1,DEMTRAEVC,2030,3.7445
RE1,DEMTRAEVC,2031,3.3406
RE1,DEMTRAEVC,2032,3.389
RE1,DEMTRAEVC,2033,2.1608
RE1,DEMTRAEVC,2034,2.3934
RE1,DEMTRAEVC,2035,2.5372
RE1,DEMTRAEVC,2036,2.4571
RE1,DEMTRAEVC,2037,2.9368
RE1,DEMTRAEVC,2038,2.8234
RE1,DEMTRAEVC,2039,4.6805
RE1,DEMTRAEVC,2040,2.7506
RE1,DEMTRAEVC,2041,4.2624
RE1,DEMTRAEVC,2042,2.7456
RE1,DEMTRAEVC,2043,2.5764
RE1,DEMTRAEVC,2044,2.618
RE1,DEMTRAEVC,2045,2.0082
RE1,DEMTRAEVC,2046,3.8717
RE1,DEMTRAEVC,2047,2.9617
RE1,DEMTRAEVC,2048,2.9796
RE1,DEMTRAEVC,2049,3.0763
RE1,DEMTRAEVC,2050,4.7971
RE1,DEMTRAEVC,2051,1.3914
RE1,DEMTRAEVC,2052,1.0076
RE1,DEMTRAEVC,2053,1.0157
RE1,DEMTRAEVC,2054,2.0559
RE1,DEMTRAEVC,2056,1.0403
RE1,DEMTRAEVC,2057,3.9522
RE1,DEMTRAEVC,2058,6.1383
RE1,DEMTRAEVC,2059,6.1468
RE1,DEMTRAEVC,2060,3.7352
RE1,DEMTRAEVC,2061,0.8062
RE1,DEMTRAEVC,2062,0.8125
RE1,DEMTRAEVC,2063,0.8188
RE1,DEMTRAEVC,2064,0.8251
RE1,DEMTRAEVC,2065,0.8315
RE1,DEMTRAEVC,2066,0.8379
RE1,DEMTRAEVC,2067,0.8444
RE1,DEMTRAEVC,2068,0.8509
RE1,DEMTRAEVC,2069,0.8575
RE1,DEMTRAMCYELC,2021,1.1246
RE1,DEMTRAMCYELC,2022,1.1246
RE1,DEMTRAMCYELC,2023,1.1246
RE1,DEMTRAMCYELC,2024,1.1246
RE1,DEMTRAMCYELC,2025,1.1246
RE1,DEMTRAMCYELC,2026,1.1246
RE1,DEMTRAMCYELC,2027,1.1246
RE1,DEMTRAMCYELC,2028,1.1246
RE1,DEMTRAMCYELC,2029,1.1246
RE1,DEMTRAMCYELC,2030,1.1246
RE1,DEMTRAMCYELC,2031,1.1246
RE1,DEMTRAMCYELC,2032,1.1246
RE1,DEMTRAMCYELC,2033,1.1246
RE1,DEMTRAMCYELC,2034,1.1246
RE1,DEMTRAMCYELC,2035,1.1246
RE1,DEMTRAMCYELC,2036,1.1246
RE1,DEMTRAMCYELC,2037,1.1246
RE1,DEMTRAMCYELC,2038,1.1246
RE1,DEMTRAMCYELC,2039,1.1246
RE1,DEMTRAMCYELC,2040,2.2491
RE1,DEMTRAMCYELC,2041,2.2491
RE1,DEMTRAMCYELC,2042,1.5131
RE1,DEMTRAMCYELC,2043,1.3233
RE1,DEMTRAMCYELC,2044,1.3233
RE1,DEMTRAMCYELC,2045,0.5112
RE1,DEMTRAMCYELC,2046,2.092
RE1,DEMTRAMCYELC,2047,1.2799
RE1,DEMTRAMCYELC,2048,1.2799
RE1,DEMTRAMCYELC,2049,1.2799
RE1,DEMTRAMCYELC,2050,1.2799
RE1,DEMTRAMCYELC,2054,0.2478
RE1,DEMTRAMCYELC,2055,3.0048
RE1,DEMTRAMCYELC,2056,0.9661
RE1,DEMTRAMCYELC,2057,3.39
RE1,DEMTRAMCYELC,2058,4.4794
RE1,DEMTRAMCYELC,2059,2.4754
RE1,DEMTRAMCYELC,2060,0.7507
RE1,DEMTRAMCYELC,2061,2.2638
RE1,DEMTRAMCYELC,2062,1.453
RE1,DEMTRAMCYELC,2063,1.4544
RE1,DEMTRAMCYELC,2064,1.4557
RE1,DEMTRAMCYELC,2065,1.457
RE1,DEMTRAMCYELC,2066,0.1785
RE1,DEMTRAMCYELC,2067,0.1799
RE1,DEMTRAMCYELC,2068,0.1813
RE1,DEMTRAMCYELC,2069,0.4305
RE1,DEMTRAMCYELC,2070,2.2197
RE1,DEMTRACARELC,2029,0.1237
RE1,DEMTRACARELC,2030,0.7238
RE1,DEMTRACARELC,2031,0.7584
RE1,DEMTRACARELC,2032,0.802
RE1,DEMTRACARELC,2033,0.8455
RE1,DEMTRACARELC,2034,0.8891
RE1,DEMTRACARELC,2035,0.9326
RE1,DEMTRACARELC,2036,0.9605
RE1,DEMTRACARELC,2037,1.0001
RE1,DEMTRACARELC,2038,1.0397
RE1,DEMTRACARELC,2039,1.0809
RE1,DEMTRACARELC,2040,2.0214
RE1,DEMTRACARELC,2041,2.0475
RE1,DEMTRACARELC,2042,2.0849
RE1,DEMTRACARELC,2043,2.1223
RE1,DEMTRACARELC,2044,2.1598
RE1,DEMTRACARELC,2045,1.2959
RE1,DEMTRACARELC,2046,0.7141
RE1,DEMTRACARELC,2047,0.891
RE1,DEMTRACARELC,2048,0.9727
RE1,DEMTRACARELC,2049,1.6131
RE1,DEMTRACARELC,2050,3.7635
RE1,DEMTRACARELC,2051,8.2486
RE1,DEMTRACARELC,2052,0.3583
RE1,DEMTRACARELC,2054,3.1726
RE1,DEMTRACARELC,2056,3.0024
RE1,DEMTRACARELC,2057,2.504
RE1,DEMTRACARELC,2058,3.2326
RE1,DEMTRACARELC,2059,5.284
RE1,DEMTRACARELC,2060,4.9632
RE1,DEMTRACARELC,2061,2.4167
RE1,DEMTRACARELC,2062,2.457
RE1,DEMTRACARELC,2063,2.4973
RE1,DEMTRACARELC,2064,2.5377
RE1,DEMTRACARELC,2065,1.6767
RE1,DEMTRACARELC,2066,1.0979
RE1,DEMTRACARELC,2067,1.2778
RE1,DEMTRACARELC,2068,1.3624
RE1,DEMTRACARELC,2069,2.0059
RE1,DEMTRACARELC,2070,4.35
RE1,DEMTRABUSELC,2026,0.4468
RE1,DEMTRABUSELC,2027,0.6314
RE1,DEMTRABUSELC,2028,0.697
RE1,DEMTRABUSELC,2029,1.1266
RE1,DEMTRABUSELC,2030,1.1266
RE1,DEMTRABUSELC,2031,1.1266
RE1,DEMTRABUSELC,2032,1.1266
RE1,DEMTRABUSELC,2033,1.1266
RE1,DEMTRABUSELC,2034,1.1266
RE1,DEMTRABUSELC,2035,1.1266
RE1,DEMTRABUSELC,2036,1.1266
RE1,DEMTRABUSELC,2037,1.1266
RE1,DEMTRABUSELC,2038,1.1266
RE1,DEMTRABUSELC,2039,1.1266
RE1,DEMTRABUSELC,2045,1.1266
RE1,DEMTRABUSELC,2046,2.2532
RE1,DEMTRABUSELC,2047,2.2532
RE1,DEMTRABUSELC,2048,2.2532
RE1,DEMTRABUSELC,2049,2.2532
RE1,DEMTRABUSELC,2050,2.2532
RE1,DEMTRABUSELC,2051,1.2982
RE1,DEMTRABUSELC,2052,1.2995
RE1,DEMTRABUSELC,2053,1.3009
RE1,DEMTRABUSELC,2054,1.3022
RE1,DEMTRABUSELC,2055,1.3036
RE1,DEMTRABUSELC,2056,1.3049
RE1,DEMTRABUSELC,2057,1.3063
RE1,DEMTRABUSELC,2058,1.3077
RE1,DEMTRABUSELC,2059,1.3091
RE1,DEMTRABUSELC,2060,0.1839
RE1,DEMTRABUSELC,2061,0.1853
RE1,DEMTRABUSELC,2062,0.1868
RE1,DEMTRABUSELC,2063,0.1882
RE1,DEMTRABUSELC,2064,0.1897
RE1,DEMTRABUSELC,2065,1.3178
RE1,DEMTRABUSELC,2066,2.4458
RE1,DEMTRABUSELC,2067,2.4473
RE1,DEMTRABUSELC,2068,2.4488
RE1,DEMTRABUSELC,2069,2.4504
RE1,DEMTRABUSELC,2070,2.4519
RE1,DEMTRAMCYGSL,2015,7.3231
RE1,DEMTRAMCYGSL,2016,0.2807
RE1,DEMTRAMCYGSL,2017,0.1748
RE1,DEMTRAMCYGSL,2018,0.1885
RE1,DEMTRAMCYGSL,2019,0.1822
RE1,DEMTRAMCYGSL,2020,0.1821
RE1,DEMTRACARGSL,2015,15.7447
RE1,DEMTRACARGSL,2016,0.6983
RE1,DEMTRACARGSL,2017,0.7379
RE1,DEMTRACARGSL,2018,0.7775
RE1,DEMTRACARGSL,2019,0.8188
RE1,DEMTRACARGSL,2020,1.7594
RE1,DEMTRACARGSL,2021,1.7981
RE1,DEMTRACARGSL,2022,1.8356
RE1,DEMTRACARGSL,2023,1.873
RE1,DEMTRACARGSL,2024,1.9105
RE1,DEMTRACARGSL,2025,1.0466
RE1,DEMTRACARGSL,2026,0.5192
RE1,DEMTRACARGSL,2027,0.6962
RE1,DEMTRACARGSL,2028,0.7778
RE1,DEMTRACARGSL,2029,1.2946
RE1,DEMTRACARGSL,2030,1.0361
RE1,DEMTRABUSGSL,2015,13.949
RE1,DEMTRABUSGSL,2016,0.8967
RE1,DEMTRABUSGSL,2017,0.699
RE1,DEMTRABUSGSL,2019,0.8405
RE1,DEMTRABUSGSL,2020,0.0969
RE1,DEMTRABUSGSL,2021,0.0072
RE1,DEMTRABUSGSL,2025,0.9121
RE1,DEMTRABUSGSL,2026,1.6387
RE1,DEMTRABUSGSL,2027,1.4541
RE1,DEMTRABUSGSL,2028,1.3886
RE1,DEMTRABUSGSL,2029,0.9589
RE1,DEMTRABUSGSL,2030,0.9589
RE1,DEMINDELC,2015,11.2574
RE1,DEMINDELC,2016,0.651
RE1,DEMINDELC,2017,0.5579
RE1,DEMINDELC,2018,0.5579
RE1,DEMINDELC,2019,0.5579
RE1,DEMINDELC,2020,0.5579
RE1,DEMINDELC,2031,1.488
RE1,DEMINDELC,2041,2.3456
RE1,DEMINDELC,2051,1.2806
RE1,DEMINDELC,2061,0.0584
RE1,DEMINDELC,2062,0.0007
RE1,DEMINDELC,2063,0.0007
RE1,DEMINDELC,2064,0.0007
RE1,DEMINDELC,2065,0.0007
RE1,DEMINDELC,2066,0.0007
RE1,DEMINDELC,2067,0.0007
RE1,DEMINDELC,2068,0.0007
RE1,DEMINDELC,2069,0.0007
RE1,DEMINDELC,2070,0.0007
RE1,INDENEFFGD,2021,8.3863
RE1,INDENEFFGD,2031,4.9182
RE1,INDENEFFGD,2032,0.5753
RE1,INDENEFFGD,2033,0.6026
RE1,INDENEFFGD,2034,0.4328
RE1,INDENEFFGD,2035,0.3726
RE1,INDENEFFGD,2036,0.4085
RE1,INDENEFFGD,2037,0.6968
RE1,INDENEFFGD,2039,0.5378
RE1,INDENEFFGD,2041,2.516
RE1,INDENEFFDP,2021,0.9215
RE1,INDENEFFDP,2022,0.9215
RE1,INDENEFFDP,2023,0.9215
RE1,INDENEFFDP,2024,0.9215
RE1,INDENEFFDP,2025,0.9215
RE1,INDENEFFDP,2026,0.9215
RE1,INDENEFFDP,2027,0.9215
RE1,INDENEFFDP,2028,0.9215
RE1,INDENEFFDP,2029,0.9215
RE1,INDENEFFDP,2030,0.9215
RE1,INDENEFFDP,2031,0.9215
RE1,INDENEFFDP,2032,0.9215
RE1,INDENEFFDP,2033,0.9215
RE1,INDENEFFDP,2034,0.9215
RE1,INDENEFFDP,2035,0.9215
RE1,INDENEFFDP,2036,0.9215
RE1,INDENEFFDP,2037,0.9215
RE1,INDENEFFDP,2038,0.9215
RE1,INDENEFFDP,2039,0.9215
RE1,INDENEFFDP,2040,1.843
RE1,INDENEFFDP,2041,1.843
RE1,INDENEFFDP,2042,1.843
RE1,INDENEFFDP,2043,1.843
RE1,INDENEFFDP,2044,1.843
RE1,INDENEFFDP,2045,1.843
RE1,INDENEFFDP,2046,1.843
RE1,INDENEFFDP,2047,1.843
RE1,INDENEFFDP,2048,1.843
RE1,INDENEFFDP,2049,1.843
RE1,INDENEFFDP,2050,1.843
RE1,INDENEFFDP,2051,3.3543
RE1,INDENEFFDP,2052,3.0209
RE1,INDENEFFDP,2053,2.0786
RE1,INDENEFFDP,2054,2.0813
RE1,INDENEFFDP,2055,2.0839
RE1,INDENEFFDP,2056,2.0866
RE1,INDENEFFDP,2057,2.0893
RE1,INDENEFFDP,2058,2.0921
RE1,INDENEFFDP,2059,2.0948
RE1,INDENEFFDP,2060,2.0977
RE1,INDENEFFDP,2061,3.6118
RE1,INDENEFFDP,2062,3.2812
RE1,INDENEFFDP,2063,2.3419
RE1,INDENEFFDP,2064,2.3474
RE1,INDENEFFDP,2065,2.353
RE1,INDENEFFDP,2066,2.3587
RE1,INDENEFFDP,2067,2.3645
RE1,INDENEFFDP,2068,2.3703
RE1,INDENEFFDP,2069,2.3762
RE1,INDENEFFDP,2070,2.3821
RE1,DEMINDHEEH,2042,4.0287
RE1,DEMINDHEEH,2043,7.0502
RE1,DEMINDHEEH,2044,7.0502
RE1,DEMINDHEEH,2045,7.0502
RE1,DEMINDHEEH,2046,7.0502
RE1,DEMINDHEEH,2047,7.0502
RE1,DEMINDHEEH,2048,7.0502
RE1,DEMINDHEEH,2049,7.0502
RE1,DEMINDHEEH,2050,7.0502
RE1,DEMINDHEEH,2060,3.3579
RE1,DEMINDHEEH,2061,7.4339
RE1,DEMINDHEEH,2062,7.4373
RE1,DEMINDHEEH,2063,7.4407
RE1,DEMINDHEEH,2064,7.4442
RE1,DEMINDHEEH,2065,7.4477
RE1,DEMINDHEEH,2066,0.401
RE1,DEMINDHEEH,2067,0.4046
RE1,DEMINDHEEH,2068,0.4082
RE1,DEMINDHEEH,2069,0.4119
RE1,DEMINDHEEL,2030,4.6843
RE1,DEMINDHEEL,2031,0.4191
RE1,DEMINDHEEL,2032,1.3515
RE1,DEMINDHEEL,2033,1.4809
RE1,DEMINDHEEL,2034,2.1905
RE1,DEMINDHEEL,2035,2.2903
RE1,DEMINDHEEL,2036,1.5485
RE1,DEMINDHEEL,2037,1.6252
RE1,DEMINDHEEL,2038,1.7244
RE1,DEMINDHEEL,2039,0.7594
RE1,DEMINDHEEL,2040,3.4777
RE1,DEMINDHEEL,2041,2.8101
RE1,DEMINDHEEL,2042,3.4602
RE1,DEMINDHEEL,2043,1.1484
RE1,DEMINDHEEL,2044,1.7653
RE1,DEMINDHEEL,2045,8.2872
RE1,DEMINDHEEL,2047,3.3027
RE1,DEMINDHEEL,2048,3.2678
RE1,DEMINDHEEL,2049,2.0604
RE1,DEMINDHEEL,2050,8.4614
RE1,DEMINDHEEL,2051,1.6311
RE1,DEMINDHEEL,2052,1.8324
RE1,DEMINDHEEL,2053,2.1406
RE1,DEMINDHEEL,2054,0.0999
RE1,DEMINDHEEL,2055,4.635
RE1,DEMINDHEEL,2056,2.9538
RE1,DEMINDHEEL,2057,4.1469
RE1,DEMINDHEEL,2058,1.4136
RE1,DEMINDHEEL,2059,1.7165
RE1,DEMINDHEEL,2060,9.3142
RE1,DEMINDHEEL,2061,0.0776
RE1,DEMINDHEEL,2062,3.2657
RE1,DEMINDHEEL,2063,3.5169
RE1,DEMINDHEEL,2064,3.1273
RE1,DEMINDHEEL,2065,7.8878
RE1,DEMINDHEEL,2066,1.9874
RE1,DEMINDHEEL,2067,2.8391
RE1,DEMINDHEEL,2068,2.3085
RE1,DEMINDHEEL,2069,0.557
RE1,DEMINDHEBIO,2015,17.0071
RE1,DEMINDHEBIO,2022,0.1604
RE1,DEMINDHEBIO,2023,0.2474
RE1,DEMINDHEBIO,2024,0.2471
RE1,DEMINDHEBIO,2025,0.2468
RE1,DEMINDHEBIO,2026,0.2724
RE1,DEMINDHEBIO,2027,0.2721
RE1,DEMINDHEBIO,2028,0.2718
RE1,DEMINDHEBIO,2029,0.2715
RE1,DEMINDHEBIO,2030,14.5457
RE1,DEMINDHEBIO,2045,3.9457
RE1,DEMRESELC,2015,5.6197
RE1,DEMRESELC,2016,0.325
RE1,DEMRESELC,2017,0.2785
RE1,DEMRESELC,2018,0.2785
RE1,DEMRESELC,2019,0.2785
RE1,DEMRESELC,2020,0.2785
RE1,DEMRESELC,2031,0.7428
RE1,DEMRESELC,2041,1.1709
RE1,DEMRESELC,2051,0.1939
RE1,DEMRESELC,2061,0.0291
RE1,DEMRESELC,2062,0.0003
RE1,DEMRESELC,2063,0.0003
RE1,DEMRESELC,2064,0.0003
RE1,DEMRESELC,2065,0.0003
RE1,DEMRESELC,2066,0.0003
RE1,DEMRESELC,2067,0.0003
RE1,DEMRESELC,2068,0.0003
RE1,DEMRESELC,2069,0.0004
RE1,DEMRESELC,2070,0.0004
RE1,RESENEFFGD,2021,4.1865
RE1,RESENEFFGD,2031,2.4552
RE1,RESENEFFGD,2032,0.2872
RE1,RESENEFFGD,2033,0.3008
RE1,RESENEFFGD,2034,0.216
RE1,RESENEFFGD,2035,0.186
RE1,RESENEFFGD,2036,0.2039
RE1,RESENEFFGD,2037,0.3478
RE1,RESENEFFGD,2039,0.2685
RE1,RESENEFFGD,2041,1.256
RE1,RESENEFFDP,2021,0.46
RE1,RESENEFFDP,2022,0.46
RE1,RESENEFFDP,2023,0.46
RE1,RESENEFFDP,2024,0.46
RE1,RESENEFFDP,2025,0.46
RE1,RESENEFFDP,2026,0.46
RE1,RESENEFFDP,2027,0.46
RE1,RESENEFFDP,2028,0.46
RE1,RESENEFFDP,2029,0.46
RE1,RESENEFFDP,2030,0.46
RE1,RESENEFFDP,2031,0.46
RE1,RESENEFFDP,2032,0.46
RE1,RESENEFFDP,2033,0.46
RE1,RESENEFFDP,2034,0.46
RE1,RESENEFFDP,2035,0.46
RE1,RESENEFFDP,2036,0.46
RE1,RESENEFFDP,2037,0.46
RE1,RESENEFFDP,2038,0.46
RE1,RESENEFFDP,2039,0.46
RE1,RESENEFFDP,2040,0.9201
RE1,RESENEFFDP,2041,0.9201
RE1,RESENEFFDP,2042,0.9201
RE1,RESENEFFDP,2043,0.9201
RE1,RESENEFFDP,2044,0.9201
RE1,RESENEFFDP,2045,0.9201
RE1,RESENEFFDP,2046,0.9201
RE1,RESENEFFDP,2047,0.9201
RE1,RESENEFFDP,2048,0.9201
RE1,RESENEFFDP,2049,0.9201
RE1,RESENEFFDP,2050,0.9201
RE1,RESENEFFDP,2051,2.0171
RE1,RESENEFFDP,2052,1.0366
RE1,RESENEFFDP,2053,1.1665
RE1,RESENEFFDP,2054,1.039
RE1,RESENEFFDP,2055,1.0403
RE1,RESENEFFDP,2056,1.0416
RE1,RESENEFFDP,2057,1.043
RE1,RESENEFFDP,2058,1.0444
RE1,RESENEFFDP,2059,1.0458
RE1,RESENEFFDP,2060,1.0472
RE1,RESENEFFDP,2061,2.1456
RE1,RESENEFFDP,2062,1.1665
RE1,RESENEFFDP,2063,1.2979
RE1,RESENEFFDP,2064,1.1718
RE1,RESENEFFDP,2065,1.1746
RE1,RESENEFFDP,2066,1.1775
RE1,RESENEFFDP,2067,1.1804
RE1,RESENEFFDP,2068,1.1833
RE1,RESENEFFDP,2069,1.1862
RE1,RESENEFFDP,2070,1.1892
RE1,DEMRESCKNELC,2021,20.3818
RE1,DEMRESCKNELC,2022,17.5637
RE1,DEMRESCKNELC,2023,20.3818
RE1,DEMRESCKNELC,2024,20.3818
RE1,DEMRESCKNELC,2025,20.3818
RE1,DEMRESCKNELC,2026,5.2912
RE1,DEMRESCKNELC,2027,5.9282
RE1,DEMRESCKNELC,2028,12.5903
RE1,DEMRESCKNELC,2029,2.0128
RE1,DEMRESCKNELC,2030,7.5302
RE1,DEMRESCKNELC,2032,0.752
RE1,DEMRESCKNELC,2033,12.0069
RE1,DEMRESCKNELC,2034,5.7037
RE1,DEMRESCKNELC,2035,7.1256
RE1,DEMRESCKNELC,2036,20.3818
RE1,DEMRESCKNELC,2037,20.3818
RE1,DEMRESCKNELC,2038,20.3818
RE1,DEMRESCKNELC,2039,20.3818
RE1,DEMRESCKNELC,2040,8.8202
RE1,DEMRESCKNELC,2041,9.7742
RE1,DEMRESCKNELC,2045,17.5039
RE1,DEMRESCKNELC,2050,11.5135
RE1,DEMRESCKNELC,2051,53.9925
RE1,DEMRESCKNELC,2052,18.541
RE1,DEMRESCKNELC,2053,23.0204
RE1,DEMRESCKNELC,2054,23.1917
RE1,DEMRESCKNELC,2055,23.2159
RE1,DEMRESCKNELC,2056,8.1497
RE1,DEMRESCKNELC,2057,8.8113
RE1,DEMRESCKNELC,2058,15.4983
RE1,DEMRESCKNELC,2059,4.9458
RE1,DEMRESCKNELC,2060,10.4886
RE1,DEMRESCKNELC,2061,2.9839
RE1,DEMRESCKNELC,2062,3.7617
RE1,DEMRESCKNELC,2063,15.0425
RE1,DEMRESCKNELC,2064,8.7655
RE1,DEMRESCKNELC,2065,10.2138
RE1,DEMRESCKNELC,2066,23.4968
RE1,DEMRESCKNELC,2067,23.5237
RE1,DEMRESCKNELC,2068,7.6249
RE1,DEMRESCKNELC,2069,7.5147
RE1,DEMRESHEBIO,2015,3.3687
RE1,DEMRESHEBIO,2019,0.0843
RE1,DEMRESHEBIO,2020,0.0841
RE1,DEMRESHEBIO,2021,0.0626
RE1,DEMRESHEBIO,2022,0.0624
RE1,DEMRESHEBIO,2023,0.0623
RE1,DEMRESHEBIO,2024,0.0621
RE1,DEMRESHEBIO,2025,0.062
RE1,DEMRESHEBIO,2026,0.068
RE1,DEMRESHEBIO,2027,0.0678
RE1,DEMRESHEBIO,2028,0.0677
RE1,DEMRESHEBIO,2029,0.0676
RE1,DEMRESHEBIO,2030,3.4361
RE1,DEMRESHEBIO,2045,2.0486
RE1,DEMRESHEOIL,2015,0.0026
RE1,DEMRESHEOIL,2049,0.5694
RE1,DEMRESHEEL,2031,0.1059
RE1,DEMRESHEEL,2032,0.5221
RE1,DEMRESHEEL,2033,0.4474
RE1,DEMRESHEEL,2034,0.0133
RE1,DEMRESHEEL,2036,0.5221
RE1,DEMRESHEEL,2037,0.5221
RE1,DEMRESHEEL,2038,0.5221
RE1,DEMRESHEEL,2039,0.5221
RE1,DEMRESHEEL,2040,1.0443
RE1,DEMRESHEEL,2043,0.0055
RE1,DEMRESHEEL,2044,0.5912
RE1,DEMRESHEEL,2045,1.0443
RE1,DEMRESHEEL,2047,1.0443
RE1,DEMRESHEEL,2048,1.0443
RE1,DEMRESHEEL,2049,1.0443
RE1,DEMRESHEEL,2050,1.0443
RE1,DEMRESHEEL,2051,1.0199
RE1,DEMRESHEEL,2052,0.5011
RE1,DEMRESHEEL,2053,0.7749
RE1,DEMRESHEEL,2054,0.0749
RE1,DEMRESHEEL,2055,1.6429
RE1,DEMRESHEEL,2056,0.1787
RE1,DEMRESHEEL,2058,0.0759
RE1,DEMRESHEEL,2059,0.9742
RE1,DEMRESHEEL,2060,0.4452
RE1,DEMRESHEEL,2061,0.3536
RE1,DEMRESHEEL,2062,1.3183
RE1,DEMRESHEEL,2063,1.1261
RE1,DEMRESHEEL,2064,0.8182
RE1,DEMRESHEEL,2065,1.7657
RE1,DEMRESHEEL,2066,1.2143
RE1,DEMRESHEEL,2067,0.0464
RE1,DEMRESHEEL,2068,0.8553
RE1,DEMRESHEEL,2069,0.3825
RE1,DEMCOMELC,2015,5.8082
RE1,DEMCOMELC,2016,0.3359
RE1,DEMCOMELC,2017,0.2879
RE1,DEMCOMELC,2018,0.2879
RE1,DEMCOMELC,2019,0.2879
RE1,DEMCOMELC,2020,0.2879
RE1,DEMCOMELC,2031,0.7677
RE1,DEMCOMELC,2041,1.2102
RE1,DEMCOMELC,2051,0.8285
RE1,DEMCOMELC,2061,0.0301
RE1,DEMCOMELC,2062,0.0003
RE1,DEMCOMELC,2063,0.0003
RE1,DEMCOMELC,2064,0.0003
RE1,DEMCOMELC,2065,0.0003
RE1,DEMCOMELC,2066,0.0004
RE1,DEMCOMELC,2067,0.0004
RE1,DEMCOMELC,2068,0.0004
RE1,DEMCOMELC,2069,0.0004
RE1,DEMCOMELC,2070,0.0004
RE1,COMENEFFGD,2021,4.3269
RE1,COMENEFFGD,2031,2.5375
RE1,COMENEFFGD,2032,0.2968
RE1,COMENEFFGD,2033,0.3109
RE1,COMENEFFGD,2034,0.2233
RE1,COMENEFFGD,2035,0.1923
RE1,COMENEFFGD,2036,0.2108
RE1,COMENEFFGD,2037,0.3595
RE1,COMENEFFGD,2039,0.2775
RE1,COMENEFFGD,2041,1.2981
RE1,COMENEFFDP,2021,0.4755
RE1,COMENEFFDP,2022,0.4755
RE1,COMENEFFDP,2023,0.4755
RE1,COMENEFFDP,2024,0.4755
RE1,COMENEFFDP,2025,0.4755
RE1,COMENEFFDP,2026,0.4755
RE1,COMENEFFDP,2027,0.4755
RE1,COMENEFFDP,2028,0.4755
RE1,COMENEFFDP,2029,0.4755
RE1,COMENEFFDP,2030,0.4755
RE1,COMENEFFDP,2031,0.4755
RE1,COMENEFFDP,2032,0.4755
RE1,COMENEFFDP,2033,0.4755
RE1,COMENEFFDP,2034,0.4755
RE1,COMENEFFDP,2035,0.4755
RE1,COMENEFFDP,2036,0.4755
RE1,COMENEFFDP,2037,0.4755
RE1,COMENEFFDP,2038,0.4755
RE1,COMENEFFDP,2039,0.4755
RE1,COMENEFFDP,2040,0.9509
RE1,COMENEFFDP,2041,0.9509
RE1,COMENEFFDP,2042,0.9509
RE1,COMENEFFDP,2043,0.9509
RE1,COMENEFFDP,2044,0.9509
RE1,COMENEFFDP,2045,0.9509
RE1,COMENEFFDP,2046,0.9509
RE1,COMENEFFDP,2047,0.9509
RE1,COMENEFFDP,2048,0.9509
RE1,COMENEFFDP,2049,0.9509
RE1,COMENEFFDP,2050,0.9509
RE1,COMENEFFDP,2051,1.6016
RE1,COMENEFFDP,2052,1.6877
RE1,COMENEFFDP,2053,1.0725
RE1,COMENEFFDP,2054,1.0738
RE1,COMENEFFDP,2055,1.0752
RE1,COMENEFFDP,2056,1.0766
RE1,COMENEFFDP,2057,1.078
RE1,COMENEFFDP,2058,1.0794
RE1,COMENEFFDP,2059,1.0808
RE1,COMENEFFDP,2060,1.0823
RE1,COMENEFFDP,2061,1.7344
RE1,COMENEFFDP,2062,1.822
RE1,COMENEFFDP,2063,1.2083
RE1,COMENEFFDP,2064,1.2111
RE1,COMENEFFDP,2065,1.214
RE1,COMENEFFDP,2066,1.217
RE1,COMENEFFDP,2067,1.22
RE1,COMENEFFDP,2068,1.223
RE1,COMENEFFDP,2069,1.226
RE1,COMENEFFDP,2070,1.2291
RE1,DEMCOMHEOIL,2049,0.2759
RE1,DEMCOMHEBIO,2015,1.4833
RE1,DEMCOMHEBIO,2016,0.0754
RE1,DEMCOMHEBIO,2017,0.0376
RE1,DEMCOMHEBIO,2018,0.0376
RE1,DEMCOMHEBIO,2019,0.0376
RE1,DEMCOMHEBIO,2020,0.0376
RE1,DEMCOMHEBIO,2021,0.0306
RE1,DEMCOMHEBIO,2022,0.0306
RE1,DEMCOMHEBIO,2023,0.0306
RE1,DEMCOMHEBIO,2024,0.0306
RE1,DEMCOMHEBIO,2025,0.0306
RE1,DEMCOMHEBIO,2026,0.0347
RE1,DEMCOMHEBIO,2027,0.0347
RE1,DEMCOMHEBIO,2028,0.0347
RE1,DEMCOMHEBIO,2029,0.0347
RE1,DEMCOMHEBIO,2030,1.5181
RE1,DEMCOMHEBIO,2045,0.9921
RE1,DEMCOMHEEL,2031,0.1783
RE1,DEMCOMHEEL,2032,0.2532
RE1,DEMCOMHEEL,2033,0.2532
RE1,DEMCOMHEEL,2034,0.0322
RE1,DEMCOMHEEL,2036,0.2526
RE1,DEMCOMHEEL,2037,0.2235
RE1,DEMCOMHEEL,2038,0.2532
RE1,DEMCOMHEEL,2039,0.2532
RE1,DEMCOMHEEL,2040,0.4284
RE1,DEMCOMHEEL,2042,0.2563
RE1,DEMCOMHEEL,2044,0.1411
RE1,DEMCOMHEEL,2045,0.5063
RE1,DEMCOMHEEL,2047,0.5063
RE1,DEMCOMHEEL,2048,0.5063
RE1,DEMCOMHEEL,2049,0.5063
RE1,DEMCOMHEEL,2050,0.5063
RE1,DEMCOMHEEL,2051,0.3663
RE1,DEMCOMHEEL,2052,0.5176
RE1,DEMCOMHEEL,2053,0.0295
RE1,DEMCOMHEEL,2054,0.3732
RE1,DEMCOMHEEL,2055,0.5533
RE1,DEMCOMHEEL,2056,0.13
RE1,DEMCOMHEEL,2057,0.0255
RE1,DEMCOMHEEL,2058,0.1239
RE1,DEMCOMHEEL,2059,0.27
RE1,DEMCOMHEEL,2060,0.5451
RE1,DEMCOMHEEL,2061,0.039
RE1,DEMCOMHEEL,2062,0.7432
RE1,DEMCOMHEEL,2063,0.6531
RE1,DEMCOMHEEL,2064,0.1469
RE1,DEMCOMHEEL,2065,0.8437
RE1,DEMCOMHEEL,2066,0.3046
RE1,DEMCOMHEEL,2067,0.4585
RE1,DEMCOMHEEL,2068,0.2779
RE1,DEMCOMHEEL,2069,0.1091
RE1,DEMINDHECOA,2015,25.5106
RE1,DEMINDHECOA,2022,0.2405
RE1,DEMINDHECOA,2023,0.3711
RE1,DEMINDHECOA,2024,0.3706
RE1,DEMINDHECOA,2025,0.3702
RE1,DEMINDHECOA,2026,0.4087
RE1,DEMINDHECOA,2027,0.4081
RE1,DEMINDHECOA,2028,0.4077
RE1,DEMINDHECOA,2029,0.4072
RE1,DEMINDHECOA,2030,25.9173
RE1,DEMINDHECOA,2031,0.3667
RE1,DEMINDHECOA,2032,0.366
RE1,DEMINDHECOA,2033,0.3654
RE1,DEMINDHECOA,2034,0.3647
RE1,DEMINDHECOA,2035,0.3641
RE1,DEMINDHECOA,2036,0.3197
RE1,DEMINDHECOA,2037,0.5599
RE1,DEMINDHECOA,2038,0.6901
RE1,DEMINDHECOA,2039,0.6893
RE1,DEMINDHECOA,2040,0.6885
RE1,DEMINDHECOA,2041,0.7404
RE1,DEMINDHECOA,2045,13.8635
