r,t,y,TotalTechnologyAnnualActivity
RE1,MINOIL,2020,2141.65
RE1,MINBIO,2015,1097.6424
RE1,MINBIO,2016,1029.2794
RE1,MINBIO,2017,1043.3476
RE1,MINBIO,2018,1069.9029
RE1,MINBIO,2019,1090.6563
RE1,MINBIO,2020,1111.3709
RE1,MINBIO,2021,1088.7684
RE1,MINBIO,2022,1065.1452
RE1,MINBIO,2023,1040.5053
RE1,MINBIO,2024,1014.8526
RE1,MINBIO,2025,988.1904
RE1,MINBIO,2026,961.755
RE1,MINBIO,2027,934.2098
RE1,MINBIO,2028,905.5582
RE1,MINBIO,2029,875.8034
RE1,MINBIO,2030,844.9484
RE1,MINBIO,2031,693.8999
RE1,MINBIO,2032,666.1716
RE1,MINBIO,2033,637.4484
RE1,MINBIO,2034,607.7343
RE1,MINBIO,2035,577.0332
RE1,MINBIO,2036,544.5266
RE1,MINBIO,2037,511.1612
RE1,MINBIO,2038,476.9389
RE1,MINBIO,2039,441.8615
RE1,MINBIO,2040,405.9307
RE1,MINBIO,2041,369.2165
RE1,MINBIO,2042,331.6375
RE1,MINBIO,2043,293.1949
RE1,MINBIO,2044,253.8897
RE1,MINBIO,2045,213.7229
RE1,MINBIO,2046,172.2936
RE1,MINBIO,2047,130.2062
RE1,MINBIO,2048,87.4612
RE1,MINBIO,2049,44.059
RE1,IMPCOA,2028,331.3733
RE1,IMPCOA,2029,2787.5397
RE1,IMPCOA,2030,2725.4239
RE1,IMPCOA,2031,2813.6391
RE1,IMPCOA,2032,2736.5015
RE1,IMPCOA,2033,2651.4294
RE1,IMPCOA,2034,2573.5359
RE1,IMPCOA,2035,2471.6797
RE1,IMPCOA,2036,2351.335
RE1,IMPCOA,2037,2224.614
RE1,IMPCOA,2038,2091.5234
RE1,IMPCOA,2039,1952.5442
RE1,IMPCOA,2040,1807.1223
RE1,IMPCOA,2041,1654.8436
RE1,IMPCOA,2042,1496.2298
RE1,IMPCOA,2043,1331.2873
RE1,IMPCOA,2044,1160.0404
RE1,IMPCOA,2045,982.4557
RE1,IMPCOA,2046,794.766
RE1,IMPCOA,2047,602.6715
RE1,IMPCOA,2048,406.1763
RE1,IMPCOA,2049,205.2844
RE1,MINCOA,2015,1201.8755
RE1,MINCOA,2016,1120.3443
RE1,MINCOA,2017,1134.9327
RE1,MINCOA,2018,1505.593
RE1,MINCOA,2019,1522.2299
RE1,MINCOA,2020,1538.8414
RE1,MINCOA,2021,1550.3677
RE1,MINCOA,2022,1588.5705
RE1,MINCOA,2023,2168.4131
RE1,MINCOA,2024,2995.4551
RE1,MINCOA,2025,2961.8663
RE1,MINCOA,2026,2928.3835
RE1,MINCOA,2027,2887.7589
RE1,MINCOA,2028,2508.6275
RE1,IMPLFO,2015,5550.8604
RE1,IMPLFO,2016,5742.9386
RE1,IMPLFO,2017,5873.1208
RE1,IMPLFO,2018,6018.0954
RE1,IMPLFO,2019,6157.2481
RE1,IMPLFO,2020,4368.869
RE1,IMPLFO,2021,6071.1994
RE1,IMPLFO,2022,5960.8879
RE1,IMPLFO,2023,5966.1376
RE1,IMPLFO,2024,5841.2284
RE1,IMPLFO,2025,5693.9723
RE1,IMPLFO,2026,5579.1584
RE1,IMPLFO,2027,5441.169
RE1,IMPLFO,2028,5294.9437
RE1,IMPLFO,2029,5140.4866
RE1,IMPLFO,2030,4977.8011
RE1,IMPLFO,2031,4793.8055
RE1,IMPLFO,2032,4602.9547
RE1,IMPLFO,2033,4405.2537
RE1,IMPLFO,2034,4200.7078
RE1,IMPLFO,2035,3989.3214
RE1,IMPLFO,2036,3766.8365
RE1,IMPLFO,2037,3538.1331
RE1,IMPLFO,2038,3303.2135
RE1,IMPLFO,2039,3061.8231
RE1,IMPLFO,2040,2814.2673
RE1,IMPLFO,2041,2559.2651
RE1,IMPLFO,2042,2298.3873
RE1,IMPLFO,2043,2031.6353
RE1,IMPLFO,2044,1759.0106
RE1,IMPLFO,2045,1480.5143
RE1,IMPLFO,2046,1193.5769
RE1,IMPLFO,2047,902.0562
RE1,IMPLFO,2048,605.9529
RE1,IMPLFO,2049,305.2673
RE1,UPSREF001,2020,2141.65
RE1,MINNGS,2015,784.8541
RE1,MINNGS,2016,817.8251
RE1,MINNGS,2017,846.9226
RE1,MINNGS,2018,705.1737
RE1,MINNGS,2019,767.0327
RE1,MINNGS,2020,828.8511
RE1,MINNGS,2021,818.6919
RE1,MINNGS,2022,790.4611
RE1,MINNGS,2023,464.2065
RE1,MINSOL,2015,8.5316
RE1,MINSOL,2016,8.5316
RE1,MINSOL,2017,8.5316
RE1,MINSOL,2018,8.5316
RE1,MINSOL,2019,8.5316
RE1,MINSOL,2020,8.5316
RE1,MINSOL,2021,80.1294
RE1,MINSOL,2022,172.6744
RE1,MINSOL,2023,206.4313
RE1,MINSOL,2024,221.9387
RE1,MINSOL,2025,240.5783
RE1,MINSOL,2026,307.4709
RE1,MINSOL,2027,341.5251
RE1,MINSOL,2028,369.0968
RE1,MINSOL,2029,385.8803
RE1,MINSOL,2030,516.8297
RE1,MINSOL,2031,537.9469
RE1,MINSOL,2032,637.6614
RE1,MINSOL,2033,679.4326
RE1,MINSOL,2034,724.6965
RE1,MINSOL,2035,778.885
RE1,MINSOL,2036,832.6753
RE1,MINSOL,2037,881.5856
RE1,MINSOL,2038,947.6005
RE1,MINSOL,2039,1023.0993
RE1,MINSOL,2040,1071.244
RE1,MINSOL,2041,1111.0995
RE1,MINSOL,2042,1149.3161
RE1,MINSOL,2043,1184.4334
RE1,MINSOL,2044,1206.4456
RE1,MINSOL,2045,1429.4209
RE1,MINSOL,2046,1448.4382
RE1,MINSOL,2047,1440.7034
RE1,MINSOL,2048,1631.4202
RE1,MINSOL,2049,1846.6003
RE1,MINSOL,2050,2130.3211
RE1,MINSOL,2051,2144.4029
RE1,MINSOL,2052,2158.6115
RE1,MINSOL,2053,2176.5155
RE1,MINSOL,2054,2194.8884
RE1,MINSOL,2055,2213.4124
RE1,MINSOL,2056,2232.0889
RE1,MINSOL,2057,2250.919
RE1,MINSOL,2058,2269.9042
RE1,MINSOL,2059,2289.0457
RE1,MINSOL,2060,2308.3449
RE1,MINSOL,2061,2327.8031
RE1,MINSOL,2062,2347.4216
RE1,MINSOL,2063,2367.2018
RE1,MINSOL,2064,2387.1451
RE1,MINSOL,2065,2407.2529
RE1,MINSOL,2066,2427.5265
RE1,MINSOL,2067,2447.9674
RE1,MINSOL,2068,2468.577
RE1,MINSOL,2069,2489.3566
RE1,MINSOL,2070,2510.3079
RE1,MINWND,2015,1.0541
RE1,MINWND,2016,1.0541
RE1,MINWND,2017,1.0541
RE1,MINWND,2018,1.0541
RE1,MINWND,2019,1.0541
RE1,MINWND,2020,1.0541
RE1,MINWND,2021,1.0541
RE1,MINWND,2022,1.0391
RE1,MINWND,2023,1.0391
RE1,MINWND,2024,1.0391
RE1,MINWND,2025,1.0391
RE1,MINWND,2026,33.2276
RE1,MINWND,2027,112.3451
RE1,MINWND,2028,200.3362
RE1,MINWND,2029,303.1383
RE1,MINWND,2030,322.8578
RE1,MINWND,2031,447.2409
RE1,MINWND,2032,497.6218
RE1,MINWND,2033,614.0131
RE1,MINWND,2034,726.0685
RE1,MINWND,2035,834.4188
RE1,MINWND,2036,943.0511
RE1,MINWND,2037,1062.674
RE1,MINWND,2038,1162.0703
RE1,MINWND,2039,1249.7217
RE1,MINWND,2040,1350.957
RE1,MINWND,2041,1471.8311
RE1,MINWND,2042,1628.6055
RE1,MINWND,2043,1798.8485
RE1,MINWND,2044,1988.605
RE1,MINWND,2045,2089.1177
RE1,MINWND,2046,2276.6657
RE1,MINWND,2047,2501.6891
RE1,MINWND,2048,2591.5482
RE1,MINWND,2049,2670.6358
RE1,MINWND,2050,2731.6381
RE1,MINWND,2051,2755.1079
RE1,MINWND,2052,2778.7887
RE1,MINWND,2053,2802.6827
RE1,MINWND,2054,2826.7917
RE1,MINWND,2055,2851.1177
RE1,MINWND,2056,2875.6629
RE1,MINWND,2057,2900.4293
RE1,MINWND,2058,2925.4188
RE1,MINWND,2059,2950.6337
RE1,MINWND,2060,2976.076
RE1,MINWND,2061,3001.7479
RE1,MINWND,2062,3027.6515
RE1,MINWND,2063,3053.789
RE1,MINWND,2064,3080.1625
RE1,MINWND,2065,3106.7744
RE1,MINWND,2066,3133.6268
RE1,MINWND,2067,3160.7219
RE1,MINWND,2068,3188.0622
RE1,MINWND,2069,3215.6498
RE1,MINWND,2070,3243.4871
RE1,MINGEO,2021,1.4486
RE1,MINGEO,2022,1.4486
RE1,MINGEO,2023,1.4486
RE1,MINGEO,2024,1.4486
RE1,MINGEO,2025,1.4486
RE1,MINGEO,2026,1.4486
RE1,MINGEO,2027,1.4486
RE1,MINGEO,2028,1.4486
RE1,MINGEO,2029,1.4486
RE1,MINGEO,2030,1.4486
RE1,MINGEO,2031,1.4486
RE1,MINGEO,2032,1.4486
RE1,MINGEO,2033,1.4486
RE1,MINGEO,2034,1.4486
RE1,MINGEO,2035,1.4486
RE1,MINGEO,2036,1.4486
RE1,MINGEO,2037,1.4486
RE1,MINGEO,2038,1.4486
RE1,MINGEO,2039,1.4486
RE1,MINGEO,2040,1.4486
RE1,MINGEO,2041,1.4486
RE1,MINGEO,2042,1.4486
RE1,MINGEO,2043,1.4486
RE1,MINGEO,2044,1.4486
RE1,MINGEO,2045,1.4486
RE1,MINGEO,2046,1.4486
RE1,MINGEO,2047,1.4486
RE1,MINGEO,2048,1.4486
RE1,MINGEO,2049,1.4486
RE1,MINGEO,2050,1.4486
RE1,MINGEO,2051,1.4486
RE1,MINGEO,2052,1.4486
RE1,MINGEO,2053,1.4486
RE1,MINGEO,2054,1.4486
RE1,MINGEO,2055,1.4486
RE1,MINGEO,2056,1.4486
RE1,MINGEO,2057,1.4486
RE1,MINGEO,2058,1.4486
RE1,MINGEO,2059,1.4486
RE1,MINGEO,2060,1.4486
RE1,MINGEO,2061,1.4486
RE1,MINGEO,2062,1.4486
RE1,MINGEO,2063,1.4486
RE1,MINGEO,2064,1.4486
RE1,MINGEO,2065,1.4486
RE1,MINGEO,2066,1.4486
RE1,MINGEO,2067,1.4486
RE1,MINGEO,2068,1.4486
RE1,MINGEO,2069,1.4486
RE1,MINGEO,2070,1.4486
RE1,MINHYD,2015,29.4911
RE1,MINHYD,2016,29.4911
RE1,MINHYD,2017,29.4911
RE1,MINHYD,2018,29.4911
RE1,MINHYD,2019,29.4911
RE1,MINHYD,2020,29.4911
RE1,MINHYD,2021,35.9157
RE1,MINHYD,2022,40.8218
RE1,MINHYD,2023,40.8218
RE1,MINHYD,2024,40.8218
RE1,MINHYD,2025,40.8218
RE1,MINHYD,2026,40.8218
RE1,MINHYD,2027,40.8218
RE1,MINHYD,2028,40.8218
RE1,MINHYD,2029,40.8218
RE1,MINHYD,2030,40.8218
RE1,MINHYD,2031,40.8218
RE1,MINHYD,2032,40.8218
RE1,MINHYD,2033,40.8218
RE1,MINHYD,2034,40.8218
RE1,MINHYD,2035,40.8218
RE1,MINHYD,2036,40.8218
RE1,MINHYD,2037,40.8218
RE1,MINHYD,2038,40.8218
RE1,MINHYD,2039,40.8218
RE1,MINHYD,2040,40.8218
RE1,MINHYD,2041,40.8218
RE1,MINHYD,2042,40.8218
RE1,MINHYD,2043,40.8218
RE1,MINHYD,2044,40.8218
RE1,MINHYD,2045,40.8218
RE1,MINHYD,2046,40.8218
RE1,MINHYD,2047,40.8218
RE1,MINHYD,2048,40.8218
RE1,MINHYD,2049,40.8218
RE1,MINHYD,2050,40.8218
RE1,MINHYD,2051,40.8218
RE1,MINHYD,2052,40.8218
RE1,MINHYD,2053,40.8218
RE1,MINHYD,2054,40.8218
RE1,MINHYD,2055,40.8218
RE1,MINHYD,2056,40.8218
RE1,MINHYD,2057,40.8218
RE1,MINHYD,2058,40.8218
RE1,MINHYD,2059,40.8218
RE1,MINHYD,2060,40.8218
RE1,MINHYD,2061,40.8218
RE1,MINHYD,2062,40.8218
RE1,MINHYD,2063,40.8218
RE1,MINHYD,2064,40.8218
RE1,MINHYD,2065,40.8218
RE1,MINHYD,2066,40.8218
RE1,MINHYD,2067,40.8218
RE1,MINHYD,2068,40.8218
RE1,MINHYD,2069,40.8218
RE1,MINHYD,2070,40.8218
RE1,PWRBIO001,2015,70.9047
RE1,PWRBIO001,2016,70.9047
RE1,PWRBIO001,2017,70.9047
RE1,PWRBIO001,2018,70.9047
RE1,PWRBIO001,2019,70.9047
RE1,PWRBIO001,2020,70.9047
RE1,PWRBIO001,2021,56.6295
RE1,PWRBIO001,2022,70.9047
RE1,PWRBIO001,2023,70.9047
RE1,PWRBIO001,2024,64.6303
RE1,PWRBIO001,2025,64.8344
RE1,PWRBIO001,2026,70.9047
RE1,PWRBIO001,2027,70.9047
RE1,PWRBIO001,2028,56.5083
RE1,PWRBIO001,2029,40.847
RE1,PWRBIO001,2030,56.5554
RE1,PWRCOA001,2015,123.6759
RE1,PWRCOA001,2016,123.6759
RE1,PWRCOA001,2017,124.3723
RE1,PWRCOA001,2018,229.5474
RE1,PWRCOA001,2019,229.5474
RE1,PWRCOA001,2020,229.5474
RE1,PWRCOA001,2021,229.5474
RE1,PWRCOA001,2022,237.5635
RE1,PWRCOA001,2023,408.239
RE1,PWRCOA001,2024,653.1533
RE1,PWRCOA001,2025,639.6241
RE1,PWRCOA001,2026,625.7687
RE1,PWRCOA001,2027,609.7734
RE1,PWRCOA001,2028,591.6404
RE1,PWRCOA001,2029,572.0995
RE1,PWRCOA001,2030,549.6633
RE1,PWRCOA001,2031,572.7438
RE1,PWRCOA001,2032,546.1753
RE1,PWRCOA001,2033,517.2304
RE1,PWRCOA001,2034,490.4471
RE1,PWRCOA001,2035,456.4733
RE1,PWRCOA001,2036,417.3608
RE1,PWRCOA001,2037,376.3366
RE1,PWRCOA001,2038,333.4027
RE1,PWRCOA001,2039,288.7034
RE1,PWRCOA001,2040,242.0722
RE1,PWRCOA001,2041,193.2577
RE1,PWRCOA001,2042,162.2248
RE1,PWRCOA001,2043,130.9013
RE1,PWRCOA001,2044,92.377
RE1,PWRCOA001,2045,114.8135
RE1,PWRCOA001,2046,61.8608
RE1,PWRCOA001,2047,12.3494
RE1,PWRGEO,2021,0.1449
RE1,PWRGEO,2022,0.1449
RE1,PWRGEO,2023,0.1449
RE1,PWRGEO,2024,0.1449
RE1,PWRGEO,2025,0.1449
RE1,PWRGEO,2026,0.1449
RE1,PWRGEO,2027,0.1449
RE1,PWRGEO,2028,0.1449
RE1,PWRGEO,2029,0.1449
RE1,PWRGEO,2030,0.1449
RE1,PWRGEO,2031,0.1449
RE1,PWRGEO,2032,0.1449
RE1,PWRGEO,2033,0.1449
RE1,PWRGEO,2034,0.1449
RE1,PWRGEO,2035,0.1449
RE1,PWRGEO,2036,0.1449
RE1,PWRGEO,2037,0.1449
RE1,PWRGEO,2038,0.1449
RE1,PWRGEO,2039,0.1449
RE1,PWRGEO,2040,0.1449
RE1,PWRGEO,2041,0.1449
RE1,PWRGEO,2042,0.1449
RE1,PWRGEO,2043,0.1449
RE1,PWRGEO,2044,0.1449
RE1,PWRGEO,2045,0.1449
RE1,PWRGEO,2046,0.1449
RE1,PWRGEO,2047,0.1449
RE1,PWRGEO,2048,0.1449
RE1,PWRGEO,2049,0.1449
RE1,PWRGEO,2050,0.1449
RE1,PWRGEO,2051,0.1449
RE1,PWRGEO,2052,0.1449
RE1,PWRGEO,2053,0.1449
RE1,PWRGEO,2054,0.1449
RE1,PWRGEO,2055,0.1449
RE1,PWRGEO,2056,0.1449
RE1,PWRGEO,2057,0.1449
RE1,PWRGEO,2058,0.1449
RE1,PWRGEO,2059,0.1449
RE1,PWRGEO,2060,0.1449
RE1,PWRGEO,2061,0.1449
RE1,PWRGEO,2062,0.1449
RE1,PWRGEO,2063,0.1449
RE1,PWRGEO,2064,0.1449
RE1,PWRGEO,2065,0.1449
RE1,PWRGEO,2066,0.1449
RE1,PWRGEO,2067,0.1449
RE1,PWRGEO,2068,0.1449
RE1,PWRGEO,2069,0.1449
RE1,PWRGEO,2070,0.1449
RE1,PWRNGS001,2015,433.621
RE1,PWRNGS001,2016,451.8371
RE1,PWRNGS001,2017,467.9131
RE1,PWRNGS001,2018,389.5987
RE1,PWRNGS001,2019,423.775
RE1,PWRNGS001,2020,457.9288
RE1,PWRNGS001,2021,452.316
RE1,PWRNGS001,2022,436.7189
RE1,PWRNGS001,2023,256.4677
RE1,PWRSOL001,2015,8.5041
RE1,PWRSOL001,2016,8.5041
RE1,PWRSOL001,2017,8.5041
RE1,PWRSOL001,2018,8.5041
RE1,PWRSOL001,2019,8.5041
RE1,PWRSOL001,2020,8.5041
RE1,PWRSOL001,2021,80.1019
RE1,PWRSOL001,2022,172.647
RE1,PWRSOL001,2023,177.8909
RE1,PWRSOL001,2024,193.3983
RE1,PWRSOL001,2025,212.0379
RE1,PWRSOL001,2026,219.1798
RE1,PWRSOL001,2027,226.3698
RE1,PWRSOL001,2028,238.7371
RE1,PWRSOL001,2029,255.5206
RE1,PWRSOL001,2030,281.1734
RE1,PWRSOL001,2031,298.3058
RE1,PWRSOL001,2032,318.817
RE1,PWRSOL001,2033,339.7026
RE1,PWRSOL001,2034,362.3346
RE1,PWRSOL001,2035,389.4288
RE1,PWRSOL001,2036,416.324
RE1,PWRSOL001,2037,440.7791
RE1,PWRSOL001,2038,473.7865
RE1,PWRSOL001,2039,511.5359
RE1,PWRSOL001,2040,550.3568
RE1,PWRSOL001,2041,590.2123
RE1,PWRSOL001,2042,628.4289
RE1,PWRSOL001,2043,663.5462
RE1,PWRSOL001,2044,685.5858
RE1,PWRSOL001,2045,714.7104
RE1,PWRSOL001,2046,733.7277
RE1,PWRSOL001,2047,754.506
RE1,PWRSOL001,2048,777.4645
RE1,PWRSOL001,2049,801.1908
RE1,PWRSOL001,2050,819.4914
RE1,PWRSOL001,2051,826.5324
RE1,PWRSOL001,2052,833.6366
RE1,PWRSOL001,2053,840.8048
RE1,PWRSOL001,2054,848.0375
RE1,PWRSOL001,2055,855.3353
RE1,PWRSOL001,2056,862.6989
RE1,PWRSOL001,2057,870.1288
RE1,PWRSOL001,2058,877.6256
RE1,PWRSOL001,2059,885.1901
RE1,PWRSOL001,2060,892.8228
RE1,PWRSOL001,2061,900.5244
RE1,PWRSOL001,2062,908.2954
RE1,PWRSOL001,2063,916.1367
RE1,PWRSOL001,2064,924.0488
RE1,PWRSOL001,2065,932.0323
RE1,PWRSOL001,2066,940.088
RE1,PWRSOL001,2067,948.2166
RE1,PWRSOL001,2068,956.4186
RE1,PWRSOL001,2069,964.695
RE1,PWRSOL001,2070,973.0461
RE1,PWRCSP002,2015,0.0274
RE1,PWRCSP002,2016,0.0274
RE1,PWRCSP002,2017,0.0274
RE1,PWRCSP002,2018,0.0274
RE1,PWRCSP002,2019,0.0274
RE1,PWRCSP002,2020,0.0274
RE1,PWRCSP002,2021,0.0274
RE1,PWRCSP002,2022,0.0274
RE1,PWRCSP002,2023,0.0274
RE1,PWRCSP002,2024,0.0274
RE1,PWRCSP002,2025,0.0274
RE1,PWRCSP002,2026,0.0274
RE1,PWRCSP002,2027,0.0274
RE1,PWRCSP002,2028,0.0274
RE1,PWRCSP002,2029,0.0274
RE1,PWRCSP002,2030,0.0274
RE1,PWRCSP002,2031,0.0274
RE1,PWRCSP002,2032,0.0274
RE1,PWRCSP002,2033,0.0274
RE1,PWRCSP002,2034,0.0274
RE1,PWRCSP002,2035,0.0274
RE1,PWRCSP002,2036,0.0274
RE1,PWRCSP002,2037,0.0274
RE1,PWRCSP002,2038,0.0274
RE1,PWRCSP002,2039,0.0274
RE1,PWRCSP002,2040,0.0274
RE1,PWRCSP002,2041,0.0274
RE1,PWRCSP002,2042,0.0274
RE1,PWRCSP002,2043,0.0274
RE1,PWRCSP002,2048,76.4913
RE1,PWRCSP002,2049,244.2188
RE1,PWRCSP002,2050,491.3382
RE1,PWRCSP002,2051,491.3382
RE1,PWRCSP002,2052,491.3382
RE1,PWRCSP002,2053,494.9059
RE1,PWRCSP002,2054,498.8134
RE1,PWRCSP002,2055,502.7418
RE1,PWRCSP002,2056,506.6911
RE1,PWRCSP002,2057,510.6615
RE1,PWRCSP002,2058,514.6529
RE1,PWRCSP002,2059,518.6655
RE1,PWRCSP002,2060,522.6993
RE1,PWRCSP002,2061,526.7543
RE1,PWRCSP002,2062,530.8307
RE1,PWRCSP002,2063,534.9284
RE1,PWRCSP002,2064,539.0476
RE1,PWRCSP002,2065,543.1883
RE1,PWRCSP002,2066,547.3504
RE1,PWRCSP002,2067,551.5343
RE1,PWRCSP002,2068,555.7397
RE1,PWRCSP002,2069,559.9667
RE1,PWRCSP002,2070,564.2156
RE1,PWRHYD001,2015,28.3385
RE1,PWRHYD001,2016,28.3385
RE1,PWRHYD001,2017,28.3385
RE1,PWRHYD001,2018,28.3385
RE1,PWRHYD001,2019,28.3385
RE1,PWRHYD001,2020,28.3385
RE1,PWRHYD001,2021,33.9883
RE1,PWRHYD001,2022,33.9883
RE1,PWRHYD001,2023,33.9883
RE1,PWRHYD001,2024,33.9883
RE1,PWRHYD001,2025,33.9883
RE1,PWRHYD001,2026,33.9883
RE1,PWRHYD001,2027,33.9883
RE1,PWRHYD001,2028,33.9883
RE1,PWRHYD001,2029,33.9883
RE1,PWRHYD001,2030,33.9883
RE1,PWRHYD001,2031,33.9883
RE1,PWRHYD001,2032,33.9883
RE1,PWRHYD001,2033,33.9883
RE1,PWRHYD001,2034,33.9883
RE1,PWRHYD001,2035,33.9883
RE1,PWRHYD001,2036,33.9883
RE1,PWRHYD001,2037,33.9883
RE1,PWRHYD001,2038,33.9883
RE1,PWRHYD001,2039,33.9883
RE1,PWRHYD001,2040,33.9883
RE1,PWRHYD001,2041,33.9883
RE1,PWRHYD001,2042,33.9883
RE1,PWRHYD001,2043,33.9883
RE1,PWRHYD001,2044,33.9883
RE1,PWRHYD001,2045,33.9883
RE1,PWRHYD001,2046,33.9883
RE1,PWRHYD001,2047,33.9883
RE1,PWRHYD001,2048,33.9883
RE1,PWRHYD001,2049,33.9883
RE1,PWRHYD001,2050,33.9883
RE1,PWRHYD001,2051,33.9883
RE1,PWRHYD001,2052,33.9883
RE1,PWRHYD001,2053,33.9883
RE1,PWRHYD001,2054,33.9883
RE1,PWRHYD001,2055,33.9883
RE1,PWRHYD001,2056,33.9883
RE1,PWRHYD001,2057,33.9883
RE1,PWRHYD001,2058,33.9883
RE1,PWRHYD001,2059,33.9883
RE1,PWRHYD001,2060,33.9883
RE1,PWRHYD001,2061,33.9883
RE1,PWRHYD001,2062,33.9883
RE1,PWRHYD001,2063,33.9883
RE1,PWRHYD001,2064,33.9883
RE1,PWRHYD001,2065,33.9883
RE1,PWRHYD001,2066,33.9883
RE1,PWRHYD001,2067,33.9883
RE1,PWRHYD001,2068,33.9883
RE1,PWRHYD001,2069,33.9883
RE1,PWRHYD001,2070,33.9883
RE1,PWRHYD002,2015,1.1525
RE1,PWRHYD002,2016,1.1525
RE1,PWRHYD002,2017,1.1525
RE1,PWRHYD002,2018,1.1525
RE1,PWRHYD002,2019,1.1525
RE1,PWRHYD002,2020,1.1525
RE1,PWRHYD002,2021,1.3823
RE1,PWRHYD002,2022,1.3823
RE1,PWRHYD002,2023,1.3823
RE1,PWRHYD002,2024,1.3823
RE1,PWRHYD002,2025,1.3823
RE1,PWRHYD002,2026,1.3823
RE1,PWRHYD002,2027,1.3823
RE1,PWRHYD002,2028,1.3823
RE1,PWRHYD002,2029,1.3823
RE1,PWRHYD002,2030,1.3823
RE1,PWRHYD002,2031,1.3823
RE1,PWRHYD002,2032,1.3823
RE1,PWRHYD002,2033,1.3823
RE1,PWRHYD002,2034,1.3823
RE1,PWRHYD002,2035,1.3823
RE1,PWRHYD002,2036,1.3823
RE1,PWRHYD002,2037,1.3823
RE1,PWRHYD002,2038,1.3823
RE1,PWRHYD002,2039,1.3823
RE1,PWRHYD002,2040,1.3823
RE1,PWRHYD002,2041,1.3823
RE1,PWRHYD002,2042,1.3823
RE1,PWRHYD002,2043,1.3823
RE1,PWRHYD002,2044,1.3823
RE1,PWRHYD002,2045,1.3823
RE1,PWRHYD002,2046,1.3823
RE1,PWRHYD002,2047,1.3823
RE1,PWRHYD002,2048,1.3823
RE1,PWRHYD002,2049,1.3823
RE1,PWRHYD002,2050,1.3823
RE1,PWRHYD002,2051,1.3823
RE1,PWRHYD002,2052,1.3823
RE1,PWRHYD002,2053,1.3823
RE1,PWRHYD002,2054,1.3823
RE1,PWRHYD002,2055,1.3823
RE1,PWRHYD002,2056,1.3823
RE1,PWRHYD002,2057,1.3823
RE1,PWRHYD002,2058,1.3823
RE1,PWRHYD002,2059,1.3823
RE1,PWRHYD002,2060,1.3823
RE1,PWRHYD002,2061,1.3823
RE1,PWRHYD002,2062,1.3823
RE1,PWRHYD002,2063,1.3823
RE1,PWRHYD002,2064,1.3823
RE1,PWRHYD002,2065,1.3823
RE1,PWRHYD002,2066,1.3823
RE1,PWRHYD002,2067,1.3823
RE1,PWRHYD002,2068,1.3823
RE1,PWRHYD002,2069,1.3823
RE1,PWRHYD002,2070,1.3823
RE1,PWRHYD003,2022,4.9061
RE1,PWRHYD003,2023,4.9061
RE1,PWRHYD003,2024,4.9061
RE1,PWRHYD003,2025,4.9061
RE1,PWRHYD003,2026,4.9061
RE1,PWRHYD003,2027,4.9061
RE1,PWRHYD003,2028,4.9061
RE1,PWRHYD003,2029,4.9061
RE1,PWRHYD003,2030,4.9061
RE1,PWRHYD003,2031,4.9061
RE1,PWRHYD003,2032,4.9061
RE1,PWRHYD003,2033,4.9061
RE1,PWRHYD003,2034,4.9061
RE1,PWRHYD003,2035,4.9061
RE1,PWRHYD003,2036,4.9061
RE1,PWRHYD003,2037,4.9061
RE1,PWRHYD003,2038,4.9061
RE1,PWRHYD003,2039,4.9061
RE1,PWRHYD003,2040,4.9061
RE1,PWRHYD003,2041,4.9061
RE1,PWRHYD003,2042,4.9061
RE1,PWRHYD003,2043,4.9061
RE1,PWRHYD003,2044,4.9061
RE1,PWRHYD003,2045,4.9061
RE1,PWRHYD003,2046,4.9061
RE1,PWRHYD003,2047,4.9061
RE1,PWRHYD003,2048,4.9061
RE1,PWRHYD003,2049,4.9061
RE1,PWRHYD003,2050,4.9061
RE1,PWRHYD003,2051,4.9061
RE1,PWRHYD003,2052,4.9061
RE1,PWRHYD003,2053,4.9061
RE1,PWRHYD003,2054,4.9061
RE1,PWRHYD003,2055,4.9061
RE1,PWRHYD003,2056,4.9061
RE1,PWRHYD003,2057,4.9061
RE1,PWRHYD003,2058,4.9061
RE1,PWRHYD003,2059,4.9061
RE1,PWRHYD003,2060,4.9061
RE1,PWRHYD003,2061,4.9061
RE1,PWRHYD003,2062,4.9061
RE1,PWRHYD003,2063,4.9061
RE1,PWRHYD003,2064,4.9061
RE1,PWRHYD003,2065,4.9061
RE1,PWRHYD003,2066,4.9061
RE1,PWRHYD003,2067,4.9061
RE1,PWRHYD003,2068,4.9061
RE1,PWRHYD003,2069,4.9061
RE1,PWRHYD003,2070,4.9061
RE1,PWRWND001,2015,1.0541
RE1,PWRWND001,2016,1.0541
RE1,PWRWND001,2017,1.0541
RE1,PWRWND001,2018,1.0541
RE1,PWRWND001,2019,1.0541
RE1,PWRWND001,2020,1.0541
RE1,PWRWND001,2021,1.0541
RE1,PWRWND001,2022,1.0391
RE1,PWRWND001,2023,1.0391
RE1,PWRWND001,2024,1.0391
RE1,PWRWND001,2025,1.0391
RE1,PWRWND001,2026,33.2276
RE1,PWRWND001,2027,112.3451
RE1,PWRWND001,2028,133.8303
RE1,PWRWND001,2029,132.7912
RE1,PWRWND001,2030,135.4089
RE1,PWRWND001,2031,248.3703
RE1,PWRWND001,2032,285.0771
RE1,PWRWND001,2033,339.7026
RE1,PWRWND001,2034,362.3346
RE1,PWRWND001,2035,389.4288
RE1,PWRWND001,2036,416.324
RE1,PWRWND001,2037,440.7791
RE1,PWRWND001,2038,449.1215
RE1,PWRWND001,2039,449.1215
RE1,PWRWND001,2040,550.3568
RE1,PWRWND001,2041,590.2123
RE1,PWRWND001,2042,628.4289
RE1,PWRWND001,2043,663.5462
RE1,PWRWND001,2044,685.5858
RE1,PWRWND001,2045,714.7104
RE1,PWRWND001,2046,733.7277
RE1,PWRWND001,2047,754.506
RE1,PWRWND001,2048,777.4645
RE1,PWRWND001,2049,801.1908
RE1,PWRWND001,2050,819.4914
RE1,PWRWND001,2051,826.5324
RE1,PWRWND001,2052,833.6366
RE1,PWRWND001,2053,840.8048
RE1,PWRWND001,2054,848.0375
RE1,PWRWND001,2055,855.3353
RE1,PWRWND001,2056,862.6989
RE1,PWRWND001,2057,870.1288
RE1,PWRWND001,2058,877.6256
RE1,PWRWND001,2059,885.1901
RE1,PWRWND001,2060,892.8228
RE1,PWRWND001,2061,900.5244
RE1,PWRWND001,2062,908.2954
RE1,PWRWND001,2063,916.1367
RE1,PWRWND001,2064,924.0488
RE1,PWRWND001,2065,932.0323
RE1,PWRWND001,2066,940.088
RE1,PWRWND001,2067,948.2166
RE1,PWRWND001,2068,956.4186
RE1,PWRWND001,2069,964.695
RE1,PWRWND001,2070,973.0461
RE1,PWRWND002,2028,66.5059
RE1,PWRWND002,2029,170.347
RE1,PWRWND002,2030,187.4489
RE1,PWRWND002,2031,198.8706
RE1,PWRWND002,2032,212.5447
RE1,PWRWND002,2033,226.4684
RE1,PWRWND002,2034,241.5564
RE1,PWRWND002,2035,259.6192
RE1,PWRWND002,2036,277.5493
RE1,PWRWND002,2037,293.8527
RE1,PWRWND002,2038,315.8577
RE1,PWRWND002,2039,341.024
RE1,PWRWND002,2040,341.024
RE1,PWRWND002,2041,393.4749
RE1,PWRWND002,2042,418.9526
RE1,PWRWND002,2043,442.3642
RE1,PWRWND002,2044,457.0572
RE1,PWRWND002,2045,476.4736
RE1,PWRWND002,2046,489.1518
RE1,PWRWND002,2047,503.004
RE1,PWRWND002,2048,518.3096
RE1,PWRWND002,2049,534.1272
RE1,PWRWND002,2050,546.3276
RE1,PWRWND002,2051,551.0216
RE1,PWRWND002,2052,555.7578
RE1,PWRWND002,2053,560.5365
RE1,PWRWND002,2054,565.3583
RE1,PWRWND002,2055,570.2236
RE1,PWRWND002,2056,575.1326
RE1,PWRWND002,2057,580.0859
RE1,PWRWND002,2058,585.0838
RE1,PWRWND002,2059,590.1267
RE1,PWRWND002,2060,595.2152
RE1,PWRWND002,2061,600.3496
RE1,PWRWND002,2062,605.5303
RE1,PWRWND002,2063,610.7578
RE1,PWRWND002,2064,616.0325
RE1,PWRWND002,2065,621.3549
RE1,PWRWND002,2066,626.7254
RE1,PWRWND002,2067,632.1444
RE1,PWRWND002,2068,637.6124
RE1,PWRWND002,2069,643.13
RE1,PWRWND002,2070,648.6974
RE1,PWRSOL001S,2023,1.5861
RE1,PWRSOL001S,2024,100.009
RE1,PWRSOL001S,2025,212.0379
RE1,PWRSOL001S,2026,219.1798
RE1,PWRSOL001S,2027,226.3698
RE1,PWRSOL001S,2028,238.7371
RE1,PWRSOL001S,2029,255.5206
RE1,PWRSOL001S,2030,281.1734
RE1,PWRSOL001S,2031,298.3058
RE1,PWRSOL001S,2032,318.817
RE1,PWRSOL001S,2033,339.7026
RE1,PWRSOL001S,2034,362.3346
RE1,PWRSOL001S,2035,389.4288
RE1,PWRSOL001S,2036,416.324
RE1,PWRSOL001S,2037,440.7791
RE1,PWRSOL001S,2038,473.7865
RE1,PWRSOL001S,2039,511.5359
RE1,PWRSOL001S,2040,550.3568
RE1,PWRSOL001S,2041,590.2123
RE1,PWRSOL001S,2042,628.4289
RE1,PWRSOL001S,2043,663.5462
RE1,PWRSOL001S,2044,685.5858
RE1,PWRSOL001S,2045,714.7104
RE1,PWRSOL001S,2046,733.7277
RE1,PWRSOL001S,2047,754.506
RE1,PWRSOL001S,2048,777.4645
RE1,PWRSOL001S,2049,801.1908
RE1,PWRSOL001S,2050,819.4914
RE1,PWRSOL001S,2051,826.5324
RE1,PWRSOL001S,2052,833.6366
RE1,PWRSOL001S,2053,840.8048
RE1,PWRSOL001S,2054,848.0375
RE1,PWRSOL001S,2055,855.3353
RE1,PWRSOL001S,2056,862.6989
RE1,PWRSOL001S,2057,870.1288
RE1,PWRSOL001S,2058,877.6256
RE1,PWRSOL001S,2059,885.1901
RE1,PWRSOL001S,2060,892.8228
RE1,PWRSOL001S,2061,900.5244
RE1,PWRSOL001S,2062,908.2954
RE1,PWRSOL001S,2063,916.1367
RE1,PWRSOL001S,2064,924.0488
RE1,PWRSOL001S,2065,932.0323
RE1,PWRSOL001S,2066,940.088
RE1,PWRSOL001S,2067,948.2166
RE1,PWRSOL001S,2068,956.4186
RE1,PWRSOL001S,2069,964.695
RE1,PWRSOL001S,2070,973.0461
RE1,PWRWND001S,2033,47.8421
RE1,PWRWND001S,2034,122.1776
RE1,PWRWND001S,2035,185.3708
RE1,PWRWND001S,2036,249.1778
RE1,PWRWND001S,2037,328.0422
RE1,PWRWND001S,2038,397.091
RE1,PWRWND001S,2039,459.5762
RE1,PWRWND001S,2040,459.5762
RE1,PWRWND001S,2041,488.144
RE1,PWRWND001S,2042,581.224
RE1,PWRWND001S,2043,692.9381
RE1,PWRWND001S,2044,845.962
RE1,PWRWND001S,2045,897.9336
RE1,PWRWND001S,2046,1053.7862
RE1,PWRWND001S,2047,1244.179
RE1,PWRWND001S,2048,1295.7741
RE1,PWRWND001S,2049,1335.3179
RE1,PWRWND001S,2050,1365.819
RE1,PWRWND001S,2051,1377.5539
RE1,PWRWND001S,2052,1389.3944
RE1,PWRWND001S,2053,1401.3413
RE1,PWRWND001S,2054,1413.3958
RE1,PWRWND001S,2055,1425.5589
RE1,PWRWND001S,2056,1437.8315
RE1,PWRWND001S,2057,1450.2146
RE1,PWRWND001S,2058,1462.7094
RE1,PWRWND001S,2059,1475.3169
RE1,PWRWND001S,2060,1488.038
RE1,PWRWND001S,2061,1500.8739
RE1,PWRWND001S,2062,1513.8257
RE1,PWRWND001S,2063,1526.8945
RE1,PWRWND001S,2064,1540.0813
RE1,PWRWND001S,2065,1553.3872
RE1,PWRWND001S,2066,1566.8134
RE1,PWRWND001S,2067,1580.361
RE1,PWRWND001S,2068,1594.0311
RE1,PWRWND001S,2069,1607.8249
RE1,PWRWND001S,2070,1621.7436
RE1,PWRTRNIMP,2015,52.0
RE1,PWRTRNIMP,2016,71.0
RE1,PWRTRNIMP,2017,88.0
RE1,PWRTRNIMP,2018,96.0
RE1,PWRTRNIMP,2019,96.0
RE1,PWRTRNIMP,2020,96.0
RE1,PWRTRNIMP,2021,96.0
RE1,PWRTRNIMP,2022,96.0
RE1,PWRTRNIMP,2023,96.0
RE1,PWRTRNIMP,2024,96.0
RE1,PWRTRNIMP,2025,96.0
RE1,PWRTRNIMP,2026,96.0
RE1,PWRTRNIMP,2027,96.0
RE1,PWRTRNIMP,2028,96.0
RE1,PWRTRNIMP,2029,96.0
RE1,PWRTRNIMP,2030,96.0
RE1,PWRTRNIMP,2031,96.0
RE1,PWRTRNIMP,2032,96.0
RE1,PWRTRNIMP,2033,96.0
RE1,PWRTRNIMP,2034,96.0
RE1,PWRTRNIMP,2035,96.0
RE1,PWRTRNIMP,2036,96.0
RE1,PWRTRNIMP,2037,96.0
RE1,PWRTRNIMP,2038,96.0
RE1,PWRTRNIMP,2039,96.0
RE1,PWRTRNIMP,2040,96.0
RE1,PWRTRNIMP,2041,96.0
RE1,PWRTRNIMP,2042,96.0
RE1,PWRTRNIMP,2043,96.0
RE1,PWRTRNIMP,2044,96.0
RE1,PWRTRNIMP,2045,96.0
RE1,PWRTRNIMP,2046,96.0
RE1,PWRTRNIMP,2047,96.0
RE1,PWRTRNIMP,2048,96.0
RE1,PWRTRNIMP,2049,96.0
RE1,PWRTRNIMP,2050,96.0
RE1,PWRTRNIMP,2051,96.0
RE1,PWRTRNIMP,2052,96.0
RE1,PWRTRNIMP,2053,96.0
RE1,PWRTRNIMP,2054,96.0
RE1,PWRTRNIMP,2055,96.0
RE1,PWRTRNIMP,2056,96.0
RE1,PWRTRNIMP,2057,96.0
RE1,PWRTRNIMP,2058,96.0
RE1,PWRTRNIMP,2059,96.0
RE1,PWRTRNIMP,2060,96.0
RE1,PWRTRNIMP,2061,96.0
RE1,PWRTRNIMP,2062,96.0
RE1,PWRTRNIMP,2063,96.0
RE1,PWRTRNIMP,2064,96.0
RE1,PWRTRNIMP,2065,96.0
RE1,PWRTRNIMP,2066,96.0
RE1,PWRTRNIMP,2067,96.0
RE1,PWRTRNIMP,2068,96.0
RE1,PWRTRNIMP,2069,96.0
RE1,PWRTRNIMP,2070,96.0
RE1,PWRTRN,2015,711.6784
RE1,PWRTRN,2016,751.7444
RE1,PWRTRN,2017,786.4668
RE1,PWRTRN,2018,821.3276
RE1,PWRTRN,2019,855.5038
RE1,PWRTRN,2020,889.6576
RE1,PWRTRN,2021,947.3918
RE1,PWRTRN,2022,1051.5221
RE1,PWRTRN,2023,1048.7765
RE1,PWRTRN,2024,1144.8788
RE1,PWRTRN,2025,1262.2223
RE1,PWRTRN,2026,1300.9096
RE1,PWRTRN,2027,1378.4118
RE1,PWRTRN,2028,1458.6081
RE1,PWRTRN,2029,1559.7748
RE1,PWRTRN,2030,1624.0722
RE1,PWRTRN,2031,1749.2453
RE1,PWRTRN,2032,1814.08
RE1,PWRTRN,2033,1943.2977
RE1,PWRTRN,2034,2073.8336
RE1,PWRTRN,2035,2202.3987
RE1,PWRTRN,2036,2325.7088
RE1,PWRTRN,2037,2453.2177
RE1,PWRTRN,2038,2575.695
RE1,PWRTRN,2039,2694.146
RE1,PWRTRN,2040,2826.3918
RE1,PWRTRN,2041,2978.1624
RE1,PWRTRN,2042,3180.3371
RE1,PWRTRN,2043,3389.4912
RE1,PWRTRN,2044,3584.7752
RE1,PWRTRN,2045,3765.9736
RE1,PWRTRN,2046,3938.6034
RE1,PWRTRN,2047,4155.672
RE1,PWRTRN,2048,4355.5899
RE1,PWRTRN,2049,4649.8577
RE1,PWRTRN,2050,4994.5807
RE1,PWRTRN,2051,5032.1323
RE1,PWRTRN,2052,5070.0217
RE1,PWRTRN,2053,5111.8197
RE1,PWRTRN,2054,5154.3016
RE1,PWRTRN,2055,5197.1517
RE1,PWRTRN,2056,5240.3733
RE1,PWRTRN,2057,5283.9698
RE1,PWRTRN,2058,5327.9446
RE1,PWRTRN,2059,5372.301
RE1,PWRTRN,2060,5417.0425
RE1,PWRTRN,2061,5462.1725
RE1,PWRTRN,2062,5507.6946
RE1,PWRTRN,2063,5553.6123
RE1,PWRTRN,2064,5599.9292
RE1,PWRTRN,2065,5646.6488
RE1,PWRTRN,2066,5693.7748
RE1,PWRTRN,2067,5741.3109
RE1,PWRTRN,2068,5789.2607
RE1,PWRTRN,2069,5837.628
RE1,PWRTRN,2070,5886.4166
RE1,PWRDIST,2015,668.4143
RE1,PWRDIST,2016,706.2764
RE1,PWRDIST,2017,739.1412
RE1,PWRDIST,2018,772.1574
RE1,PWRDIST,2019,804.5514
RE1,PWRDIST,2020,836.9454
RE1,PWRDIST,2021,891.5509
RE1,PWRDIST,2022,989.8678
RE1,PWRDIST,2023,987.6066
RE1,PWRDIST,2024,1078.4568
RE1,PWRDIST,2025,1189.3816
RE1,PWRDIST,2026,1226.2374
RE1,PWRDIST,2027,1299.7159
RE1,PWRDIST,2028,1375.7834
RE1,PWRDIST,2029,1471.6865
RE1,PWRDIST,2030,1532.8535
RE1,PWRDIST,2031,1651.5354
RE1,PWRDIST,2032,1713.3079
RE1,PWRDIST,2033,1835.9466
RE1,PWRDIST,2034,1959.911
RE1,PWRDIST,2035,2082.0926
RE1,PWRDIST,2036,2199.384
RE1,PWRDIST,2037,2320.7235
RE1,PWRDIST,2038,2437.3802
RE1,PWRDIST,2039,2550.301
RE1,PWRDIST,2040,2676.3575
RE1,PWRDIST,2041,2820.9899
RE1,PWRDIST,2042,3013.4754
RE1,PWRDIST,2043,3212.701
RE1,PWRDIST,2044,3398.9046
RE1,PWRDIST,2045,3571.8691
RE1,PWRDIST,2046,3736.8157
RE1,PWRDIST,2047,3944.0444
RE1,PWRDIST,2048,4135.1245
RE1,PWRDIST,2049,4415.9311
RE1,PWRDIST,2050,4744.8517
RE1,PWRDIST,2051,4780.5257
RE1,PWRDIST,2052,4816.5206
RE1,PWRDIST,2053,4856.2287
RE1,PWRDIST,2054,4896.5865
RE1,PWRDIST,2055,4937.2941
RE1,PWRDIST,2056,4978.3547
RE1,PWRDIST,2057,5019.7713
RE1,PWRDIST,2058,5061.5473
RE1,PWRDIST,2059,5103.6859
RE1,PWRDIST,2060,5146.1903
RE1,PWRDIST,2061,5189.0639
RE1,PWRDIST,2062,5232.3099
RE1,PWRDIST,2063,5275.9317
RE1,PWRDIST,2064,5319.9327
RE1,PWRDIST,2065,5364.3163
RE1,PWRDIST,2066,5409.086
RE1,PWRDIST,2067,5454.2453
RE1,PWRDIST,2068,5499.7976
RE1,PWRDIST,2069,5545.7466
RE1,PWRDIST,2070,5592.0958
RE1,PWRSOL002,2023,28.513
RE1,PWRSOL002,2024,28.513
RE1,PWRSOL002,2025,28.513
RE1,PWRSOL002,2026,88.2636
RE1,PWRSOL002,2027,115.1278
RE1,PWRSOL002,2028,130.3323
RE1,PWRSOL002,2029,130.3323
RE1,PWRSOL002,2030,235.6289
RE1,PWRSOL002,2031,239.6136
RE1,PWRSOL002,2032,318.817
RE1,PWRSOL002,2033,339.7026
RE1,PWRSOL002,2034,362.3346
RE1,PWRSOL002,2035,389.4288
RE1,PWRSOL002,2036,416.324
RE1,PWRSOL002,2037,440.7791
RE1,PWRSOL002,2038,473.7865
RE1,PWRSOL002,2039,511.5359
RE1,PWRSOL002,2040,520.8598
RE1,PWRSOL002,2041,520.8598
RE1,PWRSOL002,2042,520.8598
RE1,PWRSOL002,2043,520.8598
RE1,PWRSOL002,2044,520.8598
RE1,PWRSOL002,2045,714.7104
RE1,PWRSOL002,2046,714.7104
RE1,PWRSOL002,2047,686.1974
RE1,PWRSOL002,2048,777.4645
RE1,PWRSOL002,2049,801.1908
RE1,PWRSOL002,2050,819.4914
RE1,PWRSOL002,2051,826.5324
RE1,PWRSOL002,2052,833.6366
RE1,PWRSOL002,2053,840.8048
RE1,PWRSOL002,2054,848.0375
RE1,PWRSOL002,2055,855.3353
RE1,PWRSOL002,2056,862.6989
RE1,PWRSOL002,2057,870.1288
RE1,PWRSOL002,2058,877.6256
RE1,PWRSOL002,2059,885.1901
RE1,PWRSOL002,2060,892.8228
RE1,PWRSOL002,2061,900.5244
RE1,PWRSOL002,2062,908.2954
RE1,PWRSOL002,2063,916.1367
RE1,PWRSOL002,2064,924.0488
RE1,PWRSOL002,2065,932.0323
RE1,PWRSOL002,2066,940.088
RE1,PWRSOL002,2067,948.2166
RE1,PWRSOL002,2068,956.4186
RE1,PWRSOL002,2069,964.695
RE1,PWRSOL002,2070,973.0461
RE1,PWRHYD004,2021,0.5451
RE1,PWRHYD004,2022,0.5451
RE1,PWRHYD004,2023,0.5451
RE1,PWRHYD004,2024,0.5451
RE1,PWRHYD004,2025,0.5451
RE1,PWRHYD004,2026,0.5451
RE1,PWRHYD004,2027,0.5451
RE1,PWRHYD004,2028,0.5451
RE1,PWRHYD004,2029,0.5451
RE1,PWRHYD004,2030,0.5451
RE1,PWRHYD004,2031,0.5451
RE1,PWRHYD004,2032,0.5451
RE1,PWRHYD004,2033,0.5451
RE1,PWRHYD004,2034,0.5451
RE1,PWRHYD004,2035,0.5451
RE1,PWRHYD004,2036,0.5451
RE1,PWRHYD004,2037,0.5451
RE1,PWRHYD004,2038,0.5451
RE1,PWRHYD004,2039,0.5451
RE1,PWRHYD004,2040,0.5451
RE1,PWRHYD004,2041,0.5451
RE1,PWRHYD004,2042,0.5451
RE1,PWRHYD004,2043,0.5451
RE1,PWRHYD004,2044,0.5451
RE1,PWRHYD004,2045,0.5451
RE1,PWRHYD004,2046,0.5451
RE1,PWRHYD004,2047,0.5451
RE1,PWRHYD004,2048,0.5451
RE1,PWRHYD004,2049,0.5451
RE1,PWRHYD004,2050,0.5451
RE1,PWRHYD004,2051,0.5451
RE1,PWRHYD004,2052,0.5451
RE1,PWRHYD004,2053,0.5451
RE1,PWRHYD004,2054,0.5451
RE1,PWRHYD004,2055,0.5451
RE1,PWRHYD004,2056,0.5451
RE1,PWRHYD004,2057,0.5451
RE1,PWRHYD004,2058,0.5451
RE1,PWRHYD004,2059,0.5451
RE1,PWRHYD004,2060,0.5451
RE1,PWRHYD004,2061,0.5451
RE1,PWRHYD004,2062,0.5451
RE1,PWRHYD004,2063,0.5451
RE1,PWRHYD004,2064,0.5451
RE1,PWRHYD004,2065,0.5451
RE1,PWRHYD004,2066,0.5451
RE1,PWRHYD004,2067,0.5451
RE1,PWRHYD004,2068,0.5451
RE1,PWRHYD004,2069,0.5451
RE1,PWRHYD004,2070,0.5451
RE1,PWRTRNEXP,2015,7.6
RE1,PWRTRNEXP,2016,4.75
RE1,PWRTRNEXP,2017,3.8
RE1,PWRTRNEXP,2018,3.8
RE1,PWRTRNEXP,2019,3.8
RE1,PWRTRNEXP,2020,3.8
RE1,PWRTRNEXP,2021,3.8
RE1,PWRTRNEXP,2022,3.8
RE1,PWRTRNEXP,2023,3.8
RE1,PWRTRNEXP,2024,3.8
RE1,PWRTRNEXP,2025,3.8
RE1,PWRTRNEXP,2026,3.8
RE1,PWRTRNEXP,2027,3.8
RE1,PWRTRNEXP,2028,3.8
RE1,PWRTRNEXP,2029,3.8
RE1,PWRTRNEXP,2030,3.8
RE1,PWRTRNEXP,2031,3.8
RE1,PWRTRNEXP,2032,3.8
RE1,PWRTRNEXP,2033,3.8
RE1,PWRTRNEXP,2034,3.8
RE1,PWRTRNEXP,2035,3.8
RE1,PWRTRNEXP,2036,3.8
RE1,PWRTRNEXP,2037,3.8
RE1,PWRTRNEXP,2038,3.8
RE1,PWRTRNEXP,2039,3.8
RE1,PWRTRNEXP,2040,3.8
RE1,PWRTRNEXP,2041,3.8
RE1,PWRTRNEXP,2042,3.8
RE1,PWRTRNEXP,2043,3.8
RE1,PWRTRNEXP,2044,3.8
RE1,PWRTRNEXP,2045,3.8
RE1,PWRTRNEXP,2046,3.8
RE1,PWRTRNEXP,2047,3.8
RE1,PWRTRNEXP,2048,3.8
RE1,PWRTRNEXP,2049,3.8
RE1,PWRTRNEXP,2050,3.8
RE1,PWRTRNEXP,2051,3.8
RE1,PWRTRNEXP,2052,3.8
RE1,PWRTRNEXP,2053,3.8
RE1,PWRTRNEXP,2054,3.8
RE1,PWRTRNEXP,2055,3.8
RE1,PWRTRNEXP,2056,3.8
RE1,PWRTRNEXP,2057,3.8
RE1,PWRTRNEXP,2058,3.8
RE1,PWRTRNEXP,2059,3.8
RE1,PWRTRNEXP,2060,3.8
RE1,PWRTRNEXP,2061,3.8
RE1,PWRTRNEXP,2062,3.8
RE1,PWRTRNEXP,2063,3.8
RE1,PWRTRNEXP,2064,3.8
RE1,PWRTRNEXP,2065,3.8
RE1,PWRTRNEXP,2066,3.8
RE1,PWRTRNEXP,2067,3.8
RE1,PWRTRNEXP,2068,3.8
RE1,PWRTRNEXP,2069,3.8
RE1,PWRTRNEXP,2070,3.8
RE1,DEMTRAEVC,2021,39.1405
RE1,DEMTRAEVC,2022,78.2811
RE1,DEMTRAEVC,2023,117.4216
RE1,DEMTRAEVC,2024,156.5622
RE1,DEMTRAEVC,2025,195.7027
RE1,DEMTRAEVC,2026,250.395
RE1,DEMTRAEVC,2027,311.513
RE1,DEMTRAEVC,2028,374.9113
RE1,DEMTRAEVC,2029,443.1241
RE1,DEMTRAEVC,2030,513.1599
RE1,DEMTRAEVC,2031,583.4277
RE1,DEMTRAEVC,2032,655.2114
RE1,DEMTRAEVC,2033,728.5103
RE1,DEMTRAEVC,2034,803.3234
RE1,DEMTRAEVC,2035,879.6502
RE1,DEMTRAEVC,2036,956.5359
RE1,DEMTRAEVC,2037,1034.7992
RE1,DEMTRAEVC,2038,1114.4398
RE1,DEMTRAEVC,2039,1195.5143
RE1,DEMTRAEVC,2040,1270.1126
RE1,DEMTRAEVC,2041,1345.4121
RE1,DEMTRAEVC,2042,1422.0141
RE1,DEMTRAEVC,2043,1499.9184
RE1,DEMTRAEVC,2044,1579.1246
RE1,DEMTRAEVC,2045,1667.4751
RE1,DEMTRAEVC,2046,1758.3573
RE1,DEMTRAEVC,2047,1848.9711
RE1,DEMTRAEVC,2048,1940.1454
RE1,DEMTRAEVC,2049,2034.3535
RE1,DEMTRAEVC,2050,2119.562
RE1,DEMTRAEVC,2051,2135.7033
RE1,DEMTRAEVC,2052,2151.9694
RE1,DEMTRAEVC,2053,2168.3614
RE1,DEMTRAEVC,2054,2184.8802
RE1,DEMTRAEVC,2055,2201.5267
RE1,DEMTRAEVC,2056,2218.3021
RE1,DEMTRAEVC,2057,2235.2072
RE1,DEMTRAEVC,2058,2252.2431
RE1,DEMTRAEVC,2059,2269.4109
RE1,DEMTRAEVC,2060,2286.7115
RE1,DEMTRAEVC,2061,2304.146
RE1,DEMTRAEVC,2062,2321.7154
RE1,DEMTRAEVC,2063,2339.4209
RE1,DEMTRAEVC,2064,2357.2633
RE1,DEMTRAEVC,2065,2375.2439
RE1,DEMTRAEVC,2066,2393.3637
RE1,DEMTRAEVC,2067,2411.6237
RE1,DEMTRAEVC,2068,2430.0251
RE1,DEMTRAEVC,2069,2448.569
RE1,DEMTRAEVC,2070,2467.2565
RE1,DEMTRAMCYELC,2021,35.2618
RE1,DEMTRAMCYELC,2022,70.5235
RE1,DEMTRAMCYELC,2023,105.7853
RE1,DEMTRAMCYELC,2024,141.047
RE1,DEMTRAMCYELC,2025,176.3088
RE1,DEMTRAMCYELC,2026,211.5705
RE1,DEMTRAMCYELC,2027,246.8323
RE1,DEMTRAMCYELC,2028,282.094
RE1,DEMTRAMCYELC,2029,304.3435
RE1,DEMTRAMCYELC,2030,309.4175
RE1,DEMTRAMCYELC,2031,313.6162
RE1,DEMTRAMCYELC,2032,317.8138
RE1,DEMTRAMCYELC,2033,322.0103
RE1,DEMTRAMCYELC,2034,326.2057
RE1,DEMTRAMCYELC,2035,330.4001
RE1,DEMTRAMCYELC,2036,334.224
RE1,DEMTRAMCYELC,2037,338.0472
RE1,DEMTRAMCYELC,2038,341.8699
RE1,DEMTRAMCYELC,2039,345.6921
RE1,DEMTRAMCYELC,2040,349.5138
RE1,DEMTRAMCYELC,2041,353.1503
RE1,DEMTRAMCYELC,2042,356.7864
RE1,DEMTRAMCYELC,2043,360.4222
RE1,DEMTRAMCYELC,2044,364.0576
RE1,DEMTRAMCYELC,2045,367.6927
RE1,DEMTRAMCYELC,2046,370.5351
RE1,DEMTRAMCYELC,2047,373.3773
RE1,DEMTRAMCYELC,2048,376.2194
RE1,DEMTRAMCYELC,2049,379.0613
RE1,DEMTRAMCYELC,2050,381.9031
RE1,DEMTRAMCYELC,2051,384.8114
RE1,DEMTRAMCYELC,2052,387.7422
RE1,DEMTRAMCYELC,2053,390.6957
RE1,DEMTRAMCYELC,2054,393.6721
RE1,DEMTRAMCYELC,2055,396.6715
RE1,DEMTRAMCYELC,2056,399.6941
RE1,DEMTRAMCYELC,2057,402.74
RE1,DEMTRAMCYELC,2058,405.8096
RE1,DEMTRAMCYELC,2059,408.9029
RE1,DEMTRAMCYELC,2060,412.0201
RE1,DEMTRAMCYELC,2061,415.1614
RE1,DEMTRAMCYELC,2062,418.3271
RE1,DEMTRAMCYELC,2063,421.5173
RE1,DEMTRAMCYELC,2064,424.7321
RE1,DEMTRAMCYELC,2065,427.9719
RE1,DEMTRAMCYELC,2066,431.2367
RE1,DEMTRAMCYELC,2067,434.5268
RE1,DEMTRAMCYELC,2068,437.8424
RE1,DEMTRAMCYELC,2069,441.1836
RE1,DEMTRAMCYELC,2070,444.5507
RE1,DEMTRACARELC,2029,3.8775
RE1,DEMTRACARELC,2030,26.5726
RE1,DEMTRACARELC,2031,50.3523
RE1,DEMTRACARELC,2032,75.4987
RE1,DEMTRACARELC,2033,102.0112
RE1,DEMTRACARELC,2034,129.889
RE1,DEMTRACARELC,2035,159.1313
RE1,DEMTRACARELC,2036,189.2479
RE1,DEMTRACARELC,2037,220.6061
RE1,DEMTRACARELC,2038,253.2057
RE1,DEMTRACARELC,2039,287.0975
RE1,DEMTRACARELC,2040,350.4814
RE1,DEMTRACARELC,2041,414.6824
RE1,DEMTRACARELC,2042,480.0571
RE1,DEMTRACARELC,2043,546.6053
RE1,DEMTRACARELC,2044,614.3269
RE1,DEMTRACARELC,2045,654.9607
RE1,DEMTRACARELC,2046,677.3527
RE1,DEMTRACARELC,2047,705.292
RE1,DEMTRACARELC,2048,735.7908
RE1,DEMTRACARELC,2049,782.495
RE1,DEMTRACARELC,2050,821.0916
RE1,DEMTRACARELC,2051,827.3445
RE1,DEMTRACARELC,2052,833.6458
RE1,DEMTRACARELC,2053,839.9959
RE1,DEMTRACARELC,2054,846.395
RE1,DEMTRACARELC,2055,852.8437
RE1,DEMTRACARELC,2056,859.3422
RE1,DEMTRACARELC,2057,865.8911
RE1,DEMTRACARELC,2058,872.4906
RE1,DEMTRACARELC,2059,879.1412
RE1,DEMTRACARELC,2060,885.8432
RE1,DEMTRACARELC,2061,892.5971
RE1,DEMTRACARELC,2062,899.4033
RE1,DEMTRACARELC,2063,906.2621
RE1,DEMTRACARELC,2064,913.1741
RE1,DEMTRACARELC,2065,920.1395
RE1,DEMTRACARELC,2066,927.1589
RE1,DEMTRACARELC,2067,934.2326
RE1,DEMTRACARELC,2068,941.3611
RE1,DEMTRACARELC,2069,948.5448
RE1,DEMTRACARELC,2070,955.784
RE1,DEMTRABUSELC,2026,14.0105
RE1,DEMTRABUSELC,2027,33.8101
RE1,DEMTRABUSELC,2028,55.6639
RE1,DEMTRABUSELC,2029,90.99
RE1,DEMTRABUSELC,2030,126.316
RE1,DEMTRABUSELC,2031,161.642
RE1,DEMTRABUSELC,2032,196.9681
RE1,DEMTRABUSELC,2033,232.2941
RE1,DEMTRABUSELC,2034,267.6201
RE1,DEMTRABUSELC,2035,302.9462
RE1,DEMTRABUSELC,2036,338.2722
RE1,DEMTRABUSELC,2037,373.5982
RE1,DEMTRABUSELC,2038,408.9243
RE1,DEMTRABUSELC,2039,444.2503
RE1,DEMTRABUSELC,2040,444.2503
RE1,DEMTRABUSELC,2041,444.2503
RE1,DEMTRABUSELC,2042,444.2503
RE1,DEMTRABUSELC,2043,444.2503
RE1,DEMTRABUSELC,2044,444.2503
RE1,DEMTRABUSELC,2045,479.5763
RE1,DEMTRABUSELC,2046,536.2179
RE1,DEMTRABUSELC,2047,587.0704
RE1,DEMTRABUSELC,2048,635.8686
RE1,DEMTRABUSELC,2049,671.1946
RE1,DEMTRABUSELC,2050,706.5207
RE1,DEMTRABUSELC,2051,711.9011
RE1,DEMTRABUSELC,2052,717.3232
RE1,DEMTRABUSELC,2053,722.7871
RE1,DEMTRABUSELC,2054,728.2934
RE1,DEMTRABUSELC,2055,733.8422
RE1,DEMTRABUSELC,2056,739.434
RE1,DEMTRABUSELC,2057,745.0691
RE1,DEMTRABUSELC,2058,750.7477
RE1,DEMTRABUSELC,2059,756.4703
RE1,DEMTRABUSELC,2060,762.2372
RE1,DEMTRABUSELC,2061,768.0487
RE1,DEMTRABUSELC,2062,773.9051
RE1,DEMTRABUSELC,2063,779.807
RE1,DEMTRABUSELC,2064,785.7544
RE1,DEMTRABUSELC,2065,791.748
RE1,DEMTRABUSELC,2066,797.7879
RE1,DEMTRABUSELC,2067,803.8746
RE1,DEMTRABUSELC,2068,810.0084
RE1,DEMTRABUSELC,2069,816.1897
RE1,DEMTRABUSELC,2070,822.4188
RE1,DEMTRAMCYGSL,2015,229.6235
RE1,DEMTRAMCYGSL,2016,238.4248
RE1,DEMTRAMCYGSL,2017,243.9061
RE1,DEMTRAMCYGSL,2018,249.8175
RE1,DEMTRAMCYGSL,2019,255.529
RE1,DEMTRAMCYGSL,2020,261.2392
RE1,DEMTRAMCYGSL,2021,230.5392
RE1,DEMTRAMCYGSL,2022,199.8384
RE1,DEMTRAMCYGSL,2023,169.1366
RE1,DEMTRAMCYGSL,2024,138.4341
RE1,DEMTRAMCYGSL,2025,107.7308
RE1,DEMTRAMCYGSL,2026,77.5462
RE1,DEMTRAMCYGSL,2027,47.3608
RE1,DEMTRAMCYGSL,2028,17.1746
RE1,DEMTRACARGSL,2015,493.6906
RE1,DEMTRACARGSL,2016,512.6133
RE1,DEMTRACARGSL,2017,524.3982
RE1,DEMTRACARGSL,2018,537.1075
RE1,DEMTRACARGSL,2019,549.3873
RE1,DEMTRACARGSL,2020,561.6643
RE1,DEMTRACARGSL,2021,571.4721
RE1,DEMTRACARGSL,2022,581.278
RE1,DEMTRACARGSL,2023,591.0821
RE1,DEMTRACARGSL,2024,600.8844
RE1,DEMTRACARGSL,2025,610.6851
RE1,DEMTRACARGSL,2026,621.601
RE1,DEMTRACARGSL,2027,632.5152
RE1,DEMTRACARGSL,2028,643.4276
RE1,DEMTRACARGSL,2029,650.461
RE1,DEMTRACARGSL,2030,638.6751
RE1,DEMTRACARGSL,2031,623.9227
RE1,DEMTRACARGSL,2032,607.801
RE1,DEMTRACARGSL,2033,590.3108
RE1,DEMTRACARGSL,2034,571.4532
RE1,DEMTRACARGSL,2035,551.229
RE1,DEMTRACARGSL,2036,529.3336
RE1,DEMTRACARGSL,2037,506.1954
RE1,DEMTRACARGSL,2038,481.8146
RE1,DEMTRACARGSL,2039,456.1405
RE1,DEMTRACARGSL,2040,400.9733
RE1,DEMTRACARGSL,2041,344.5908
RE1,DEMTRACARGSL,2042,287.0338
RE1,DEMTRACARGSL,2043,228.3024
RE1,DEMTRACARGSL,2044,168.397
RE1,DEMTRACARGSL,2045,135.5787
RE1,DEMTRACARGSL,2046,119.2977
RE1,DEMTRACARGSL,2047,97.4692
RE1,DEMTRACARGSL,2048,73.0808
RE1,DEMTRACARGSL,2049,32.4868
RE1,DEMTRABUSGSL,2015,424.8035
RE1,DEMTRABUSGSL,2016,441.0859
RE1,DEMTRABUSGSL,2017,451.2263
RE1,DEMTRABUSGSL,2018,462.1623
RE1,DEMTRABUSGSL,2019,472.7286
RE1,DEMTRABUSGSL,2020,483.2925
RE1,DEMTRABUSGSL,2021,491.7318
RE1,DEMTRABUSGSL,2022,500.1694
RE1,DEMTRABUSGSL,2023,508.6055
RE1,DEMTRABUSGSL,2024,517.04
RE1,DEMTRABUSGSL,2025,525.4732
RE1,DEMTRABUSGSL,2026,520.8555
RE1,DEMTRABUSGSL,2027,510.4472
RE1,DEMTRABUSGSL,2028,497.9831
RE1,DEMTRABUSGSL,2029,472.0454
RE1,DEMTRABUSGSL,2030,446.1064
RE1,DEMTRABUSGSL,2031,418.548
RE1,DEMTRABUSGSL,2032,390.9875
RE1,DEMTRABUSGSL,2033,363.4249
RE1,DEMTRABUSGSL,2034,335.8604
RE1,DEMTRABUSGSL,2035,308.2941
RE1,DEMTRABUSGSL,2036,280.0421
RE1,DEMTRABUSGSL,2037,251.7891
RE1,DEMTRABUSGSL,2038,223.5351
RE1,DEMTRABUSGSL,2039,195.2801
RE1,DEMTRABUSGSL,2040,202.3502
RE1,DEMTRABUSGSL,2041,209.0778
RE1,DEMTRABUSGSL,2042,215.8046
RE1,DEMTRABUSGSL,2043,222.5308
RE1,DEMTRABUSGSL,2044,229.2563
RE1,DEMTRABUSGSL,2045,200.6552
RE1,DEMTRABUSGSL,2046,149.272
RE1,DEMTRABUSGSL,2047,103.6776
RE1,DEMTRABUSGSL,2048,60.1372
RE1,DEMTRABUSGSL,2049,30.0687
RE1,DEMINDELC,2015,328.0418
RE1,DEMINDELC,2016,347.0108
RE1,DEMINDELC,2017,363.2685
RE1,DEMINDELC,2018,379.5262
RE1,DEMINDELC,2019,395.7839
RE1,DEMINDELC,2020,412.0416
RE1,DEMINDELC,2021,84.5511
RE1,DEMINDELC,2022,59.4658
RE1,DEMINDELC,2023,34.9344
RE1,DEMINDELC,2024,14.858
RE1,DEMINDELC,2025,4.9492
RE1,DEMINDELC,2031,13.5916
RE1,DEMINDELC,2032,11.2417
RE1,DEMINDELC,2033,9.1859
RE1,DEMINDELC,2034,9.4266
RE1,DEMINDELC,2035,10.4805
RE1,DEMINDELC,2036,9.8612
RE1,DEMINDELC,2037,6.9141
RE1,DEMINDELC,2038,10.2488
RE1,DEMINDELC,2039,8.7355
RE1,DEMINDELC,2040,2.6792
RE1,DEMINDELC,2041,27.4664
RE1,DEMINDELC,2042,24.1725
RE1,DEMINDELC,2043,21.8596
RE1,DEMINDELC,2044,16.3326
RE1,DEMINDELC,2045,11.5853
RE1,DEMINDELC,2046,8.151
RE1,DEMINDELC,2047,7.3154
RE1,DEMINDELC,2048,0.1981
RE1,DEMINDELC,2050,0.2025
RE1,DEMINDELC,2051,9.8338
RE1,DEMINDELC,2052,0.207
RE1,DEMINDELC,2053,0.2094
RE1,DEMINDELC,2054,0.2117
RE1,DEMINDELC,2055,0.214
RE1,DEMINDELC,2056,0.2164
RE1,DEMINDELC,2057,0.2189
RE1,DEMINDELC,2058,0.2213
RE1,DEMINDELC,2059,0.2238
RE1,DEMINDELC,2060,0.2263
RE1,DEMINDELC,2061,0.2288
RE1,DEMINDELC,2062,0.2313
RE1,DEMINDELC,2063,0.2339
RE1,DEMINDELC,2064,0.2365
RE1,DEMINDELC,2065,0.2392
RE1,DEMINDELC,2066,0.2418
RE1,DEMINDELC,2067,0.2445
RE1,DEMINDELC,2068,0.2473
RE1,DEMINDELC,2069,0.25
RE1,DEMINDELC,2070,0.2528
RE1,INDENEFFGD,2021,262.9609
RE1,INDENEFFGD,2022,262.9609
RE1,INDENEFFGD,2023,262.4792
RE1,INDENEFFGD,2024,258.1235
RE1,INDENEFFGD,2025,244.9266
RE1,INDENEFFGD,2026,228.2913
RE1,INDENEFFGD,2027,207.3523
RE1,INDENEFFGD,2028,186.4134
RE1,INDENEFFGD,2029,165.4744
RE1,INDENEFFGD,2030,144.5355
RE1,INDENEFFGD,2031,146.1185
RE1,INDENEFFGD,2032,161.5637
RE1,INDENEFFGD,2033,176.7532
RE1,INDENEFFGD,2034,189.9457
RE1,INDENEFFGD,2035,202.4311
RE1,INDENEFFGD,2036,213.759
RE1,INDENEFFGD,2037,227.111
RE1,INDENEFFGD,2038,235.0007
RE1,INDENEFFGD,2039,247.106
RE1,INDENEFFGD,2040,230.4976
RE1,INDENEFFGD,2041,186.8447
RE1,INDENEFFGD,2042,167.6101
RE1,INDENEFFGD,2043,147.5225
RE1,INDENEFFGD,2044,130.2298
RE1,INDENEFFGD,2045,112.259
RE1,INDENEFFGD,2046,89.938
RE1,INDENEFFGD,2047,65.3571
RE1,INDENEFFGD,2048,47.637
RE1,INDENEFFGD,2049,27.3411
RE1,INDENEFFGD,2050,32.8081
RE1,INDENEFFDP,2021,28.8952
RE1,INDENEFFDP,2022,57.7905
RE1,INDENEFFDP,2023,86.6857
RE1,INDENEFFDP,2024,115.5809
RE1,INDENEFFDP,2025,144.4761
RE1,INDENEFFDP,2026,173.3714
RE1,INDENEFFDP,2027,202.2666
RE1,INDENEFFDP,2028,231.1618
RE1,INDENEFFDP,2029,260.057
RE1,INDENEFFDP,2030,288.9523
RE1,INDENEFFDP,2031,288.9523
RE1,INDENEFFDP,2032,288.9523
RE1,INDENEFFDP,2033,288.9523
RE1,INDENEFFDP,2034,288.9523
RE1,INDENEFFDP,2035,288.9523
RE1,INDENEFFDP,2036,288.9523
RE1,INDENEFFDP,2037,288.9523
RE1,INDENEFFDP,2038,288.9523
RE1,INDENEFFDP,2039,288.9523
RE1,INDENEFFDP,2040,317.8475
RE1,INDENEFFDP,2041,346.7427
RE1,INDENEFFDP,2042,375.6379
RE1,INDENEFFDP,2043,404.5332
RE1,INDENEFFDP,2044,433.4284
RE1,INDENEFFDP,2045,462.3236
RE1,INDENEFFDP,2046,491.2188
RE1,INDENEFFDP,2047,520.1141
RE1,INDENEFFDP,2048,547.7722
RE1,INDENEFFDP,2049,572.3866
RE1,INDENEFFDP,2050,573.9025
RE1,INDENEFFDP,2051,602.2437
RE1,INDENEFFDP,2052,616.4511
RE1,INDENEFFDP,2053,623.3276
RE1,INDENEFFDP,2054,630.2807
RE1,INDENEFFDP,2055,637.3114
RE1,INDENEFFDP,2056,644.4205
RE1,INDENEFFDP,2057,651.6089
RE1,INDENEFFDP,2058,658.8775
RE1,INDENEFFDP,2059,666.2272
RE1,INDENEFFDP,2060,673.6588
RE1,INDENEFFDP,2061,681.1734
RE1,INDENEFFDP,2062,688.7718
RE1,INDENEFFDP,2063,696.4549
RE1,INDENEFFDP,2064,704.2238
RE1,INDENEFFDP,2065,712.0793
RE1,INDENEFFDP,2066,720.0224
RE1,INDENEFFDP,2067,728.0541
RE1,INDENEFFDP,2068,736.1755
RE1,INDENEFFDP,2069,744.3874
RE1,INDENEFFDP,2070,752.6909
RE1,DEMINDHEEH,2042,53.0881
RE1,DEMINDHEEH,2043,110.5133
RE1,DEMINDHEEH,2044,153.617
RE1,DEMINDHEEH,2045,366.2789
RE1,DEMINDHEEH,2046,381.8594
RE1,DEMINDHEEH,2047,410.288
RE1,DEMINDHEEH,2048,542.5158
RE1,DEMINDHEEH,2049,711.6129
RE1,DEMINDHEEH,2050,884.2658
RE1,DEMINDHEEH,2051,890.7889
RE1,DEMINDHEEH,2052,897.3615
RE1,DEMINDHEEH,2053,903.9841
RE1,DEMINDHEEH,2054,910.6572
RE1,DEMINDHEEH,2055,917.3809
RE1,DEMINDHEEH,2056,924.1559
RE1,DEMINDHEEH,2057,930.9824
RE1,DEMINDHEEH,2058,937.8608
RE1,DEMINDHEEH,2059,944.7916
RE1,DEMINDHEEH,2060,951.7751
RE1,DEMINDHEEH,2061,958.8119
RE1,DEMINDHEEH,2062,965.9022
RE1,DEMINDHEEH,2063,973.0464
RE1,DEMINDHEEH,2064,980.2452
RE1,DEMINDHEEH,2065,987.4987
RE1,DEMINDHEEH,2066,994.8075
RE1,DEMINDHEEH,2067,1002.1719
RE1,DEMINDHEEH,2068,1009.5925
RE1,DEMINDHEEH,2069,1017.0697
RE1,DEMINDHEEH,2070,1024.6038
RE1,DEMINDHEEL,2030,68.544
RE1,DEMINDHEEL,2031,74.6769
RE1,DEMINDHEEL,2032,94.4528
RE1,DEMINDHEEL,2033,116.1226
RE1,DEMINDHEEL,2034,148.1764
RE1,DEMINDHEEL,2035,181.6904
RE1,DEMINDHEEL,2036,204.3498
RE1,DEMINDHEEL,2037,228.1305
RE1,DEMINDHEEL,2038,252.1727
RE1,DEMINDHEEL,2039,271.967
RE1,DEMINDHEEL,2040,299.8718
RE1,DEMINDHEEL,2041,333.0562
RE1,DEMINDHEEL,2042,370.5609
RE1,DEMINDHEEL,2043,408.2437
RE1,DEMINDHEEL,2044,435.9099
RE1,DEMINDHEEL,2045,469.277
RE1,DEMINDHEEL,2046,494.5292
RE1,DEMINDHEEL,2047,524.8919
RE1,DEMINDHEEL,2048,551.0388
RE1,DEMINDHEEL,2049,549.1338
RE1,DEMINDHEEL,2050,589.5105
RE1,DEMINDHEEL,2051,593.8592
RE1,DEMINDHEEL,2052,598.241
RE1,DEMINDHEEL,2053,602.6561
RE1,DEMINDHEEL,2054,607.1048
RE1,DEMINDHEEL,2055,611.5873
RE1,DEMINDHEEL,2056,616.1039
RE1,DEMINDHEEL,2057,620.6549
RE1,DEMINDHEEL,2058,625.2405
RE1,DEMINDHEEL,2059,629.8611
RE1,DEMINDHEEL,2060,634.5168
RE1,DEMINDHEEL,2061,639.2079
RE1,DEMINDHEEL,2062,643.9348
RE1,DEMINDHEEL,2063,648.6976
RE1,DEMINDHEEL,2064,653.4968
RE1,DEMINDHEEL,2065,658.3324
RE1,DEMINDHEEL,2066,663.205
RE1,DEMINDHEEL,2067,668.1146
RE1,DEMINDHEEL,2068,673.0617
RE1,DEMINDHEEL,2069,678.0464
RE1,DEMINDHEEL,2070,683.0692
RE1,DEMINDHEBIO,2015,426.6187
RE1,DEMINDHEBIO,2016,382.5919
RE1,DEMINDHEBIO,2017,389.2174
RE1,DEMINDHEBIO,2018,400.2481
RE1,DEMINDHEBIO,2019,409.232
RE1,DEMINDHEBIO,2020,418.2022
RE1,DEMINDHEBIO,2021,424.4265
RE1,DEMINDHEBIO,2022,430.6414
RE1,DEMINDHEBIO,2023,436.8476
RE1,DEMINDHEBIO,2024,443.0455
RE1,DEMINDHEBIO,2025,449.2357
RE1,DEMINDHEBIO,2026,456.0698
RE1,DEMINDHEBIO,2027,462.8953
RE1,DEMINDHEBIO,2028,469.7126
RE1,DEMINDHEBIO,2029,476.5222
RE1,DEMINDHEBIO,2030,414.7804
RE1,DEMINDHEBIO,2031,414.7804
RE1,DEMINDHEBIO,2032,401.1255
RE1,DEMINDHEBIO,2033,385.5656
RE1,DEMINDHEBIO,2034,359.6111
RE1,DEMINDHEBIO,2035,332.1862
RE1,DEMINDHEBIO,2036,314.8729
RE1,DEMINDHEBIO,2037,296.4325
RE1,DEMINDHEBIO,2038,277.7251
RE1,DEMINDHEBIO,2039,263.2604
RE1,DEMINDHEBIO,2040,240.68
RE1,DEMINDHEBIO,2041,213.0434
RE1,DEMINDHEBIO,2042,181.0826
RE1,DEMINDHEBIO,2043,148.9402
RE1,DEMINDHEBIO,2044,126.8109
RE1,DEMINDHEBIO,2045,98.9773
RE1,DEMINDHEBIO,2046,77.9793
RE1,DEMINDHEBIO,2047,51.8693
RE1,DEMINDHEBIO,2048,29.9736
RE1,DEMINDHEBIO,2049,36.1284
RE1,DEMRESELC,2015,163.7593
RE1,DEMRESELC,2016,173.2287
RE1,DEMRESELC,2017,181.3446
RE1,DEMRESELC,2018,189.4604
RE1,DEMRESELC,2019,197.5763
RE1,DEMRESELC,2020,205.6922
RE1,DEMRESELC,2021,42.2081
RE1,DEMRESELC,2022,29.6855
RE1,DEMRESELC,2023,17.4394
RE1,DEMRESELC,2024,7.4172
RE1,DEMRESELC,2025,2.4706
RE1,DEMRESELC,2031,6.785
RE1,DEMRESELC,2032,5.6119
RE1,DEMRESELC,2033,4.5856
RE1,DEMRESELC,2034,4.7058
RE1,DEMRESELC,2035,5.2319
RE1,DEMRESELC,2036,4.9227
RE1,DEMRESELC,2037,3.4516
RE1,DEMRESELC,2038,5.1162
RE1,DEMRESELC,2039,4.3608
RE1,DEMRESELC,2040,1.3374
RE1,DEMRESELC,2041,13.7113
RE1,DEMRESELC,2042,12.067
RE1,DEMRESELC,2043,10.9124
RE1,DEMRESELC,2044,8.1533
RE1,DEMRESELC,2045,5.7834
RE1,DEMRESELC,2046,4.069
RE1,DEMRESELC,2047,3.6519
RE1,DEMRESELC,2048,0.0989
RE1,DEMRESELC,2050,0.1011
RE1,DEMRESELC,2051,1.4175
RE1,DEMRESELC,2052,1.4164
RE1,DEMRESELC,2053,0.1045
RE1,DEMRESELC,2054,0.1057
RE1,DEMRESELC,2055,0.1069
RE1,DEMRESELC,2056,0.108
RE1,DEMRESELC,2057,0.1093
RE1,DEMRESELC,2058,0.1105
RE1,DEMRESELC,2059,0.1117
RE1,DEMRESELC,2060,0.1129
RE1,DEMRESELC,2061,0.1142
RE1,DEMRESELC,2062,0.1155
RE1,DEMRESELC,2063,0.1168
RE1,DEMRESELC,2064,0.1181
RE1,DEMRESELC,2065,0.1194
RE1,DEMRESELC,2066,0.1207
RE1,DEMRESELC,2067,0.1221
RE1,DEMRESELC,2068,0.1234
RE1,DEMRESELC,2069,0.1248
RE1,DEMRESELC,2070,0.1262
RE1,RESENEFFGD,2021,131.2708
RE1,RESENEFFGD,2022,131.2708
RE1,RESENEFFGD,2023,131.0303
RE1,RESENEFFGD,2024,128.8559
RE1,RESENEFFGD,2025,122.268
RE1,RESENEFFGD,2026,113.9636
RE1,RESENEFFGD,2027,103.5108
RE1,RESENEFFGD,2028,93.058
RE1,RESENEFFGD,2029,82.6053
RE1,RESENEFFGD,2030,72.1525
RE1,RESENEFFGD,2031,72.9427
RE1,RESENEFFGD,2032,80.653
RE1,RESENEFFGD,2033,88.2357
RE1,RESENEFFGD,2034,94.8214
RE1,RESENEFFGD,2035,101.0541
RE1,RESENEFFGD,2036,106.709
RE1,RESENEFFGD,2037,113.3744
RE1,RESENEFFGD,2038,117.313
RE1,RESENEFFGD,2039,123.356
RE1,RESENEFFGD,2040,115.065
RE1,RESENEFFGD,2041,93.2733
RE1,RESENEFFGD,2042,83.6714
RE1,RESENEFFGD,2043,73.6436
RE1,RESENEFFGD,2044,65.011
RE1,RESENEFFGD,2045,56.04
RE1,RESENEFFGD,2046,44.8973
RE1,RESENEFFGD,2047,32.6264
RE1,RESENEFFGD,2048,23.7805
RE1,RESENEFFGD,2049,13.6487
RE1,RESENEFFGD,2050,16.3779
RE1,RESENEFFDP,2021,14.4246
RE1,RESENEFFDP,2022,28.8491
RE1,RESENEFFDP,2023,43.2737
RE1,RESENEFFDP,2024,57.6983
RE1,RESENEFFDP,2025,72.1229
RE1,RESENEFFDP,2026,86.5474
RE1,RESENEFFDP,2027,100.972
RE1,RESENEFFDP,2028,115.3966
RE1,RESENEFFDP,2029,129.8211
RE1,RESENEFFDP,2030,144.2457
RE1,RESENEFFDP,2031,144.2457
RE1,RESENEFFDP,2032,144.2457
RE1,RESENEFFDP,2033,144.2457
RE1,RESENEFFDP,2034,144.2457
RE1,RESENEFFDP,2035,144.2457
RE1,RESENEFFDP,2036,144.2457
RE1,RESENEFFDP,2037,144.2457
RE1,RESENEFFDP,2038,144.2457
RE1,RESENEFFDP,2039,144.2457
RE1,RESENEFFDP,2040,158.6703
RE1,RESENEFFDP,2041,173.0948
RE1,RESENEFFDP,2042,187.5194
RE1,RESENEFFDP,2043,201.944
RE1,RESENEFFDP,2044,216.3686
RE1,RESENEFFDP,2045,230.7931
RE1,RESENEFFDP,2046,245.2177
RE1,RESENEFFDP,2047,259.6423
RE1,RESENEFFDP,2048,273.4493
RE1,RESENEFFDP,2049,285.7369
RE1,RESENEFFDP,2050,286.4936
RE1,RESENEFFDP,2051,303.3274
RE1,RESENEFFDP,2052,306.724
RE1,RESENEFFDP,2053,311.1667
RE1,RESENEFFDP,2054,314.6377
RE1,RESENEFFDP,2055,318.1475
RE1,RESENEFFDP,2056,321.6964
RE1,RESENEFFDP,2057,325.2848
RE1,RESENEFFDP,2058,328.9133
RE1,RESENEFFDP,2059,332.5823
RE1,RESENEFFDP,2060,336.2922
RE1,RESENEFFDP,2061,340.0435
RE1,RESENEFFDP,2062,343.8366
RE1,RESENEFFDP,2063,347.6721
RE1,RESENEFFDP,2064,351.5503
RE1,RESENEFFDP,2065,355.4718
RE1,RESENEFFDP,2066,359.437
RE1,RESENEFFDP,2067,363.4465
RE1,RESENEFFDP,2068,367.5007
RE1,RESENEFFDP,2069,371.6001
RE1,RESENEFFDP,2070,375.7452
RE1,DEMRESCKNELC,2015,7.0099
RE1,DEMRESCKNELC,2016,6.6639
RE1,DEMRESCKNELC,2017,6.762
RE1,DEMRESCKNELC,2018,7.0044
RE1,DEMRESCKNELC,2019,6.6542
RE1,DEMRESCKNELC,2020,6.304
RE1,DEMRESCKNELC,2021,85.8403
RE1,DEMRESCKNELC,2022,130.7864
RE1,DEMRESCKNELC,2023,106.9605
RE1,DEMRESCKNELC,2024,143.5416
RE1,DEMRESCKNELC,2025,196.6961
RE1,DEMRESCKNELC,2026,216.8539
RE1,DEMRESCKNELC,2027,232.5384
RE1,DEMRESCKNELC,2028,237.1733
RE1,DEMRESCKNELC,2029,241.1293
RE1,DEMRESCKNELC,2030,245.0786
RE1,DEMRESCKNELC,2031,248.6954
RE1,DEMRESCKNELC,2032,252.3013
RE1,DEMRESCKNELC,2033,255.8969
RE1,DEMRESCKNELC,2034,259.4827
RE1,DEMRESCKNELC,2035,263.0593
RE1,DEMRESCKNELC,2036,266.1718
RE1,DEMRESCKNELC,2037,269.2791
RE1,DEMRESCKNELC,2038,272.3814
RE1,DEMRESCKNELC,2039,275.4788
RE1,DEMRESCKNELC,2040,278.5714
RE1,DEMRESCKNELC,2041,281.6592
RE1,DEMRESCKNELC,2042,284.7436
RE1,DEMRESCKNELC,2043,287.8245
RE1,DEMRESCKNELC,2044,290.9023
RE1,DEMRESCKNELC,2045,293.977
RE1,DEMRESCKNELC,2046,296.3069
RE1,DEMRESCKNELC,2047,298.6355
RE1,DEMRESCKNELC,2048,300.9627
RE1,DEMRESCKNELC,2049,303.2886
RE1,DEMRESCKNELC,2050,305.6131
RE1,DEMRESCKNELC,2051,307.9951
RE1,DEMRESCKNELC,2052,310.3956
RE1,DEMRESCKNELC,2053,312.8148
RE1,DEMRESCKNELC,2054,315.2529
RE1,DEMRESCKNELC,2055,317.7099
RE1,DEMRESCKNELC,2056,320.1862
RE1,DEMRESCKNELC,2057,322.6817
RE1,DEMRESCKNELC,2058,325.1966
RE1,DEMRESCKNELC,2059,327.7312
RE1,DEMRESCKNELC,2060,330.2856
RE1,DEMRESCKNELC,2061,332.8598
RE1,DEMRESCKNELC,2062,335.4541
RE1,DEMRESCKNELC,2063,338.0686
RE1,DEMRESCKNELC,2064,340.7035
RE1,DEMRESCKNELC,2065,343.359
RE1,DEMRESCKNELC,2066,346.0351
RE1,DEMRESCKNELC,2067,348.7321
RE1,DEMRESCKNELC,2068,351.4501
RE1,DEMRESCKNELC,2069,354.1893
RE1,DEMRESCKNELC,2070,356.9499
RE1,DEMRESCKNOIL,2015,117.5028
RE1,DEMRESCKNOIL,2016,111.7023
RE1,DEMRESCKNOIL,2017,113.3469
RE1,DEMRESCKNOIL,2018,117.4106
RE1,DEMRESCKNOIL,2019,120.876
RE1,DEMRESCKNOIL,2020,124.3333
RE1,DEMRESCKNOIL,2021,47.1077
RE1,DEMRESCKNOIL,2022,27.3142
RE1,DEMRESCKNOIL,2023,65.3111
RE1,DEMRESCKNOIL,2024,38.2379
RE1,DEMRESCKNBIO,2015,72.8133
RE1,DEMRESCKNBIO,2016,69.2189
RE1,DEMRESCKNBIO,2017,70.238
RE1,DEMRESCKNBIO,2018,72.7562
RE1,DEMRESCKNBIO,2019,74.5779
RE1,DEMRESCKNBIO,2020,76.3949
RE1,DEMRESCKNBIO,2021,77.7461
RE1,DEMRESCKNBIO,2022,56.2468
RE1,DEMRESCKNBIO,2023,45.7211
RE1,DEMRESCKNBIO,2024,39.8508
RE1,DEMRESCKNBIO,2025,28.5647
RE1,DEMRESCKNBIO,2026,12.3855
RE1,DEMRESCKNBIO,2027,0.6717
RE1,DEMRESHEBIO,2015,84.502
RE1,DEMRESHEBIO,2016,80.3936
RE1,DEMRESHEBIO,2017,81.5773
RE1,DEMRESHEBIO,2018,84.502
RE1,DEMRESHEBIO,2019,86.6177
RE1,DEMRESHEBIO,2020,88.7281
RE1,DEMRESHEBIO,2021,90.2975
RE1,DEMRESHEBIO,2022,91.8632
RE1,DEMRESHEBIO,2023,93.4254
RE1,DEMRESHEBIO,2024,94.9844
RE1,DEMRESHEBIO,2025,96.5403
RE1,DEMRESHEBIO,2026,98.2455
RE1,DEMRESHEBIO,2027,99.9472
RE1,DEMRESHEBIO,2028,101.6457
RE1,DEMRESHEBIO,2029,103.3411
RE1,DEMRESHEBIO,2030,105.0337
RE1,DEMRESHEBIO,2031,105.0337
RE1,DEMRESHEBIO,2032,98.9387
RE1,DEMRESHEBIO,2033,93.933
RE1,DEMRESHEBIO,2034,95.2757
RE1,DEMRESHEBIO,2035,96.8085
RE1,DEMRESHEBIO,2036,90.5022
RE1,DEMRESHEBIO,2037,84.1936
RE1,DEMRESHEBIO,2038,77.8828
RE1,DEMRESHEBIO,2039,69.0792
RE1,DEMRESHEBIO,2040,63.1301
RE1,DEMRESHEBIO,2041,60.0411
RE1,DEMRESHEBIO,2042,64.6722
RE1,DEMRESHEBIO,2043,65.9175
RE1,DEMRESHEBIO,2044,56.5651
RE1,DEMRESHEBIO,2045,51.3889
RE1,DEMRESHEBIO,2046,42.7532
RE1,DEMRESHEBIO,2047,36.6899
RE1,DEMRESHEBIO,2048,28.3742
RE1,DEMRESHEOIL,2015,0.0663
RE1,DEMRESHEOIL,2049,14.2844
RE1,DEMRESHEEL,2031,1.5501
RE1,DEMRESHEEL,2032,9.1904
RE1,DEMRESHEEL,2033,15.7371
RE1,DEMRESHEEL,2034,15.9311
RE1,DEMRESHEEL,2035,15.9311
RE1,DEMRESHEEL,2036,23.5715
RE1,DEMRESHEEL,2037,31.2118
RE1,DEMRESHEEL,2038,38.8521
RE1,DEMRESHEEL,2039,48.9831
RE1,DEMRESHEEL,2040,56.2577
RE1,DEMRESHEEL,2041,60.67
RE1,DEMRESHEEL,2042,57.3607
RE1,DEMRESHEEL,2043,57.4359
RE1,DEMRESHEEL,2044,68.1073
RE1,DEMRESHEEL,2045,74.6013
RE1,DEMRESHEEL,2046,84.2355
RE1,DEMRESHEEL,2047,91.2968
RE1,DEMRESHEEL,2048,100.6098
RE1,DEMRESHEEL,2049,115.6964
RE1,DEMRESHEEL,2050,130.9771
RE1,DEMRESHEEL,2051,131.9979
RE1,DEMRESHEEL,2052,133.0267
RE1,DEMRESHEEL,2053,134.0635
RE1,DEMRESHEEL,2054,135.1084
RE1,DEMRESHEEL,2055,136.1614
RE1,DEMRESHEEL,2056,137.2226
RE1,DEMRESHEEL,2057,138.2922
RE1,DEMRESHEEL,2058,139.37
RE1,DEMRESHEEL,2059,140.4562
RE1,DEMRESHEEL,2060,141.551
RE1,DEMRESHEEL,2061,142.6542
RE1,DEMRESHEEL,2062,143.766
RE1,DEMRESHEEL,2063,144.8866
RE1,DEMRESHEEL,2064,146.0158
RE1,DEMRESHEEL,2065,147.1538
RE1,DEMRESHEEL,2066,148.3008
RE1,DEMRESHEEL,2067,149.4566
RE1,DEMRESHEEL,2068,150.6215
RE1,DEMRESHEEL,2069,151.7954
RE1,DEMRESHEEL,2070,152.9785
RE1,DEMCOMELC,2015,169.2528
RE1,DEMCOMELC,2016,179.0399
RE1,DEMCOMELC,2017,187.428
RE1,DEMCOMELC,2018,195.8161
RE1,DEMCOMELC,2019,204.2043
RE1,DEMCOMELC,2020,212.5924
RE1,DEMCOMELC,2021,43.6241
RE1,DEMCOMELC,2022,30.6813
RE1,DEMCOMELC,2023,18.0244
RE1,DEMCOMELC,2024,7.666
RE1,DEMCOMELC,2025,2.5535
RE1,DEMCOMELC,2031,7.0126
RE1,DEMCOMELC,2032,5.8001
RE1,DEMCOMELC,2033,4.7394
RE1,DEMCOMELC,2034,4.8637
RE1,DEMCOMELC,2035,5.4074
RE1,DEMCOMELC,2036,5.0879
RE1,DEMCOMELC,2037,3.5673
RE1,DEMCOMELC,2038,5.2878
RE1,DEMCOMELC,2039,4.5071
RE1,DEMCOMELC,2040,1.3823
RE1,DEMCOMELC,2041,14.1712
RE1,DEMCOMELC,2042,12.4718
RE1,DEMCOMELC,2043,11.2785
RE1,DEMCOMELC,2044,8.4268
RE1,DEMCOMELC,2045,5.9774
RE1,DEMCOMELC,2046,4.2055
RE1,DEMCOMELC,2047,3.7744
RE1,DEMCOMELC,2048,0.1022
RE1,DEMCOMELC,2050,0.1045
RE1,DEMCOMELC,2051,6.3888
RE1,DEMCOMELC,2052,0.1068
RE1,DEMCOMELC,2053,0.108
RE1,DEMCOMELC,2054,0.1092
RE1,DEMCOMELC,2055,0.1104
RE1,DEMCOMELC,2056,0.1117
RE1,DEMCOMELC,2057,0.1129
RE1,DEMCOMELC,2058,0.1142
RE1,DEMCOMELC,2059,0.1154
RE1,DEMCOMELC,2060,0.1167
RE1,DEMCOMELC,2061,0.118
RE1,DEMCOMELC,2062,0.1194
RE1,DEMCOMELC,2063,0.1207
RE1,DEMCOMELC,2064,0.122
RE1,DEMCOMELC,2065,0.1234
RE1,DEMCOMELC,2066,0.1248
RE1,DEMCOMELC,2067,0.1262
RE1,DEMCOMELC,2068,0.1276
RE1,DEMCOMELC,2069,0.129
RE1,DEMCOMELC,2070,0.1304
RE1,COMENEFFGD,2021,135.6744
RE1,COMENEFFGD,2022,135.6744
RE1,COMENEFFGD,2023,135.4258
RE1,COMENEFFGD,2024,133.1786
RE1,COMENEFFGD,2025,126.3696
RE1,COMENEFFGD,2026,117.7866
RE1,COMENEFFGD,2027,106.9832
RE1,COMENEFFGD,2028,96.1798
RE1,COMENEFFGD,2029,85.3764
RE1,COMENEFFGD,2030,74.5729
RE1,COMENEFFGD,2031,75.3897
RE1,COMENEFFGD,2032,83.3586
RE1,COMENEFFGD,2033,91.1956
RE1,COMENEFFGD,2034,98.0023
RE1,COMENEFFGD,2035,104.4441
RE1,COMENEFFGD,2036,110.2888
RE1,COMENEFFGD,2037,117.1777
RE1,COMENEFFGD,2038,121.2484
RE1,COMENEFFGD,2039,127.4941
RE1,COMENEFFGD,2040,118.925
RE1,COMENEFFGD,2041,96.4023
RE1,COMENEFFGD,2042,86.4782
RE1,COMENEFFGD,2043,76.1141
RE1,COMENEFFGD,2044,67.1919
RE1,COMENEFFGD,2045,57.9199
RE1,COMENEFFGD,2046,46.4034
RE1,COMENEFFGD,2047,33.7209
RE1,COMENEFFGD,2048,24.5783
RE1,COMENEFFGD,2049,14.1066
RE1,COMENEFFGD,2050,16.9273
RE1,COMENEFFDP,2021,14.9085
RE1,COMENEFFDP,2022,29.8169
RE1,COMENEFFDP,2023,44.7254
RE1,COMENEFFDP,2024,59.6338
RE1,COMENEFFDP,2025,74.5423
RE1,COMENEFFDP,2026,89.4508
RE1,COMENEFFDP,2027,104.3592
RE1,COMENEFFDP,2028,119.2677
RE1,COMENEFFDP,2029,134.1762
RE1,COMENEFFDP,2030,149.0846
RE1,COMENEFFDP,2031,149.0846
RE1,COMENEFFDP,2032,149.0846
RE1,COMENEFFDP,2033,149.0846
RE1,COMENEFFDP,2034,149.0846
RE1,COMENEFFDP,2035,149.0846
RE1,COMENEFFDP,2036,149.0846
RE1,COMENEFFDP,2037,149.0846
RE1,COMENEFFDP,2038,149.0846
RE1,COMENEFFDP,2039,149.0846
RE1,COMENEFFDP,2040,163.9931
RE1,COMENEFFDP,2041,178.9015
RE1,COMENEFFDP,2042,193.81
RE1,COMENEFFDP,2043,208.7185
RE1,COMENEFFDP,2044,223.6269
RE1,COMENEFFDP,2045,238.5354
RE1,COMENEFFDP,2046,253.4439
RE1,COMENEFFDP,2047,268.3523
RE1,COMENEFFDP,2048,282.6225
RE1,COMENEFFDP,2049,295.3223
RE1,COMENEFFDP,2050,296.1044
RE1,COMENEFFDP,2051,309.7154
RE1,COMENEFFDP,2052,318.0573
RE1,COMENEFFDP,2053,321.6052
RE1,COMENEFFDP,2054,325.1927
RE1,COMENEFFDP,2055,328.8201
RE1,COMENEFFDP,2056,332.4881
RE1,COMENEFFDP,2057,336.1969
RE1,COMENEFFDP,2058,339.9472
RE1,COMENEFFDP,2059,343.7392
RE1,COMENEFFDP,2060,347.5736
RE1,COMENEFFDP,2061,351.4507
RE1,COMENEFFDP,2062,355.3711
RE1,COMENEFFDP,2063,359.3352
RE1,COMENEFFDP,2064,363.3435
RE1,COMENEFFDP,2065,367.3966
RE1,COMENEFFDP,2066,371.4948
RE1,COMENEFFDP,2067,375.6388
RE1,COMENEFFDP,2068,379.829
RE1,COMENEFFDP,2069,384.0659
RE1,COMENEFFDP,2070,388.3501
RE1,DEMCOMHEOIL,2049,6.9206
RE1,DEMCOMHEBIO,2015,37.209
RE1,DEMCOMHEBIO,2016,39.1015
RE1,DEMCOMHEBIO,2017,40.0453
RE1,DEMCOMHEBIO,2018,40.9891
RE1,DEMCOMHEBIO,2019,41.933
RE1,DEMCOMHEBIO,2020,42.8768
RE1,DEMCOMHEBIO,2021,43.6453
RE1,DEMCOMHEBIO,2022,44.4138
RE1,DEMCOMHEBIO,2023,45.1824
RE1,DEMCOMHEBIO,2024,45.9509
RE1,DEMCOMHEBIO,2025,46.7194
RE1,DEMCOMHEBIO,2026,47.5908
RE1,DEMCOMHEBIO,2027,48.4622
RE1,DEMCOMHEBIO,2028,49.3335
RE1,DEMCOMHEBIO,2029,50.2049
RE1,DEMCOMHEBIO,2030,51.0763
RE1,DEMCOMHEBIO,2031,49.1838
RE1,DEMCOMHEBIO,2032,46.1964
RE1,DEMCOMHEBIO,2033,43.2091
RE1,DEMCOMHEBIO,2034,43.4553
RE1,DEMCOMHEBIO,2035,44.1724
RE1,DEMCOMHEBIO,2036,41.1367
RE1,DEMCOMHEBIO,2037,38.5261
RE1,DEMCOMHEBIO,2038,35.482
RE1,DEMCOMHEBIO,2039,29.9869
RE1,DEMCOMHEBIO,2040,29.0531
RE1,DEMCOMHEBIO,2041,29.6731
RE1,DEMCOMHEBIO,2042,26.1879
RE1,DEMCOMHEBIO,2043,25.5621
RE1,DEMCOMHEBIO,2044,24.8134
RE1,DEMCOMHEBIO,2045,24.8866
RE1,DEMCOMHEBIO,2046,20.5483
RE1,DEMCOMHEBIO,2047,18.2099
RE1,DEMCOMHEBIO,2048,13.3704
RE1,DEMCOMHEEL,2031,2.6096
RE1,DEMCOMHEEL,2032,6.314
RE1,DEMCOMHEEL,2033,10.0185
RE1,DEMCOMHEEL,2034,10.4894
RE1,DEMCOMHEEL,2035,10.4894
RE1,DEMCOMHEEL,2036,14.1855
RE1,DEMCOMHEEL,2037,17.4565
RE1,DEMCOMHEEL,2038,21.1609
RE1,DEMCOMHEEL,2039,27.3164
RE1,DEMCOMHEEL,2040,28.9106
RE1,DEMCOMHEEL,2041,28.9106
RE1,DEMCOMHEEL,2042,33.0158
RE1,DEMCOMHEEL,2043,34.2616
RE1,DEMCOMHEEL,2044,35.6303
RE1,DEMCOMHEEL,2045,36.1771
RE1,DEMCOMHEEL,2046,41.0038
RE1,DEMCOMHEEL,2047,43.8304
RE1,DEMCOMHEEL,2048,49.1583
RE1,DEMCOMHEEL,2049,56.0964
RE1,DEMCOMHEEL,2050,63.5053
RE1,DEMCOMHEEL,2051,64.0052
RE1,DEMCOMHEEL,2052,64.5091
RE1,DEMCOMHEEL,2053,65.0169
RE1,DEMCOMHEEL,2054,65.5287
RE1,DEMCOMHEEL,2055,66.0445
RE1,DEMCOMHEEL,2056,66.5644
RE1,DEMCOMHEEL,2057,67.0884
RE1,DEMCOMHEEL,2058,67.6165
RE1,DEMCOMHEEL,2059,68.1488
RE1,DEMCOMHEEL,2060,68.6853
RE1,DEMCOMHEEL,2061,69.226
RE1,DEMCOMHEEL,2062,69.7709
RE1,DEMCOMHEEL,2063,70.3201
RE1,DEMCOMHEEL,2064,70.8737
RE1,DEMCOMHEEL,2065,71.4316
RE1,DEMCOMHEEL,2066,71.9939
RE1,DEMCOMHEEL,2067,72.5606
RE1,DEMCOMHEEL,2068,73.1318
RE1,DEMCOMHEEL,2069,73.7075
RE1,DEMCOMHEEL,2070,74.2877
RE1,DEMINDHECOA,2015,639.928
RE1,DEMINDHECOA,2016,573.8878
RE1,DEMINDHECOA,2017,583.8262
RE1,DEMINDHECOA,2018,600.3722
RE1,DEMINDHECOA,2019,613.848
RE1,DEMINDHECOA,2020,627.3034
RE1,DEMINDHECOA,2021,636.6397
RE1,DEMINDHECOA,2022,645.9621
RE1,DEMINDHECOA,2023,655.2714
RE1,DEMINDHECOA,2024,664.5683
RE1,DEMINDHECOA,2025,673.8536
RE1,DEMINDHECOA,2026,684.1048
RE1,DEMINDHECOA,2027,694.343
RE1,DEMINDHECOA,2028,704.5689
RE1,DEMINDHECOA,2029,714.7833
RE1,DEMINDHECOA,2030,724.9866
RE1,DEMINDHECOA,2031,734.1859
RE1,DEMINDHECOA,2032,743.3675
RE1,DEMINDHECOA,2033,752.5323
RE1,DEMINDHECOA,2034,761.6812
RE1,DEMINDHECOA,2035,770.815
RE1,DEMINDHECOA,2036,778.834
RE1,DEMINDHECOA,2037,786.8445
RE1,DEMINDHECOA,2038,794.8467
RE1,DEMINDHECOA,2039,802.841
RE1,DEMINDHECOA,2040,810.8277
RE1,DEMINDHECOA,2041,819.1493
RE1,DEMINDHECOA,2042,774.3772
RE1,DEMINDHECOA,2043,725.2626
RE1,DEMINDHECOA,2044,690.4642
RE1,DEMINDHECOA,2045,486.1026
RE1,DEMINDHECOA,2046,476.9033
RE1,DEMINDHECOA,2047,454.8538
RE1,DEMINDHECOA,2048,329.0027
RE1,DEMINDHECOA,2049,166.2804
