r,t,y,TotalCapacityAnnual
RE1,MINOIL,2020,2141.6499
RE1,MINBIO,2015,1097.6423
RE1,MINBIO,2016,1029.2793
RE1,MINBIO,2017,1043.3476
RE1,MINBIO,2018,1069.9028
RE1,MINBIO,2019,1090.6562
RE1,MINBIO,2020,1111.3708
RE1,MINBIO,2021,1088.7683
RE1,MINBIO,2022,1065.1452
RE1,MINBIO,2023,1040.5053
RE1,MINBIO,2024,1014.8526
RE1,MINBIO,2025,988.1904
RE1,MINBIO,2026,961.755
RE1,MINBIO,2027,934.2098
RE1,MINBIO,2028,943.4206
RE1,MINBIO,2029,954.8552
RE1,MINBIO,2030,882.6871
RE1,MINBIO,2031,693.8999
RE1,MINBIO,2032,666.1716
RE1,MINBIO,2033,637.4484
RE1,MINBIO,2034,607.7343
RE1,MINBIO,2035,577.0331
RE1,MINBIO,2036,544.5265
RE1,MINBIO,2037,511.1612
RE1,MINBIO,2038,476.9389
RE1,MINBIO,2039,441.8615
RE1,MINBIO,2040,405.9306
RE1,MINBIO,2041,369.2165
RE1,MINBIO,2042,331.6375
RE1,MINBIO,2043,293.1948
RE1,MINBIO,2044,253.8896
RE1,MINBIO,2045,213.7229
RE1,MINBIO,2046,172.2936
RE1,MINBIO,2047,130.2062
RE1,MINBIO,2048,87.4612
RE1,MINBIO,2049,44.059
RE1,IMPCOA,2028,504.9498
RE1,IMPCOA,2029,3328.0651
RE1,IMPCOA,2030,3340.6619
RE1,IMPCOA,2031,3310.8271
RE1,IMPCOA,2032,3322.1624
RE1,IMPCOA,2033,3333.4769
RE1,IMPCOA,2034,3344.7719
RE1,IMPCOA,2035,3356.0482
RE1,IMPCOA,2036,3365.9482
RE1,IMPCOA,2037,3270.5086
RE1,IMPCOA,2038,3280.3879
RE1,IMPCOA,2039,3132.237
RE1,IMPCOA,2040,2935.6627
RE1,IMPCOA,2041,2555.8108
RE1,IMPCOA,2042,2192.8335
RE1,IMPCOA,2043,1814.6457
RE1,IMPCOA,2044,1421.3076
RE1,IMPCOA,2045,1517.7162
RE1,IMPCOA,2046,1083.1608
RE1,IMPCOA,2047,638.0034
RE1,IMPCOA,2048,406.1762
RE1,IMPCOA,2049,205.2844
RE1,MINCOA,2015,1201.8754
RE1,MINCOA,2016,1120.3443
RE1,MINCOA,2017,1134.9327
RE1,MINCOA,2018,1505.5929
RE1,MINCOA,2019,1522.2298
RE1,MINCOA,2020,1538.8413
RE1,MINCOA,2021,1550.3677
RE1,MINCOA,2022,1588.5704
RE1,MINCOA,2023,2168.413
RE1,MINCOA,2024,2995.4551
RE1,MINCOA,2025,3155.0222
RE1,MINCOA,2026,3315.8766
RE1,MINCOA,2027,3328.5164
RE1,MINCOA,2028,2836.1912
RE1,IMPLFO,2015,5550.8602
RE1,IMPLFO,2016,5742.9384
RE1,IMPLFO,2017,5873.1206
RE1,IMPLFO,2018,6018.0952
RE1,IMPLFO,2019,6157.2479
RE1,IMPLFO,2020,4368.8689
RE1,IMPLFO,2021,6071.1992
RE1,IMPLFO,2022,5960.8877
RE1,IMPLFO,2023,5966.1374
RE1,IMPLFO,2024,5841.2282
RE1,IMPLFO,2025,5693.9721
RE1,IMPLFO,2026,5579.1582
RE1,IMPLFO,2027,5441.1688
RE1,IMPLFO,2028,5294.9436
RE1,IMPLFO,2029,5140.4864
RE1,IMPLFO,2030,4977.801
RE1,IMPLFO,2031,4793.8054
RE1,IMPLFO,2032,4602.9545
RE1,IMPLFO,2033,4405.2536
RE1,IMPLFO,2034,4200.7077
RE1,IMPLFO,2035,3989.3212
RE1,IMPLFO,2036,3766.8363
RE1,IMPLFO,2037,3538.133
RE1,IMPLFO,2038,3303.2134
RE1,IMPLFO,2039,3061.823
RE1,IMPLFO,2040,2814.2672
RE1,IMPLFO,2041,2559.265
RE1,IMPLFO,2042,2298.3872
RE1,IMPLFO,2043,2031.6353
RE1,IMPLFO,2044,1759.0105
RE1,IMPLFO,2045,1480.5143
RE1,IMPLFO,2046,1193.5769
RE1,IMPLFO,2047,902.0562
RE1,IMPLFO,2048,605.9528
RE1,IMPLFO,2049,305.2673
RE1,UPSREF001,2015,2876.6643
RE1,UPSREF001,2016,2876.6643
RE1,UPSREF001,2017,2876.6643
RE1,UPSREF001,2018,2876.6643
RE1,UPSREF001,2019,2876.6643
RE1,UPSREF001,2020,2876.6643
RE1,UPSREF001,2021,2876.6643
RE1,UPSREF001,2022,2876.6643
RE1,UPSREF001,2023,2876.6643
RE1,UPSREF001,2024,2876.6643
RE1,UPSREF001,2025,2876.6643
RE1,UPSREF001,2026,2876.6643
RE1,UPSREF001,2027,2876.6643
RE1,UPSREF001,2028,2876.6643
RE1,UPSREF001,2029,2876.6643
RE1,UPSREF001,2030,2876.6643
RE1,UPSREF001,2031,2876.6643
RE1,UPSREF001,2032,2876.6643
RE1,UPSREF001,2033,2876.6643
RE1,UPSREF001,2034,2876.6643
RE1,UPSREF001,2035,2876.6643
RE1,UPSREF001,2036,2876.6643
RE1,UPSREF001,2037,2876.6643
RE1,UPSREF001,2038,2876.6643
RE1,UPSREF001,2039,2876.6643
RE1,UPSREF001,2040,2876.6643
RE1,UPSREF001,2041,2876.6643
RE1,UPSREF001,2042,2876.6643
RE1,UPSREF001,2043,2876.6643
RE1,UPSREF001,2044,2876.6643
RE1,UPSREF001,2045,2876.6643
RE1,MINNGS,2015,784.854
RE1,MINNGS,2016,817.825
RE1,MINNGS,2017,846.9226
RE1,MINNGS,2018,705.1737
RE1,MINNGS,2019,767.0326
RE1,MINNGS,2020,828.851
RE1,MINNGS,2021,818.6919
RE1,MINNGS,2022,819.8864
RE1,MINNGS,2023,464.2065
RE1,MINSOL,2015,19.2273
RE1,MINSOL,2016,19.2273
RE1,MINSOL,2017,19.2273
RE1,MINSOL,2018,19.2273
RE1,MINSOL,2019,19.2273
RE1,MINSOL,2020,19.2273
RE1,MINSOL,2021,180.7097
RE1,MINSOL,2022,389.4368
RE1,MINSOL,2023,456.3856
RE1,MINSOL,2024,491.3612
RE1,MINSOL,2025,533.4011
RE1,MINSOL,2026,665.0195
RE1,MINSOL,2027,733.1701
RE1,MINSOL,2028,790.4567
RE1,MINSOL,2029,828.3104
RE1,MINSOL,2030,1089.7283
RE1,MINSOL,2031,1136.0724
RE1,MINSOL,2032,1335.4501
RE1,MINSOL,2033,1422.9319
RE1,MINSOL,2034,1517.7286
RE1,MINSOL,2035,1631.216
RE1,MINSOL,2036,1743.8696
RE1,MINSOL,2037,1846.3028
RE1,MINSOL,2038,1984.5586
RE1,MINSOL,2039,2142.6764
RE1,MINSOL,2040,2248.2583
RE1,MINSOL,2041,2338.1488
RE1,MINSOL,2042,2424.343
RE1,MINSOL,2043,2503.5469
RE1,MINSOL,2044,2553.2082
RE1,MINSOL,2045,2945.5463
RE1,MINSOL,2046,3036.5419
RE1,MINSOL,2047,3028.2838
RE1,MINSOL,2048,3387.6308
RE1,MINSOL,2049,3774.544
RE1,MINSOL,2050,4274.8319
RE1,MINSOL,2051,4304.3236
RE1,MINSOL,2052,4334.0807
RE1,MINSOL,2053,4370.2215
RE1,MINSOL,2054,4407.2151
RE1,MINSOL,2055,4444.5172
RE1,MINSOL,2056,4482.1307
RE1,MINSOL,2057,4520.058
RE1,MINSOL,2058,4558.302
RE1,MINSOL,2059,4596.8654
RE1,MINSOL,2060,4635.7509
RE1,MINSOL,2061,4674.9613
RE1,MINSOL,2062,4714.4995
RE1,MINSOL,2063,4754.3682
RE1,MINSOL,2064,4794.5702
RE1,MINSOL,2065,4835.1086
RE1,MINSOL,2066,4875.9861
RE1,MINSOL,2067,4917.2057
RE1,MINSOL,2068,4889.778
RE1,MINSOL,2069,4862.102
RE1,MINSOL,2070,5042.9468
RE1,MINWND,2015,1.358
RE1,MINWND,2016,1.358
RE1,MINWND,2017,1.358
RE1,MINWND,2018,1.358
RE1,MINWND,2019,1.358
RE1,MINWND,2020,1.358
RE1,MINWND,2021,1.358
RE1,MINWND,2022,1.3386
RE1,MINWND,2023,1.3386
RE1,MINWND,2024,1.3386
RE1,MINWND,2025,1.3386
RE1,MINWND,2026,42.804
RE1,MINWND,2027,144.7239
RE1,MINWND,2028,238.9072
RE1,MINWND,2029,341.4098
RE1,MINWND,2030,361.8838
RE1,MINWND,2031,518.8233
RE1,MINWND,2032,579.7834
RE1,MINWND,2033,711.9182
RE1,MINWND,2034,830.4963
RE1,MINWND,2035,946.6554
RE1,MINWND,2036,1063.0391
RE1,MINWND,2037,1189.7101
RE1,MINWND,2038,1291.5108
RE1,MINWND,2039,1379.1623
RE1,MINWND,2040,1509.5744
RE1,MINWND,2041,1641.9352
RE1,MINWND,2042,1809.7239
RE1,MINWND,2043,1990.088
RE1,MINWND,2044,2186.1965
RE1,MINWND,2045,2295.1031
RE1,MINWND,2046,2488.1321
RE1,MINWND,2047,2719.1439
RE1,MINWND,2048,2870.2552
RE1,MINWND,2049,2985.7487
RE1,MINWND,2050,2992.4218
RE1,MINWND,2051,2993.3213
RE1,MINWND,2052,3019.0496
RE1,MINWND,2053,3045.0095
RE1,MINWND,2054,3071.203
RE1,MINWND,2055,3097.6324
RE1,MINWND,2056,3124.2998
RE1,MINWND,2057,3151.2075
RE1,MINWND,2058,3178.3577
RE1,MINWND,2059,3205.7528
RE1,MINWND,2060,3233.3949
RE1,MINWND,2061,3261.2864
RE1,MINWND,2062,3289.4297
RE1,MINWND,2063,3317.8271
RE1,MINWND,2064,3346.4809
RE1,MINWND,2065,3375.3937
RE1,MINWND,2066,3404.5678
RE1,MINWND,2067,3434.0057
RE1,MINWND,2068,3463.7099
RE1,MINWND,2069,3493.6828
RE1,MINWND,2070,3591.231
RE1,MINGEO,2021,1.4486
RE1,MINGEO,2022,1.4486
RE1,MINGEO,2023,1.4486
RE1,MINGEO,2024,1.4486
RE1,MINGEO,2025,1.4486
RE1,MINGEO,2026,1.4486
RE1,MINGEO,2027,1.4486
RE1,MINGEO,2028,1.4486
RE1,MINGEO,2029,1.4486
RE1,MINGEO,2030,1.4486
RE1,MINGEO,2031,1.4486
RE1,MINGEO,2032,1.4486
RE1,MINGEO,2033,1.4486
RE1,MINGEO,2034,1.4486
RE1,MINGEO,2035,1.4486
RE1,MINGEO,2036,1.4486
RE1,MINGEO,2037,1.4486
RE1,MINGEO,2038,1.4486
RE1,MINGEO,2039,1.4486
RE1,MINGEO,2040,1.4486
RE1,MINGEO,2041,1.4486
RE1,MINGEO,2042,1.4486
RE1,MINGEO,2043,1.4486
RE1,MINGEO,2044,1.4486
RE1,MINGEO,2045,1.4486
RE1,MINGEO,2046,1.4486
RE1,MINGEO,2047,1.4486
RE1,MINGEO,2048,1.4486
RE1,MINGEO,2049,1.4486
RE1,MINGEO,2050,1.4486
RE1,MINGEO,2051,1.4486
RE1,MINGEO,2052,1.4486
RE1,MINGEO,2053,1.4486
RE1,MINGEO,2054,1.4486
RE1,MINGEO,2055,1.4486
RE1,MINGEO,2056,1.4486
RE1,MINGEO,2057,1.4486
RE1,MINGEO,2058,1.4486
RE1,MINGEO,2059,1.4486
RE1,MINGEO,2060,1.4486
RE1,MINGEO,2061,1.4486
RE1,MINGEO,2062,1.4486
RE1,MINGEO,2063,1.4486
RE1,MINGEO,2064,1.4486
RE1,MINGEO,2065,1.4486
RE1,MINGEO,2066,1.4486
RE1,MINGEO,2067,1.4486
RE1,MINGEO,2068,1.4486
RE1,MINGEO,2069,1.4486
RE1,MINGEO,2070,1.4486
RE1,MINHYD,2015,51.7481
RE1,MINHYD,2016,51.7481
RE1,MINHYD,2017,51.7481
RE1,MINHYD,2018,51.7481
RE1,MINHYD,2019,51.7481
RE1,MINHYD,2020,51.7481
RE1,MINHYD,2021,63.0214
RE1,MINHYD,2022,71.6301
RE1,MINHYD,2023,71.6301
RE1,MINHYD,2024,71.6301
RE1,MINHYD,2025,71.6301
RE1,MINHYD,2026,71.6301
RE1,MINHYD,2027,71.6301
RE1,MINHYD,2028,71.6301
RE1,MINHYD,2029,71.6301
RE1,MINHYD,2030,71.6301
RE1,MINHYD,2031,71.6301
RE1,MINHYD,2032,71.6301
RE1,MINHYD,2033,71.6301
RE1,MINHYD,2034,71.6301
RE1,MINHYD,2035,71.6301
RE1,MINHYD,2036,71.6301
RE1,MINHYD,2037,71.6301
RE1,MINHYD,2038,71.6301
RE1,MINHYD,2039,71.6301
RE1,MINHYD,2040,71.6301
RE1,MINHYD,2041,71.6301
RE1,MINHYD,2042,71.6301
RE1,MINHYD,2043,71.6301
RE1,MINHYD,2044,71.6301
RE1,MINHYD,2045,71.6301
RE1,MINHYD,2046,71.6301
RE1,MINHYD,2047,71.6301
RE1,MINHYD,2048,71.6301
RE1,MINHYD,2049,71.6301
RE1,MINHYD,2050,71.6301
RE1,MINHYD,2051,71.6301
RE1,MINHYD,2052,71.6301
RE1,MINHYD,2053,71.6301
RE1,MINHYD,2054,71.6301
RE1,MINHYD,2055,71.6301
RE1,MINHYD,2056,71.6301
RE1,MINHYD,2057,71.6301
RE1,MINHYD,2058,71.6301
RE1,MINHYD,2059,71.6301
RE1,MINHYD,2060,71.6301
RE1,MINHYD,2061,71.6301
RE1,MINHYD,2062,71.6301
RE1,MINHYD,2063,71.6301
RE1,MINHYD,2064,71.6301
RE1,MINHYD,2065,71.6301
RE1,MINHYD,2066,71.6301
RE1,MINHYD,2067,71.6301
RE1,MINHYD,2068,71.6301
RE1,MINHYD,2069,71.6301
RE1,MINHYD,2070,71.6301
RE1,PWRBIO001,2015,3.2304
RE1,PWRBIO001,2016,3.2304
RE1,PWRBIO001,2017,3.2304
RE1,PWRBIO001,2018,3.2304
RE1,PWRBIO001,2019,3.2304
RE1,PWRBIO001,2020,3.2304
RE1,PWRBIO001,2021,3.2304
RE1,PWRBIO001,2022,3.2304
RE1,PWRBIO001,2023,3.2304
RE1,PWRBIO001,2024,3.2304
RE1,PWRBIO001,2025,3.2304
RE1,PWRBIO001,2026,3.2304
RE1,PWRBIO001,2027,3.2304
RE1,PWRBIO001,2028,3.2304
RE1,PWRBIO001,2029,3.2304
RE1,PWRBIO001,2030,3.2304
RE1,PWRCOA001,2015,5.259
RE1,PWRCOA001,2016,5.259
RE1,PWRCOA001,2017,5.2886
RE1,PWRCOA001,2018,9.7609
RE1,PWRCOA001,2019,9.7609
RE1,PWRCOA001,2020,9.7609
RE1,PWRCOA001,2021,9.7609
RE1,PWRCOA001,2022,10.1018
RE1,PWRCOA001,2023,17.3593
RE1,PWRCOA001,2024,27.7737
RE1,PWRCOA001,2025,29.6649
RE1,PWRCOA001,2026,31.5573
RE1,PWRCOA001,2027,31.5573
RE1,PWRCOA001,2028,31.5573
RE1,PWRCOA001,2029,31.2293
RE1,PWRCOA001,2030,31.2293
RE1,PWRCOA001,2031,30.7033
RE1,PWRCOA001,2032,30.7033
RE1,PWRCOA001,2033,30.7033
RE1,PWRCOA001,2034,30.7033
RE1,PWRCOA001,2035,30.7033
RE1,PWRCOA001,2036,30.7033
RE1,PWRCOA001,2037,29.3583
RE1,PWRCOA001,2038,29.3583
RE1,PWRCOA001,2039,29.3583
RE1,PWRCOA001,2040,29.3583
RE1,PWRCOA001,2041,29.3583
RE1,PWRCOA001,2042,28.6983
RE1,PWRCOA001,2043,28.6983
RE1,PWRCOA001,2044,28.6983
RE1,PWRCOA001,2045,28.6983
RE1,PWRCOA001,2046,28.6983
RE1,PWRCOA001,2047,28.6983
RE1,PWRCOA001,2048,28.6983
RE1,PWRCOA001,2049,28.6983
RE1,PWRCOA001,2050,28.6983
RE1,PWRCOA001,2051,28.6983
RE1,PWRCOA001,2052,28.6983
RE1,PWRCOA001,2053,28.6983
RE1,PWRCOA001,2054,28.6983
RE1,PWRCOA001,2055,28.6983
RE1,PWRCOA001,2056,28.6983
RE1,PWRCOA001,2057,28.6983
RE1,PWRCOA001,2058,28.6983
RE1,PWRCOA001,2059,28.6983
RE1,PWRCOA001,2060,28.6983
RE1,PWRCOA001,2061,28.6983
RE1,PWRCOA001,2062,28.6983
RE1,PWRCOA001,2063,28.6983
RE1,PWRCOA001,2064,28.6983
RE1,PWRCOA001,2065,28.6983
RE1,PWRCOA001,2066,28.6983
RE1,PWRCOA001,2067,28.6983
RE1,PWRCOA001,2068,28.6983
RE1,PWRCOA001,2069,28.6983
RE1,PWRCOA001,2070,28.6983
RE1,PWRGEO,2021,0.0066
RE1,PWRGEO,2022,0.0066
RE1,PWRGEO,2023,0.0066
RE1,PWRGEO,2024,0.0066
RE1,PWRGEO,2025,0.0066
RE1,PWRGEO,2026,0.0066
RE1,PWRGEO,2027,0.0066
RE1,PWRGEO,2028,0.0066
RE1,PWRGEO,2029,0.0066
RE1,PWRGEO,2030,0.0066
RE1,PWRGEO,2031,0.0066
RE1,PWRGEO,2032,0.0066
RE1,PWRGEO,2033,0.0066
RE1,PWRGEO,2034,0.0066
RE1,PWRGEO,2035,0.0066
RE1,PWRGEO,2036,0.0066
RE1,PWRGEO,2037,0.0066
RE1,PWRGEO,2038,0.0066
RE1,PWRGEO,2039,0.0066
RE1,PWRGEO,2040,0.0066
RE1,PWRGEO,2041,0.0066
RE1,PWRGEO,2042,0.0066
RE1,PWRGEO,2043,0.0066
RE1,PWRGEO,2044,0.0066
RE1,PWRGEO,2045,0.0066
RE1,PWRGEO,2046,0.0066
RE1,PWRGEO,2047,0.0066
RE1,PWRGEO,2048,0.0066
RE1,PWRGEO,2049,0.0066
RE1,PWRGEO,2050,0.0066
RE1,PWRGEO,2051,0.0066
RE1,PWRGEO,2052,0.0066
RE1,PWRGEO,2053,0.0066
RE1,PWRGEO,2054,0.0066
RE1,PWRGEO,2055,0.0066
RE1,PWRGEO,2056,0.0066
RE1,PWRGEO,2057,0.0066
RE1,PWRGEO,2058,0.0066
RE1,PWRGEO,2059,0.0066
RE1,PWRGEO,2060,0.0066
RE1,PWRGEO,2061,0.0066
RE1,PWRGEO,2062,0.0066
RE1,PWRGEO,2063,0.0066
RE1,PWRGEO,2064,0.0066
RE1,PWRGEO,2065,0.0066
RE1,PWRGEO,2066,0.0066
RE1,PWRGEO,2067,0.0066
RE1,PWRGEO,2068,0.0066
RE1,PWRGEO,2069,0.0066
RE1,PWRGEO,2070,0.0066
RE1,PWRNGS001,2015,27.132
RE1,PWRNGS001,2016,27.132
RE1,PWRNGS001,2017,27.132
RE1,PWRNGS001,2018,27.132
RE1,PWRNGS001,2019,27.132
RE1,PWRNGS001,2020,27.132
RE1,PWRNGS001,2021,27.132
RE1,PWRNGS001,2022,27.132
RE1,PWRNGS001,2023,27.132
RE1,PWRNGS001,2024,10.764
RE1,PWRNGS001,2025,10.764
RE1,PWRNGS001,2026,10.016
RE1,PWRNGS001,2027,10.016
RE1,PWRNGS001,2028,9.892
RE1,PWRNGS001,2029,9.77
RE1,PWRNGS001,2030,8.594
RE1,PWRNGS001,2031,8.35
RE1,PWRNGS001,2032,8.35
RE1,PWRNGS001,2033,7.524
RE1,PWRNGS001,2034,7.184
RE1,PWRNGS001,2035,7.184
RE1,PWRNGS001,2036,7.184
RE1,PWRNGS001,2037,7.184
RE1,PWRNGS001,2038,4.316
RE1,PWRNGS001,2039,4.316
RE1,PWRNGS001,2040,3.612
RE1,PWRNGS001,2041,3.2
RE1,PWRNGS001,2042,3.2
RE1,PWRNGS001,2043,3.2
RE1,PWRNGS001,2044,1.6
RE1,PWRSOL001,2015,1.4145
RE1,PWRSOL001,2016,1.4145
RE1,PWRSOL001,2017,1.4145
RE1,PWRSOL001,2018,1.4145
RE1,PWRSOL001,2019,1.4145
RE1,PWRSOL001,2020,1.4145
RE1,PWRSOL001,2021,13.3234
RE1,PWRSOL001,2022,28.7165
RE1,PWRSOL001,2023,29.5888
RE1,PWRSOL001,2024,32.1681
RE1,PWRSOL001,2025,35.2685
RE1,PWRSOL001,2026,36.4564
RE1,PWRSOL001,2027,37.6523
RE1,PWRSOL001,2028,39.7094
RE1,PWRSOL001,2029,42.501
RE1,PWRSOL001,2030,46.7678
RE1,PWRSOL001,2031,49.6175
RE1,PWRSOL001,2032,53.0291
RE1,PWRSOL001,2033,56.5031
RE1,PWRSOL001,2034,60.2675
RE1,PWRSOL001,2035,64.7741
RE1,PWRSOL001,2036,69.2476
RE1,PWRSOL001,2037,73.3152
RE1,PWRSOL001,2038,78.8054
RE1,PWRSOL001,2039,85.0843
RE1,PWRSOL001,2040,91.5414
RE1,PWRSOL001,2041,98.1706
RE1,PWRSOL001,2042,104.5272
RE1,PWRSOL001,2043,110.3683
RE1,PWRSOL001,2044,114.0342
RE1,PWRSOL001,2045,120.2713
RE1,PWRSOL001,2046,122.0416
RE1,PWRSOL001,2047,125.4977
RE1,PWRSOL001,2048,129.3164
RE1,PWRSOL001,2049,133.2628
RE1,PWRSOL001,2050,136.3068
RE1,PWRSOL001,2051,137.4779
RE1,PWRSOL001,2052,138.6596
RE1,PWRSOL001,2053,139.8519
RE1,PWRSOL001,2054,141.0549
RE1,PWRSOL001,2055,142.2688
RE1,PWRSOL001,2056,143.4935
RE1,PWRSOL001,2057,144.7294
RE1,PWRSOL001,2058,145.9763
RE1,PWRSOL001,2059,147.2345
RE1,PWRSOL001,2060,148.5041
RE1,PWRSOL001,2061,149.7851
RE1,PWRSOL001,2062,151.0777
RE1,PWRSOL001,2063,152.3819
RE1,PWRSOL001,2064,153.6979
RE1,PWRSOL001,2065,155.0258
RE1,PWRSOL001,2066,156.3658
RE1,PWRSOL001,2067,157.7178
RE1,PWRSOL001,2068,161.0797
RE1,PWRSOL001,2069,164.4712
RE1,PWRSOL001,2070,161.8477
RE1,PWRCSP002,2015,0.005
RE1,PWRCSP002,2016,0.005
RE1,PWRCSP002,2017,0.005
RE1,PWRCSP002,2018,0.005
RE1,PWRCSP002,2019,0.005
RE1,PWRCSP002,2020,0.005
RE1,PWRCSP002,2021,0.005
RE1,PWRCSP002,2022,0.005
RE1,PWRCSP002,2023,0.005
RE1,PWRCSP002,2024,0.005
RE1,PWRCSP002,2025,0.005
RE1,PWRCSP002,2026,0.005
RE1,PWRCSP002,2027,0.005
RE1,PWRCSP002,2028,0.005
RE1,PWRCSP002,2029,0.005
RE1,PWRCSP002,2030,0.005
RE1,PWRCSP002,2031,0.005
RE1,PWRCSP002,2032,0.005
RE1,PWRCSP002,2033,0.005
RE1,PWRCSP002,2034,0.005
RE1,PWRCSP002,2035,0.005
RE1,PWRCSP002,2036,0.005
RE1,PWRCSP002,2037,0.005
RE1,PWRCSP002,2038,0.005
RE1,PWRCSP002,2039,0.005
RE1,PWRCSP002,2040,0.005
RE1,PWRCSP002,2041,0.005
RE1,PWRCSP002,2042,0.005
RE1,PWRCSP002,2043,0.005
RE1,PWRCSP002,2048,13.9397
RE1,PWRCSP002,2049,44.5062
RE1,PWRCSP002,2050,89.541
RE1,PWRCSP002,2051,89.541
RE1,PWRCSP002,2052,89.541
RE1,PWRCSP002,2053,90.1912
RE1,PWRCSP002,2054,90.9032
RE1,PWRCSP002,2055,91.6192
RE1,PWRCSP002,2056,92.3389
RE1,PWRCSP002,2057,93.0624
RE1,PWRCSP002,2058,93.7898
RE1,PWRCSP002,2059,94.5211
RE1,PWRCSP002,2060,95.2562
RE1,PWRCSP002,2061,95.9952
RE1,PWRCSP002,2062,96.738
RE1,PWRCSP002,2063,97.4848
RE1,PWRCSP002,2064,98.2355
RE1,PWRCSP002,2065,98.9901
RE1,PWRCSP002,2066,99.7486
RE1,PWRCSP002,2067,100.511
RE1,PWRCSP002,2068,101.2774
RE1,PWRCSP002,2069,102.0478
RE1,PWRCSP002,2070,102.8221
RE1,PWRHYD001,2015,3.639
RE1,PWRHYD001,2016,3.639
RE1,PWRHYD001,2017,3.639
RE1,PWRHYD001,2018,3.639
RE1,PWRHYD001,2019,3.639
RE1,PWRHYD001,2020,3.639
RE1,PWRHYD001,2021,4.3645
RE1,PWRHYD001,2022,4.3645
RE1,PWRHYD001,2023,4.3645
RE1,PWRHYD001,2024,4.3645
RE1,PWRHYD001,2025,4.3645
RE1,PWRHYD001,2026,4.3645
RE1,PWRHYD001,2027,4.3645
RE1,PWRHYD001,2028,4.3645
RE1,PWRHYD001,2029,4.3645
RE1,PWRHYD001,2030,4.3645
RE1,PWRHYD001,2031,4.3645
RE1,PWRHYD001,2032,4.3645
RE1,PWRHYD001,2033,4.3645
RE1,PWRHYD001,2034,4.3645
RE1,PWRHYD001,2035,4.3645
RE1,PWRHYD001,2036,4.3645
RE1,PWRHYD001,2037,4.3645
RE1,PWRHYD001,2038,4.3645
RE1,PWRHYD001,2039,4.3645
RE1,PWRHYD001,2040,4.3645
RE1,PWRHYD001,2041,4.3645
RE1,PWRHYD001,2042,4.3645
RE1,PWRHYD001,2043,4.3645
RE1,PWRHYD001,2044,4.3645
RE1,PWRHYD001,2045,4.3645
RE1,PWRHYD001,2046,4.3645
RE1,PWRHYD001,2047,4.3645
RE1,PWRHYD001,2048,4.3645
RE1,PWRHYD001,2049,4.3645
RE1,PWRHYD001,2050,4.3645
RE1,PWRHYD001,2051,4.3645
RE1,PWRHYD001,2052,4.3645
RE1,PWRHYD001,2053,4.3645
RE1,PWRHYD001,2054,4.3645
RE1,PWRHYD001,2055,4.3645
RE1,PWRHYD001,2056,4.3645
RE1,PWRHYD001,2057,4.3645
RE1,PWRHYD001,2058,4.3645
RE1,PWRHYD001,2059,4.3645
RE1,PWRHYD001,2060,4.3645
RE1,PWRHYD001,2061,4.3645
RE1,PWRHYD001,2062,4.3645
RE1,PWRHYD001,2063,4.3645
RE1,PWRHYD001,2064,4.3645
RE1,PWRHYD001,2065,4.3645
RE1,PWRHYD001,2066,4.3645
RE1,PWRHYD001,2067,4.3645
RE1,PWRHYD001,2068,4.3645
RE1,PWRHYD001,2069,4.3645
RE1,PWRHYD001,2070,4.3645
RE1,PWRHYD002,2015,0.148
RE1,PWRHYD002,2016,0.148
RE1,PWRHYD002,2017,0.148
RE1,PWRHYD002,2018,0.148
RE1,PWRHYD002,2019,0.148
RE1,PWRHYD002,2020,0.148
RE1,PWRHYD002,2021,0.1775
RE1,PWRHYD002,2022,0.1775
RE1,PWRHYD002,2023,0.1775
RE1,PWRHYD002,2024,0.1775
RE1,PWRHYD002,2025,0.1775
RE1,PWRHYD002,2026,0.1775
RE1,PWRHYD002,2027,0.1775
RE1,PWRHYD002,2028,0.1775
RE1,PWRHYD002,2029,0.1775
RE1,PWRHYD002,2030,0.1775
RE1,PWRHYD002,2031,0.1775
RE1,PWRHYD002,2032,0.1775
RE1,PWRHYD002,2033,0.1775
RE1,PWRHYD002,2034,0.1775
RE1,PWRHYD002,2035,0.1775
RE1,PWRHYD002,2036,0.1775
RE1,PWRHYD002,2037,0.1775
RE1,PWRHYD002,2038,0.1775
RE1,PWRHYD002,2039,0.1775
RE1,PWRHYD002,2040,0.1775
RE1,PWRHYD002,2041,0.1775
RE1,PWRHYD002,2042,0.1775
RE1,PWRHYD002,2043,0.1775
RE1,PWRHYD002,2044,0.1775
RE1,PWRHYD002,2045,0.1775
RE1,PWRHYD002,2046,0.1775
RE1,PWRHYD002,2047,0.1775
RE1,PWRHYD002,2048,0.1775
RE1,PWRHYD002,2049,0.1775
RE1,PWRHYD002,2050,0.1775
RE1,PWRHYD002,2051,0.1775
RE1,PWRHYD002,2052,0.1775
RE1,PWRHYD002,2053,0.1775
RE1,PWRHYD002,2054,0.1775
RE1,PWRHYD002,2055,0.1775
RE1,PWRHYD002,2056,0.1775
RE1,PWRHYD002,2057,0.1775
RE1,PWRHYD002,2058,0.1775
RE1,PWRHYD002,2059,0.1775
RE1,PWRHYD002,2060,0.1775
RE1,PWRHYD002,2061,0.1775
RE1,PWRHYD002,2062,0.1775
RE1,PWRHYD002,2063,0.1775
RE1,PWRHYD002,2064,0.1775
RE1,PWRHYD002,2065,0.1775
RE1,PWRHYD002,2066,0.1775
RE1,PWRHYD002,2067,0.1775
RE1,PWRHYD002,2068,0.1775
RE1,PWRHYD002,2069,0.1775
RE1,PWRHYD002,2070,0.1775
RE1,PWRHYD003,2022,0.63
RE1,PWRHYD003,2023,0.63
RE1,PWRHYD003,2024,0.63
RE1,PWRHYD003,2025,0.63
RE1,PWRHYD003,2026,0.63
RE1,PWRHYD003,2027,0.63
RE1,PWRHYD003,2028,0.63
RE1,PWRHYD003,2029,0.63
RE1,PWRHYD003,2030,0.63
RE1,PWRHYD003,2031,0.63
RE1,PWRHYD003,2032,0.63
RE1,PWRHYD003,2033,0.63
RE1,PWRHYD003,2034,0.63
RE1,PWRHYD003,2035,0.63
RE1,PWRHYD003,2036,0.63
RE1,PWRHYD003,2037,0.63
RE1,PWRHYD003,2038,0.63
RE1,PWRHYD003,2039,0.63
RE1,PWRHYD003,2040,0.63
RE1,PWRHYD003,2041,0.63
RE1,PWRHYD003,2042,0.63
RE1,PWRHYD003,2043,0.63
RE1,PWRHYD003,2044,0.63
RE1,PWRHYD003,2045,0.63
RE1,PWRHYD003,2046,0.63
RE1,PWRHYD003,2047,0.63
RE1,PWRHYD003,2048,0.63
RE1,PWRHYD003,2049,0.63
RE1,PWRHYD003,2050,0.63
RE1,PWRHYD003,2051,0.63
RE1,PWRHYD003,2052,0.63
RE1,PWRHYD003,2053,0.63
RE1,PWRHYD003,2054,0.63
RE1,PWRHYD003,2055,0.63
RE1,PWRHYD003,2056,0.63
RE1,PWRHYD003,2057,0.63
RE1,PWRHYD003,2058,0.63
RE1,PWRHYD003,2059,0.63
RE1,PWRHYD003,2060,0.63
RE1,PWRHYD003,2061,0.63
RE1,PWRHYD003,2062,0.63
RE1,PWRHYD003,2063,0.63
RE1,PWRHYD003,2064,0.63
RE1,PWRHYD003,2065,0.63
RE1,PWRHYD003,2066,0.63
RE1,PWRHYD003,2067,0.63
RE1,PWRHYD003,2068,0.63
RE1,PWRHYD003,2069,0.63
RE1,PWRHYD003,2070,0.63
RE1,PWRWND001,2015,0.21
RE1,PWRWND001,2016,0.21
RE1,PWRWND001,2017,0.21
RE1,PWRWND001,2018,0.21
RE1,PWRWND001,2019,0.21
RE1,PWRWND001,2020,0.21
RE1,PWRWND001,2021,0.21
RE1,PWRWND001,2022,0.207
RE1,PWRWND001,2023,0.207
RE1,PWRWND001,2024,0.207
RE1,PWRWND001,2025,0.207
RE1,PWRWND001,2026,6.6194
RE1,PWRWND001,2027,22.3806
RE1,PWRWND001,2028,26.6607
RE1,PWRWND001,2029,26.4537
RE1,PWRWND001,2030,26.9752
RE1,PWRWND001,2031,49.4786
RE1,PWRWND001,2032,56.791
RE1,PWRWND001,2033,67.6731
RE1,PWRWND001,2034,72.1817
RE1,PWRWND001,2035,77.5792
RE1,PWRWND001,2036,82.9371
RE1,PWRWND001,2037,87.8088
RE1,PWRWND001,2038,89.4708
RE1,PWRWND001,2039,89.4708
RE1,PWRWND001,2040,109.6381
RE1,PWRWND001,2041,117.5778
RE1,PWRWND001,2042,125.1911
RE1,PWRWND001,2043,132.1869
RE1,PWRWND001,2044,136.5775
RE1,PWRWND001,2045,142.3795
RE1,PWRWND001,2046,146.168
RE1,PWRWND001,2047,150.3073
RE1,PWRWND001,2048,163.3299
RE1,PWRWND001,2049,164.6558
RE1,PWRWND001,2050,164.6558
RE1,PWRWND001,2051,164.6558
RE1,PWRWND001,2052,166.0711
RE1,PWRWND001,2053,167.4991
RE1,PWRWND001,2054,168.9399
RE1,PWRWND001,2055,170.3938
RE1,PWRWND001,2056,171.8607
RE1,PWRWND001,2057,173.3408
RE1,PWRWND001,2058,174.8343
RE1,PWRWND001,2059,176.3412
RE1,PWRWND001,2060,177.8617
RE1,PWRWND001,2061,179.396
RE1,PWRWND001,2062,180.9441
RE1,PWRWND001,2063,182.5062
RE1,PWRWND001,2064,184.0823
RE1,PWRWND001,2065,185.6728
RE1,PWRWND001,2066,187.2776
RE1,PWRWND001,2067,188.8969
RE1,PWRWND001,2068,190.5308
RE1,PWRWND001,2069,192.1796
RE1,PWRWND001,2070,172.0122
RE1,PWRWND002,2028,11.1047
RE1,PWRWND002,2029,28.4433
RE1,PWRWND002,2030,31.2989
RE1,PWRWND002,2031,33.206
RE1,PWRWND002,2032,35.4892
RE1,PWRWND002,2033,37.8141
RE1,PWRWND002,2034,40.3334
RE1,PWRWND002,2035,43.3494
RE1,PWRWND002,2036,46.3432
RE1,PWRWND002,2037,49.0654
RE1,PWRWND002,2038,52.7397
RE1,PWRWND002,2039,56.9418
RE1,PWRWND002,2040,56.9418
RE1,PWRWND002,2041,65.6996
RE1,PWRWND002,2042,69.9537
RE1,PWRWND002,2043,73.8628
RE1,PWRWND002,2044,76.3162
RE1,PWRWND002,2045,79.5582
RE1,PWRWND002,2046,81.6751
RE1,PWRWND002,2047,83.988
RE1,PWRWND002,2048,86.5437
RE1,PWRWND002,2049,92.0057
RE1,PWRWND002,2050,92.0057
RE1,PWRWND002,2051,92.0057
RE1,PWRWND002,2052,92.7965
RE1,PWRWND002,2053,93.5944
RE1,PWRWND002,2054,94.3995
RE1,PWRWND002,2055,95.2119
RE1,PWRWND002,2056,96.0315
RE1,PWRWND002,2057,96.8586
RE1,PWRWND002,2058,97.6931
RE1,PWRWND002,2059,98.5352
RE1,PWRWND002,2060,99.3848
RE1,PWRWND002,2061,100.2421
RE1,PWRWND002,2062,101.1071
RE1,PWRWND002,2063,101.98
RE1,PWRWND002,2064,102.8607
RE1,PWRWND002,2065,103.7494
RE1,PWRWND002,2066,104.6461
RE1,PWRWND002,2067,105.551
RE1,PWRWND002,2068,106.464
RE1,PWRWND002,2069,107.3853
RE1,PWRWND002,2070,108.3149
RE1,PWRSOL001S,2023,0.2261
RE1,PWRSOL001S,2024,14.2582
RE1,PWRSOL001S,2025,30.2301
RE1,PWRSOL001S,2026,31.2483
RE1,PWRSOL001S,2027,32.2734
RE1,PWRSOL001S,2028,34.0366
RE1,PWRSOL001S,2029,36.4294
RE1,PWRSOL001S,2030,40.0867
RE1,PWRSOL001S,2031,42.5293
RE1,PWRSOL001S,2032,45.4535
RE1,PWRSOL001S,2033,48.4312
RE1,PWRSOL001S,2034,51.6578
RE1,PWRSOL001S,2035,55.5206
RE1,PWRSOL001S,2036,59.3551
RE1,PWRSOL001S,2037,62.8416
RE1,PWRSOL001S,2038,67.5475
RE1,PWRSOL001S,2039,72.9294
RE1,PWRSOL001S,2040,78.464
RE1,PWRSOL001S,2041,84.1462
RE1,PWRSOL001S,2042,89.5947
RE1,PWRSOL001S,2043,94.6014
RE1,PWRSOL001S,2044,97.7436
RE1,PWRSOL001S,2045,101.8958
RE1,PWRSOL001S,2046,104.6071
RE1,PWRSOL001S,2047,107.5695
RE1,PWRSOL001S,2048,110.8426
RE1,PWRSOL001S,2049,114.2253
RE1,PWRSOL001S,2050,116.8344
RE1,PWRSOL001S,2051,117.8382
RE1,PWRSOL001S,2052,118.8511
RE1,PWRSOL001S,2053,119.873
RE1,PWRSOL001S,2054,120.9042
RE1,PWRSOL001S,2055,121.9446
RE1,PWRSOL001S,2056,122.9945
RE1,PWRSOL001S,2057,124.0537
RE1,PWRSOL001S,2058,125.1226
RE1,PWRSOL001S,2059,126.201
RE1,PWRSOL001S,2060,127.2892
RE1,PWRSOL001S,2061,128.3872
RE1,PWRSOL001S,2062,129.4951
RE1,PWRSOL001S,2063,130.6131
RE1,PWRSOL001S,2064,131.7411
RE1,PWRSOL001S,2065,132.8793
RE1,PWRSOL001S,2066,134.0278
RE1,PWRSOL001S,2067,135.1867
RE1,PWRSOL001S,2068,136.356
RE1,PWRSOL001S,2069,137.536
RE1,PWRSOL001S,2070,138.7266
RE1,PWRWND001S,2033,9.5308
RE1,PWRWND001S,2034,24.3393
RE1,PWRWND001S,2035,36.9282
RE1,PWRWND001S,2036,49.6394
RE1,PWRWND001S,2037,65.3502
RE1,PWRWND001S,2038,79.1056
RE1,PWRWND001S,2039,91.5535
RE1,PWRWND001S,2040,91.5535
RE1,PWRWND001S,2041,97.2445
RE1,PWRWND001S,2042,115.7873
RE1,PWRWND001S,2043,138.0422
RE1,PWRWND001S,2044,168.5265
RE1,PWRWND001S,2045,178.8799
RE1,PWRWND001S,2046,209.9277
RE1,PWRWND001S,2047,247.8564
RE1,PWRWND001S,2048,258.1348
RE1,PWRWND001S,2049,273.0337
RE1,PWRWND001S,2050,274.2472
RE1,PWRWND001S,2051,274.4264
RE1,PWRWND001S,2052,276.7852
RE1,PWRWND001S,2053,279.1651
RE1,PWRWND001S,2054,281.5666
RE1,PWRWND001S,2055,283.9896
RE1,PWRWND001S,2056,286.4344
RE1,PWRWND001S,2057,288.9013
RE1,PWRWND001S,2058,291.3904
RE1,PWRWND001S,2059,293.902
RE1,PWRWND001S,2060,296.4362
RE1,PWRWND001S,2061,298.9933
RE1,PWRWND001S,2062,301.5735
RE1,PWRWND001S,2063,304.1769
RE1,PWRWND001S,2064,306.8039
RE1,PWRWND001S,2065,309.4546
RE1,PWRWND001S,2066,312.1293
RE1,PWRWND001S,2067,314.8281
RE1,PWRWND001S,2068,317.5514
RE1,PWRWND001S,2069,320.2993
RE1,PWRWND001S,2070,323.0721
RE1,PWRTRNIMP,2015,3.1333
RE1,PWRTRNIMP,2016,3.9256
RE1,PWRTRNIMP,2017,4.5797
RE1,PWRTRNIMP,2018,4.9165
RE1,PWRTRNIMP,2019,4.998
RE1,PWRTRNIMP,2020,5.0795
RE1,PWRTRNIMP,2021,5.2187
RE1,PWRTRNIMP,2022,6.0252
RE1,PWRTRNIMP,2023,6.0427
RE1,PWRTRNIMP,2024,8.1256
RE1,PWRTRNIMP,2025,8.5933
RE1,PWRTRNIMP,2026,8.5948
RE1,PWRTRNIMP,2027,8.5663
RE1,PWRTRNIMP,2028,8.5747
RE1,PWRTRNIMP,2029,8.4417
RE1,PWRTRNIMP,2030,7.3479
RE1,PWRTRNIMP,2031,7.3479
RE1,PWRTRNIMP,2032,7.3479
RE1,PWRTRNIMP,2033,7.3479
RE1,PWRTRNIMP,2034,7.3479
RE1,PWRTRNIMP,2035,7.3479
RE1,PWRTRNIMP,2036,7.3479
RE1,PWRTRNIMP,2037,7.3479
RE1,PWRTRNIMP,2038,7.3479
RE1,PWRTRNIMP,2039,7.3479
RE1,PWRTRNIMP,2040,9.6261
RE1,PWRTRNIMP,2041,12.91
RE1,PWRTRNIMP,2042,10.7809
RE1,PWRTRNIMP,2043,9.2796
RE1,PWRTRNIMP,2044,8.717
RE1,PWRTRNIMP,2045,13.302
RE1,PWRTRNIMP,2046,14.9981
RE1,PWRTRNIMP,2047,14.1428
RE1,PWRTRNIMP,2048,15.9871
RE1,PWRTRNIMP,2049,16.0834
RE1,PWRTRNIMP,2050,7.4052
RE1,PWRTRNIMP,2051,7.3479
RE1,PWRTRNIMP,2052,7.3479
RE1,PWRTRNIMP,2053,7.3479
RE1,PWRTRNIMP,2054,6.1872
RE1,PWRTRNIMP,2055,7.3479
RE1,PWRTRNIMP,2056,7.3479
RE1,PWRTRNIMP,2057,7.3479
RE1,PWRTRNIMP,2058,7.3479
RE1,PWRTRNIMP,2059,7.3479
RE1,PWRTRNIMP,2060,12.8284
RE1,PWRTRNIMP,2061,12.287
RE1,PWRTRNIMP,2062,11.7387
RE1,PWRTRNIMP,2063,11.1833
RE1,PWRTRNIMP,2064,10.6833
RE1,PWRTRNIMP,2065,10.5128
RE1,PWRTRNIMP,2066,10.3401
RE1,PWRTRNIMP,2067,10.1651
RE1,PWRTRNIMP,2068,9.9877
RE1,PWRTRNIMP,2069,9.8081
RE1,PWRTRNIMP,2070,6.3895
RE1,PWRTRN,2015,42.88
RE1,PWRTRN,2016,42.88
RE1,PWRTRN,2017,42.88
RE1,PWRTRN,2018,42.88
RE1,PWRTRN,2019,42.88
RE1,PWRTRN,2020,42.88
RE1,PWRTRN,2021,42.88
RE1,PWRTRN,2022,42.88
RE1,PWRTRN,2023,42.88
RE1,PWRTRN,2024,42.88
RE1,PWRTRN,2025,46.9133
RE1,PWRTRN,2026,46.9133
RE1,PWRTRN,2027,49.0674
RE1,PWRTRN,2028,50.6849
RE1,PWRTRN,2029,53.9686
RE1,PWRTRN,2030,57.2199
RE1,PWRTRN,2031,63.6796
RE1,PWRTRN,2032,66.1063
RE1,PWRTRN,2033,69.7904
RE1,PWRTRN,2034,74.1415
RE1,PWRTRN,2035,78.5639
RE1,PWRTRN,2036,85.2096
RE1,PWRTRN,2037,92.2997
RE1,PWRTRN,2038,99.8817
RE1,PWRTRN,2039,107.7197
RE1,PWRTRN,2040,116.1685
RE1,PWRTRN,2041,125.361
RE1,PWRTRN,2042,135.4789
RE1,PWRTRN,2043,145.6113
RE1,PWRTRN,2044,154.613
RE1,PWRTRN,2045,160.1849
RE1,PWRTRN,2046,170.2471
RE1,PWRTRN,2047,180.2062
RE1,PWRTRN,2048,180.8748
RE1,PWRTRN,2049,191.2541
RE1,PWRTRN,2050,218.0688
RE1,PWRTRN,2051,224.7965
RE1,PWRTRN,2052,226.5031
RE1,PWRTRN,2053,228.4202
RE1,PWRTRN,2054,230.3713
RE1,PWRTRN,2055,232.3392
RE1,PWRTRN,2056,234.3241
RE1,PWRTRN,2057,236.326
RE1,PWRTRN,2058,238.3452
RE1,PWRTRN,2059,240.3818
RE1,PWRTRN,2060,242.4359
RE1,PWRTRN,2061,244.5078
RE1,PWRTRN,2062,246.5975
RE1,PWRTRN,2063,248.7052
RE1,PWRTRN,2064,250.8311
RE1,PWRTRN,2065,252.9754
RE1,PWRTRN,2066,255.1381
RE1,PWRTRN,2067,257.3196
RE1,PWRTRN,2068,257.3196
RE1,PWRTRN,2069,257.3196
RE1,PWRTRN,2070,257.3196
RE1,PWRDIST,2015,42.88
RE1,PWRDIST,2016,42.88
RE1,PWRDIST,2017,42.88
RE1,PWRDIST,2018,42.88
RE1,PWRDIST,2019,42.88
RE1,PWRDIST,2020,42.88
RE1,PWRDIST,2021,42.88
RE1,PWRDIST,2022,42.88
RE1,PWRDIST,2023,42.88
RE1,PWRDIST,2024,42.88
RE1,PWRDIST,2025,44.206
RE1,PWRDIST,2026,44.2205
RE1,PWRDIST,2027,46.2661
RE1,PWRDIST,2028,47.8068
RE1,PWRDIST,2029,50.9208
RE1,PWRDIST,2030,54.006
RE1,PWRDIST,2031,60.1226
RE1,PWRDIST,2032,62.434
RE1,PWRDIST,2033,65.9351
RE1,PWRDIST,2034,70.0687
RE1,PWRDIST,2035,74.2724
RE1,PWRDIST,2036,80.5813
RE1,PWRDIST,2037,87.3147
RE1,PWRDIST,2038,94.518
RE1,PWRDIST,2039,101.9684
RE1,PWRDIST,2040,110.0019
RE1,PWRDIST,2041,118.745
RE1,PWRDIST,2042,128.3707
RE1,PWRDIST,2043,138.0164
RE1,PWRDIST,2044,146.5964
RE1,PWRDIST,2045,151.9287
RE1,PWRDIST,2046,161.5248
RE1,PWRDIST,2047,171.0292
RE1,PWRDIST,2048,171.7196
RE1,PWRDIST,2049,181.6324
RE1,PWRDIST,2050,207.1653
RE1,PWRDIST,2051,213.5567
RE1,PWRDIST,2052,215.178
RE1,PWRDIST,2053,216.9992
RE1,PWRDIST,2054,218.8528
RE1,PWRDIST,2055,220.7223
RE1,PWRDIST,2056,222.6079
RE1,PWRDIST,2057,224.5097
RE1,PWRDIST,2058,226.428
RE1,PWRDIST,2059,228.3627
RE1,PWRDIST,2060,230.3141
RE1,PWRDIST,2061,232.2824
RE1,PWRDIST,2062,234.2676
RE1,PWRDIST,2063,236.2699
RE1,PWRDIST,2064,238.2896
RE1,PWRDIST,2065,240.3266
RE1,PWRDIST,2066,242.3812
RE1,PWRDIST,2067,244.4536
RE1,PWRDIST,2068,244.4536
RE1,PWRDIST,2069,244.4536
RE1,PWRDIST,2070,244.4536
RE1,PWRSOL002,2023,4.0651
RE1,PWRSOL002,2024,4.0651
RE1,PWRSOL002,2025,4.0651
RE1,PWRSOL002,2026,12.5837
RE1,PWRSOL002,2027,16.4137
RE1,PWRSOL002,2028,18.5814
RE1,PWRSOL002,2029,18.5814
RE1,PWRSOL002,2030,33.5935
RE1,PWRSOL002,2031,34.1616
RE1,PWRSOL002,2032,45.4535
RE1,PWRSOL002,2033,48.4312
RE1,PWRSOL002,2034,51.6578
RE1,PWRSOL002,2035,55.5206
RE1,PWRSOL002,2036,59.3551
RE1,PWRSOL002,2037,62.8416
RE1,PWRSOL002,2038,67.5475
RE1,PWRSOL002,2039,72.9294
RE1,PWRSOL002,2040,74.2587
RE1,PWRSOL002,2041,74.2587
RE1,PWRSOL002,2042,74.2587
RE1,PWRSOL002,2043,74.2587
RE1,PWRSOL002,2044,74.2587
RE1,PWRSOL002,2045,101.8958
RE1,PWRSOL002,2046,101.8958
RE1,PWRSOL002,2047,97.8308
RE1,PWRSOL002,2048,110.8426
RE1,PWRSOL002,2049,114.2253
RE1,PWRSOL002,2050,116.8344
RE1,PWRSOL002,2051,117.8382
RE1,PWRSOL002,2052,118.8511
RE1,PWRSOL002,2053,119.873
RE1,PWRSOL002,2054,120.9042
RE1,PWRSOL002,2055,121.9446
RE1,PWRSOL002,2056,122.9945
RE1,PWRSOL002,2057,124.0537
RE1,PWRSOL002,2058,125.1226
RE1,PWRSOL002,2059,126.201
RE1,PWRSOL002,2060,127.2892
RE1,PWRSOL002,2061,128.3872
RE1,PWRSOL002,2062,129.4951
RE1,PWRSOL002,2063,130.6131
RE1,PWRSOL002,2064,131.7411
RE1,PWRSOL002,2065,132.8793
RE1,PWRSOL002,2066,134.0278
RE1,PWRSOL002,2067,135.1867
RE1,PWRSOL002,2068,136.356
RE1,PWRSOL002,2069,137.536
RE1,PWRSOL002,2070,138.7266
RE1,PWRHYD004,2021,0.07
RE1,PWRHYD004,2022,0.07
RE1,PWRHYD004,2023,0.07
RE1,PWRHYD004,2024,0.07
RE1,PWRHYD004,2025,0.07
RE1,PWRHYD004,2026,0.07
RE1,PWRHYD004,2027,0.07
RE1,PWRHYD004,2028,0.07
RE1,PWRHYD004,2029,0.07
RE1,PWRHYD004,2030,0.07
RE1,PWRHYD004,2031,0.07
RE1,PWRHYD004,2032,0.07
RE1,PWRHYD004,2033,0.07
RE1,PWRHYD004,2034,0.07
RE1,PWRHYD004,2035,0.07
RE1,PWRHYD004,2036,0.07
RE1,PWRHYD004,2037,0.07
RE1,PWRHYD004,2038,0.07
RE1,PWRHYD004,2039,0.07
RE1,PWRHYD004,2040,0.07
RE1,PWRHYD004,2041,0.07
RE1,PWRHYD004,2042,0.07
RE1,PWRHYD004,2043,0.07
RE1,PWRHYD004,2044,0.07
RE1,PWRHYD004,2045,0.07
RE1,PWRHYD004,2046,0.07
RE1,PWRHYD004,2047,0.07
RE1,PWRHYD004,2048,0.07
RE1,PWRHYD004,2049,0.07
RE1,PWRHYD004,2050,0.07
RE1,PWRHYD004,2051,0.07
RE1,PWRHYD004,2052,0.07
RE1,PWRHYD004,2053,0.07
RE1,PWRHYD004,2054,0.07
RE1,PWRHYD004,2055,0.07
RE1,PWRHYD004,2056,0.07
RE1,PWRHYD004,2057,0.07
RE1,PWRHYD004,2058,0.07
RE1,PWRHYD004,2059,0.07
RE1,PWRHYD004,2060,0.07
RE1,PWRHYD004,2061,0.07
RE1,PWRHYD004,2062,0.07
RE1,PWRHYD004,2063,0.07
RE1,PWRHYD004,2064,0.07
RE1,PWRHYD004,2065,0.07
RE1,PWRHYD004,2066,0.07
RE1,PWRHYD004,2067,0.07
RE1,PWRHYD004,2068,0.07
RE1,PWRHYD004,2069,0.07
RE1,PWRHYD004,2070,0.07
RE1,PWRTRNEXP,2015,0.277
RE1,PWRTRNEXP,2016,0.1731
RE1,PWRTRNEXP,2017,0.1385
RE1,PWRTRNEXP,2018,0.1385
RE1,PWRTRNEXP,2019,0.1385
RE1,PWRTRNEXP,2020,0.1385
RE1,PWRTRNEXP,2021,0.1385
RE1,PWRTRNEXP,2022,0.4848
RE1,PWRTRNEXP,2023,0.2844
RE1,PWRTRNEXP,2024,0.9695
RE1,PWRTRNEXP,2025,0.2424
RE1,PWRTRNEXP,2026,0.2424
RE1,PWRTRNEXP,2027,0.2424
RE1,PWRTRNEXP,2028,0.2424
RE1,PWRTRNEXP,2029,0.2327
RE1,PWRTRNEXP,2030,0.2424
RE1,PWRTRNEXP,2031,0.2424
RE1,PWRTRNEXP,2032,0.2424
RE1,PWRTRNEXP,2033,0.2424
RE1,PWRTRNEXP,2034,0.2327
RE1,PWRTRNEXP,2035,0.5488
RE1,PWRTRNEXP,2036,0.9695
RE1,PWRTRNEXP,2037,0.9695
RE1,PWRTRNEXP,2038,0.9695
RE1,PWRTRNEXP,2039,0.9695
RE1,PWRTRNEXP,2040,0.9695
RE1,PWRTRNEXP,2041,0.9695
RE1,PWRTRNEXP,2042,0.9695
RE1,PWRTRNEXP,2043,0.9695
RE1,PWRTRNEXP,2044,0.9695
RE1,PWRTRNEXP,2045,0.9695
RE1,PWRTRNEXP,2046,0.9695
RE1,PWRTRNEXP,2047,0.9695
RE1,PWRTRNEXP,2048,0.9695
RE1,PWRTRNEXP,2049,0.4848
RE1,PWRTRNEXP,2050,0.9695
RE1,PWRTRNEXP,2051,0.9695
RE1,PWRTRNEXP,2052,0.9695
RE1,PWRTRNEXP,2053,0.9695
RE1,PWRTRNEXP,2054,0.9695
RE1,PWRTRNEXP,2055,0.9695
RE1,PWRTRNEXP,2056,0.9695
RE1,PWRTRNEXP,2057,0.9695
RE1,PWRTRNEXP,2058,0.9695
RE1,PWRTRNEXP,2059,0.9695
RE1,PWRTRNEXP,2060,0.9695
RE1,PWRTRNEXP,2061,0.9695
RE1,PWRTRNEXP,2062,0.9695
RE1,PWRTRNEXP,2063,0.9695
RE1,PWRTRNEXP,2064,0.9695
RE1,PWRTRNEXP,2065,0.9695
RE1,PWRTRNEXP,2066,0.9695
RE1,PWRTRNEXP,2067,0.9695
RE1,PWRTRNEXP,2068,0.9695
RE1,PWRTRNEXP,2069,0.9695
RE1,PWRTRNEXP,2070,0.2327
RE1,DEMTRAEVC,2021,1.2483
RE1,DEMTRAEVC,2022,2.4965
RE1,DEMTRAEVC,2023,3.7448
RE1,DEMTRAEVC,2024,4.9931
RE1,DEMTRAEVC,2025,6.2413
RE1,DEMTRAEVC,2026,7.9856
RE1,DEMTRAEVC,2027,9.9347
RE1,DEMTRAEVC,2028,11.9566
RE1,DEMTRAEVC,2029,14.1504
RE1,DEMTRAEVC,2030,17.8949
RE1,DEMTRAEVC,2031,21.2355
RE1,DEMTRAEVC,2032,24.6245
RE1,DEMTRAEVC,2033,26.7852
RE1,DEMTRAEVC,2034,29.1786
RE1,DEMTRAEVC,2035,31.7158
RE1,DEMTRAEVC,2036,34.1728
RE1,DEMTRAEVC,2037,37.1097
RE1,DEMTRAEVC,2038,39.9331
RE1,DEMTRAEVC,2039,44.6136
RE1,DEMTRAEVC,2040,47.3642
RE1,DEMTRAEVC,2041,51.6266
RE1,DEMTRAEVC,2042,54.3722
RE1,DEMTRAEVC,2043,56.9486
RE1,DEMTRAEVC,2044,59.5666
RE1,DEMTRAEVC,2045,61.5748
RE1,DEMTRAEVC,2046,65.4464
RE1,DEMTRAEVC,2047,68.4081
RE1,DEMTRAEVC,2048,71.3877
RE1,DEMTRAEVC,2049,74.4641
RE1,DEMTRAEVC,2050,79.2612
RE1,DEMTRAEVC,2051,80.6525
RE1,DEMTRAEVC,2052,81.6602
RE1,DEMTRAEVC,2053,82.6759
RE1,DEMTRAEVC,2054,84.7318
RE1,DEMTRAEVC,2055,84.7318
RE1,DEMTRAEVC,2056,85.7721
RE1,DEMTRAEVC,2057,89.7243
RE1,DEMTRAEVC,2058,95.8627
RE1,DEMTRAEVC,2059,102.0095
RE1,DEMTRAEVC,2060,105.7447
RE1,DEMTRAEVC,2061,106.551
RE1,DEMTRAEVC,2062,107.3634
RE1,DEMTRAEVC,2063,108.1822
RE1,DEMTRAEVC,2064,109.0073
RE1,DEMTRAEVC,2065,109.8387
RE1,DEMTRAEVC,2066,110.6767
RE1,DEMTRAEVC,2067,111.5211
RE1,DEMTRAEVC,2068,112.372
RE1,DEMTRAEVC,2069,113.2295
RE1,DEMTRAEVC,2070,113.2295
RE1,DEMTRAMCYELC,2021,1.1246
RE1,DEMTRAMCYELC,2022,2.2491
RE1,DEMTRAMCYELC,2023,3.3737
RE1,DEMTRAMCYELC,2024,4.4982
RE1,DEMTRAMCYELC,2025,5.6228
RE1,DEMTRAMCYELC,2026,6.7474
RE1,DEMTRAMCYELC,2027,7.8719
RE1,DEMTRAMCYELC,2028,8.9965
RE1,DEMTRAMCYELC,2029,10.1211
RE1,DEMTRAMCYELC,2030,11.2456
RE1,DEMTRAMCYELC,2031,12.3702
RE1,DEMTRAMCYELC,2032,13.4947
RE1,DEMTRAMCYELC,2033,14.6193
RE1,DEMTRAMCYELC,2034,15.7439
RE1,DEMTRAMCYELC,2035,16.8684
RE1,DEMTRAMCYELC,2036,16.8684
RE1,DEMTRAMCYELC,2037,16.8684
RE1,DEMTRAMCYELC,2038,16.8684
RE1,DEMTRAMCYELC,2039,16.8684
RE1,DEMTRAMCYELC,2040,17.993
RE1,DEMTRAMCYELC,2041,19.1175
RE1,DEMTRAMCYELC,2042,19.5061
RE1,DEMTRAMCYELC,2043,19.7049
RE1,DEMTRAMCYELC,2044,19.9036
RE1,DEMTRAMCYELC,2045,19.2903
RE1,DEMTRAMCYELC,2046,20.2578
RE1,DEMTRAMCYELC,2047,20.4132
RE1,DEMTRAMCYELC,2048,20.5685
RE1,DEMTRAMCYELC,2049,20.7239
RE1,DEMTRAMCYELC,2050,20.8793
RE1,DEMTRAMCYELC,2051,19.7547
RE1,DEMTRAMCYELC,2052,18.6302
RE1,DEMTRAMCYELC,2053,17.5056
RE1,DEMTRAMCYELC,2054,16.6288
RE1,DEMTRAMCYELC,2055,17.3845
RE1,DEMTRAMCYELC,2056,16.1014
RE1,DEMTRAMCYELC,2057,17.9783
RE1,DEMTRAMCYELC,2058,21.1344
RE1,DEMTRAMCYELC,2059,22.2864
RE1,DEMTRAMCYELC,2060,22.5258
RE1,DEMTRAMCYELC,2061,22.6976
RE1,DEMTRAMCYELC,2062,22.8707
RE1,DEMTRAMCYELC,2063,23.0451
RE1,DEMTRAMCYELC,2064,23.2208
RE1,DEMTRAMCYELC,2065,23.3979
RE1,DEMTRAMCYELC,2066,23.5764
RE1,DEMTRAMCYELC,2067,23.7563
RE1,DEMTRAMCYELC,2068,23.9376
RE1,DEMTRAMCYELC,2069,24.1203
RE1,DEMTRAMCYELC,2070,23.3352
RE1,DEMTRACARELC,2029,0.1237
RE1,DEMTRACARELC,2030,0.8475
RE1,DEMTRACARELC,2031,1.6058
RE1,DEMTRACARELC,2032,2.4078
RE1,DEMTRACARELC,2033,3.2533
RE1,DEMTRACARELC,2034,4.1424
RE1,DEMTRACARELC,2035,5.075
RE1,DEMTRACARELC,2036,6.0355
RE1,DEMTRACARELC,2037,7.0355
RE1,DEMTRACARELC,2038,8.0752
RE1,DEMTRACARELC,2039,9.1561
RE1,DEMTRACARELC,2040,11.1775
RE1,DEMTRACARELC,2041,13.225
RE1,DEMTRACARELC,2042,15.3099
RE1,DEMTRACARELC,2043,17.4322
RE1,DEMTRACARELC,2044,19.592
RE1,DEMTRACARELC,2045,20.8879
RE1,DEMTRACARELC,2046,21.602
RE1,DEMTRACARELC,2047,22.493
RE1,DEMTRACARELC,2048,23.4657
RE1,DEMTRACARELC,2049,24.9552
RE1,DEMTRACARELC,2050,27.9949
RE1,DEMTRACARELC,2051,35.4852
RE1,DEMTRACARELC,2052,35.0415
RE1,DEMTRACARELC,2053,34.196
RE1,DEMTRACARELC,2054,36.4795
RE1,DEMTRACARELC,2055,35.5469
RE1,DEMTRACARELC,2056,37.5888
RE1,DEMTRACARELC,2057,39.0928
RE1,DEMTRACARELC,2058,41.2857
RE1,DEMTRACARELC,2059,45.4888
RE1,DEMTRACARELC,2060,48.4305
RE1,DEMTRACARELC,2061,48.7998
RE1,DEMTRACARELC,2062,49.1719
RE1,DEMTRACARELC,2063,49.5469
RE1,DEMTRACARELC,2064,49.9248
RE1,DEMTRACARELC,2065,50.3056
RE1,DEMTRACARELC,2066,50.6893
RE1,DEMTRACARELC,2067,51.0761
RE1,DEMTRACARELC,2068,51.4658
RE1,DEMTRACARELC,2069,51.8585
RE1,DEMTRACARELC,2070,52.445
RE1,DEMTRABUSELC,2026,0.4468
RE1,DEMTRABUSELC,2027,1.0783
RE1,DEMTRABUSELC,2028,1.7752
RE1,DEMTRABUSELC,2029,2.9018
RE1,DEMTRABUSELC,2030,4.0284
RE1,DEMTRABUSELC,2031,5.1551
RE1,DEMTRABUSELC,2032,6.2817
RE1,DEMTRABUSELC,2033,7.4083
RE1,DEMTRABUSELC,2034,8.5349
RE1,DEMTRABUSELC,2035,9.6615
RE1,DEMTRABUSELC,2036,10.7881
RE1,DEMTRABUSELC,2037,11.9147
RE1,DEMTRABUSELC,2038,13.0413
RE1,DEMTRABUSELC,2039,14.168
RE1,DEMTRABUSELC,2040,14.168
RE1,DEMTRABUSELC,2041,14.168
RE1,DEMTRABUSELC,2042,14.168
RE1,DEMTRABUSELC,2043,14.168
RE1,DEMTRABUSELC,2044,14.168
RE1,DEMTRABUSELC,2045,15.2946
RE1,DEMTRABUSELC,2046,17.101
RE1,DEMTRABUSELC,2047,18.7227
RE1,DEMTRABUSELC,2048,20.279
RE1,DEMTRABUSELC,2049,21.4056
RE1,DEMTRABUSELC,2050,22.5322
RE1,DEMTRABUSELC,2051,22.7038
RE1,DEMTRABUSELC,2052,22.8767
RE1,DEMTRABUSELC,2053,23.051
RE1,DEMTRABUSELC,2054,23.2266
RE1,DEMTRABUSELC,2055,23.4036
RE1,DEMTRABUSELC,2056,23.5819
RE1,DEMTRABUSELC,2057,23.7616
RE1,DEMTRABUSELC,2058,23.9427
RE1,DEMTRABUSELC,2059,24.1252
RE1,DEMTRABUSELC,2060,24.3091
RE1,DEMTRABUSELC,2061,24.4945
RE1,DEMTRABUSELC,2062,24.6812
RE1,DEMTRABUSELC,2063,24.8695
RE1,DEMTRABUSELC,2064,25.0591
RE1,DEMTRABUSELC,2065,25.2503
RE1,DEMTRABUSELC,2066,25.4429
RE1,DEMTRABUSELC,2067,25.637
RE1,DEMTRABUSELC,2068,25.8326
RE1,DEMTRABUSELC,2069,26.0298
RE1,DEMTRABUSELC,2070,26.2284
RE1,DEMTRAMCYGSL,2015,7.3231
RE1,DEMTRAMCYGSL,2016,7.6038
RE1,DEMTRAMCYGSL,2017,7.7786
RE1,DEMTRAMCYGSL,2018,7.9671
RE1,DEMTRAMCYGSL,2019,8.1493
RE1,DEMTRAMCYGSL,2020,8.3314
RE1,DEMTRAMCYGSL,2021,8.3314
RE1,DEMTRAMCYGSL,2022,8.3314
RE1,DEMTRAMCYGSL,2023,8.3314
RE1,DEMTRAMCYGSL,2024,8.3314
RE1,DEMTRAMCYGSL,2025,8.3314
RE1,DEMTRAMCYGSL,2026,8.3314
RE1,DEMTRAMCYGSL,2027,8.3314
RE1,DEMTRAMCYGSL,2028,8.3314
RE1,DEMTRAMCYGSL,2029,8.3314
RE1,DEMTRAMCYGSL,2030,1.0083
RE1,DEMTRAMCYGSL,2031,0.7276
RE1,DEMTRAMCYGSL,2032,0.5528
RE1,DEMTRAMCYGSL,2033,0.3643
RE1,DEMTRAMCYGSL,2034,0.1821
RE1,DEMTRACARGSL,2015,15.7447
RE1,DEMTRACARGSL,2016,16.443
RE1,DEMTRACARGSL,2017,17.1809
RE1,DEMTRACARGSL,2018,17.9584
RE1,DEMTRACARGSL,2019,18.7772
RE1,DEMTRACARGSL,2020,20.5366
RE1,DEMTRACARGSL,2021,22.3348
RE1,DEMTRACARGSL,2022,24.1704
RE1,DEMTRACARGSL,2023,26.0434
RE1,DEMTRACARGSL,2024,27.9539
RE1,DEMTRACARGSL,2025,29.0005
RE1,DEMTRACARGSL,2026,29.5198
RE1,DEMTRACARGSL,2027,30.2159
RE1,DEMTRACARGSL,2028,30.9937
RE1,DEMTRACARGSL,2029,32.2883
RE1,DEMTRACARGSL,2030,33.3244
RE1,DEMTRACARGSL,2031,33.3244
RE1,DEMTRACARGSL,2032,33.3244
RE1,DEMTRACARGSL,2033,33.3244
RE1,DEMTRACARGSL,2034,33.3244
RE1,DEMTRACARGSL,2035,17.5797
RE1,DEMTRACARGSL,2036,16.8814
RE1,DEMTRACARGSL,2037,16.1435
RE1,DEMTRACARGSL,2038,15.3659
RE1,DEMTRACARGSL,2039,14.5472
RE1,DEMTRACARGSL,2040,12.7878
RE1,DEMTRACARGSL,2041,10.9896
RE1,DEMTRACARGSL,2042,9.154
RE1,DEMTRACARGSL,2043,7.281
RE1,DEMTRACARGSL,2044,5.3705
RE1,DEMTRACARGSL,2045,4.3239
RE1,DEMTRACARGSL,2046,3.8046
RE1,DEMTRACARGSL,2047,3.1085
RE1,DEMTRACARGSL,2048,2.3307
RE1,DEMTRACARGSL,2049,1.0361
RE1,DEMTRABUSGSL,2015,13.949
RE1,DEMTRABUSGSL,2016,14.8458
RE1,DEMTRABUSGSL,2017,15.5448
RE1,DEMTRABUSGSL,2018,15.5448
RE1,DEMTRABUSGSL,2019,16.3852
RE1,DEMTRABUSGSL,2020,16.4821
RE1,DEMTRABUSGSL,2021,16.4893
RE1,DEMTRABUSGSL,2022,16.4893
RE1,DEMTRABUSGSL,2023,16.4893
RE1,DEMTRABUSGSL,2024,16.4893
RE1,DEMTRABUSGSL,2025,17.4015
RE1,DEMTRABUSGSL,2026,19.0402
RE1,DEMTRABUSGSL,2027,20.4943
RE1,DEMTRABUSGSL,2028,21.8829
RE1,DEMTRABUSGSL,2029,22.8418
RE1,DEMTRABUSGSL,2030,23.8008
RE1,DEMTRABUSGSL,2031,23.8008
RE1,DEMTRABUSGSL,2032,23.8008
RE1,DEMTRABUSGSL,2033,23.8008
RE1,DEMTRABUSGSL,2034,23.8008
RE1,DEMTRABUSGSL,2035,9.8517
RE1,DEMTRABUSGSL,2036,8.955
RE1,DEMTRABUSGSL,2037,8.256
RE1,DEMTRABUSGSL,2038,8.256
RE1,DEMTRABUSGSL,2039,7.4155
RE1,DEMTRABUSGSL,2040,7.3186
RE1,DEMTRABUSGSL,2041,7.3114
RE1,DEMTRABUSGSL,2042,7.3114
RE1,DEMTRABUSGSL,2043,7.3114
RE1,DEMTRABUSGSL,2044,7.3114
RE1,DEMTRABUSGSL,2045,6.3993
RE1,DEMTRABUSGSL,2046,4.7606
RE1,DEMTRABUSGSL,2047,3.3065
RE1,DEMTRABUSGSL,2048,1.9179
RE1,DEMTRABUSGSL,2049,0.9589
RE1,DEMINDELC,2015,11.2574
RE1,DEMINDELC,2016,11.9084
RE1,DEMINDELC,2017,12.4663
RE1,DEMINDELC,2018,13.0242
RE1,DEMINDELC,2019,13.5821
RE1,DEMINDELC,2020,14.14
RE1,DEMINDELC,2021,14.14
RE1,DEMINDELC,2022,14.14
RE1,DEMINDELC,2023,14.14
RE1,DEMINDELC,2024,14.14
RE1,DEMINDELC,2025,2.8826
RE1,DEMINDELC,2026,2.2317
RE1,DEMINDELC,2027,1.6737
RE1,DEMINDELC,2028,1.1158
RE1,DEMINDELC,2029,0.5579
RE1,DEMINDELC,2031,1.488
RE1,DEMINDELC,2032,1.488
RE1,DEMINDELC,2033,1.488
RE1,DEMINDELC,2034,1.488
RE1,DEMINDELC,2035,1.488
RE1,DEMINDELC,2036,1.488
RE1,DEMINDELC,2037,1.488
RE1,DEMINDELC,2038,1.488
RE1,DEMINDELC,2039,1.488
RE1,DEMINDELC,2040,1.488
RE1,DEMINDELC,2041,2.3456
RE1,DEMINDELC,2042,2.3456
RE1,DEMINDELC,2043,2.3456
RE1,DEMINDELC,2044,2.3456
RE1,DEMINDELC,2045,2.3456
RE1,DEMINDELC,2046,2.3456
RE1,DEMINDELC,2047,2.3456
RE1,DEMINDELC,2048,2.3456
RE1,DEMINDELC,2049,2.3456
RE1,DEMINDELC,2050,2.3456
RE1,DEMINDELC,2051,1.2806
RE1,DEMINDELC,2052,1.2806
RE1,DEMINDELC,2053,1.2806
RE1,DEMINDELC,2054,1.2806
RE1,DEMINDELC,2055,1.2806
RE1,DEMINDELC,2056,1.2806
RE1,DEMINDELC,2057,1.2806
RE1,DEMINDELC,2058,1.2806
RE1,DEMINDELC,2059,1.2806
RE1,DEMINDELC,2060,1.2806
RE1,DEMINDELC,2061,0.0584
RE1,DEMINDELC,2062,0.059
RE1,DEMINDELC,2063,0.0597
RE1,DEMINDELC,2064,0.0603
RE1,DEMINDELC,2065,0.061
RE1,DEMINDELC,2066,0.0617
RE1,DEMINDELC,2067,0.0624
RE1,DEMINDELC,2068,0.0631
RE1,DEMINDELC,2069,0.0638
RE1,DEMINDELC,2070,0.0645
RE1,INDENEFFGD,2021,8.3863
RE1,INDENEFFGD,2022,8.3863
RE1,INDENEFFGD,2023,8.3863
RE1,INDENEFFGD,2024,8.3863
RE1,INDENEFFGD,2025,8.3863
RE1,INDENEFFGD,2026,8.3863
RE1,INDENEFFGD,2027,8.3863
RE1,INDENEFFGD,2028,8.3863
RE1,INDENEFFGD,2029,8.3863
RE1,INDENEFFGD,2030,8.3863
RE1,INDENEFFGD,2031,4.9182
RE1,INDENEFFGD,2032,5.4935
RE1,INDENEFFGD,2033,6.0961
RE1,INDENEFFGD,2034,6.5288
RE1,INDENEFFGD,2035,6.9015
RE1,INDENEFFGD,2036,7.31
RE1,INDENEFFGD,2037,8.0068
RE1,INDENEFFGD,2038,8.0068
RE1,INDENEFFGD,2039,8.5446
RE1,INDENEFFGD,2040,8.5446
RE1,INDENEFFGD,2041,6.1425
RE1,INDENEFFGD,2042,5.5671
RE1,INDENEFFGD,2043,4.9645
RE1,INDENEFFGD,2044,4.5318
RE1,INDENEFFGD,2045,4.1592
RE1,INDENEFFGD,2046,3.7506
RE1,INDENEFFGD,2047,3.0538
RE1,INDENEFFGD,2048,3.0538
RE1,INDENEFFGD,2049,2.516
RE1,INDENEFFGD,2050,2.516
RE1,INDENEFFDP,2021,0.9215
RE1,INDENEFFDP,2022,1.843
RE1,INDENEFFDP,2023,2.7646
RE1,INDENEFFDP,2024,3.6861
RE1,INDENEFFDP,2025,4.6076
RE1,INDENEFFDP,2026,5.5291
RE1,INDENEFFDP,2027,6.4506
RE1,INDENEFFDP,2028,7.3722
RE1,INDENEFFDP,2029,8.2937
RE1,INDENEFFDP,2030,9.2152
RE1,INDENEFFDP,2031,9.2152
RE1,INDENEFFDP,2032,9.2152
RE1,INDENEFFDP,2033,9.2152
RE1,INDENEFFDP,2034,9.2152
RE1,INDENEFFDP,2035,9.2152
RE1,INDENEFFDP,2036,9.2152
RE1,INDENEFFDP,2037,9.2152
RE1,INDENEFFDP,2038,9.2152
RE1,INDENEFFDP,2039,9.2152
RE1,INDENEFFDP,2040,10.1367
RE1,INDENEFFDP,2041,11.0583
RE1,INDENEFFDP,2042,11.9798
RE1,INDENEFFDP,2043,12.9013
RE1,INDENEFFDP,2044,13.8228
RE1,INDENEFFDP,2045,14.7443
RE1,INDENEFFDP,2046,15.6659
RE1,INDENEFFDP,2047,16.5874
RE1,INDENEFFDP,2048,17.5089
RE1,INDENEFFDP,2049,18.4304
RE1,INDENEFFDP,2050,18.4304
RE1,INDENEFFDP,2051,19.9417
RE1,INDENEFFDP,2052,21.1196
RE1,INDENEFFDP,2053,21.3551
RE1,INDENEFFDP,2054,21.5934
RE1,INDENEFFDP,2055,21.8342
RE1,INDENEFFDP,2056,22.0778
RE1,INDENEFFDP,2057,22.3241
RE1,INDENEFFDP,2058,22.5731
RE1,INDENEFFDP,2059,22.8249
RE1,INDENEFFDP,2060,23.0795
RE1,INDENEFFDP,2061,23.3369
RE1,INDENEFFDP,2062,23.5973
RE1,INDENEFFDP,2063,23.8605
RE1,INDENEFFDP,2064,24.1266
RE1,INDENEFFDP,2065,24.3958
RE1,INDENEFFDP,2066,24.6679
RE1,INDENEFFDP,2067,24.9431
RE1,INDENEFFDP,2068,25.2213
RE1,INDENEFFDP,2069,25.5026
RE1,INDENEFFDP,2070,25.7871
RE1,DEMINDHEEH,2042,4.0287
RE1,DEMINDHEEH,2043,11.0789
RE1,DEMINDHEEH,2044,18.1291
RE1,DEMINDHEEH,2045,25.1793
RE1,DEMINDHEEH,2046,32.2295
RE1,DEMINDHEEH,2047,39.2798
RE1,DEMINDHEEH,2048,46.33
RE1,DEMINDHEEH,2049,53.3802
RE1,DEMINDHEEH,2050,60.4304
RE1,DEMINDHEEH,2051,60.4304
RE1,DEMINDHEEH,2052,60.4304
RE1,DEMINDHEEH,2053,60.4304
RE1,DEMINDHEEH,2054,60.4304
RE1,DEMINDHEEH,2055,60.4304
RE1,DEMINDHEEH,2056,60.4304
RE1,DEMINDHEEH,2057,56.4017
RE1,DEMINDHEEH,2058,49.3515
RE1,DEMINDHEEH,2059,42.3013
RE1,DEMINDHEEH,2060,38.609
RE1,DEMINDHEEH,2061,38.9927
RE1,DEMINDHEEH,2062,39.3798
RE1,DEMINDHEEH,2063,39.7703
RE1,DEMINDHEEH,2064,40.1643
RE1,DEMINDHEEH,2065,40.5618
RE1,DEMINDHEEH,2066,40.9629
RE1,DEMINDHEEH,2067,41.3675
RE1,DEMINDHEEH,2068,41.7757
RE1,DEMINDHEEH,2069,42.1875
RE1,DEMINDHEEH,2070,42.1875
RE1,DEMINDHEEL,2030,4.6843
RE1,DEMINDHEEL,2031,5.1034
RE1,DEMINDHEEL,2032,6.4549
RE1,DEMINDHEEL,2033,7.9358
RE1,DEMINDHEEL,2034,10.1263
RE1,DEMINDHEEL,2035,12.4167
RE1,DEMINDHEEL,2036,13.9652
RE1,DEMINDHEEL,2037,15.5903
RE1,DEMINDHEEL,2038,17.3147
RE1,DEMINDHEEL,2039,18.0741
RE1,DEMINDHEEL,2040,21.5519
RE1,DEMINDHEEL,2041,24.3619
RE1,DEMINDHEEL,2042,27.8222
RE1,DEMINDHEEL,2043,28.9706
RE1,DEMINDHEEL,2044,30.7358
RE1,DEMINDHEEL,2045,34.3388
RE1,DEMINDHEEL,2046,33.9197
RE1,DEMINDHEEL,2047,35.8709
RE1,DEMINDHEEL,2048,37.6578
RE1,DEMINDHEEL,2049,37.5276
RE1,DEMINDHEEL,2050,43.6986
RE1,DEMINDHEEL,2051,43.7812
RE1,DEMINDHEEL,2052,43.9885
RE1,DEMINDHEEL,2053,44.4047
RE1,DEMINDHEEL,2054,43.7452
RE1,DEMINDHEEL,2055,44.9024
RE1,DEMINDHEEL,2056,45.0461
RE1,DEMINDHEEL,2057,45.7327
RE1,DEMINDHEEL,2058,45.9979
RE1,DEMINDHEEL,2059,45.9491
RE1,DEMINDHEEL,2060,46.9761
RE1,DEMINDHEEL,2061,47.0538
RE1,DEMINDHEEL,2062,47.0168
RE1,DEMINDHEEL,2063,47.2659
RE1,DEMINDHEEL,2064,48.3328
RE1,DEMINDHEEL,2065,47.7593
RE1,DEMINDHEEL,2066,48.1155
RE1,DEMINDHEEL,2067,49.1222
RE1,DEMINDHEEL,2068,49.2901
RE1,DEMINDHEEL,2069,49.7472
RE1,DEMINDHEEL,2070,45.1122
RE1,DEMINDHEBIO,2015,17.0071
RE1,DEMINDHEBIO,2016,17.0071
RE1,DEMINDHEBIO,2017,17.0071
RE1,DEMINDHEBIO,2018,17.0071
RE1,DEMINDHEBIO,2019,17.0071
RE1,DEMINDHEBIO,2020,17.0071
RE1,DEMINDHEBIO,2021,17.0071
RE1,DEMINDHEBIO,2022,17.1674
RE1,DEMINDHEBIO,2023,17.4148
RE1,DEMINDHEBIO,2024,17.6619
RE1,DEMINDHEBIO,2025,17.9087
RE1,DEMINDHEBIO,2026,18.1811
RE1,DEMINDHEBIO,2027,18.4532
RE1,DEMINDHEBIO,2028,18.725
RE1,DEMINDHEBIO,2029,18.9964
RE1,DEMINDHEBIO,2030,16.5351
RE1,DEMINDHEBIO,2031,16.5351
RE1,DEMINDHEBIO,2032,16.5351
RE1,DEMINDHEBIO,2033,16.5351
RE1,DEMINDHEBIO,2034,16.5351
RE1,DEMINDHEBIO,2035,16.5351
RE1,DEMINDHEBIO,2036,16.5351
RE1,DEMINDHEBIO,2037,16.3748
RE1,DEMINDHEBIO,2038,16.1274
RE1,DEMINDHEBIO,2039,15.8803
RE1,DEMINDHEBIO,2040,15.6335
RE1,DEMINDHEBIO,2041,15.3611
RE1,DEMINDHEBIO,2042,15.089
RE1,DEMINDHEBIO,2043,14.8172
RE1,DEMINDHEBIO,2044,14.5457
RE1,DEMINDHEBIO,2045,3.9457
RE1,DEMINDHEBIO,2046,3.9457
RE1,DEMINDHEBIO,2047,3.9457
RE1,DEMINDHEBIO,2048,3.9457
RE1,DEMINDHEBIO,2049,3.9457
RE1,DEMINDHEBIO,2050,3.9457
RE1,DEMINDHEBIO,2051,3.9457
RE1,DEMINDHEBIO,2052,3.9457
RE1,DEMINDHEBIO,2053,3.9457
RE1,DEMINDHEBIO,2054,3.9457
RE1,DEMINDHEBIO,2055,3.9457
RE1,DEMINDHEBIO,2056,3.9457
RE1,DEMINDHEBIO,2057,3.9457
RE1,DEMINDHEBIO,2058,3.9457
RE1,DEMINDHEBIO,2059,3.9457
RE1,DEMRESELC,2015,5.6197
RE1,DEMRESELC,2016,5.9447
RE1,DEMRESELC,2017,6.2232
RE1,DEMRESELC,2018,6.5017
RE1,DEMRESELC,2019,6.7802
RE1,DEMRESELC,2020,7.0587
RE1,DEMRESELC,2021,7.0587
RE1,DEMRESELC,2022,7.0587
RE1,DEMRESELC,2023,7.0587
RE1,DEMRESELC,2024,7.0587
RE1,DEMRESELC,2025,1.439
RE1,DEMRESELC,2026,1.114
RE1,DEMRESELC,2027,0.8355
RE1,DEMRESELC,2028,0.557
RE1,DEMRESELC,2029,0.2785
RE1,DEMRESELC,2031,0.7428
RE1,DEMRESELC,2032,0.7428
RE1,DEMRESELC,2033,0.7428
RE1,DEMRESELC,2034,0.7428
RE1,DEMRESELC,2035,0.7428
RE1,DEMRESELC,2036,0.7428
RE1,DEMRESELC,2037,0.7428
RE1,DEMRESELC,2038,0.7428
RE1,DEMRESELC,2039,0.7428
RE1,DEMRESELC,2040,0.7428
RE1,DEMRESELC,2041,1.1709
RE1,DEMRESELC,2042,1.1709
RE1,DEMRESELC,2043,1.1709
RE1,DEMRESELC,2044,1.1709
RE1,DEMRESELC,2045,1.1709
RE1,DEMRESELC,2046,1.1709
RE1,DEMRESELC,2047,1.1709
RE1,DEMRESELC,2048,1.1709
RE1,DEMRESELC,2049,1.1709
RE1,DEMRESELC,2050,1.1709
RE1,DEMRESELC,2051,0.1939
RE1,DEMRESELC,2052,0.1939
RE1,DEMRESELC,2053,0.1939
RE1,DEMRESELC,2054,0.1939
RE1,DEMRESELC,2055,0.1939
RE1,DEMRESELC,2056,0.1939
RE1,DEMRESELC,2057,0.1939
RE1,DEMRESELC,2058,0.1939
RE1,DEMRESELC,2059,0.1939
RE1,DEMRESELC,2060,0.1939
RE1,DEMRESELC,2061,0.0291
RE1,DEMRESELC,2062,0.0295
RE1,DEMRESELC,2063,0.0298
RE1,DEMRESELC,2064,0.0301
RE1,DEMRESELC,2065,0.0305
RE1,DEMRESELC,2066,0.0308
RE1,DEMRESELC,2067,0.0311
RE1,DEMRESELC,2068,0.0315
RE1,DEMRESELC,2069,0.0318
RE1,DEMRESELC,2070,0.0322
RE1,RESENEFFGD,2021,4.1865
RE1,RESENEFFGD,2022,4.1865
RE1,RESENEFFGD,2023,4.1865
RE1,RESENEFFGD,2024,4.1865
RE1,RESENEFFGD,2025,4.1865
RE1,RESENEFFGD,2026,4.1865
RE1,RESENEFFGD,2027,4.1865
RE1,RESENEFFGD,2028,4.1865
RE1,RESENEFFGD,2029,4.1865
RE1,RESENEFFGD,2030,4.1865
RE1,RESENEFFGD,2031,2.4552
RE1,RESENEFFGD,2032,2.7424
RE1,RESENEFFGD,2033,3.0432
RE1,RESENEFFGD,2034,3.2592
RE1,RESENEFFGD,2035,3.4452
RE1,RESENEFFGD,2036,3.6492
RE1,RESENEFFGD,2037,3.997
RE1,RESENEFFGD,2038,3.997
RE1,RESENEFFGD,2039,4.2655
RE1,RESENEFFGD,2040,4.2655
RE1,RESENEFFGD,2041,3.0663
RE1,RESENEFFGD,2042,2.7791
RE1,RESENEFFGD,2043,2.4783
RE1,RESENEFFGD,2044,2.2623
RE1,RESENEFFGD,2045,2.0763
RE1,RESENEFFGD,2046,1.8723
RE1,RESENEFFGD,2047,1.5245
RE1,RESENEFFGD,2048,1.5245
RE1,RESENEFFGD,2049,1.256
RE1,RESENEFFGD,2050,1.256
RE1,RESENEFFDP,2021,0.46
RE1,RESENEFFDP,2022,0.9201
RE1,RESENEFFDP,2023,1.3801
RE1,RESENEFFDP,2024,1.8401
RE1,RESENEFFDP,2025,2.3001
RE1,RESENEFFDP,2026,2.7602
RE1,RESENEFFDP,2027,3.2202
RE1,RESENEFFDP,2028,3.6802
RE1,RESENEFFDP,2029,4.1402
RE1,RESENEFFDP,2030,4.6003
RE1,RESENEFFDP,2031,4.6003
RE1,RESENEFFDP,2032,4.6003
RE1,RESENEFFDP,2033,4.6003
RE1,RESENEFFDP,2034,4.6003
RE1,RESENEFFDP,2035,4.6003
RE1,RESENEFFDP,2036,4.6003
RE1,RESENEFFDP,2037,4.6003
RE1,RESENEFFDP,2038,4.6003
RE1,RESENEFFDP,2039,4.6003
RE1,RESENEFFDP,2040,5.0603
RE1,RESENEFFDP,2041,5.5203
RE1,RESENEFFDP,2042,5.9803
RE1,RESENEFFDP,2043,6.4404
RE1,RESENEFFDP,2044,6.9004
RE1,RESENEFFDP,2045,7.3604
RE1,RESENEFFDP,2046,7.8204
RE1,RESENEFFDP,2047,8.2805
RE1,RESENEFFDP,2048,8.7405
RE1,RESENEFFDP,2049,9.2005
RE1,RESENEFFDP,2050,9.2005
RE1,RESENEFFDP,2051,10.2976
RE1,RESENEFFDP,2052,10.4141
RE1,RESENEFFDP,2053,10.6605
RE1,RESENEFFDP,2054,10.7795
RE1,RESENEFFDP,2055,10.8997
RE1,RESENEFFDP,2056,11.0213
RE1,RESENEFFDP,2057,11.1442
RE1,RESENEFFDP,2058,11.2685
RE1,RESENEFFDP,2059,11.3942
RE1,RESENEFFDP,2060,11.5213
RE1,RESENEFFDP,2061,11.6499
RE1,RESENEFFDP,2062,11.7798
RE1,RESENEFFDP,2063,11.9112
RE1,RESENEFFDP,2064,12.0441
RE1,RESENEFFDP,2065,12.1784
RE1,RESENEFFDP,2066,12.3143
RE1,RESENEFFDP,2067,12.4516
RE1,RESENEFFDP,2068,12.5905
RE1,RESENEFFDP,2069,12.731
RE1,RESENEFFDP,2070,12.873
RE1,DEMRESCKNELC,2015,1.7885
RE1,DEMRESCKNELC,2016,1.7002
RE1,DEMRESCKNELC,2017,1.7252
RE1,DEMRESCKNELC,2018,1.7871
RE1,DEMRESCKNELC,2019,1.6977
RE1,DEMRESCKNELC,2020,1.6084
RE1,DEMRESCKNELC,2021,21.9008
RE1,DEMRESCKNELC,2022,39.3752
RE1,DEMRESCKNELC,2023,59.6676
RE1,DEMRESCKNELC,2024,79.9601
RE1,DEMRESCKNELC,2025,100.2526
RE1,DEMRESCKNELC,2026,105.4544
RE1,DEMRESCKNELC,2027,111.2932
RE1,DEMRESCKNELC,2028,123.7942
RE1,DEMRESCKNELC,2029,125.7176
RE1,DEMRESCKNELC,2030,133.1584
RE1,DEMRESCKNELC,2031,133.0691
RE1,DEMRESCKNELC,2032,133.7318
RE1,DEMRESCKNELC,2033,145.6493
RE1,DEMRESCKNELC,2034,151.2636
RE1,DEMRESCKNELC,2035,158.2998
RE1,DEMRESCKNELC,2036,178.5923
RE1,DEMRESCKNELC,2037,198.8848
RE1,DEMRESCKNELC,2038,219.1772
RE1,DEMRESCKNELC,2039,239.559
RE1,DEMRESCKNELC,2040,248.3792
RE1,DEMRESCKNELC,2041,258.1534
RE1,DEMRESCKNELC,2042,258.1534
RE1,DEMRESCKNELC,2043,258.1534
RE1,DEMRESCKNELC,2044,258.1534
RE1,DEMRESCKNELC,2045,275.6573
RE1,DEMRESCKNELC,2046,275.6573
RE1,DEMRESCKNELC,2047,275.6573
RE1,DEMRESCKNELC,2048,275.6573
RE1,DEMRESCKNELC,2049,275.6573
RE1,DEMRESCKNELC,2050,287.1708
RE1,DEMRESCKNELC,2051,320.7815
RE1,DEMRESCKNELC,2052,321.7588
RE1,DEMRESCKNELC,2053,324.3974
RE1,DEMRESCKNELC,2054,327.2072
RE1,DEMRESCKNELC,2055,330.0413
RE1,DEMRESCKNELC,2056,332.8998
RE1,DEMRESCKNELC,2057,335.7829
RE1,DEMRESCKNELC,2058,338.6908
RE1,DEMRESCKNELC,2059,341.6239
RE1,DEMRESCKNELC,2060,344.5822
RE1,DEMRESCKNELC,2061,347.5661
RE1,DEMRESCKNELC,2062,350.5757
RE1,DEMRESCKNELC,2063,353.6113
RE1,DEMRESCKNELC,2064,356.6731
RE1,DEMRESCKNELC,2065,359.7614
RE1,DEMRESCKNELC,2066,362.8763
RE1,DEMRESCKNELC,2067,366.0182
RE1,DEMRESCKNELC,2068,353.2613
RE1,DEMRESCKNELC,2069,340.3942
RE1,DEMRESCKNELC,2070,331.5739
RE1,DEMRESCKNOIL,2015,59.8163
RE1,DEMRESCKNOIL,2016,56.8634
RE1,DEMRESCKNOIL,2017,57.7007
RE1,DEMRESCKNOIL,2018,59.7694
RE1,DEMRESCKNOIL,2019,56.7809
RE1,DEMRESCKNOIL,2020,53.7924
RE1,DEMRESCKNOIL,2021,50.804
RE1,DEMRESCKNOIL,2022,47.8155
RE1,DEMRESCKNOIL,2023,44.827
RE1,DEMRESCKNOIL,2024,41.8386
RE1,DEMRESCKNOIL,2025,38.8501
RE1,DEMRESCKNOIL,2026,35.8616
RE1,DEMRESCKNOIL,2027,32.8731
RE1,DEMRESCKNOIL,2028,29.8847
RE1,DEMRESCKNOIL,2029,26.8962
RE1,DEMRESCKNOIL,2030,23.9077
RE1,DEMRESCKNOIL,2031,20.9193
RE1,DEMRESCKNOIL,2032,17.9308
RE1,DEMRESCKNOIL,2033,14.9423
RE1,DEMRESCKNOIL,2034,11.9539
RE1,DEMRESCKNOIL,2035,8.9654
RE1,DEMRESCKNOIL,2036,5.9769
RE1,DEMRESCKNOIL,2037,2.9885
RE1,DEMRESCKNBIO,2015,55.4578
RE1,DEMRESCKNBIO,2016,52.7201
RE1,DEMRESCKNBIO,2017,53.4964
RE1,DEMRESCKNBIO,2018,55.4143
RE1,DEMRESCKNBIO,2019,52.6436
RE1,DEMRESCKNBIO,2020,49.8729
RE1,DEMRESCKNBIO,2021,47.1022
RE1,DEMRESCKNBIO,2022,44.3314
RE1,DEMRESCKNBIO,2023,41.5607
RE1,DEMRESCKNBIO,2024,38.79
RE1,DEMRESCKNBIO,2025,36.0193
RE1,DEMRESCKNBIO,2026,33.2486
RE1,DEMRESCKNBIO,2027,30.4779
RE1,DEMRESCKNBIO,2028,27.7072
RE1,DEMRESCKNBIO,2029,24.9364
RE1,DEMRESCKNBIO,2030,22.1657
RE1,DEMRESCKNBIO,2031,19.395
RE1,DEMRESCKNBIO,2032,16.6243
RE1,DEMRESCKNBIO,2033,13.8536
RE1,DEMRESCKNBIO,2034,11.0829
RE1,DEMRESCKNBIO,2035,8.3121
RE1,DEMRESCKNBIO,2036,5.5414
RE1,DEMRESCKNBIO,2037,2.7707
RE1,DEMRESHEBIO,2015,3.3687
RE1,DEMRESHEBIO,2016,3.3687
RE1,DEMRESHEBIO,2017,3.3687
RE1,DEMRESHEBIO,2018,3.3687
RE1,DEMRESHEBIO,2019,3.453
RE1,DEMRESHEBIO,2020,3.5371
RE1,DEMRESHEBIO,2021,3.5997
RE1,DEMRESHEBIO,2022,3.6621
RE1,DEMRESHEBIO,2023,3.7244
RE1,DEMRESHEBIO,2024,3.7865
RE1,DEMRESHEBIO,2025,3.8486
RE1,DEMRESHEBIO,2026,3.9165
RE1,DEMRESHEBIO,2027,3.9844
RE1,DEMRESHEBIO,2028,4.0521
RE1,DEMRESHEBIO,2029,4.1197
RE1,DEMRESHEBIO,2030,4.1871
RE1,DEMRESHEBIO,2031,4.1871
RE1,DEMRESHEBIO,2032,4.1871
RE1,DEMRESHEBIO,2033,4.1871
RE1,DEMRESHEBIO,2034,4.1028
RE1,DEMRESHEBIO,2035,4.0187
RE1,DEMRESHEBIO,2036,3.9561
RE1,DEMRESHEBIO,2037,3.8937
RE1,DEMRESHEBIO,2038,3.8314
RE1,DEMRESHEBIO,2039,3.7693
RE1,DEMRESHEBIO,2040,3.7072
RE1,DEMRESHEBIO,2041,3.6393
RE1,DEMRESHEBIO,2042,3.5714
RE1,DEMRESHEBIO,2043,3.5037
RE1,DEMRESHEBIO,2044,3.4361
RE1,DEMRESHEBIO,2045,2.0486
RE1,DEMRESHEBIO,2046,2.0486
RE1,DEMRESHEBIO,2047,2.0486
RE1,DEMRESHEBIO,2048,2.0486
RE1,DEMRESHEBIO,2049,2.0486
RE1,DEMRESHEBIO,2050,2.0486
RE1,DEMRESHEBIO,2051,2.0486
RE1,DEMRESHEBIO,2052,2.0486
RE1,DEMRESHEBIO,2053,2.0486
RE1,DEMRESHEBIO,2054,2.0486
RE1,DEMRESHEBIO,2055,2.0486
RE1,DEMRESHEBIO,2056,2.0486
RE1,DEMRESHEBIO,2057,2.0486
RE1,DEMRESHEBIO,2058,2.0486
RE1,DEMRESHEBIO,2059,2.0486
RE1,DEMRESHEOIL,2015,0.0026
RE1,DEMRESHEOIL,2016,0.0026
RE1,DEMRESHEOIL,2017,0.0026
RE1,DEMRESHEOIL,2018,0.0026
RE1,DEMRESHEOIL,2019,0.0026
RE1,DEMRESHEOIL,2020,0.0026
RE1,DEMRESHEOIL,2021,0.0026
RE1,DEMRESHEOIL,2022,0.0026
RE1,DEMRESHEOIL,2023,0.0026
RE1,DEMRESHEOIL,2024,0.0026
RE1,DEMRESHEOIL,2025,0.0026
RE1,DEMRESHEOIL,2026,0.0026
RE1,DEMRESHEOIL,2027,0.0026
RE1,DEMRESHEOIL,2028,0.0026
RE1,DEMRESHEOIL,2029,0.0026
RE1,DEMRESHEOIL,2049,0.5694
RE1,DEMRESHEOIL,2050,0.5694
RE1,DEMRESHEOIL,2051,0.5694
RE1,DEMRESHEOIL,2052,0.5694
RE1,DEMRESHEOIL,2053,0.5694
RE1,DEMRESHEOIL,2054,0.5694
RE1,DEMRESHEOIL,2055,0.5694
RE1,DEMRESHEOIL,2056,0.5694
RE1,DEMRESHEOIL,2057,0.5694
RE1,DEMRESHEOIL,2058,0.5694
RE1,DEMRESHEOIL,2059,0.5694
RE1,DEMRESHEOIL,2060,0.5694
RE1,DEMRESHEOIL,2061,0.5694
RE1,DEMRESHEOIL,2062,0.5694
RE1,DEMRESHEOIL,2063,0.5694
RE1,DEMRESHEEL,2031,0.1059
RE1,DEMRESHEEL,2032,0.6281
RE1,DEMRESHEEL,2033,1.0755
RE1,DEMRESHEEL,2034,1.0887
RE1,DEMRESHEEL,2035,1.0887
RE1,DEMRESHEEL,2036,1.6109
RE1,DEMRESHEEL,2037,2.133
RE1,DEMRESHEEL,2038,2.6551
RE1,DEMRESHEEL,2039,3.1773
RE1,DEMRESHEEL,2040,4.2216
RE1,DEMRESHEEL,2041,4.2216
RE1,DEMRESHEEL,2042,4.2216
RE1,DEMRESHEEL,2043,4.2271
RE1,DEMRESHEEL,2044,4.8183
RE1,DEMRESHEEL,2045,5.8626
RE1,DEMRESHEEL,2046,5.7566
RE1,DEMRESHEEL,2047,6.2788
RE1,DEMRESHEEL,2048,6.8756
RE1,DEMRESHEEL,2049,7.9066
RE1,DEMRESHEEL,2050,8.9509
RE1,DEMRESHEEL,2051,9.4487
RE1,DEMRESHEEL,2052,9.4277
RE1,DEMRESHEEL,2053,9.6804
RE1,DEMRESHEEL,2054,9.2333
RE1,DEMRESHEEL,2055,9.8319
RE1,DEMRESHEEL,2056,10.0106
RE1,DEMRESHEEL,2057,10.0106
RE1,DEMRESHEEL,2058,10.0809
RE1,DEMRESHEEL,2059,10.4639
RE1,DEMRESHEEL,2060,9.8648
RE1,DEMRESHEEL,2061,10.2184
RE1,DEMRESHEEL,2062,10.4925
RE1,DEMRESHEEL,2063,10.5743
RE1,DEMRESHEEL,2064,10.3482
RE1,DEMRESHEEL,2065,11.0697
RE1,DEMRESHEEL,2066,11.2641
RE1,DEMRESHEEL,2067,10.8093
RE1,DEMRESHEEL,2068,10.8898
RE1,DEMRESHEEL,2069,11.1974
RE1,DEMRESHEEL,2070,9.5544
RE1,DEMCOMELC,2015,5.8082
RE1,DEMCOMELC,2016,6.1441
RE1,DEMCOMELC,2017,6.432
RE1,DEMCOMELC,2018,6.7198
RE1,DEMCOMELC,2019,7.0077
RE1,DEMCOMELC,2020,7.2955
RE1,DEMCOMELC,2021,7.2955
RE1,DEMCOMELC,2022,7.2955
RE1,DEMCOMELC,2023,7.2955
RE1,DEMCOMELC,2024,7.2955
RE1,DEMCOMELC,2025,1.4873
RE1,DEMCOMELC,2026,1.1514
RE1,DEMCOMELC,2027,0.8636
RE1,DEMCOMELC,2028,0.5757
RE1,DEMCOMELC,2029,0.2879
RE1,DEMCOMELC,2031,0.7677
RE1,DEMCOMELC,2032,0.7677
RE1,DEMCOMELC,2033,0.7677
RE1,DEMCOMELC,2034,0.7677
RE1,DEMCOMELC,2035,0.7677
RE1,DEMCOMELC,2036,0.7677
RE1,DEMCOMELC,2037,0.7677
RE1,DEMCOMELC,2038,0.7677
RE1,DEMCOMELC,2039,0.7677
RE1,DEMCOMELC,2040,0.7677
RE1,DEMCOMELC,2041,1.2102
RE1,DEMCOMELC,2042,1.2102
RE1,DEMCOMELC,2043,1.2102
RE1,DEMCOMELC,2044,1.2102
RE1,DEMCOMELC,2045,1.2102
RE1,DEMCOMELC,2046,1.2102
RE1,DEMCOMELC,2047,1.2102
RE1,DEMCOMELC,2048,1.2102
RE1,DEMCOMELC,2049,1.2102
RE1,DEMCOMELC,2050,1.2102
RE1,DEMCOMELC,2051,0.8285
RE1,DEMCOMELC,2052,0.8285
RE1,DEMCOMELC,2053,0.8285
RE1,DEMCOMELC,2054,0.8285
RE1,DEMCOMELC,2055,0.8285
RE1,DEMCOMELC,2056,0.8285
RE1,DEMCOMELC,2057,0.8285
RE1,DEMCOMELC,2058,0.8285
RE1,DEMCOMELC,2059,0.8285
RE1,DEMCOMELC,2060,0.8285
RE1,DEMCOMELC,2061,0.0301
RE1,DEMCOMELC,2062,0.0305
RE1,DEMCOMELC,2063,0.0308
RE1,DEMCOMELC,2064,0.0311
RE1,DEMCOMELC,2065,0.0315
RE1,DEMCOMELC,2066,0.0318
RE1,DEMCOMELC,2067,0.0322
RE1,DEMCOMELC,2068,0.0325
RE1,DEMCOMELC,2069,0.0329
RE1,DEMCOMELC,2070,0.0333
RE1,COMENEFFGD,2021,4.3269
RE1,COMENEFFGD,2022,4.3269
RE1,COMENEFFGD,2023,4.3269
RE1,COMENEFFGD,2024,4.3269
RE1,COMENEFFGD,2025,4.3269
RE1,COMENEFFGD,2026,4.3269
RE1,COMENEFFGD,2027,4.3269
RE1,COMENEFFGD,2028,4.3269
RE1,COMENEFFGD,2029,4.3269
RE1,COMENEFFGD,2030,4.3269
RE1,COMENEFFGD,2031,2.5375
RE1,COMENEFFGD,2032,2.8344
RE1,COMENEFFGD,2033,3.1453
RE1,COMENEFFGD,2034,3.3685
RE1,COMENEFFGD,2035,3.5608
RE1,COMENEFFGD,2036,3.7716
RE1,COMENEFFGD,2037,4.1311
RE1,COMENEFFGD,2038,4.1311
RE1,COMENEFFGD,2039,4.4086
RE1,COMENEFFGD,2040,4.4086
RE1,COMENEFFGD,2041,3.1692
RE1,COMENEFFGD,2042,2.8724
RE1,COMENEFFGD,2043,2.5615
RE1,COMENEFFGD,2044,2.3382
RE1,COMENEFFGD,2045,2.1459
RE1,COMENEFFGD,2046,1.9351
RE1,COMENEFFGD,2047,1.5756
RE1,COMENEFFGD,2048,1.5756
RE1,COMENEFFGD,2049,1.2981
RE1,COMENEFFGD,2050,1.2981
RE1,COMENEFFDP,2021,0.4755
RE1,COMENEFFDP,2022,0.9509
RE1,COMENEFFDP,2023,1.4264
RE1,COMENEFFDP,2024,1.9018
RE1,COMENEFFDP,2025,2.3773
RE1,COMENEFFDP,2026,2.8527
RE1,COMENEFFDP,2027,3.3282
RE1,COMENEFFDP,2028,3.8037
RE1,COMENEFFDP,2029,4.2791
RE1,COMENEFFDP,2030,4.7546
RE1,COMENEFFDP,2031,4.7546
RE1,COMENEFFDP,2032,4.7546
RE1,COMENEFFDP,2033,4.7546
RE1,COMENEFFDP,2034,4.7546
RE1,COMENEFFDP,2035,4.7546
RE1,COMENEFFDP,2036,4.7546
RE1,COMENEFFDP,2037,4.7546
RE1,COMENEFFDP,2038,4.7546
RE1,COMENEFFDP,2039,4.7546
RE1,COMENEFFDP,2040,5.23
RE1,COMENEFFDP,2041,5.7055
RE1,COMENEFFDP,2042,6.181
RE1,COMENEFFDP,2043,6.6564
RE1,COMENEFFDP,2044,7.1319
RE1,COMENEFFDP,2045,7.6073
RE1,COMENEFFDP,2046,8.0828
RE1,COMENEFFDP,2047,8.5582
RE1,COMENEFFDP,2048,9.0337
RE1,COMENEFFDP,2049,9.5092
RE1,COMENEFFDP,2050,9.5092
RE1,COMENEFFDP,2051,10.1598
RE1,COMENEFFDP,2052,10.8966
RE1,COMENEFFDP,2053,11.0182
RE1,COMENEFFDP,2054,11.1411
RE1,COMENEFFDP,2055,11.2653
RE1,COMENEFFDP,2056,11.391
RE1,COMENEFFDP,2057,11.5181
RE1,COMENEFFDP,2058,11.6466
RE1,COMENEFFDP,2059,11.7765
RE1,COMENEFFDP,2060,11.9078
RE1,COMENEFFDP,2061,12.0407
RE1,COMENEFFDP,2062,12.175
RE1,COMENEFFDP,2063,12.3108
RE1,COMENEFFDP,2064,12.4481
RE1,COMENEFFDP,2065,12.587
RE1,COMENEFFDP,2066,12.7274
RE1,COMENEFFDP,2067,12.8693
RE1,COMENEFFDP,2068,13.0129
RE1,COMENEFFDP,2069,13.1581
RE1,COMENEFFDP,2070,13.3048
RE1,DEMCOMHEOIL,2049,0.2759
RE1,DEMCOMHEOIL,2050,0.2759
RE1,DEMCOMHEOIL,2051,0.2759
RE1,DEMCOMHEOIL,2052,0.2759
RE1,DEMCOMHEOIL,2053,0.2759
RE1,DEMCOMHEOIL,2054,0.2759
RE1,DEMCOMHEOIL,2055,0.2759
RE1,DEMCOMHEOIL,2056,0.2759
RE1,DEMCOMHEOIL,2057,0.2759
RE1,DEMCOMHEOIL,2058,0.2759
RE1,DEMCOMHEOIL,2059,0.2759
RE1,DEMCOMHEOIL,2060,0.2759
RE1,DEMCOMHEOIL,2061,0.2759
RE1,DEMCOMHEOIL,2062,0.2759
RE1,DEMCOMHEOIL,2063,0.2759
RE1,DEMCOMHEBIO,2015,1.4833
RE1,DEMCOMHEBIO,2016,1.5588
RE1,DEMCOMHEBIO,2017,1.5964
RE1,DEMCOMHEBIO,2018,1.634
RE1,DEMCOMHEBIO,2019,1.6716
RE1,DEMCOMHEBIO,2020,1.7093
RE1,DEMCOMHEBIO,2021,1.7399
RE1,DEMCOMHEBIO,2022,1.7705
RE1,DEMCOMHEBIO,2023,1.8012
RE1,DEMCOMHEBIO,2024,1.8318
RE1,DEMCOMHEBIO,2025,1.8625
RE1,DEMCOMHEBIO,2026,1.8972
RE1,DEMCOMHEBIO,2027,1.9319
RE1,DEMCOMHEBIO,2028,1.9667
RE1,DEMCOMHEBIO,2029,2.0014
RE1,DEMCOMHEBIO,2030,2.0361
RE1,DEMCOMHEBIO,2031,1.9607
RE1,DEMCOMHEBIO,2032,1.9231
RE1,DEMCOMHEBIO,2033,1.8855
RE1,DEMCOMHEBIO,2034,1.8478
RE1,DEMCOMHEBIO,2035,1.8102
RE1,DEMCOMHEBIO,2036,1.7796
RE1,DEMCOMHEBIO,2037,1.7489
RE1,DEMCOMHEBIO,2038,1.7183
RE1,DEMCOMHEBIO,2039,1.6877
RE1,DEMCOMHEBIO,2040,1.657
RE1,DEMCOMHEBIO,2041,1.6223
RE1,DEMCOMHEBIO,2042,1.5875
RE1,DEMCOMHEBIO,2043,1.5528
RE1,DEMCOMHEBIO,2044,1.5181
RE1,DEMCOMHEBIO,2045,0.9921
RE1,DEMCOMHEBIO,2046,0.9921
RE1,DEMCOMHEBIO,2047,0.9921
RE1,DEMCOMHEBIO,2048,0.9921
RE1,DEMCOMHEBIO,2049,0.9921
RE1,DEMCOMHEBIO,2050,0.9921
RE1,DEMCOMHEBIO,2051,0.9921
RE1,DEMCOMHEBIO,2052,0.9921
RE1,DEMCOMHEBIO,2053,0.9921
RE1,DEMCOMHEBIO,2054,0.9921
RE1,DEMCOMHEBIO,2055,0.9921
RE1,DEMCOMHEBIO,2056,0.9921
RE1,DEMCOMHEBIO,2057,0.9921
RE1,DEMCOMHEBIO,2058,0.9921
RE1,DEMCOMHEBIO,2059,0.9921
RE1,DEMCOMHEEL,2031,0.1783
RE1,DEMCOMHEEL,2032,0.4315
RE1,DEMCOMHEEL,2033,0.6847
RE1,DEMCOMHEEL,2034,0.7168
RE1,DEMCOMHEEL,2035,0.7168
RE1,DEMCOMHEEL,2036,0.9694
RE1,DEMCOMHEEL,2037,1.193
RE1,DEMCOMHEEL,2038,1.4461
RE1,DEMCOMHEEL,2039,1.6993
RE1,DEMCOMHEEL,2040,2.1277
RE1,DEMCOMHEEL,2041,2.1277
RE1,DEMCOMHEEL,2042,2.384
RE1,DEMCOMHEEL,2043,2.384
RE1,DEMCOMHEEL,2044,2.5251
RE1,DEMCOMHEEL,2045,3.0315
RE1,DEMCOMHEEL,2046,2.8531
RE1,DEMCOMHEEL,2047,3.1063
RE1,DEMCOMHEEL,2048,3.3595
RE1,DEMCOMHEEL,2049,3.8336
RE1,DEMCOMHEEL,2050,4.3399
RE1,DEMCOMHEEL,2051,4.4536
RE1,DEMCOMHEEL,2052,4.7476
RE1,DEMCOMHEEL,2053,4.524
RE1,DEMCOMHEEL,2054,4.6441
RE1,DEMCOMHEEL,2055,4.7689
RE1,DEMCOMHEEL,2056,4.8989
RE1,DEMCOMHEEL,2057,4.6682
RE1,DEMCOMHEEL,2058,4.792
RE1,DEMCOMHEEL,2059,4.9209
RE1,DEMCOMHEEL,2060,4.9596
RE1,DEMCOMHEEL,2061,4.9987
RE1,DEMCOMHEEL,2062,5.2356
RE1,DEMCOMHEEL,2063,5.3823
RE1,DEMCOMHEEL,2064,5.0229
RE1,DEMCOMHEEL,2065,5.3602
RE1,DEMCOMHEEL,2066,5.2985
RE1,DEMCOMHEEL,2067,5.2395
RE1,DEMCOMHEEL,2068,5.4878
RE1,DEMCOMHEEL,2069,5.2237
RE1,DEMCOMHEEL,2070,4.6704
RE1,DEMINDHECOA,2015,25.5106
RE1,DEMINDHECOA,2016,25.5106
RE1,DEMINDHECOA,2017,25.5106
RE1,DEMINDHECOA,2018,25.5106
RE1,DEMINDHECOA,2019,25.5106
RE1,DEMINDHECOA,2020,25.5106
RE1,DEMINDHECOA,2021,25.5106
RE1,DEMINDHECOA,2022,25.7511
RE1,DEMINDHECOA,2023,26.1222
RE1,DEMINDHECOA,2024,26.4929
RE1,DEMINDHECOA,2025,26.863
RE1,DEMINDHECOA,2026,27.2717
RE1,DEMINDHECOA,2027,27.6798
RE1,DEMINDHECOA,2028,28.0875
RE1,DEMINDHECOA,2029,28.4947
RE1,DEMINDHECOA,2030,28.9014
RE1,DEMINDHECOA,2031,29.2682
RE1,DEMINDHECOA,2032,29.6342
RE1,DEMINDHECOA,2033,29.9995
RE1,DEMINDHECOA,2034,30.3642
RE1,DEMINDHECOA,2035,30.7284
RE1,DEMINDHECOA,2036,31.048
RE1,DEMINDHECOA,2037,31.3674
RE1,DEMINDHECOA,2038,31.6864
RE1,DEMINDHECOA,2039,32.0051
RE1,DEMINDHECOA,2040,32.3235
RE1,DEMINDHECOA,2041,32.6552
RE1,DEMINDHECOA,2042,32.2471
RE1,DEMINDHECOA,2043,31.8394
RE1,DEMINDHECOA,2044,31.4322
RE1,DEMINDHECOA,2045,19.3784
RE1,DEMINDHECOA,2046,19.0116
RE1,DEMINDHECOA,2047,18.6456
RE1,DEMINDHECOA,2048,18.2803
RE1,DEMINDHECOA,2049,17.9156
RE1,DEMINDHECOA,2050,17.5514
RE1,DEMINDHECOA,2051,17.2318
RE1,DEMINDHECOA,2052,16.6719
RE1,DEMINDHECOA,2053,15.9818
RE1,DEMINDHECOA,2054,15.2924
RE1,DEMINDHECOA,2055,14.6039
RE1,DEMINDHECOA,2056,13.8635
RE1,DEMINDHECOA,2057,13.8635
RE1,DEMINDHECOA,2058,13.8635
RE1,DEMINDHECOA,2059,13.8635
