r,t,f,y,ProductionByTechnologyAnnual
RE1,COMENEFFDP,COMELC,2021,19.3811
RE1,COMENEFFDP,COMELC,2022,38.762
RE1,COMENEFFDP,COMELC,2023,58.143
RE1,COMENEFFDP,COMELC,2024,77.5239
RE1,COMENEFFDP,COMELC,2025,96.905
RE1,COMENEFFDP,COMELC,2026,116.286
RE1,COMENEFFDP,COMELC,2027,135.667
RE1,COMENEFFDP,COMELC,2028,155.048
RE1,COMENEFFDP,COMELC,2029,174.4291
RE1,COMENEFFDP,COMELC,2030,193.81
RE1,COMENEFFDP,COMELC,2031,193.81
RE1,COMENEFFDP,COMELC,2032,193.81
RE1,COMENEFFDP,COMELC,2033,193.81
RE1,COMENEFFDP,COMELC,2034,193.81
RE1,COMENEFFDP,COMELC,2035,193.81
RE1,COMENEFFDP,COMELC,2036,193.81
RE1,COMENEFFDP,COMELC,2037,193.81
RE1,COMENEFFDP,COMELC,2038,193.81
RE1,COMENEFFDP,COMELC,2039,193.81
RE1,COMENEFFDP,COMELC,2040,213.191
RE1,COMENEFFDP,COMELC,2041,232.572
RE1,COMENEFFDP,COMELC,2042,251.953
RE1,COMENEFFDP,COMELC,2043,271.3341
RE1,COMENEFFDP,COMELC,2044,290.715
RE1,COMENEFFDP,COMELC,2045,310.096
RE1,COMENEFFDP,COMELC,2046,329.477
RE1,COMENEFFDP,COMELC,2047,348.858
RE1,COMENEFFDP,COMELC,2048,367.4093
RE1,COMENEFFDP,COMELC,2049,383.919
RE1,COMENEFFDP,COMELC,2050,384.9357
RE1,COMENEFFDP,COMELC,2051,402.63
RE1,COMENEFFDP,COMELC,2052,413.4745
RE1,COMENEFFDP,COMELC,2053,418.0868
RE1,COMENEFFDP,COMELC,2054,422.7505
RE1,COMENEFFDP,COMELC,2055,427.4662
RE1,COMENEFFDP,COMELC,2056,432.2345
RE1,COMENEFFDP,COMELC,2057,437.056
RE1,COMENEFFDP,COMELC,2058,441.9313
RE1,COMENEFFDP,COMELC,2059,446.861
RE1,COMENEFFDP,COMELC,2060,451.8457
RE1,COMENEFFDP,COMELC,2061,456.8859
RE1,COMENEFFDP,COMELC,2062,461.9824
RE1,COMENEFFDP,COMELC,2063,467.1357
RE1,COMENEFFDP,COMELC,2064,472.3466
RE1,COMENEFFDP,COMELC,2065,477.6155
RE1,COMENEFFDP,COMELC,2066,482.9433
RE1,COMENEFFDP,COMELC,2067,488.3304
RE1,COMENEFFDP,COMELC,2068,493.7776
RE1,COMENEFFDP,COMELC,2069,499.2857
RE1,COMENEFFDP,COMELC,2070,504.8551
RE1,COMENEFFGD,COMELC,2021,156.0256
RE1,COMENEFFGD,COMELC,2022,156.0256
RE1,COMENEFFGD,COMELC,2023,155.7397
RE1,COMENEFFGD,COMELC,2024,153.1554
RE1,COMENEFFGD,COMELC,2025,145.3251
RE1,COMENEFFGD,COMELC,2026,135.4547
RE1,COMENEFFGD,COMELC,2027,123.0307
RE1,COMENEFFGD,COMELC,2028,110.6068
RE1,COMENEFFGD,COMELC,2029,98.1828
RE1,COMENEFFGD,COMELC,2030,85.7589
RE1,COMENEFFGD,COMELC,2031,86.6982
RE1,COMENEFFGD,COMELC,2032,95.8624
RE1,COMENEFFGD,COMELC,2033,104.875
RE1,COMENEFFGD,COMELC,2034,112.7026
RE1,COMENEFFGD,COMELC,2035,120.1107
RE1,COMENEFFGD,COMELC,2036,126.8321
RE1,COMENEFFGD,COMELC,2037,134.7544
RE1,COMENEFFGD,COMELC,2038,139.4356
RE1,COMENEFFGD,COMELC,2039,146.6182
RE1,COMENEFFGD,COMELC,2040,136.7637
RE1,COMENEFFGD,COMELC,2041,110.8626
RE1,COMENEFFGD,COMELC,2042,99.45
RE1,COMENEFFGD,COMELC,2043,87.5312
RE1,COMENEFFGD,COMELC,2044,77.2707
RE1,COMENEFFGD,COMELC,2045,66.6079
RE1,COMENEFFGD,COMELC,2046,53.3639
RE1,COMENEFFGD,COMELC,2047,38.7791
RE1,COMENEFFGD,COMELC,2048,28.265
RE1,COMENEFFGD,COMELC,2049,16.2226
RE1,COMENEFFGD,COMELC,2050,19.4664
RE1,DEMCOMELC,COMELC,2015,169.2528
RE1,DEMCOMELC,COMELC,2016,179.0399
RE1,DEMCOMELC,COMELC,2017,187.428
RE1,DEMCOMELC,COMELC,2018,195.8162
RE1,DEMCOMELC,COMELC,2019,204.2043
RE1,DEMCOMELC,COMELC,2020,212.5924
RE1,DEMCOMELC,COMELC,2021,43.6241
RE1,DEMCOMELC,COMELC,2022,30.6813
RE1,DEMCOMELC,COMELC,2023,18.0244
RE1,DEMCOMELC,COMELC,2024,7.666
RE1,DEMCOMELC,COMELC,2025,2.5535
RE1,DEMCOMELC,COMELC,2031,7.0126
RE1,DEMCOMELC,COMELC,2032,5.8002
RE1,DEMCOMELC,COMELC,2033,4.7395
RE1,DEMCOMELC,COMELC,2034,4.8637
RE1,DEMCOMELC,COMELC,2035,5.4074
RE1,DEMCOMELC,COMELC,2036,5.0879
RE1,DEMCOMELC,COMELC,2037,3.5673
RE1,DEMCOMELC,COMELC,2038,5.2878
RE1,DEMCOMELC,COMELC,2039,4.5071
RE1,DEMCOMELC,COMELC,2040,1.3823
RE1,DEMCOMELC,COMELC,2041,14.1713
RE1,DEMCOMELC,COMELC,2042,12.4718
RE1,DEMCOMELC,COMELC,2043,11.2785
RE1,DEMCOMELC,COMELC,2044,8.4268
RE1,DEMCOMELC,COMELC,2045,5.9774
RE1,DEMCOMELC,COMELC,2046,4.2055
RE1,DEMCOMELC,COMELC,2047,3.7744
RE1,DEMCOMELC,COMELC,2048,0.1022
RE1,DEMCOMELC,COMELC,2050,0.1045
RE1,DEMCOMELC,COMELC,2051,6.3888
RE1,DEMCOMELC,COMELC,2052,0.1068
RE1,DEMCOMELC,COMELC,2053,0.108
RE1,DEMCOMELC,COMELC,2054,0.1092
RE1,DEMCOMELC,COMELC,2055,0.1104
RE1,DEMCOMELC,COMELC,2056,0.1117
RE1,DEMCOMELC,COMELC,2057,0.1129
RE1,DEMCOMELC,COMELC,2058,0.1142
RE1,DEMCOMELC,COMELC,2059,0.1155
RE1,DEMCOMELC,COMELC,2060,0.1167
RE1,DEMCOMELC,COMELC,2061,0.118
RE1,DEMCOMELC,COMELC,2062,0.1194
RE1,DEMCOMELC,COMELC,2063,0.1207
RE1,DEMCOMELC,COMELC,2064,0.122
RE1,DEMCOMELC,COMELC,2065,0.1234
RE1,DEMCOMELC,COMELC,2066,0.1248
RE1,DEMCOMELC,COMELC,2067,0.1262
RE1,DEMCOMELC,COMELC,2068,0.1276
RE1,DEMCOMELC,COMELC,2069,0.129
RE1,DEMCOMELC,COMELC,2070,0.1304
RE1,DEMCOMHEBIO,COMHEL,2015,37.209
RE1,DEMCOMHEBIO,COMHEL,2016,39.1015
RE1,DEMCOMHEBIO,COMHEL,2017,40.0453
RE1,DEMCOMHEBIO,COMHEL,2018,40.9891
RE1,DEMCOMHEBIO,COMHEL,2019,41.933
RE1,DEMCOMHEBIO,COMHEL,2020,42.8768
RE1,DEMCOMHEBIO,COMHEL,2021,43.6453
RE1,DEMCOMHEBIO,COMHEL,2022,44.4138
RE1,DEMCOMHEBIO,COMHEL,2023,45.1824
RE1,DEMCOMHEBIO,COMHEL,2024,45.9509
RE1,DEMCOMHEBIO,COMHEL,2025,46.7194
RE1,DEMCOMHEBIO,COMHEL,2026,47.5908
RE1,DEMCOMHEBIO,COMHEL,2027,48.4622
RE1,DEMCOMHEBIO,COMHEL,2028,49.3335
RE1,DEMCOMHEBIO,COMHEL,2029,50.2049
RE1,DEMCOMHEBIO,COMHEL,2030,51.0763
RE1,DEMCOMHEBIO,COMHEL,2031,49.1838
RE1,DEMCOMHEBIO,COMHEL,2032,46.1964
RE1,DEMCOMHEBIO,COMHEL,2033,43.2091
RE1,DEMCOMHEBIO,COMHEL,2034,43.4553
RE1,DEMCOMHEBIO,COMHEL,2035,44.1724
RE1,DEMCOMHEBIO,COMHEL,2036,41.1367
RE1,DEMCOMHEBIO,COMHEL,2037,38.526
RE1,DEMCOMHEBIO,COMHEL,2038,35.482
RE1,DEMCOMHEBIO,COMHEL,2039,29.9869
RE1,DEMCOMHEBIO,COMHEL,2040,29.0531
RE1,DEMCOMHEBIO,COMHEL,2041,29.6731
RE1,DEMCOMHEBIO,COMHEL,2042,26.1879
RE1,DEMCOMHEBIO,COMHEL,2043,25.5621
RE1,DEMCOMHEBIO,COMHEL,2044,24.8135
RE1,DEMCOMHEBIO,COMHEL,2045,24.8866
RE1,DEMCOMHEBIO,COMHEL,2046,20.5482
RE1,DEMCOMHEBIO,COMHEL,2047,18.2099
RE1,DEMCOMHEBIO,COMHEL,2048,13.3704
RE1,DEMCOMHEEL,COMHEL,2031,2.6095
RE1,DEMCOMHEEL,COMHEL,2032,6.3141
RE1,DEMCOMHEEL,COMHEL,2033,10.0185
RE1,DEMCOMHEEL,COMHEL,2034,10.4894
RE1,DEMCOMHEEL,COMHEL,2035,10.4894
RE1,DEMCOMHEEL,COMHEL,2036,14.1855
RE1,DEMCOMHEEL,COMHEL,2037,17.4565
RE1,DEMCOMHEEL,COMHEL,2038,21.1609
RE1,DEMCOMHEEL,COMHEL,2039,27.3164
RE1,DEMCOMHEEL,COMHEL,2040,28.9106
RE1,DEMCOMHEEL,COMHEL,2041,28.9106
RE1,DEMCOMHEEL,COMHEL,2042,33.0157
RE1,DEMCOMHEEL,COMHEL,2043,34.2616
RE1,DEMCOMHEEL,COMHEL,2044,35.6303
RE1,DEMCOMHEEL,COMHEL,2045,36.1771
RE1,DEMCOMHEEL,COMHEL,2046,41.0038
RE1,DEMCOMHEEL,COMHEL,2047,43.8305
RE1,DEMCOMHEEL,COMHEL,2048,49.1583
RE1,DEMCOMHEEL,COMHEL,2049,56.0964
RE1,DEMCOMHEEL,COMHEL,2050,63.5053
RE1,DEMCOMHEEL,COMHEL,2051,64.0052
RE1,DEMCOMHEEL,COMHEL,2052,64.5091
RE1,DEMCOMHEEL,COMHEL,2053,65.0169
RE1,DEMCOMHEEL,COMHEL,2054,65.5287
RE1,DEMCOMHEEL,COMHEL,2055,66.0445
RE1,DEMCOMHEEL,COMHEL,2056,66.5644
RE1,DEMCOMHEEL,COMHEL,2057,67.0884
RE1,DEMCOMHEEL,COMHEL,2058,67.6166
RE1,DEMCOMHEEL,COMHEL,2059,68.1488
RE1,DEMCOMHEEL,COMHEL,2060,68.6853
RE1,DEMCOMHEEL,COMHEL,2061,69.226
RE1,DEMCOMHEEL,COMHEL,2062,69.7709
RE1,DEMCOMHEEL,COMHEL,2063,70.3202
RE1,DEMCOMHEEL,COMHEL,2064,70.8737
RE1,DEMCOMHEEL,COMHEL,2065,71.4316
RE1,DEMCOMHEEL,COMHEL,2066,71.9939
RE1,DEMCOMHEEL,COMHEL,2067,72.5606
RE1,DEMCOMHEEL,COMHEL,2068,73.1318
RE1,DEMCOMHEEL,COMHEL,2069,73.7075
RE1,DEMCOMHEEL,COMHEL,2070,74.2878
RE1,DEMCOMHEOIL,COMHEL,2049,6.9206
RE1,DEMINDELC,INDELC,2015,328.0418
RE1,DEMINDELC,INDELC,2016,347.0108
RE1,DEMINDELC,INDELC,2017,363.2685
RE1,DEMINDELC,INDELC,2018,379.5262
RE1,DEMINDELC,INDELC,2019,395.7839
RE1,DEMINDELC,INDELC,2020,412.0416
RE1,DEMINDELC,INDELC,2021,84.5512
RE1,DEMINDELC,INDELC,2022,59.4658
RE1,DEMINDELC,INDELC,2023,34.9344
RE1,DEMINDELC,INDELC,2024,14.858
RE1,DEMINDELC,INDELC,2025,4.9492
RE1,DEMINDELC,INDELC,2031,13.5916
RE1,DEMINDELC,INDELC,2032,11.2417
RE1,DEMINDELC,INDELC,2033,9.1859
RE1,DEMINDELC,INDELC,2034,9.4266
RE1,DEMINDELC,INDELC,2035,10.4805
RE1,DEMINDELC,INDELC,2036,9.8612
RE1,DEMINDELC,INDELC,2037,6.9142
RE1,DEMINDELC,INDELC,2038,10.2488
RE1,DEMINDELC,INDELC,2039,8.7355
RE1,DEMINDELC,INDELC,2040,2.6792
RE1,DEMINDELC,INDELC,2041,27.4664
RE1,DEMINDELC,INDELC,2042,24.1725
RE1,DEMINDELC,INDELC,2043,21.8596
RE1,DEMINDELC,INDELC,2044,16.3326
RE1,DEMINDELC,INDELC,2045,11.5853
RE1,DEMINDELC,INDELC,2046,8.151
RE1,DEMINDELC,INDELC,2047,7.3154
RE1,DEMINDELC,INDELC,2048,0.1981
RE1,DEMINDELC,INDELC,2050,0.2025
RE1,DEMINDELC,INDELC,2051,9.8338
RE1,DEMINDELC,INDELC,2052,0.207
RE1,DEMINDELC,INDELC,2053,0.2094
RE1,DEMINDELC,INDELC,2054,0.2117
RE1,DEMINDELC,INDELC,2055,0.2141
RE1,DEMINDELC,INDELC,2056,0.2164
RE1,DEMINDELC,INDELC,2057,0.2189
RE1,DEMINDELC,INDELC,2058,0.2213
RE1,DEMINDELC,INDELC,2059,0.2238
RE1,DEMINDELC,INDELC,2060,0.2263
RE1,DEMINDELC,INDELC,2061,0.2288
RE1,DEMINDELC,INDELC,2062,0.2313
RE1,DEMINDELC,INDELC,2063,0.2339
RE1,DEMINDELC,INDELC,2064,0.2365
RE1,DEMINDELC,INDELC,2065,0.2392
RE1,DEMINDELC,INDELC,2066,0.2418
RE1,DEMINDELC,INDELC,2067,0.2445
RE1,DEMINDELC,INDELC,2068,0.2473
RE1,DEMINDELC,INDELC,2069,0.25
RE1,DEMINDELC,INDELC,2070,0.2528
RE1,DEMINDHEBIO,INDHEL,2015,426.6187
RE1,DEMINDHEBIO,INDHEL,2016,382.5919
RE1,DEMINDHEBIO,INDHEL,2017,389.2174
RE1,DEMINDHEBIO,INDHEL,2018,400.2481
RE1,DEMINDHEBIO,INDHEL,2019,409.232
RE1,DEMINDHEBIO,INDHEL,2020,418.2023
RE1,DEMINDHEBIO,INDHEL,2021,424.4265
RE1,DEMINDHEBIO,INDHEL,2022,430.6414
RE1,DEMINDHEBIO,INDHEL,2023,436.8476
RE1,DEMINDHEBIO,INDHEL,2024,443.0455
RE1,DEMINDHEBIO,INDHEL,2025,449.2357
RE1,DEMINDHEBIO,INDHEL,2026,456.0698
RE1,DEMINDHEBIO,INDHEL,2027,462.8953
RE1,DEMINDHEBIO,INDHEL,2028,469.7126
RE1,DEMINDHEBIO,INDHEL,2029,476.5222
RE1,DEMINDHEBIO,INDHEL,2030,414.7804
RE1,DEMINDHEBIO,INDHEL,2031,414.7804
RE1,DEMINDHEBIO,INDHEL,2032,401.1255
RE1,DEMINDHEBIO,INDHEL,2033,385.5656
RE1,DEMINDHEBIO,INDHEL,2034,359.6111
RE1,DEMINDHEBIO,INDHEL,2035,332.1862
RE1,DEMINDHEBIO,INDHEL,2036,314.8729
RE1,DEMINDHEBIO,INDHEL,2037,296.4325
RE1,DEMINDHEBIO,INDHEL,2038,277.7251
RE1,DEMINDHEBIO,INDHEL,2039,263.2604
RE1,DEMINDHEBIO,INDHEL,2040,240.68
RE1,DEMINDHEBIO,INDHEL,2041,213.0434
RE1,DEMINDHEBIO,INDHEL,2042,181.0826
RE1,DEMINDHEBIO,INDHEL,2043,148.9402
RE1,DEMINDHEBIO,INDHEL,2044,126.8109
RE1,DEMINDHEBIO,INDHEL,2045,98.9773
RE1,DEMINDHEBIO,INDHEL,2046,77.9793
RE1,DEMINDHEBIO,INDHEL,2047,51.8693
RE1,DEMINDHEBIO,INDHEL,2048,29.9736
RE1,DEMINDHEBIO,INDHEL,2049,36.1284
RE1,DEMINDHECOA,INDHEH,2015,639.928
RE1,DEMINDHECOA,INDHEH,2016,573.8878
RE1,DEMINDHECOA,INDHEH,2017,583.8261
RE1,DEMINDHECOA,INDHEH,2018,600.3722
RE1,DEMINDHECOA,INDHEH,2019,613.848
RE1,DEMINDHECOA,INDHEH,2020,627.3034
RE1,DEMINDHECOA,INDHEH,2021,636.6397
RE1,DEMINDHECOA,INDHEH,2022,645.9621
RE1,DEMINDHECOA,INDHEH,2023,655.2714
RE1,DEMINDHECOA,INDHEH,2024,664.5683
RE1,DEMINDHECOA,INDHEH,2025,673.8535
RE1,DEMINDHECOA,INDHEH,2026,684.1047
RE1,DEMINDHECOA,INDHEH,2027,694.3429
RE1,DEMINDHECOA,INDHEH,2028,704.5689
RE1,DEMINDHECOA,INDHEH,2029,714.7832
RE1,DEMINDHECOA,INDHEH,2030,724.9866
RE1,DEMINDHECOA,INDHEH,2031,734.1859
RE1,DEMINDHECOA,INDHEH,2032,743.3675
RE1,DEMINDHECOA,INDHEH,2033,752.5322
RE1,DEMINDHECOA,INDHEH,2034,761.6811
RE1,DEMINDHECOA,INDHEH,2035,770.815
RE1,DEMINDHECOA,INDHEH,2036,778.834
RE1,DEMINDHECOA,INDHEH,2037,786.8445
RE1,DEMINDHECOA,INDHEH,2038,794.8467
RE1,DEMINDHECOA,INDHEH,2039,802.841
RE1,DEMINDHECOA,INDHEH,2040,810.8277
RE1,DEMINDHECOA,INDHEH,2041,819.1493
RE1,DEMINDHECOA,INDHEH,2042,774.3772
RE1,DEMINDHECOA,INDHEH,2043,725.2626
RE1,DEMINDHECOA,INDHEH,2044,690.4642
RE1,DEMINDHECOA,INDHEH,2045,486.1026
RE1,DEMINDHECOA,INDHEH,2046,476.9033
RE1,DEMINDHECOA,INDHEH,2047,454.8537
RE1,DEMINDHECOA,INDHEH,2048,329.0027
RE1,DEMINDHECOA,INDHEH,2049,166.2804
RE1,DEMINDHEEH,INDHEH,2042,53.0881
RE1,DEMINDHEEH,INDHEH,2043,110.5133
RE1,DEMINDHEEH,INDHEH,2044,153.617
RE1,DEMINDHEEH,INDHEH,2045,366.2788
RE1,DEMINDHEEH,INDHEH,2046,381.8594
RE1,DEMINDHEEH,INDHEH,2047,410.288
RE1,DEMINDHEEH,INDHEH,2048,542.5158
RE1,DEMINDHEEH,INDHEH,2049,711.6129
RE1,DEMINDHEEH,INDHEH,2050,884.2658
RE1,DEMINDHEEH,INDHEH,2051,890.7889
RE1,DEMINDHEEH,INDHEH,2052,897.3615
RE1,DEMINDHEEH,INDHEH,2053,903.9841
RE1,DEMINDHEEH,INDHEH,2054,910.6572
RE1,DEMINDHEEH,INDHEH,2055,917.3809
RE1,DEMINDHEEH,INDHEH,2056,924.1559
RE1,DEMINDHEEH,INDHEH,2057,930.9824
RE1,DEMINDHEEH,INDHEH,2058,937.8608
RE1,DEMINDHEEH,INDHEH,2059,944.7915
RE1,DEMINDHEEH,INDHEH,2060,951.7751
RE1,DEMINDHEEH,INDHEH,2061,958.8119
RE1,DEMINDHEEH,INDHEH,2062,965.9022
RE1,DEMINDHEEH,INDHEH,2063,973.0465
RE1,DEMINDHEEH,INDHEH,2064,980.2451
RE1,DEMINDHEEH,INDHEH,2065,987.4987
RE1,DEMINDHEEH,INDHEH,2066,994.8075
RE1,DEMINDHEEH,INDHEH,2067,1002.1719
RE1,DEMINDHEEH,INDHEH,2068,1009.5925
RE1,DEMINDHEEH,INDHEH,2069,1017.0697
RE1,DEMINDHEEH,INDHEH,2070,1024.6038
RE1,DEMINDHEEL,INDHEL,2030,68.544
RE1,DEMINDHEEL,INDHEL,2031,74.6769
RE1,DEMINDHEEL,INDHEL,2032,94.4528
RE1,DEMINDHEEL,INDHEL,2033,116.1226
RE1,DEMINDHEEL,INDHEL,2034,148.1764
RE1,DEMINDHEEL,INDHEL,2035,181.6904
RE1,DEMINDHEEL,INDHEL,2036,204.3497
RE1,DEMINDHEEL,INDHEL,2037,228.1305
RE1,DEMINDHEEL,INDHEL,2038,252.1727
RE1,DEMINDHEEL,INDHEL,2039,271.967
RE1,DEMINDHEEL,INDHEL,2040,299.8718
RE1,DEMINDHEEL,INDHEL,2041,333.0562
RE1,DEMINDHEEL,INDHEL,2042,370.5609
RE1,DEMINDHEEL,INDHEL,2043,408.2437
RE1,DEMINDHEEL,INDHEL,2044,435.9099
RE1,DEMINDHEEL,INDHEL,2045,469.277
RE1,DEMINDHEEL,INDHEL,2046,494.5292
RE1,DEMINDHEEL,INDHEL,2047,524.8919
RE1,DEMINDHEEL,INDHEL,2048,551.0388
RE1,DEMINDHEEL,INDHEL,2049,549.1338
RE1,DEMINDHEEL,INDHEL,2050,589.5106
RE1,DEMINDHEEL,INDHEL,2051,593.8593
RE1,DEMINDHEEL,INDHEL,2052,598.241
RE1,DEMINDHEEL,INDHEL,2053,602.6561
RE1,DEMINDHEEL,INDHEL,2054,607.1047
RE1,DEMINDHEEL,INDHEL,2055,611.5873
RE1,DEMINDHEEL,INDHEL,2056,616.1039
RE1,DEMINDHEEL,INDHEL,2057,620.6549
RE1,DEMINDHEEL,INDHEL,2058,625.2405
RE1,DEMINDHEEL,INDHEL,2059,629.8611
RE1,DEMINDHEEL,INDHEL,2060,634.5168
RE1,DEMINDHEEL,INDHEL,2061,639.2079
RE1,DEMINDHEEL,INDHEL,2062,643.9347
RE1,DEMINDHEEL,INDHEL,2063,648.6976
RE1,DEMINDHEEL,INDHEL,2064,653.4968
RE1,DEMINDHEEL,INDHEL,2065,658.3324
RE1,DEMINDHEEL,INDHEL,2066,663.205
RE1,DEMINDHEEL,INDHEL,2067,668.1146
RE1,DEMINDHEEL,INDHEL,2068,673.0617
RE1,DEMINDHEEL,INDHEL,2069,678.0465
RE1,DEMINDHEEL,INDHEL,2070,683.0692
RE1,DEMRESCKNBIO,RESCKN,2015,72.8133
RE1,DEMRESCKNBIO,RESCKN,2016,69.2189
RE1,DEMRESCKNBIO,RESCKN,2017,70.2381
RE1,DEMRESCKNBIO,RESCKN,2018,72.7562
RE1,DEMRESCKNBIO,RESCKN,2019,74.5778
RE1,DEMRESCKNBIO,RESCKN,2020,76.3949
RE1,DEMRESCKNBIO,RESCKN,2021,77.7461
RE1,DEMRESCKNBIO,RESCKN,2022,56.2468
RE1,DEMRESCKNBIO,RESCKN,2023,45.7211
RE1,DEMRESCKNBIO,RESCKN,2024,39.8509
RE1,DEMRESCKNBIO,RESCKN,2025,28.5647
RE1,DEMRESCKNBIO,RESCKN,2026,12.3855
RE1,DEMRESCKNBIO,RESCKN,2027,0.6717
RE1,DEMRESCKNELC,RESCKN,2015,7.0099
RE1,DEMRESCKNELC,RESCKN,2016,6.6639
RE1,DEMRESCKNELC,RESCKN,2017,6.762
RE1,DEMRESCKNELC,RESCKN,2018,7.0044
RE1,DEMRESCKNELC,RESCKN,2019,6.6542
RE1,DEMRESCKNELC,RESCKN,2020,6.304
RE1,DEMRESCKNELC,RESCKN,2021,85.8403
RE1,DEMRESCKNELC,RESCKN,2022,130.7864
RE1,DEMRESCKNELC,RESCKN,2023,106.9605
RE1,DEMRESCKNELC,RESCKN,2024,143.5416
RE1,DEMRESCKNELC,RESCKN,2025,196.6961
RE1,DEMRESCKNELC,RESCKN,2026,216.8539
RE1,DEMRESCKNELC,RESCKN,2027,232.5384
RE1,DEMRESCKNELC,RESCKN,2028,237.1733
RE1,DEMRESCKNELC,RESCKN,2029,241.1293
RE1,DEMRESCKNELC,RESCKN,2030,245.0786
RE1,DEMRESCKNELC,RESCKN,2031,248.6954
RE1,DEMRESCKNELC,RESCKN,2032,252.3013
RE1,DEMRESCKNELC,RESCKN,2033,255.8969
RE1,DEMRESCKNELC,RESCKN,2034,259.4827
RE1,DEMRESCKNELC,RESCKN,2035,263.0593
RE1,DEMRESCKNELC,RESCKN,2036,266.1718
RE1,DEMRESCKNELC,RESCKN,2037,269.2791
RE1,DEMRESCKNELC,RESCKN,2038,272.3814
RE1,DEMRESCKNELC,RESCKN,2039,275.4787
RE1,DEMRESCKNELC,RESCKN,2040,278.5714
RE1,DEMRESCKNELC,RESCKN,2041,281.6592
RE1,DEMRESCKNELC,RESCKN,2042,284.7435
RE1,DEMRESCKNELC,RESCKN,2043,287.8245
RE1,DEMRESCKNELC,RESCKN,2044,290.9023
RE1,DEMRESCKNELC,RESCKN,2045,293.977
RE1,DEMRESCKNELC,RESCKN,2046,296.3069
RE1,DEMRESCKNELC,RESCKN,2047,298.6355
RE1,DEMRESCKNELC,RESCKN,2048,300.9627
RE1,DEMRESCKNELC,RESCKN,2049,303.2885
RE1,DEMRESCKNELC,RESCKN,2050,305.6131
RE1,DEMRESCKNELC,RESCKN,2051,307.9951
RE1,DEMRESCKNELC,RESCKN,2052,310.3956
RE1,DEMRESCKNELC,RESCKN,2053,312.8148
RE1,DEMRESCKNELC,RESCKN,2054,315.2529
RE1,DEMRESCKNELC,RESCKN,2055,317.7099
RE1,DEMRESCKNELC,RESCKN,2056,320.1861
RE1,DEMRESCKNELC,RESCKN,2057,322.6817
RE1,DEMRESCKNELC,RESCKN,2058,325.1966
RE1,DEMRESCKNELC,RESCKN,2059,327.7312
RE1,DEMRESCKNELC,RESCKN,2060,330.2856
RE1,DEMRESCKNELC,RESCKN,2061,332.8598
RE1,DEMRESCKNELC,RESCKN,2062,335.4541
RE1,DEMRESCKNELC,RESCKN,2063,338.0686
RE1,DEMRESCKNELC,RESCKN,2064,340.7035
RE1,DEMRESCKNELC,RESCKN,2065,343.359
RE1,DEMRESCKNELC,RESCKN,2066,346.0351
RE1,DEMRESCKNELC,RESCKN,2067,348.7321
RE1,DEMRESCKNELC,RESCKN,2068,351.4501
RE1,DEMRESCKNELC,RESCKN,2069,354.1893
RE1,DEMRESCKNELC,RESCKN,2070,356.9499
RE1,DEMRESCKNOIL,RESCKN,2015,117.5028
RE1,DEMRESCKNOIL,RESCKN,2016,111.7023
RE1,DEMRESCKNOIL,RESCKN,2017,113.3469
RE1,DEMRESCKNOIL,RESCKN,2018,117.4106
RE1,DEMRESCKNOIL,RESCKN,2019,120.876
RE1,DEMRESCKNOIL,RESCKN,2020,124.3333
RE1,DEMRESCKNOIL,RESCKN,2021,47.1077
RE1,DEMRESCKNOIL,RESCKN,2022,27.3142
RE1,DEMRESCKNOIL,RESCKN,2023,65.3111
RE1,DEMRESCKNOIL,RESCKN,2024,38.2379
RE1,DEMRESELC,RESELC,2015,163.7593
RE1,DEMRESELC,RESELC,2016,173.2287
RE1,DEMRESELC,RESELC,2017,181.3445
RE1,DEMRESELC,RESELC,2018,189.4604
RE1,DEMRESELC,RESELC,2019,197.5763
RE1,DEMRESELC,RESELC,2020,205.6922
RE1,DEMRESELC,RESELC,2021,42.2082
RE1,DEMRESELC,RESELC,2022,29.6855
RE1,DEMRESELC,RESELC,2023,17.4394
RE1,DEMRESELC,RESELC,2024,7.4172
RE1,DEMRESELC,RESELC,2025,2.4706
RE1,DEMRESELC,RESELC,2031,6.785
RE1,DEMRESELC,RESELC,2032,5.6119
RE1,DEMRESELC,RESELC,2033,4.5856
RE1,DEMRESELC,RESELC,2034,4.7058
RE1,DEMRESELC,RESELC,2035,5.2319
RE1,DEMRESELC,RESELC,2036,4.9227
RE1,DEMRESELC,RESELC,2037,3.4516
RE1,DEMRESELC,RESELC,2038,5.1162
RE1,DEMRESELC,RESELC,2039,4.3608
RE1,DEMRESELC,RESELC,2040,1.3375
RE1,DEMRESELC,RESELC,2041,13.7113
RE1,DEMRESELC,RESELC,2042,12.067
RE1,DEMRESELC,RESELC,2043,10.9124
RE1,DEMRESELC,RESELC,2044,8.1533
RE1,DEMRESELC,RESELC,2045,5.7834
RE1,DEMRESELC,RESELC,2046,4.069
RE1,DEMRESELC,RESELC,2047,3.6519
RE1,DEMRESELC,RESELC,2048,0.0989
RE1,DEMRESELC,RESELC,2050,0.1011
RE1,DEMRESELC,RESELC,2051,1.4175
RE1,DEMRESELC,RESELC,2052,1.4164
RE1,DEMRESELC,RESELC,2053,0.1045
RE1,DEMRESELC,RESELC,2054,0.1057
RE1,DEMRESELC,RESELC,2055,0.1069
RE1,DEMRESELC,RESELC,2056,0.1081
RE1,DEMRESELC,RESELC,2057,0.1093
RE1,DEMRESELC,RESELC,2058,0.1105
RE1,DEMRESELC,RESELC,2059,0.1117
RE1,DEMRESELC,RESELC,2060,0.113
RE1,DEMRESELC,RESELC,2061,0.1142
RE1,DEMRESELC,RESELC,2062,0.1155
RE1,DEMRESELC,RESELC,2063,0.1168
RE1,DEMRESELC,RESELC,2064,0.1181
RE1,DEMRESELC,RESELC,2065,0.1194
RE1,DEMRESELC,RESELC,2066,0.1207
RE1,DEMRESELC,RESELC,2067,0.1221
RE1,DEMRESELC,RESELC,2068,0.1234
RE1,DEMRESELC,RESELC,2069,0.1248
RE1,DEMRESELC,RESELC,2070,0.1262
RE1,DEMRESHEBIO,RESHEL,2015,84.502
RE1,DEMRESHEBIO,RESHEL,2016,80.3936
RE1,DEMRESHEBIO,RESHEL,2017,81.5773
RE1,DEMRESHEBIO,RESHEL,2018,84.502
RE1,DEMRESHEBIO,RESHEL,2019,86.6177
RE1,DEMRESHEBIO,RESHEL,2020,88.7281
RE1,DEMRESHEBIO,RESHEL,2021,90.2975
RE1,DEMRESHEBIO,RESHEL,2022,91.8632
RE1,DEMRESHEBIO,RESHEL,2023,93.4254
RE1,DEMRESHEBIO,RESHEL,2024,94.9844
RE1,DEMRESHEBIO,RESHEL,2025,96.5403
RE1,DEMRESHEBIO,RESHEL,2026,98.2455
RE1,DEMRESHEBIO,RESHEL,2027,99.9472
RE1,DEMRESHEBIO,RESHEL,2028,101.6457
RE1,DEMRESHEBIO,RESHEL,2029,103.3411
RE1,DEMRESHEBIO,RESHEL,2030,105.0337
RE1,DEMRESHEBIO,RESHEL,2031,105.0337
RE1,DEMRESHEBIO,RESHEL,2032,98.9387
RE1,DEMRESHEBIO,RESHEL,2033,93.9331
RE1,DEMRESHEBIO,RESHEL,2034,95.2757
RE1,DEMRESHEBIO,RESHEL,2035,96.8085
RE1,DEMRESHEBIO,RESHEL,2036,90.5022
RE1,DEMRESHEBIO,RESHEL,2037,84.1936
RE1,DEMRESHEBIO,RESHEL,2038,77.8827
RE1,DEMRESHEBIO,RESHEL,2039,69.0792
RE1,DEMRESHEBIO,RESHEL,2040,63.1301
RE1,DEMRESHEBIO,RESHEL,2041,60.0411
RE1,DEMRESHEBIO,RESHEL,2042,64.6722
RE1,DEMRESHEBIO,RESHEL,2043,65.9174
RE1,DEMRESHEBIO,RESHEL,2044,56.5651
RE1,DEMRESHEBIO,RESHEL,2045,51.3889
RE1,DEMRESHEBIO,RESHEL,2046,42.7532
RE1,DEMRESHEBIO,RESHEL,2047,36.6899
RE1,DEMRESHEBIO,RESHEL,2048,28.3742
RE1,DEMRESHEEL,RESHEL,2031,1.55
RE1,DEMRESHEEL,RESHEL,2032,9.1904
RE1,DEMRESHEEL,RESHEL,2033,15.7371
RE1,DEMRESHEEL,RESHEL,2034,15.9311
RE1,DEMRESHEEL,RESHEL,2035,15.9311
RE1,DEMRESHEEL,RESHEL,2036,23.5715
RE1,DEMRESHEEL,RESHEL,2037,31.2118
RE1,DEMRESHEEL,RESHEL,2038,38.8521
RE1,DEMRESHEEL,RESHEL,2039,48.9831
RE1,DEMRESHEEL,RESHEL,2040,56.2577
RE1,DEMRESHEEL,RESHEL,2041,60.67
RE1,DEMRESHEEL,RESHEL,2042,57.3608
RE1,DEMRESHEEL,RESHEL,2043,57.4359
RE1,DEMRESHEEL,RESHEL,2044,68.1073
RE1,DEMRESHEEL,RESHEL,2045,74.6013
RE1,DEMRESHEEL,RESHEL,2046,84.2355
RE1,DEMRESHEEL,RESHEL,2047,91.2968
RE1,DEMRESHEEL,RESHEL,2048,100.6098
RE1,DEMRESHEEL,RESHEL,2049,115.6964
RE1,DEMRESHEEL,RESHEL,2050,130.9771
RE1,DEMRESHEEL,RESHEL,2051,131.9979
RE1,DEMRESHEEL,RESHEL,2052,133.0267
RE1,DEMRESHEEL,RESHEL,2053,134.0635
RE1,DEMRESHEEL,RESHEL,2054,135.1083
RE1,DEMRESHEEL,RESHEL,2055,136.1614
RE1,DEMRESHEEL,RESHEL,2056,137.2226
RE1,DEMRESHEEL,RESHEL,2057,138.2922
RE1,DEMRESHEEL,RESHEL,2058,139.37
RE1,DEMRESHEEL,RESHEL,2059,140.4562
RE1,DEMRESHEEL,RESHEL,2060,141.5509
RE1,DEMRESHEEL,RESHEL,2061,142.6542
RE1,DEMRESHEEL,RESHEL,2062,143.766
RE1,DEMRESHEEL,RESHEL,2063,144.8866
RE1,DEMRESHEEL,RESHEL,2064,146.0158
RE1,DEMRESHEEL,RESHEL,2065,147.1538
RE1,DEMRESHEEL,RESHEL,2066,148.3008
RE1,DEMRESHEEL,RESHEL,2067,149.4566
RE1,DEMRESHEEL,RESHEL,2068,150.6215
RE1,DEMRESHEEL,RESHEL,2069,151.7954
RE1,DEMRESHEEL,RESHEL,2070,152.9785
RE1,DEMRESHEOIL,RESHEL,2015,0.0663
RE1,DEMRESHEOIL,RESHEL,2049,14.2844
RE1,DEMTRABUSELC,TRABUS,2026,14.0105
RE1,DEMTRABUSELC,TRABUS,2027,33.8101
RE1,DEMTRABUSELC,TRABUS,2028,55.6639
RE1,DEMTRABUSELC,TRABUS,2029,90.99
RE1,DEMTRABUSELC,TRABUS,2030,126.316
RE1,DEMTRABUSELC,TRABUS,2031,161.642
RE1,DEMTRABUSELC,TRABUS,2032,196.9681
RE1,DEMTRABUSELC,TRABUS,2033,232.2941
RE1,DEMTRABUSELC,TRABUS,2034,267.6201
RE1,DEMTRABUSELC,TRABUS,2035,302.9462
RE1,DEMTRABUSELC,TRABUS,2036,338.2722
RE1,DEMTRABUSELC,TRABUS,2037,373.5982
RE1,DEMTRABUSELC,TRABUS,2038,408.9242
RE1,DEMTRABUSELC,TRABUS,2039,444.2503
RE1,DEMTRABUSELC,TRABUS,2040,444.2503
RE1,DEMTRABUSELC,TRABUS,2041,444.2503
RE1,DEMTRABUSELC,TRABUS,2042,444.2503
RE1,DEMTRABUSELC,TRABUS,2043,444.2503
RE1,DEMTRABUSELC,TRABUS,2044,444.2503
RE1,DEMTRABUSELC,TRABUS,2045,479.5763
RE1,DEMTRABUSELC,TRABUS,2046,536.2178
RE1,DEMTRABUSELC,TRABUS,2047,587.0704
RE1,DEMTRABUSELC,TRABUS,2048,635.8686
RE1,DEMTRABUSELC,TRABUS,2049,671.1946
RE1,DEMTRABUSELC,TRABUS,2050,706.5206
RE1,DEMTRABUSELC,TRABUS,2051,711.9011
RE1,DEMTRABUSELC,TRABUS,2052,717.3231
RE1,DEMTRABUSELC,TRABUS,2053,722.7871
RE1,DEMTRABUSELC,TRABUS,2054,728.2934
RE1,DEMTRABUSELC,TRABUS,2055,733.8422
RE1,DEMTRABUSELC,TRABUS,2056,739.434
RE1,DEMTRABUSELC,TRABUS,2057,745.069
RE1,DEMTRABUSELC,TRABUS,2058,750.7477
RE1,DEMTRABUSELC,TRABUS,2059,756.4703
RE1,DEMTRABUSELC,TRABUS,2060,762.2371
RE1,DEMTRABUSELC,TRABUS,2061,768.0486
RE1,DEMTRABUSELC,TRABUS,2062,773.9051
RE1,DEMTRABUSELC,TRABUS,2063,779.8069
RE1,DEMTRABUSELC,TRABUS,2064,785.7544
RE1,DEMTRABUSELC,TRABUS,2065,791.7479
RE1,DEMTRABUSELC,TRABUS,2066,797.7879
RE1,DEMTRABUSELC,TRABUS,2067,803.8745
RE1,DEMTRABUSELC,TRABUS,2068,810.0083
RE1,DEMTRABUSELC,TRABUS,2069,816.1896
RE1,DEMTRABUSELC,TRABUS,2070,822.4188
RE1,DEMTRABUSGSL,TRABUS,2015,424.8035
RE1,DEMTRABUSGSL,TRABUS,2016,441.0858
RE1,DEMTRABUSGSL,TRABUS,2017,451.2263
RE1,DEMTRABUSGSL,TRABUS,2018,462.1623
RE1,DEMTRABUSGSL,TRABUS,2019,472.7286
RE1,DEMTRABUSGSL,TRABUS,2020,483.2925
RE1,DEMTRABUSGSL,TRABUS,2021,491.7318
RE1,DEMTRABUSGSL,TRABUS,2022,500.1694
RE1,DEMTRABUSGSL,TRABUS,2023,508.6055
RE1,DEMTRABUSGSL,TRABUS,2024,517.04
RE1,DEMTRABUSGSL,TRABUS,2025,525.4732
RE1,DEMTRABUSGSL,TRABUS,2026,520.8555
RE1,DEMTRABUSGSL,TRABUS,2027,510.4472
RE1,DEMTRABUSGSL,TRABUS,2028,497.9831
RE1,DEMTRABUSGSL,TRABUS,2029,472.0454
RE1,DEMTRABUSGSL,TRABUS,2030,446.1065
RE1,DEMTRABUSGSL,TRABUS,2031,418.548
RE1,DEMTRABUSGSL,TRABUS,2032,390.9875
RE1,DEMTRABUSGSL,TRABUS,2033,363.4249
RE1,DEMTRABUSGSL,TRABUS,2034,335.8604
RE1,DEMTRABUSGSL,TRABUS,2035,308.2941
RE1,DEMTRABUSGSL,TRABUS,2036,280.0421
RE1,DEMTRABUSGSL,TRABUS,2037,251.7891
RE1,DEMTRABUSGSL,TRABUS,2038,223.5351
RE1,DEMTRABUSGSL,TRABUS,2039,195.2801
RE1,DEMTRABUSGSL,TRABUS,2040,202.3502
RE1,DEMTRABUSGSL,TRABUS,2041,209.0778
RE1,DEMTRABUSGSL,TRABUS,2042,215.8046
RE1,DEMTRABUSGSL,TRABUS,2043,222.5308
RE1,DEMTRABUSGSL,TRABUS,2044,229.2563
RE1,DEMTRABUSGSL,TRABUS,2045,200.6552
RE1,DEMTRABUSGSL,TRABUS,2046,149.272
RE1,DEMTRABUSGSL,TRABUS,2047,103.6776
RE1,DEMTRABUSGSL,TRABUS,2048,60.1372
RE1,DEMTRABUSGSL,TRABUS,2049,30.0687
RE1,DEMTRACARELC,TRACAR,2029,3.8775
RE1,DEMTRACARELC,TRACAR,2030,26.5726
RE1,DEMTRACARELC,TRACAR,2031,50.3523
RE1,DEMTRACARELC,TRACAR,2032,75.4987
RE1,DEMTRACARELC,TRACAR,2033,102.0112
RE1,DEMTRACARELC,TRACAR,2034,129.889
RE1,DEMTRACARELC,TRACAR,2035,159.1313
RE1,DEMTRACARELC,TRACAR,2036,189.2479
RE1,DEMTRACARELC,TRACAR,2037,220.6061
RE1,DEMTRACARELC,TRACAR,2038,253.2057
RE1,DEMTRACARELC,TRACAR,2039,287.0975
RE1,DEMTRACARELC,TRACAR,2040,350.4814
RE1,DEMTRACARELC,TRACAR,2041,414.6824
RE1,DEMTRACARELC,TRACAR,2042,480.057
RE1,DEMTRACARELC,TRACAR,2043,546.6053
RE1,DEMTRACARELC,TRACAR,2044,614.3268
RE1,DEMTRACARELC,TRACAR,2045,654.9607
RE1,DEMTRACARELC,TRACAR,2046,677.3527
RE1,DEMTRACARELC,TRACAR,2047,705.292
RE1,DEMTRACARELC,TRACAR,2048,735.7908
RE1,DEMTRACARELC,TRACAR,2049,782.495
RE1,DEMTRACARELC,TRACAR,2050,821.0916
RE1,DEMTRACARELC,TRACAR,2051,827.3445
RE1,DEMTRACARELC,TRACAR,2052,833.6458
RE1,DEMTRACARELC,TRACAR,2053,839.9959
RE1,DEMTRACARELC,TRACAR,2054,846.395
RE1,DEMTRACARELC,TRACAR,2055,852.8437
RE1,DEMTRACARELC,TRACAR,2056,859.3422
RE1,DEMTRACARELC,TRACAR,2057,865.8911
RE1,DEMTRACARELC,TRACAR,2058,872.4906
RE1,DEMTRACARELC,TRACAR,2059,879.1411
RE1,DEMTRACARELC,TRACAR,2060,885.8432
RE1,DEMTRACARELC,TRACAR,2061,892.5971
RE1,DEMTRACARELC,TRACAR,2062,899.4033
RE1,DEMTRACARELC,TRACAR,2063,906.2621
RE1,DEMTRACARELC,TRACAR,2064,913.1741
RE1,DEMTRACARELC,TRACAR,2065,920.1395
RE1,DEMTRACARELC,TRACAR,2066,927.1589
RE1,DEMTRACARELC,TRACAR,2067,934.2326
RE1,DEMTRACARELC,TRACAR,2068,941.3611
RE1,DEMTRACARELC,TRACAR,2069,948.5448
RE1,DEMTRACARELC,TRACAR,2070,955.784
RE1,DEMTRACARGSL,TRACAR,2015,493.6905
RE1,DEMTRACARGSL,TRACAR,2016,512.6133
RE1,DEMTRACARGSL,TRACAR,2017,524.3982
RE1,DEMTRACARGSL,TRACAR,2018,537.1076
RE1,DEMTRACARGSL,TRACAR,2019,549.3873
RE1,DEMTRACARGSL,TRACAR,2020,561.6643
RE1,DEMTRACARGSL,TRACAR,2021,571.4721
RE1,DEMTRACARGSL,TRACAR,2022,581.278
RE1,DEMTRACARGSL,TRACAR,2023,591.0821
RE1,DEMTRACARGSL,TRACAR,2024,600.8844
RE1,DEMTRACARGSL,TRACAR,2025,610.6851
RE1,DEMTRACARGSL,TRACAR,2026,621.6011
RE1,DEMTRACARGSL,TRACAR,2027,632.5152
RE1,DEMTRACARGSL,TRACAR,2028,643.4276
RE1,DEMTRACARGSL,TRACAR,2029,650.461
RE1,DEMTRACARGSL,TRACAR,2030,638.6751
RE1,DEMTRACARGSL,TRACAR,2031,623.9227
RE1,DEMTRACARGSL,TRACAR,2032,607.8009
RE1,DEMTRACARGSL,TRACAR,2033,590.3108
RE1,DEMTRACARGSL,TRACAR,2034,571.4532
RE1,DEMTRACARGSL,TRACAR,2035,551.229
RE1,DEMTRACARGSL,TRACAR,2036,529.3336
RE1,DEMTRACARGSL,TRACAR,2037,506.1953
RE1,DEMTRACARGSL,TRACAR,2038,481.8146
RE1,DEMTRACARGSL,TRACAR,2039,456.1405
RE1,DEMTRACARGSL,TRACAR,2040,400.9732
RE1,DEMTRACARGSL,TRACAR,2041,344.5908
RE1,DEMTRACARGSL,TRACAR,2042,287.0338
RE1,DEMTRACARGSL,TRACAR,2043,228.3024
RE1,DEMTRACARGSL,TRACAR,2044,168.397
RE1,DEMTRACARGSL,TRACAR,2045,135.5787
RE1,DEMTRACARGSL,TRACAR,2046,119.2977
RE1,DEMTRACARGSL,TRACAR,2047,97.4692
RE1,DEMTRACARGSL,TRACAR,2048,73.0808
RE1,DEMTRACARGSL,TRACAR,2049,32.4868
RE1,DEMTRAEVC,ELCEV,2021,39.1405
RE1,DEMTRAEVC,ELCEV,2022,78.2811
RE1,DEMTRAEVC,ELCEV,2023,117.4216
RE1,DEMTRAEVC,ELCEV,2024,156.5622
RE1,DEMTRAEVC,ELCEV,2025,195.7027
RE1,DEMTRAEVC,ELCEV,2026,250.395
RE1,DEMTRAEVC,ELCEV,2027,311.513
RE1,DEMTRAEVC,ELCEV,2028,374.9113
RE1,DEMTRAEVC,ELCEV,2029,443.1241
RE1,DEMTRAEVC,ELCEV,2030,513.1598
RE1,DEMTRAEVC,ELCEV,2031,583.4277
RE1,DEMTRAEVC,ELCEV,2032,655.2114
RE1,DEMTRAEVC,ELCEV,2033,728.5103
RE1,DEMTRAEVC,ELCEV,2034,803.3235
RE1,DEMTRAEVC,ELCEV,2035,879.6501
RE1,DEMTRAEVC,ELCEV,2036,956.5359
RE1,DEMTRAEVC,ELCEV,2037,1034.7992
RE1,DEMTRAEVC,ELCEV,2038,1114.4398
RE1,DEMTRAEVC,ELCEV,2039,1195.5143
RE1,DEMTRAEVC,ELCEV,2040,1270.1126
RE1,DEMTRAEVC,ELCEV,2041,1345.4121
RE1,DEMTRAEVC,ELCEV,2042,1422.0141
RE1,DEMTRAEVC,ELCEV,2043,1499.9184
RE1,DEMTRAEVC,ELCEV,2044,1579.1246
RE1,DEMTRAEVC,ELCEV,2045,1667.4751
RE1,DEMTRAEVC,ELCEV,2046,1758.3573
RE1,DEMTRAEVC,ELCEV,2047,1848.9711
RE1,DEMTRAEVC,ELCEV,2048,1940.1455
RE1,DEMTRAEVC,ELCEV,2049,2034.3535
RE1,DEMTRAEVC,ELCEV,2050,2119.562
RE1,DEMTRAEVC,ELCEV,2051,2135.7033
RE1,DEMTRAEVC,ELCEV,2052,2151.9695
RE1,DEMTRAEVC,ELCEV,2053,2168.3614
RE1,DEMTRAEVC,ELCEV,2054,2184.8801
RE1,DEMTRAEVC,ELCEV,2055,2201.5267
RE1,DEMTRAEVC,ELCEV,2056,2218.3021
RE1,DEMTRAEVC,ELCEV,2057,2235.2072
RE1,DEMTRAEVC,ELCEV,2058,2252.2431
RE1,DEMTRAEVC,ELCEV,2059,2269.4109
RE1,DEMTRAEVC,ELCEV,2060,2286.7115
RE1,DEMTRAEVC,ELCEV,2061,2304.146
RE1,DEMTRAEVC,ELCEV,2062,2321.7155
RE1,DEMTRAEVC,ELCEV,2063,2339.4208
RE1,DEMTRAEVC,ELCEV,2064,2357.2633
RE1,DEMTRAEVC,ELCEV,2065,2375.2439
RE1,DEMTRAEVC,ELCEV,2066,2393.3637
RE1,DEMTRAEVC,ELCEV,2067,2411.6237
RE1,DEMTRAEVC,ELCEV,2068,2430.0251
RE1,DEMTRAEVC,ELCEV,2069,2448.569
RE1,DEMTRAEVC,ELCEV,2070,2467.2565
RE1,DEMTRAMCYELC,TRAMCY,2021,35.2618
RE1,DEMTRAMCYELC,TRAMCY,2022,70.5235
RE1,DEMTRAMCYELC,TRAMCY,2023,105.7853
RE1,DEMTRAMCYELC,TRAMCY,2024,141.047
RE1,DEMTRAMCYELC,TRAMCY,2025,176.3088
RE1,DEMTRAMCYELC,TRAMCY,2026,211.5705
RE1,DEMTRAMCYELC,TRAMCY,2027,246.8323
RE1,DEMTRAMCYELC,TRAMCY,2028,282.094
RE1,DEMTRAMCYELC,TRAMCY,2029,304.3434
RE1,DEMTRAMCYELC,TRAMCY,2030,309.4175
RE1,DEMTRAMCYELC,TRAMCY,2031,313.6163
RE1,DEMTRAMCYELC,TRAMCY,2032,317.8138
RE1,DEMTRAMCYELC,TRAMCY,2033,322.0103
RE1,DEMTRAMCYELC,TRAMCY,2034,326.2057
RE1,DEMTRAMCYELC,TRAMCY,2035,330.4002
RE1,DEMTRAMCYELC,TRAMCY,2036,334.224
RE1,DEMTRAMCYELC,TRAMCY,2037,338.0472
RE1,DEMTRAMCYELC,TRAMCY,2038,341.8699
RE1,DEMTRAMCYELC,TRAMCY,2039,345.6921
RE1,DEMTRAMCYELC,TRAMCY,2040,349.5138
RE1,DEMTRAMCYELC,TRAMCY,2041,353.1503
RE1,DEMTRAMCYELC,TRAMCY,2042,356.7865
RE1,DEMTRAMCYELC,TRAMCY,2043,360.4222
RE1,DEMTRAMCYELC,TRAMCY,2044,364.0576
RE1,DEMTRAMCYELC,TRAMCY,2045,367.6927
RE1,DEMTRAMCYELC,TRAMCY,2046,370.5351
RE1,DEMTRAMCYELC,TRAMCY,2047,373.3773
RE1,DEMTRAMCYELC,TRAMCY,2048,376.2193
RE1,DEMTRAMCYELC,TRAMCY,2049,379.0613
RE1,DEMTRAMCYELC,TRAMCY,2050,381.903
RE1,DEMTRAMCYELC,TRAMCY,2051,384.8114
RE1,DEMTRAMCYELC,TRAMCY,2052,387.7422
RE1,DEMTRAMCYELC,TRAMCY,2053,390.6958
RE1,DEMTRAMCYELC,TRAMCY,2054,393.6721
RE1,DEMTRAMCYELC,TRAMCY,2055,396.6715
RE1,DEMTRAMCYELC,TRAMCY,2056,399.6941
RE1,DEMTRAMCYELC,TRAMCY,2057,402.74
RE1,DEMTRAMCYELC,TRAMCY,2058,405.8096
RE1,DEMTRAMCYELC,TRAMCY,2059,408.9028
RE1,DEMTRAMCYELC,TRAMCY,2060,412.0201
RE1,DEMTRAMCYELC,TRAMCY,2061,415.1614
RE1,DEMTRAMCYELC,TRAMCY,2062,418.3271
RE1,DEMTRAMCYELC,TRAMCY,2063,421.5173
RE1,DEMTRAMCYELC,TRAMCY,2064,424.7321
RE1,DEMTRAMCYELC,TRAMCY,2065,427.9718
RE1,DEMTRAMCYELC,TRAMCY,2066,431.2367
RE1,DEMTRAMCYELC,TRAMCY,2067,434.5268
RE1,DEMTRAMCYELC,TRAMCY,2068,437.8424
RE1,DEMTRAMCYELC,TRAMCY,2069,441.1836
RE1,DEMTRAMCYELC,TRAMCY,2070,444.5507
RE1,DEMTRAMCYGSL,TRAMCY,2015,229.6235
RE1,DEMTRAMCYGSL,TRAMCY,2016,238.4248
RE1,DEMTRAMCYGSL,TRAMCY,2017,243.9061
RE1,DEMTRAMCYGSL,TRAMCY,2018,249.8174
RE1,DEMTRAMCYGSL,TRAMCY,2019,255.529
RE1,DEMTRAMCYGSL,TRAMCY,2020,261.2392
RE1,DEMTRAMCYGSL,TRAMCY,2021,230.5392
RE1,DEMTRAMCYGSL,TRAMCY,2022,199.8384
RE1,DEMTRAMCYGSL,TRAMCY,2023,169.1366
RE1,DEMTRAMCYGSL,TRAMCY,2024,138.4341
RE1,DEMTRAMCYGSL,TRAMCY,2025,107.7308
RE1,DEMTRAMCYGSL,TRAMCY,2026,77.5463
RE1,DEMTRAMCYGSL,TRAMCY,2027,47.3608
RE1,DEMTRAMCYGSL,TRAMCY,2028,17.1746
RE1,IMPCOA,COA,2028,331.3733
RE1,IMPCOA,COA,2029,2787.5397
RE1,IMPCOA,COA,2030,2725.424
RE1,IMPCOA,COA,2031,2813.6391
RE1,IMPCOA,COA,2032,2736.5015
RE1,IMPCOA,COA,2033,2651.4294
RE1,IMPCOA,COA,2034,2573.5359
RE1,IMPCOA,COA,2035,2471.6797
RE1,IMPCOA,COA,2036,2351.335
RE1,IMPCOA,COA,2037,2224.614
RE1,IMPCOA,COA,2038,2091.5234
RE1,IMPCOA,COA,2039,1952.5442
RE1,IMPCOA,COA,2040,1807.1223
RE1,IMPCOA,COA,2041,1654.8436
RE1,IMPCOA,COA,2042,1496.2298
RE1,IMPCOA,COA,2043,1331.2872
RE1,IMPCOA,COA,2044,1160.0403
RE1,IMPCOA,COA,2045,982.4557
RE1,IMPCOA,COA,2046,794.7659
RE1,IMPCOA,COA,2047,602.6714
RE1,IMPCOA,COA,2048,406.1762
RE1,IMPCOA,COA,2049,205.2844
RE1,IMPLFO,LFO,2015,5550.8604
RE1,IMPLFO,LFO,2016,5742.9386
RE1,IMPLFO,LFO,2017,5873.1208
RE1,IMPLFO,LFO,2018,6018.0954
RE1,IMPLFO,LFO,2019,6157.2481
RE1,IMPLFO,LFO,2020,4368.869
RE1,IMPLFO,LFO,2021,6071.1994
RE1,IMPLFO,LFO,2022,5960.8879
RE1,IMPLFO,LFO,2023,5966.1376
RE1,IMPLFO,LFO,2024,5841.2284
RE1,IMPLFO,LFO,2025,5693.9723
RE1,IMPLFO,LFO,2026,5579.1584
RE1,IMPLFO,LFO,2027,5441.169
RE1,IMPLFO,LFO,2028,5294.9438
RE1,IMPLFO,LFO,2029,5140.4866
RE1,IMPLFO,LFO,2030,4977.8012
RE1,IMPLFO,LFO,2031,4793.8056
RE1,IMPLFO,LFO,2032,4602.9546
RE1,IMPLFO,LFO,2033,4405.2537
RE1,IMPLFO,LFO,2034,4200.7078
RE1,IMPLFO,LFO,2035,3989.3213
RE1,IMPLFO,LFO,2036,3766.8364
RE1,IMPLFO,LFO,2037,3538.1331
RE1,IMPLFO,LFO,2038,3303.2135
RE1,IMPLFO,LFO,2039,3061.8231
RE1,IMPLFO,LFO,2040,2814.2673
RE1,IMPLFO,LFO,2041,2559.2651
RE1,IMPLFO,LFO,2042,2298.3873
RE1,IMPLFO,LFO,2043,2031.6354
RE1,IMPLFO,LFO,2044,1759.0106
RE1,IMPLFO,LFO,2045,1480.5143
RE1,IMPLFO,LFO,2046,1193.5769
RE1,IMPLFO,LFO,2047,902.0562
RE1,IMPLFO,LFO,2048,605.9528
RE1,IMPLFO,LFO,2049,305.2673
RE1,INDENEFFDP,INDELC,2021,37.5638
RE1,INDENEFFDP,INDELC,2022,75.1275
RE1,INDENEFFDP,INDELC,2023,112.6914
RE1,INDENEFFDP,INDELC,2024,150.2552
RE1,INDENEFFDP,INDELC,2025,187.8189
RE1,INDENEFFDP,INDELC,2026,225.3828
RE1,INDENEFFDP,INDELC,2027,262.9466
RE1,INDENEFFDP,INDELC,2028,300.5103
RE1,INDENEFFDP,INDELC,2029,338.0741
RE1,INDENEFFDP,INDELC,2030,375.6379
RE1,INDENEFFDP,INDELC,2031,375.6379
RE1,INDENEFFDP,INDELC,2032,375.6379
RE1,INDENEFFDP,INDELC,2033,375.6379
RE1,INDENEFFDP,INDELC,2034,375.6379
RE1,INDENEFFDP,INDELC,2035,375.6379
RE1,INDENEFFDP,INDELC,2036,375.6379
RE1,INDENEFFDP,INDELC,2037,375.6379
RE1,INDENEFFDP,INDELC,2038,375.6379
RE1,INDENEFFDP,INDELC,2039,375.6379
RE1,INDENEFFDP,INDELC,2040,413.2018
RE1,INDENEFFDP,INDELC,2041,450.7655
RE1,INDENEFFDP,INDELC,2042,488.3293
RE1,INDENEFFDP,INDELC,2043,525.8932
RE1,INDENEFFDP,INDELC,2044,563.4569
RE1,INDENEFFDP,INDELC,2045,601.0207
RE1,INDENEFFDP,INDELC,2046,638.5845
RE1,INDENEFFDP,INDELC,2047,676.1482
RE1,INDENEFFDP,INDELC,2048,712.1039
RE1,INDENEFFDP,INDELC,2049,744.1026
RE1,INDENEFFDP,INDELC,2050,746.0732
RE1,INDENEFFDP,INDELC,2051,782.9167
RE1,INDENEFFDP,INDELC,2052,801.3865
RE1,INDENEFFDP,INDELC,2053,810.3258
RE1,INDENEFFDP,INDELC,2054,819.3649
RE1,INDENEFFDP,INDELC,2055,828.5047
RE1,INDENEFFDP,INDELC,2056,837.7466
RE1,INDENEFFDP,INDELC,2057,847.0915
RE1,INDENEFFDP,INDELC,2058,856.5407
RE1,INDENEFFDP,INDELC,2059,866.0953
RE1,INDENEFFDP,INDELC,2060,875.7565
RE1,INDENEFFDP,INDELC,2061,885.5254
RE1,INDENEFFDP,INDELC,2062,895.4033
RE1,INDENEFFDP,INDELC,2063,905.3914
RE1,INDENEFFDP,INDELC,2064,915.4909
RE1,INDENEFFDP,INDELC,2065,925.703
RE1,INDENEFFDP,INDELC,2066,936.0291
RE1,INDENEFFDP,INDELC,2067,946.4704
RE1,INDENEFFDP,INDELC,2068,957.0281
RE1,INDENEFFDP,INDELC,2069,967.7036
RE1,INDENEFFDP,INDELC,2070,978.4982
RE1,INDENEFFGD,INDELC,2021,302.405
RE1,INDENEFFGD,INDELC,2022,302.405
RE1,INDENEFFGD,INDELC,2023,301.851
RE1,INDENEFFGD,INDELC,2024,296.8421
RE1,INDENEFFGD,INDELC,2025,281.6656
RE1,INDENEFFGD,INDELC,2026,262.535
RE1,INDENEFFGD,INDELC,2027,238.4552
RE1,INDENEFFGD,INDELC,2028,214.3754
RE1,INDENEFFGD,INDELC,2029,190.2956
RE1,INDENEFFGD,INDELC,2030,166.2158
RE1,INDENEFFGD,INDELC,2031,168.0363
RE1,INDENEFFGD,INDELC,2032,185.7983
RE1,INDENEFFGD,INDELC,2033,203.2662
RE1,INDENEFFGD,INDELC,2034,218.4376
RE1,INDENEFFGD,INDELC,2035,232.7957
RE1,INDENEFFGD,INDELC,2036,245.8229
RE1,INDENEFFGD,INDELC,2037,261.1777
RE1,INDENEFFGD,INDELC,2038,270.2508
RE1,INDENEFFGD,INDELC,2039,284.1719
RE1,INDENEFFGD,INDELC,2040,265.0722
RE1,INDENEFFGD,INDELC,2041,214.8713
RE1,INDENEFFGD,INDELC,2042,192.7516
RE1,INDENEFFGD,INDELC,2043,169.6508
RE1,INDENEFFGD,INDELC,2044,149.7642
RE1,INDENEFFGD,INDELC,2045,129.0979
RE1,INDENEFFGD,INDELC,2046,103.4286
RE1,INDENEFFGD,INDELC,2047,75.1607
RE1,INDENEFFGD,INDELC,2048,54.7826
RE1,INDENEFFGD,INDELC,2049,31.4422
RE1,INDENEFFGD,INDELC,2050,37.7293
RE1,MINBIO,BIO,2015,1097.6423
RE1,MINBIO,BIO,2016,1029.2793
RE1,MINBIO,BIO,2017,1043.3476
RE1,MINBIO,BIO,2018,1069.9028
RE1,MINBIO,BIO,2019,1090.6562
RE1,MINBIO,BIO,2020,1111.3708
RE1,MINBIO,BIO,2021,1088.7683
RE1,MINBIO,BIO,2022,1065.1452
RE1,MINBIO,BIO,2023,1040.5053
RE1,MINBIO,BIO,2024,1014.8526
RE1,MINBIO,BIO,2025,988.1904
RE1,MINBIO,BIO,2026,961.755
RE1,MINBIO,BIO,2027,934.2098
RE1,MINBIO,BIO,2028,905.5582
RE1,MINBIO,BIO,2029,875.8034
RE1,MINBIO,BIO,2030,844.9484
RE1,MINBIO,BIO,2031,693.8999
RE1,MINBIO,BIO,2032,666.1716
RE1,MINBIO,BIO,2033,637.4484
RE1,MINBIO,BIO,2034,607.7343
RE1,MINBIO,BIO,2035,577.0331
RE1,MINBIO,BIO,2036,544.5265
RE1,MINBIO,BIO,2037,511.1612
RE1,MINBIO,BIO,2038,476.9389
RE1,MINBIO,BIO,2039,441.8615
RE1,MINBIO,BIO,2040,405.9306
RE1,MINBIO,BIO,2041,369.2165
RE1,MINBIO,BIO,2042,331.6375
RE1,MINBIO,BIO,2043,293.1948
RE1,MINBIO,BIO,2044,253.8896
RE1,MINBIO,BIO,2045,213.7229
RE1,MINBIO,BIO,2046,172.2936
RE1,MINBIO,BIO,2047,130.2062
RE1,MINBIO,BIO,2048,87.4612
RE1,MINBIO,BIO,2049,44.059
RE1,MINCOA,COA,2015,1201.8754
RE1,MINCOA,COA,2016,1120.3443
RE1,MINCOA,COA,2017,1134.9327
RE1,MINCOA,COA,2018,1505.5929
RE1,MINCOA,COA,2019,1522.2298
RE1,MINCOA,COA,2020,1538.8413
RE1,MINCOA,COA,2021,1550.3677
RE1,MINCOA,COA,2022,1588.5705
RE1,MINCOA,COA,2023,2168.4131
RE1,MINCOA,COA,2024,2995.4552
RE1,MINCOA,COA,2025,2961.8663
RE1,MINCOA,COA,2026,2928.3835
RE1,MINCOA,COA,2027,2887.7589
RE1,MINCOA,COA,2028,2508.6275
RE1,MINGEO,GEO,2021,1.4486
RE1,MINGEO,GEO,2022,1.4486
RE1,MINGEO,GEO,2023,1.4486
RE1,MINGEO,GEO,2024,1.4486
RE1,MINGEO,GEO,2025,1.4486
RE1,MINGEO,GEO,2026,1.4486
RE1,MINGEO,GEO,2027,1.4486
RE1,MINGEO,GEO,2028,1.4486
RE1,MINGEO,GEO,2029,1.4486
RE1,MINGEO,GEO,2030,1.4486
RE1,MINGEO,GEO,2031,1.4486
RE1,MINGEO,GEO,2032,1.4486
RE1,MINGEO,GEO,2033,1.4486
RE1,MINGEO,GEO,2034,1.4486
RE1,MINGEO,GEO,2035,1.4486
RE1,MINGEO,GEO,2036,1.4486
RE1,MINGEO,GEO,2037,1.4486
RE1,MINGEO,GEO,2038,1.4486
RE1,MINGEO,GEO,2039,1.4486
RE1,MINGEO,GEO,2040,1.4486
RE1,MINGEO,GEO,2041,1.4486
RE1,MINGEO,GEO,2042,1.4486
RE1,MINGEO,GEO,2043,1.4486
RE1,MINGEO,GEO,2044,1.4486
RE1,MINGEO,GEO,2045,1.4486
RE1,MINGEO,GEO,2046,1.4486
RE1,MINGEO,GEO,2047,1.4486
RE1,MINGEO,GEO,2048,1.4486
RE1,MINGEO,GEO,2049,1.4486
RE1,MINGEO,GEO,2050,1.4486
RE1,MINGEO,GEO,2051,1.4486
RE1,MINGEO,GEO,2052,1.4486
RE1,MINGEO,GEO,2053,1.4486
RE1,MINGEO,GEO,2054,1.4486
RE1,MINGEO,GEO,2055,1.4486
RE1,MINGEO,GEO,2056,1.4486
RE1,MINGEO,GEO,2057,1.4486
RE1,MINGEO,GEO,2058,1.4486
RE1,MINGEO,GEO,2059,1.4486
RE1,MINGEO,GEO,2060,1.4486
RE1,MINGEO,GEO,2061,1.4486
RE1,MINGEO,GEO,2062,1.4486
RE1,MINGEO,GEO,2063,1.4486
RE1,MINGEO,GEO,2064,1.4486
RE1,MINGEO,GEO,2065,1.4486
RE1,MINGEO,GEO,2066,1.4486
RE1,MINGEO,GEO,2067,1.4486
RE1,MINGEO,GEO,2068,1.4486
RE1,MINGEO,GEO,2069,1.4486
RE1,MINGEO,GEO,2070,1.4486
RE1,MINHYD,HYD,2015,29.4911
RE1,MINHYD,HYD,2016,29.4911
RE1,MINHYD,HYD,2017,29.4911
RE1,MINHYD,HYD,2018,29.4911
RE1,MINHYD,HYD,2019,29.4911
RE1,MINHYD,HYD,2020,29.4911
RE1,MINHYD,HYD,2021,35.9157
RE1,MINHYD,HYD,2022,40.8218
RE1,MINHYD,HYD,2023,40.8218
RE1,MINHYD,HYD,2024,40.8218
RE1,MINHYD,HYD,2025,40.8218
RE1,MINHYD,HYD,2026,40.8218
RE1,MINHYD,HYD,2027,40.8218
RE1,MINHYD,HYD,2028,40.8218
RE1,MINHYD,HYD,2029,40.8218
RE1,MINHYD,HYD,2030,40.8218
RE1,MINHYD,HYD,2031,40.8218
RE1,MINHYD,HYD,2032,40.8218
RE1,MINHYD,HYD,2033,40.8218
RE1,MINHYD,HYD,2034,40.8218
RE1,MINHYD,HYD,2035,40.8218
RE1,MINHYD,HYD,2036,40.8218
RE1,MINHYD,HYD,2037,40.8218
RE1,MINHYD,HYD,2038,40.8218
RE1,MINHYD,HYD,2039,40.8218
RE1,MINHYD,HYD,2040,40.8218
RE1,MINHYD,HYD,2041,40.8218
RE1,MINHYD,HYD,2042,40.8218
RE1,MINHYD,HYD,2043,40.8218
RE1,MINHYD,HYD,2044,40.8218
RE1,MINHYD,HYD,2045,40.8218
RE1,MINHYD,HYD,2046,40.8218
RE1,MINHYD,HYD,2047,40.8218
RE1,MINHYD,HYD,2048,40.8218
RE1,MINHYD,HYD,2049,40.8218
RE1,MINHYD,HYD,2050,40.8218
RE1,MINHYD,HYD,2051,40.8218
RE1,MINHYD,HYD,2052,40.8218
RE1,MINHYD,HYD,2053,40.8218
RE1,MINHYD,HYD,2054,40.8218
RE1,MINHYD,HYD,2055,40.8218
RE1,MINHYD,HYD,2056,40.8218
RE1,MINHYD,HYD,2057,40.8218
RE1,MINHYD,HYD,2058,40.8218
RE1,MINHYD,HYD,2059,40.8218
RE1,MINHYD,HYD,2060,40.8218
RE1,MINHYD,HYD,2061,40.8218
RE1,MINHYD,HYD,2062,40.8218
RE1,MINHYD,HYD,2063,40.8218
RE1,MINHYD,HYD,2064,40.8218
RE1,MINHYD,HYD,2065,40.8218
RE1,MINHYD,HYD,2066,40.8218
RE1,MINHYD,HYD,2067,40.8218
RE1,MINHYD,HYD,2068,40.8218
RE1,MINHYD,HYD,2069,40.8218
RE1,MINHYD,HYD,2070,40.8218
RE1,MINNGS,NGS,2015,784.854
RE1,MINNGS,NGS,2016,817.825
RE1,MINNGS,NGS,2017,846.9226
RE1,MINNGS,NGS,2018,705.1737
RE1,MINNGS,NGS,2019,767.0326
RE1,MINNGS,NGS,2020,828.851
RE1,MINNGS,NGS,2021,818.6919
RE1,MINNGS,NGS,2022,790.4612
RE1,MINNGS,NGS,2023,464.2065
RE1,MINOIL,OIL,2020,2141.65
RE1,MINSOL,SOL,2015,8.5316
RE1,MINSOL,SOL,2016,8.5316
RE1,MINSOL,SOL,2017,8.5316
RE1,MINSOL,SOL,2018,8.5316
RE1,MINSOL,SOL,2019,8.5316
RE1,MINSOL,SOL,2020,8.5316
RE1,MINSOL,SOL,2021,80.1293
RE1,MINSOL,SOL,2022,172.6744
RE1,MINSOL,SOL,2023,206.4313
RE1,MINSOL,SOL,2024,221.9387
RE1,MINSOL,SOL,2025,240.5783
RE1,MINSOL,SOL,2026,307.4709
RE1,MINSOL,SOL,2027,341.5251
RE1,MINSOL,SOL,2028,369.0968
RE1,MINSOL,SOL,2029,385.8803
RE1,MINSOL,SOL,2030,516.8297
RE1,MINSOL,SOL,2031,537.9469
RE1,MINSOL,SOL,2032,637.6614
RE1,MINSOL,SOL,2033,679.4326
RE1,MINSOL,SOL,2034,724.6965
RE1,MINSOL,SOL,2035,778.885
RE1,MINSOL,SOL,2036,832.6753
RE1,MINSOL,SOL,2037,881.5856
RE1,MINSOL,SOL,2038,947.6005
RE1,MINSOL,SOL,2039,1023.0993
RE1,MINSOL,SOL,2040,1071.244
RE1,MINSOL,SOL,2041,1111.0995
RE1,MINSOL,SOL,2042,1149.3161
RE1,MINSOL,SOL,2043,1184.4334
RE1,MINSOL,SOL,2044,1206.4456
RE1,MINSOL,SOL,2045,1429.4209
RE1,MINSOL,SOL,2046,1448.4382
RE1,MINSOL,SOL,2047,1440.7034
RE1,MINSOL,SOL,2048,1631.4202
RE1,MINSOL,SOL,2049,1846.6003
RE1,MINSOL,SOL,2050,2130.3211
RE1,MINSOL,SOL,2051,2144.4029
RE1,MINSOL,SOL,2052,2158.6115
RE1,MINSOL,SOL,2053,2176.5155
RE1,MINSOL,SOL,2054,2194.8884
RE1,MINSOL,SOL,2055,2213.4124
RE1,MINSOL,SOL,2056,2232.0889
RE1,MINSOL,SOL,2057,2250.919
RE1,MINSOL,SOL,2058,2269.9042
RE1,MINSOL,SOL,2059,2289.0457
RE1,MINSOL,SOL,2060,2308.3449
RE1,MINSOL,SOL,2061,2327.8031
RE1,MINSOL,SOL,2062,2347.4216
RE1,MINSOL,SOL,2063,2367.2018
RE1,MINSOL,SOL,2064,2387.1451
RE1,MINSOL,SOL,2065,2407.2529
RE1,MINSOL,SOL,2066,2427.5265
RE1,MINSOL,SOL,2067,2447.9674
RE1,MINSOL,SOL,2068,2468.577
RE1,MINSOL,SOL,2069,2489.3566
RE1,MINSOL,SOL,2070,2510.3079
RE1,MINWND,WND,2015,1.0542
RE1,MINWND,WND,2016,1.0542
RE1,MINWND,WND,2017,1.0542
RE1,MINWND,WND,2018,1.0542
RE1,MINWND,WND,2019,1.0542
RE1,MINWND,WND,2020,1.0542
RE1,MINWND,WND,2021,1.0542
RE1,MINWND,WND,2022,1.0391
RE1,MINWND,WND,2023,1.0391
RE1,MINWND,WND,2024,1.0391
RE1,MINWND,WND,2025,1.0391
RE1,MINWND,WND,2026,33.2276
RE1,MINWND,WND,2027,112.3451
RE1,MINWND,WND,2028,200.3362
RE1,MINWND,WND,2029,303.1383
RE1,MINWND,WND,2030,322.8578
RE1,MINWND,WND,2031,447.2409
RE1,MINWND,WND,2032,497.6218
RE1,MINWND,WND,2033,614.0131
RE1,MINWND,WND,2034,726.0685
RE1,MINWND,WND,2035,834.4188
RE1,MINWND,WND,2036,943.0511
RE1,MINWND,WND,2037,1062.674
RE1,MINWND,WND,2038,1162.0703
RE1,MINWND,WND,2039,1249.7217
RE1,MINWND,WND,2040,1350.957
RE1,MINWND,WND,2041,1471.8311
RE1,MINWND,WND,2042,1628.6055
RE1,MINWND,WND,2043,1798.8485
RE1,MINWND,WND,2044,1988.605
RE1,MINWND,WND,2045,2089.1177
RE1,MINWND,WND,2046,2276.6657
RE1,MINWND,WND,2047,2501.6891
RE1,MINWND,WND,2048,2591.5482
RE1,MINWND,WND,2049,2670.6358
RE1,MINWND,WND,2050,2731.6381
RE1,MINWND,WND,2051,2755.1079
RE1,MINWND,WND,2052,2778.7887
RE1,MINWND,WND,2053,2802.6827
RE1,MINWND,WND,2054,2826.7917
RE1,MINWND,WND,2055,2851.1177
RE1,MINWND,WND,2056,2875.6629
RE1,MINWND,WND,2057,2900.4293
RE1,MINWND,WND,2058,2925.4188
RE1,MINWND,WND,2059,2950.6337
RE1,MINWND,WND,2060,2976.076
RE1,MINWND,WND,2061,3001.7479
RE1,MINWND,WND,2062,3027.6515
RE1,MINWND,WND,2063,3053.789
RE1,MINWND,WND,2064,3080.1625
RE1,MINWND,WND,2065,3106.7744
RE1,MINWND,WND,2066,3133.6268
RE1,MINWND,WND,2067,3160.7219
RE1,MINWND,WND,2068,3188.0622
RE1,MINWND,WND,2069,3215.6498
RE1,MINWND,WND,2070,3243.4871
RE1,PWRBIO001,ELC001,2015,70.9047
RE1,PWRBIO001,ELC001,2016,70.9047
RE1,PWRBIO001,ELC001,2017,70.9047
RE1,PWRBIO001,ELC001,2018,70.9047
RE1,PWRBIO001,ELC001,2019,70.9047
RE1,PWRBIO001,ELC001,2020,70.9047
RE1,PWRBIO001,ELC001,2021,56.6295
RE1,PWRBIO001,ELC001,2022,70.9047
RE1,PWRBIO001,ELC001,2023,70.9047
RE1,PWRBIO001,ELC001,2024,64.6303
RE1,PWRBIO001,ELC001,2025,64.8344
RE1,PWRBIO001,ELC001,2026,70.9047
RE1,PWRBIO001,ELC001,2027,70.9047
RE1,PWRBIO001,ELC001,2028,56.5083
RE1,PWRBIO001,ELC001,2029,40.847
RE1,PWRBIO001,ELC001,2030,56.5554
RE1,PWRCOA001,ELC001,2015,123.6759
RE1,PWRCOA001,ELC001,2016,123.6759
RE1,PWRCOA001,ELC001,2017,124.3723
RE1,PWRCOA001,ELC001,2018,229.5474
RE1,PWRCOA001,ELC001,2019,229.5474
RE1,PWRCOA001,ELC001,2020,229.5474
RE1,PWRCOA001,ELC001,2021,229.5474
RE1,PWRCOA001,ELC001,2022,237.5634
RE1,PWRCOA001,ELC001,2023,408.239
RE1,PWRCOA001,ELC001,2024,653.1533
RE1,PWRCOA001,ELC001,2025,639.6241
RE1,PWRCOA001,ELC001,2026,625.7687
RE1,PWRCOA001,ELC001,2027,609.7734
RE1,PWRCOA001,ELC001,2028,591.6404
RE1,PWRCOA001,ELC001,2029,572.0995
RE1,PWRCOA001,ELC001,2030,549.6632
RE1,PWRCOA001,ELC001,2031,572.7438
RE1,PWRCOA001,ELC001,2032,546.1753
RE1,PWRCOA001,ELC001,2033,517.2304
RE1,PWRCOA001,ELC001,2034,490.4471
RE1,PWRCOA001,ELC001,2035,456.4733
RE1,PWRCOA001,ELC001,2036,417.3608
RE1,PWRCOA001,ELC001,2037,376.3366
RE1,PWRCOA001,ELC001,2038,333.4027
RE1,PWRCOA001,ELC001,2039,288.7034
RE1,PWRCOA001,ELC001,2040,242.0722
RE1,PWRCOA001,ELC001,2041,193.2577
RE1,PWRCOA001,ELC001,2042,162.2248
RE1,PWRCOA001,ELC001,2043,130.9013
RE1,PWRCOA001,ELC001,2044,92.377
RE1,PWRCOA001,ELC001,2045,114.8135
RE1,PWRCOA001,ELC001,2046,61.8608
RE1,PWRCOA001,ELC001,2047,12.3494
RE1,PWRCSP002,ELC001,2015,0.0274
RE1,PWRCSP002,ELC001,2016,0.0274
RE1,PWRCSP002,ELC001,2017,0.0274
RE1,PWRCSP002,ELC001,2018,0.0274
RE1,PWRCSP002,ELC001,2019,0.0274
RE1,PWRCSP002,ELC001,2020,0.0274
RE1,PWRCSP002,ELC001,2021,0.0274
RE1,PWRCSP002,ELC001,2022,0.0274
RE1,PWRCSP002,ELC001,2023,0.0274
RE1,PWRCSP002,ELC001,2024,0.0274
RE1,PWRCSP002,ELC001,2025,0.0274
RE1,PWRCSP002,ELC001,2026,0.0274
RE1,PWRCSP002,ELC001,2027,0.0274
RE1,PWRCSP002,ELC001,2028,0.0274
RE1,PWRCSP002,ELC001,2029,0.0274
RE1,PWRCSP002,ELC001,2030,0.0274
RE1,PWRCSP002,ELC001,2031,0.0274
RE1,PWRCSP002,ELC001,2032,0.0274
RE1,PWRCSP002,ELC001,2033,0.0274
RE1,PWRCSP002,ELC001,2034,0.0274
RE1,PWRCSP002,ELC001,2035,0.0274
RE1,PWRCSP002,ELC001,2036,0.0274
RE1,PWRCSP002,ELC001,2037,0.0274
RE1,PWRCSP002,ELC001,2038,0.0274
RE1,PWRCSP002,ELC001,2039,0.0274
RE1,PWRCSP002,ELC001,2040,0.0274
RE1,PWRCSP002,ELC001,2041,0.0274
RE1,PWRCSP002,ELC001,2042,0.0274
RE1,PWRCSP002,ELC001,2043,0.0274
RE1,PWRCSP002,ELC001,2048,76.4913
RE1,PWRCSP002,ELC001,2049,244.2188
RE1,PWRCSP002,ELC001,2050,491.3382
RE1,PWRCSP002,ELC001,2051,491.3382
RE1,PWRCSP002,ELC001,2052,491.3382
RE1,PWRCSP002,ELC001,2053,494.9059
RE1,PWRCSP002,ELC001,2054,498.8134
RE1,PWRCSP002,ELC001,2055,502.7418
RE1,PWRCSP002,ELC001,2056,506.6911
RE1,PWRCSP002,ELC001,2057,510.6614
RE1,PWRCSP002,ELC001,2058,514.6529
RE1,PWRCSP002,ELC001,2059,518.6655
RE1,PWRCSP002,ELC001,2060,522.6993
RE1,PWRCSP002,ELC001,2061,526.7543
RE1,PWRCSP002,ELC001,2062,530.8307
RE1,PWRCSP002,ELC001,2063,534.9285
RE1,PWRCSP002,ELC001,2064,539.0476
RE1,PWRCSP002,ELC001,2065,543.1883
RE1,PWRCSP002,ELC001,2066,547.3504
RE1,PWRCSP002,ELC001,2067,551.5343
RE1,PWRCSP002,ELC001,2068,555.7397
RE1,PWRCSP002,ELC001,2069,559.9668
RE1,PWRCSP002,ELC001,2070,564.2157
RE1,PWRDIST,ELC003,2015,668.4143
RE1,PWRDIST,ELC003,2016,706.2764
RE1,PWRDIST,ELC003,2017,739.1412
RE1,PWRDIST,ELC003,2018,772.1574
RE1,PWRDIST,ELC003,2019,804.5514
RE1,PWRDIST,ELC003,2020,836.9454
RE1,PWRDIST,ELC003,2021,891.5509
RE1,PWRDIST,ELC003,2022,989.8678
RE1,PWRDIST,ELC003,2023,987.6066
RE1,PWRDIST,ELC003,2024,1078.4568
RE1,PWRDIST,ELC003,2025,1189.3816
RE1,PWRDIST,ELC003,2026,1226.2374
RE1,PWRDIST,ELC003,2027,1299.716
RE1,PWRDIST,ELC003,2028,1375.7834
RE1,PWRDIST,ELC003,2029,1471.6865
RE1,PWRDIST,ELC003,2030,1532.8535
RE1,PWRDIST,ELC003,2031,1651.5354
RE1,PWRDIST,ELC003,2032,1713.3079
RE1,PWRDIST,ELC003,2033,1835.9467
RE1,PWRDIST,ELC003,2034,1959.911
RE1,PWRDIST,ELC003,2035,2082.0926
RE1,PWRDIST,ELC003,2036,2199.384
RE1,PWRDIST,ELC003,2037,2320.7235
RE1,PWRDIST,ELC003,2038,2437.3802
RE1,PWRDIST,ELC003,2039,2550.301
RE1,PWRDIST,ELC003,2040,2676.3575
RE1,PWRDIST,ELC003,2041,2820.9899
RE1,PWRDIST,ELC003,2042,3013.4754
RE1,PWRDIST,ELC003,2043,3212.701
RE1,PWRDIST,ELC003,2044,3398.9046
RE1,PWRDIST,ELC003,2045,3571.8691
RE1,PWRDIST,ELC003,2046,3736.8156
RE1,PWRDIST,ELC003,2047,3944.0444
RE1,PWRDIST,ELC003,2048,4135.1245
RE1,PWRDIST,ELC003,2049,4415.9311
RE1,PWRDIST,ELC003,2050,4744.8516
RE1,PWRDIST,ELC003,2051,4780.5257
RE1,PWRDIST,ELC003,2052,4816.5206
RE1,PWRDIST,ELC003,2053,4856.2287
RE1,PWRDIST,ELC003,2054,4896.5865
RE1,PWRDIST,ELC003,2055,4937.2941
RE1,PWRDIST,ELC003,2056,4978.3547
RE1,PWRDIST,ELC003,2057,5019.7713
RE1,PWRDIST,ELC003,2058,5061.5473
RE1,PWRDIST,ELC003,2059,5103.6859
RE1,PWRDIST,ELC003,2060,5146.1904
RE1,PWRDIST,ELC003,2061,5189.0639
RE1,PWRDIST,ELC003,2062,5232.3099
RE1,PWRDIST,ELC003,2063,5275.9317
RE1,PWRDIST,ELC003,2064,5319.9327
RE1,PWRDIST,ELC003,2065,5364.3163
RE1,PWRDIST,ELC003,2066,5409.086
RE1,PWRDIST,ELC003,2067,5454.2453
RE1,PWRDIST,ELC003,2068,5499.7976
RE1,PWRDIST,ELC003,2069,5545.7466
RE1,PWRDIST,ELC003,2070,5592.0958
RE1,PWRGEO,ELC001,2021,0.1449
RE1,PWRGEO,ELC001,2022,0.1449
RE1,PWRGEO,ELC001,2023,0.1449
RE1,PWRGEO,ELC001,2024,0.1449
RE1,PWRGEO,ELC001,2025,0.1449
RE1,PWRGEO,ELC001,2026,0.1449
RE1,PWRGEO,ELC001,2027,0.1449
RE1,PWRGEO,ELC001,2028,0.1449
RE1,PWRGEO,ELC001,2029,0.1449
RE1,PWRGEO,ELC001,2030,0.1449
RE1,PWRGEO,ELC001,2031,0.1449
RE1,PWRGEO,ELC001,2032,0.1449
RE1,PWRGEO,ELC001,2033,0.1449
RE1,PWRGEO,ELC001,2034,0.1449
RE1,PWRGEO,ELC001,2035,0.1449
RE1,PWRGEO,ELC001,2036,0.1449
RE1,PWRGEO,ELC001,2037,0.1449
RE1,PWRGEO,ELC001,2038,0.1449
RE1,PWRGEO,ELC001,2039,0.1449
RE1,PWRGEO,ELC001,2040,0.1449
RE1,PWRGEO,ELC001,2041,0.1449
RE1,PWRGEO,ELC001,2042,0.1449
RE1,PWRGEO,ELC001,2043,0.1449
RE1,PWRGEO,ELC001,2044,0.1449
RE1,PWRGEO,ELC001,2045,0.1449
RE1,PWRGEO,ELC001,2046,0.1449
RE1,PWRGEO,ELC001,2047,0.1449
RE1,PWRGEO,ELC001,2048,0.1449
RE1,PWRGEO,ELC001,2049,0.1449
RE1,PWRGEO,ELC001,2050,0.1449
RE1,PWRGEO,ELC001,2051,0.1449
RE1,PWRGEO,ELC001,2052,0.1449
RE1,PWRGEO,ELC001,2053,0.1449
RE1,PWRGEO,ELC001,2054,0.1449
RE1,PWRGEO,ELC001,2055,0.1449
RE1,PWRGEO,ELC001,2056,0.1449
RE1,PWRGEO,ELC001,2057,0.1449
RE1,PWRGEO,ELC001,2058,0.1449
RE1,PWRGEO,ELC001,2059,0.1449
RE1,PWRGEO,ELC001,2060,0.1449
RE1,PWRGEO,ELC001,2061,0.1449
RE1,PWRGEO,ELC001,2062,0.1449
RE1,PWRGEO,ELC001,2063,0.1449
RE1,PWRGEO,ELC001,2064,0.1449
RE1,PWRGEO,ELC001,2065,0.1449
RE1,PWRGEO,ELC001,2066,0.1449
RE1,PWRGEO,ELC001,2067,0.1449
RE1,PWRGEO,ELC001,2068,0.1449
RE1,PWRGEO,ELC001,2069,0.1449
RE1,PWRGEO,ELC001,2070,0.1449
RE1,PWRHYD001,ELC001,2015,28.3385
RE1,PWRHYD001,ELC001,2016,28.3385
RE1,PWRHYD001,ELC001,2017,28.3385
RE1,PWRHYD001,ELC001,2018,28.3385
RE1,PWRHYD001,ELC001,2019,28.3385
RE1,PWRHYD001,ELC001,2020,28.3385
RE1,PWRHYD001,ELC001,2021,33.9883
RE1,PWRHYD001,ELC001,2022,33.9883
RE1,PWRHYD001,ELC001,2023,33.9883
RE1,PWRHYD001,ELC001,2024,33.9883
RE1,PWRHYD001,ELC001,2025,33.9883
RE1,PWRHYD001,ELC001,2026,33.9883
RE1,PWRHYD001,ELC001,2027,33.9883
RE1,PWRHYD001,ELC001,2028,33.9883
RE1,PWRHYD001,ELC001,2029,33.9883
RE1,PWRHYD001,ELC001,2030,33.9883
RE1,PWRHYD001,ELC001,2031,33.9883
RE1,PWRHYD001,ELC001,2032,33.9883
RE1,PWRHYD001,ELC001,2033,33.9883
RE1,PWRHYD001,ELC001,2034,33.9883
RE1,PWRHYD001,ELC001,2035,33.9883
RE1,PWRHYD001,ELC001,2036,33.9883
RE1,PWRHYD001,ELC001,2037,33.9883
RE1,PWRHYD001,ELC001,2038,33.9883
RE1,PWRHYD001,ELC001,2039,33.9883
RE1,PWRHYD001,ELC001,2040,33.9883
RE1,PWRHYD001,ELC001,2041,33.9883
RE1,PWRHYD001,ELC001,2042,33.9883
RE1,PWRHYD001,ELC001,2043,33.9883
RE1,PWRHYD001,ELC001,2044,33.9883
RE1,PWRHYD001,ELC001,2045,33.9883
RE1,PWRHYD001,ELC001,2046,33.9883
RE1,PWRHYD001,ELC001,2047,33.9883
RE1,PWRHYD001,ELC001,2048,33.9883
RE1,PWRHYD001,ELC001,2049,33.9883
RE1,PWRHYD001,ELC001,2050,33.9883
RE1,PWRHYD001,ELC001,2051,33.9883
RE1,PWRHYD001,ELC001,2052,33.9883
RE1,PWRHYD001,ELC001,2053,33.9883
RE1,PWRHYD001,ELC001,2054,33.9883
RE1,PWRHYD001,ELC001,2055,33.9883
RE1,PWRHYD001,ELC001,2056,33.9883
RE1,PWRHYD001,ELC001,2057,33.9883
RE1,PWRHYD001,ELC001,2058,33.9883
RE1,PWRHYD001,ELC001,2059,33.9883
RE1,PWRHYD001,ELC001,2060,33.9883
RE1,PWRHYD001,ELC001,2061,33.9883
RE1,PWRHYD001,ELC001,2062,33.9883
RE1,PWRHYD001,ELC001,2063,33.9883
RE1,PWRHYD001,ELC001,2064,33.9883
RE1,PWRHYD001,ELC001,2065,33.9883
RE1,PWRHYD001,ELC001,2066,33.9883
RE1,PWRHYD001,ELC001,2067,33.9883
RE1,PWRHYD001,ELC001,2068,33.9883
RE1,PWRHYD001,ELC001,2069,33.9883
RE1,PWRHYD001,ELC001,2070,33.9883
RE1,PWRHYD002,ELC001,2015,1.1526
RE1,PWRHYD002,ELC001,2016,1.1526
RE1,PWRHYD002,ELC001,2017,1.1526
RE1,PWRHYD002,ELC001,2018,1.1526
RE1,PWRHYD002,ELC001,2019,1.1526
RE1,PWRHYD002,ELC001,2020,1.1526
RE1,PWRHYD002,ELC001,2021,1.3823
RE1,PWRHYD002,ELC001,2022,1.3823
RE1,PWRHYD002,ELC001,2023,1.3823
RE1,PWRHYD002,ELC001,2024,1.3823
RE1,PWRHYD002,ELC001,2025,1.3823
RE1,PWRHYD002,ELC001,2026,1.3823
RE1,PWRHYD002,ELC001,2027,1.3823
RE1,PWRHYD002,ELC001,2028,1.3823
RE1,PWRHYD002,ELC001,2029,1.3823
RE1,PWRHYD002,ELC001,2030,1.3823
RE1,PWRHYD002,ELC001,2031,1.3823
RE1,PWRHYD002,ELC001,2032,1.3823
RE1,PWRHYD002,ELC001,2033,1.3823
RE1,PWRHYD002,ELC001,2034,1.3823
RE1,PWRHYD002,ELC001,2035,1.3823
RE1,PWRHYD002,ELC001,2036,1.3823
RE1,PWRHYD002,ELC001,2037,1.3823
RE1,PWRHYD002,ELC001,2038,1.3823
RE1,PWRHYD002,ELC001,2039,1.3823
RE1,PWRHYD002,ELC001,2040,1.3823
RE1,PWRHYD002,ELC001,2041,1.3823
RE1,PWRHYD002,ELC001,2042,1.3823
RE1,PWRHYD002,ELC001,2043,1.3823
RE1,PWRHYD002,ELC001,2044,1.3823
RE1,PWRHYD002,ELC001,2045,1.3823
RE1,PWRHYD002,ELC001,2046,1.3823
RE1,PWRHYD002,ELC001,2047,1.3823
RE1,PWRHYD002,ELC001,2048,1.3823
RE1,PWRHYD002,ELC001,2049,1.3823
RE1,PWRHYD002,ELC001,2050,1.3823
RE1,PWRHYD002,ELC001,2051,1.3823
RE1,PWRHYD002,ELC001,2052,1.3823
RE1,PWRHYD002,ELC001,2053,1.3823
RE1,PWRHYD002,ELC001,2054,1.3823
RE1,PWRHYD002,ELC001,2055,1.3823
RE1,PWRHYD002,ELC001,2056,1.3823
RE1,PWRHYD002,ELC001,2057,1.3823
RE1,PWRHYD002,ELC001,2058,1.3823
RE1,PWRHYD002,ELC001,2059,1.3823
RE1,PWRHYD002,ELC001,2060,1.3823
RE1,PWRHYD002,ELC001,2061,1.3823
RE1,PWRHYD002,ELC001,2062,1.3823
RE1,PWRHYD002,ELC001,2063,1.3823
RE1,PWRHYD002,ELC001,2064,1.3823
RE1,PWRHYD002,ELC001,2065,1.3823
RE1,PWRHYD002,ELC001,2066,1.3823
RE1,PWRHYD002,ELC001,2067,1.3823
RE1,PWRHYD002,ELC001,2068,1.3823
RE1,PWRHYD002,ELC001,2069,1.3823
RE1,PWRHYD002,ELC001,2070,1.3823
RE1,PWRHYD003,ELC001,2022,4.9061
RE1,PWRHYD003,ELC001,2023,4.9061
RE1,PWRHYD003,ELC001,2024,4.9061
RE1,PWRHYD003,ELC001,2025,4.9061
RE1,PWRHYD003,ELC001,2026,4.9061
RE1,PWRHYD003,ELC001,2027,4.9061
RE1,PWRHYD003,ELC001,2028,4.9061
RE1,PWRHYD003,ELC001,2029,4.9061
RE1,PWRHYD003,ELC001,2030,4.9061
RE1,PWRHYD003,ELC001,2031,4.9061
RE1,PWRHYD003,ELC001,2032,4.9061
RE1,PWRHYD003,ELC001,2033,4.9061
RE1,PWRHYD003,ELC001,2034,4.9061
RE1,PWRHYD003,ELC001,2035,4.9061
RE1,PWRHYD003,ELC001,2036,4.9061
RE1,PWRHYD003,ELC001,2037,4.9061
RE1,PWRHYD003,ELC001,2038,4.9061
RE1,PWRHYD003,ELC001,2039,4.9061
RE1,PWRHYD003,ELC001,2040,4.9061
RE1,PWRHYD003,ELC001,2041,4.9061
RE1,PWRHYD003,ELC001,2042,4.9061
RE1,PWRHYD003,ELC001,2043,4.9061
RE1,PWRHYD003,ELC001,2044,4.9061
RE1,PWRHYD003,ELC001,2045,4.9061
RE1,PWRHYD003,ELC001,2046,4.9061
RE1,PWRHYD003,ELC001,2047,4.9061
RE1,PWRHYD003,ELC001,2048,4.9061
RE1,PWRHYD003,ELC001,2049,4.9061
RE1,PWRHYD003,ELC001,2050,4.9061
RE1,PWRHYD003,ELC001,2051,4.9061
RE1,PWRHYD003,ELC001,2052,4.9061
RE1,PWRHYD003,ELC001,2053,4.9061
RE1,PWRHYD003,ELC001,2054,4.9061
RE1,PWRHYD003,ELC001,2055,4.9061
RE1,PWRHYD003,ELC001,2056,4.9061
RE1,PWRHYD003,ELC001,2057,4.9061
RE1,PWRHYD003,ELC001,2058,4.9061
RE1,PWRHYD003,ELC001,2059,4.9061
RE1,PWRHYD003,ELC001,2060,4.9061
RE1,PWRHYD003,ELC001,2061,4.9061
RE1,PWRHYD003,ELC001,2062,4.9061
RE1,PWRHYD003,ELC001,2063,4.9061
RE1,PWRHYD003,ELC001,2064,4.9061
RE1,PWRHYD003,ELC001,2065,4.9061
RE1,PWRHYD003,ELC001,2066,4.9061
RE1,PWRHYD003,ELC001,2067,4.9061
RE1,PWRHYD003,ELC001,2068,4.9061
RE1,PWRHYD003,ELC001,2069,4.9061
RE1,PWRHYD003,ELC001,2070,4.9061
RE1,PWRHYD004,ELC003,2021,0.5451
RE1,PWRHYD004,ELC003,2022,0.5451
RE1,PWRHYD004,ELC003,2023,0.5451
RE1,PWRHYD004,ELC003,2024,0.5451
RE1,PWRHYD004,ELC003,2025,0.5451
RE1,PWRHYD004,ELC003,2026,0.5451
RE1,PWRHYD004,ELC003,2027,0.5451
RE1,PWRHYD004,ELC003,2028,0.5451
RE1,PWRHYD004,ELC003,2029,0.5451
RE1,PWRHYD004,ELC003,2030,0.5451
RE1,PWRHYD004,ELC003,2031,0.5451
RE1,PWRHYD004,ELC003,2032,0.5451
RE1,PWRHYD004,ELC003,2033,0.5451
RE1,PWRHYD004,ELC003,2034,0.5451
RE1,PWRHYD004,ELC003,2035,0.5451
RE1,PWRHYD004,ELC003,2036,0.5451
RE1,PWRHYD004,ELC003,2037,0.5451
RE1,PWRHYD004,ELC003,2038,0.5451
RE1,PWRHYD004,ELC003,2039,0.5451
RE1,PWRHYD004,ELC003,2040,0.5451
RE1,PWRHYD004,ELC003,2041,0.5451
RE1,PWRHYD004,ELC003,2042,0.5451
RE1,PWRHYD004,ELC003,2043,0.5451
RE1,PWRHYD004,ELC003,2044,0.5451
RE1,PWRHYD004,ELC003,2045,0.5451
RE1,PWRHYD004,ELC003,2046,0.5451
RE1,PWRHYD004,ELC003,2047,0.5451
RE1,PWRHYD004,ELC003,2048,0.5451
RE1,PWRHYD004,ELC003,2049,0.5451
RE1,PWRHYD004,ELC003,2050,0.5451
RE1,PWRHYD004,ELC003,2051,0.5451
RE1,PWRHYD004,ELC003,2052,0.5451
RE1,PWRHYD004,ELC003,2053,0.5451
RE1,PWRHYD004,ELC003,2054,0.5451
RE1,PWRHYD004,ELC003,2055,0.5451
RE1,PWRHYD004,ELC003,2056,0.5451
RE1,PWRHYD004,ELC003,2057,0.5451
RE1,PWRHYD004,ELC003,2058,0.5451
RE1,PWRHYD004,ELC003,2059,0.5451
RE1,PWRHYD004,ELC003,2060,0.5451
RE1,PWRHYD004,ELC003,2061,0.5451
RE1,PWRHYD004,ELC003,2062,0.5451
RE1,PWRHYD004,ELC003,2063,0.5451
RE1,PWRHYD004,ELC003,2064,0.5451
RE1,PWRHYD004,ELC003,2065,0.5451
RE1,PWRHYD004,ELC003,2066,0.5451
RE1,PWRHYD004,ELC003,2067,0.5451
RE1,PWRHYD004,ELC003,2068,0.5451
RE1,PWRHYD004,ELC003,2069,0.5451
RE1,PWRHYD004,ELC003,2070,0.5451
RE1,PWRNGS001,ELC001,2015,433.621
RE1,PWRNGS001,ELC001,2016,451.837
RE1,PWRNGS001,ELC001,2017,467.913
RE1,PWRNGS001,ELC001,2018,389.5987
RE1,PWRNGS001,ELC001,2019,423.7749
RE1,PWRNGS001,ELC001,2020,457.9288
RE1,PWRNGS001,ELC001,2021,452.3159
RE1,PWRNGS001,ELC001,2022,436.7189
RE1,PWRNGS001,ELC001,2023,256.4677
RE1,PWRSOL001,ELC001,2015,8.5041
RE1,PWRSOL001,ELC001,2016,8.5041
RE1,PWRSOL001,ELC001,2017,8.5041
RE1,PWRSOL001,ELC001,2018,8.5041
RE1,PWRSOL001,ELC001,2019,8.5041
RE1,PWRSOL001,ELC001,2020,8.5041
RE1,PWRSOL001,ELC001,2021,80.1019
RE1,PWRSOL001,ELC001,2022,172.647
RE1,PWRSOL001,ELC001,2023,177.8909
RE1,PWRSOL001,ELC001,2024,193.3983
RE1,PWRSOL001,ELC001,2025,212.0379
RE1,PWRSOL001,ELC001,2026,219.1798
RE1,PWRSOL001,ELC001,2027,226.3698
RE1,PWRSOL001,ELC001,2028,238.7371
RE1,PWRSOL001,ELC001,2029,255.5206
RE1,PWRSOL001,ELC001,2030,281.1734
RE1,PWRSOL001,ELC001,2031,298.3058
RE1,PWRSOL001,ELC001,2032,318.817
RE1,PWRSOL001,ELC001,2033,339.7026
RE1,PWRSOL001,ELC001,2034,362.3346
RE1,PWRSOL001,ELC001,2035,389.4288
RE1,PWRSOL001,ELC001,2036,416.324
RE1,PWRSOL001,ELC001,2037,440.7791
RE1,PWRSOL001,ELC001,2038,473.7865
RE1,PWRSOL001,ELC001,2039,511.5359
RE1,PWRSOL001,ELC001,2040,550.3568
RE1,PWRSOL001,ELC001,2041,590.2123
RE1,PWRSOL001,ELC001,2042,628.4289
RE1,PWRSOL001,ELC001,2043,663.5462
RE1,PWRSOL001,ELC001,2044,685.5858
RE1,PWRSOL001,ELC001,2045,714.7104
RE1,PWRSOL001,ELC001,2046,733.7277
RE1,PWRSOL001,ELC001,2047,754.506
RE1,PWRSOL001,ELC001,2048,777.4644
RE1,PWRSOL001,ELC001,2049,801.1908
RE1,PWRSOL001,ELC001,2050,819.4914
RE1,PWRSOL001,ELC001,2051,826.5324
RE1,PWRSOL001,ELC001,2052,833.6366
RE1,PWRSOL001,ELC001,2053,840.8048
RE1,PWRSOL001,ELC001,2054,848.0375
RE1,PWRSOL001,ELC001,2055,855.3353
RE1,PWRSOL001,ELC001,2056,862.6989
RE1,PWRSOL001,ELC001,2057,870.1288
RE1,PWRSOL001,ELC001,2058,877.6256
RE1,PWRSOL001,ELC001,2059,885.1901
RE1,PWRSOL001,ELC001,2060,892.8228
RE1,PWRSOL001,ELC001,2061,900.5244
RE1,PWRSOL001,ELC001,2062,908.2955
RE1,PWRSOL001,ELC001,2063,916.1367
RE1,PWRSOL001,ELC001,2064,924.0488
RE1,PWRSOL001,ELC001,2065,932.0323
RE1,PWRSOL001,ELC001,2066,940.088
RE1,PWRSOL001,ELC001,2067,948.2166
RE1,PWRSOL001,ELC001,2068,956.4187
RE1,PWRSOL001,ELC001,2069,964.6949
RE1,PWRSOL001,ELC001,2070,973.0461
RE1,PWRSOL001S,ELC001,2023,1.5861
RE1,PWRSOL001S,ELC001,2024,100.0089
RE1,PWRSOL001S,ELC001,2025,212.0379
RE1,PWRSOL001S,ELC001,2026,219.1798
RE1,PWRSOL001S,ELC001,2027,226.3698
RE1,PWRSOL001S,ELC001,2028,238.7371
RE1,PWRSOL001S,ELC001,2029,255.5206
RE1,PWRSOL001S,ELC001,2030,281.1734
RE1,PWRSOL001S,ELC001,2031,298.3058
RE1,PWRSOL001S,ELC001,2032,318.817
RE1,PWRSOL001S,ELC001,2033,339.7026
RE1,PWRSOL001S,ELC001,2034,362.3346
RE1,PWRSOL001S,ELC001,2035,389.4288
RE1,PWRSOL001S,ELC001,2036,416.3239
RE1,PWRSOL001S,ELC001,2037,440.7791
RE1,PWRSOL001S,ELC001,2038,473.7865
RE1,PWRSOL001S,ELC001,2039,511.5359
RE1,PWRSOL001S,ELC001,2040,550.3568
RE1,PWRSOL001S,ELC001,2041,590.2123
RE1,PWRSOL001S,ELC001,2042,628.4289
RE1,PWRSOL001S,ELC001,2043,663.5462
RE1,PWRSOL001S,ELC001,2044,685.5858
RE1,PWRSOL001S,ELC001,2045,714.7104
RE1,PWRSOL001S,ELC001,2046,733.7277
RE1,PWRSOL001S,ELC001,2047,754.506
RE1,PWRSOL001S,ELC001,2048,777.4645
RE1,PWRSOL001S,ELC001,2049,801.1908
RE1,PWRSOL001S,ELC001,2050,819.4914
RE1,PWRSOL001S,ELC001,2051,826.5324
RE1,PWRSOL001S,ELC001,2052,833.6366
RE1,PWRSOL001S,ELC001,2053,840.8048
RE1,PWRSOL001S,ELC001,2054,848.0375
RE1,PWRSOL001S,ELC001,2055,855.3353
RE1,PWRSOL001S,ELC001,2056,862.6989
RE1,PWRSOL001S,ELC001,2057,870.1288
RE1,PWRSOL001S,ELC001,2058,877.6256
RE1,PWRSOL001S,ELC001,2059,885.1901
RE1,PWRSOL001S,ELC001,2060,892.8228
RE1,PWRSOL001S,ELC001,2061,900.5244
RE1,PWRSOL001S,ELC001,2062,908.2954
RE1,PWRSOL001S,ELC001,2063,916.1367
RE1,PWRSOL001S,ELC001,2064,924.0488
RE1,PWRSOL001S,ELC001,2065,932.0323
RE1,PWRSOL001S,ELC001,2066,940.088
RE1,PWRSOL001S,ELC001,2067,948.2166
RE1,PWRSOL001S,ELC001,2068,956.4186
RE1,PWRSOL001S,ELC001,2069,964.695
RE1,PWRSOL001S,ELC001,2070,973.0461
RE1,PWRSOL002,ELC003,2023,28.513
RE1,PWRSOL002,ELC003,2024,28.513
RE1,PWRSOL002,ELC003,2025,28.513
RE1,PWRSOL002,ELC003,2026,88.2636
RE1,PWRSOL002,ELC003,2027,115.1278
RE1,PWRSOL002,ELC003,2028,130.3323
RE1,PWRSOL002,ELC003,2029,130.3323
RE1,PWRSOL002,ELC003,2030,235.6289
RE1,PWRSOL002,ELC003,2031,239.6136
RE1,PWRSOL002,ELC003,2032,318.817
RE1,PWRSOL002,ELC003,2033,339.7026
RE1,PWRSOL002,ELC003,2034,362.3346
RE1,PWRSOL002,ELC003,2035,389.4288
RE1,PWRSOL002,ELC003,2036,416.3239
RE1,PWRSOL002,ELC003,2037,440.7791
RE1,PWRSOL002,ELC003,2038,473.7865
RE1,PWRSOL002,ELC003,2039,511.5359
RE1,PWRSOL002,ELC003,2040,520.8598
RE1,PWRSOL002,ELC003,2041,520.8598
RE1,PWRSOL002,ELC003,2042,520.8598
RE1,PWRSOL002,ELC003,2043,520.8598
RE1,PWRSOL002,ELC003,2044,520.8598
RE1,PWRSOL002,ELC003,2045,714.7104
RE1,PWRSOL002,ELC003,2046,714.7104
RE1,PWRSOL002,ELC003,2047,686.1974
RE1,PWRSOL002,ELC003,2048,777.4645
RE1,PWRSOL002,ELC003,2049,801.1908
RE1,PWRSOL002,ELC003,2050,819.4914
RE1,PWRSOL002,ELC003,2051,826.5324
RE1,PWRSOL002,ELC003,2052,833.6366
RE1,PWRSOL002,ELC003,2053,840.8048
RE1,PWRSOL002,ELC003,2054,848.0375
RE1,PWRSOL002,ELC003,2055,855.3353
RE1,PWRSOL002,ELC003,2056,862.6989
RE1,PWRSOL002,ELC003,2057,870.1288
RE1,PWRSOL002,ELC003,2058,877.6256
RE1,PWRSOL002,ELC003,2059,885.1901
RE1,PWRSOL002,ELC003,2060,892.8228
RE1,PWRSOL002,ELC003,2061,900.5244
RE1,PWRSOL002,ELC003,2062,908.2954
RE1,PWRSOL002,ELC003,2063,916.1367
RE1,PWRSOL002,ELC003,2064,924.0488
RE1,PWRSOL002,ELC003,2065,932.0323
RE1,PWRSOL002,ELC003,2066,940.088
RE1,PWRSOL002,ELC003,2067,948.2166
RE1,PWRSOL002,ELC003,2068,956.4186
RE1,PWRSOL002,ELC003,2069,964.695
RE1,PWRSOL002,ELC003,2070,973.0461
RE1,PWRTRN,ELC002,2015,668.4143
RE1,PWRTRN,ELC002,2016,706.2764
RE1,PWRTRN,ELC002,2017,739.1411
RE1,PWRTRN,ELC002,2018,772.1574
RE1,PWRTRN,ELC002,2019,804.5514
RE1,PWRTRN,ELC002,2020,836.9454
RE1,PWRTRN,ELC002,2021,891.5509
RE1,PWRTRN,ELC002,2022,989.8678
RE1,PWRTRN,ELC002,2023,987.6066
RE1,PWRTRN,ELC002,2024,1078.4568
RE1,PWRTRN,ELC002,2025,1189.3816
RE1,PWRTRN,ELC002,2026,1226.2374
RE1,PWRTRN,ELC002,2027,1299.7159
RE1,PWRTRN,ELC002,2028,1375.7834
RE1,PWRTRN,ELC002,2029,1471.6866
RE1,PWRTRN,ELC002,2030,1532.8535
RE1,PWRTRN,ELC002,2031,1651.5354
RE1,PWRTRN,ELC002,2032,1713.3079
RE1,PWRTRN,ELC002,2033,1835.9466
RE1,PWRTRN,ELC002,2034,1959.911
RE1,PWRTRN,ELC002,2035,2082.0926
RE1,PWRTRN,ELC002,2036,2199.384
RE1,PWRTRN,ELC002,2037,2320.7235
RE1,PWRTRN,ELC002,2038,2437.3802
RE1,PWRTRN,ELC002,2039,2550.301
RE1,PWRTRN,ELC002,2040,2676.3575
RE1,PWRTRN,ELC002,2041,2820.9899
RE1,PWRTRN,ELC002,2042,3013.4754
RE1,PWRTRN,ELC002,2043,3212.701
RE1,PWRTRN,ELC002,2044,3398.9046
RE1,PWRTRN,ELC002,2045,3571.869
RE1,PWRTRN,ELC002,2046,3736.8157
RE1,PWRTRN,ELC002,2047,3944.0444
RE1,PWRTRN,ELC002,2048,4135.1245
RE1,PWRTRN,ELC002,2049,4415.9311
RE1,PWRTRN,ELC002,2050,4744.8517
RE1,PWRTRN,ELC002,2051,4780.5257
RE1,PWRTRN,ELC002,2052,4816.5206
RE1,PWRTRN,ELC002,2053,4856.2287
RE1,PWRTRN,ELC002,2054,4896.5865
RE1,PWRTRN,ELC002,2055,4937.2941
RE1,PWRTRN,ELC002,2056,4978.3547
RE1,PWRTRN,ELC002,2057,5019.7713
RE1,PWRTRN,ELC002,2058,5061.5473
RE1,PWRTRN,ELC002,2059,5103.6859
RE1,PWRTRN,ELC002,2060,5146.1903
RE1,PWRTRN,ELC002,2061,5189.0639
RE1,PWRTRN,ELC002,2062,5232.3099
RE1,PWRTRN,ELC002,2063,5275.9317
RE1,PWRTRN,ELC002,2064,5319.9327
RE1,PWRTRN,ELC002,2065,5364.3163
RE1,PWRTRN,ELC002,2066,5409.0861
RE1,PWRTRN,ELC002,2067,5454.2453
RE1,PWRTRN,ELC002,2068,5499.7977
RE1,PWRTRN,ELC002,2069,5545.7466
RE1,PWRTRN,ELC002,2070,5592.0958
RE1,PWRTRNIMP,ELC001,2015,52.0
RE1,PWRTRNIMP,ELC001,2016,71.0
RE1,PWRTRNIMP,ELC001,2017,88.0
RE1,PWRTRNIMP,ELC001,2018,96.0
RE1,PWRTRNIMP,ELC001,2019,96.0
RE1,PWRTRNIMP,ELC001,2020,96.0
RE1,PWRTRNIMP,ELC001,2021,96.0
RE1,PWRTRNIMP,ELC001,2022,96.0
RE1,PWRTRNIMP,ELC001,2023,96.0
RE1,PWRTRNIMP,ELC001,2024,96.0
RE1,PWRTRNIMP,ELC001,2025,96.0
RE1,PWRTRNIMP,ELC001,2026,96.0
RE1,PWRTRNIMP,ELC001,2027,96.0
RE1,PWRTRNIMP,ELC001,2028,96.0
RE1,PWRTRNIMP,ELC001,2029,96.0
RE1,PWRTRNIMP,ELC001,2030,96.0
RE1,PWRTRNIMP,ELC001,2031,96.0
RE1,PWRTRNIMP,ELC001,2032,96.0
RE1,PWRTRNIMP,ELC001,2033,96.0
RE1,PWRTRNIMP,ELC001,2034,96.0
RE1,PWRTRNIMP,ELC001,2035,96.0
RE1,PWRTRNIMP,ELC001,2036,96.0
RE1,PWRTRNIMP,ELC001,2037,96.0
RE1,PWRTRNIMP,ELC001,2038,96.0
RE1,PWRTRNIMP,ELC001,2039,96.0
RE1,PWRTRNIMP,ELC001,2040,96.0
RE1,PWRTRNIMP,ELC001,2041,96.0
RE1,PWRTRNIMP,ELC001,2042,96.0
RE1,PWRTRNIMP,ELC001,2043,96.0
RE1,PWRTRNIMP,ELC001,2044,96.0
RE1,PWRTRNIMP,ELC001,2045,96.0
RE1,PWRTRNIMP,ELC001,2046,96.0
RE1,PWRTRNIMP,ELC001,2047,96.0
RE1,PWRTRNIMP,ELC001,2048,96.0
RE1,PWRTRNIMP,ELC001,2049,96.0
RE1,PWRTRNIMP,ELC001,2050,96.0
RE1,PWRTRNIMP,ELC001,2051,96.0
RE1,PWRTRNIMP,ELC001,2052,96.0
RE1,PWRTRNIMP,ELC001,2053,96.0
RE1,PWRTRNIMP,ELC001,2054,96.0
RE1,PWRTRNIMP,ELC001,2055,96.0
RE1,PWRTRNIMP,ELC001,2056,96.0
RE1,PWRTRNIMP,ELC001,2057,96.0
RE1,PWRTRNIMP,ELC001,2058,96.0
RE1,PWRTRNIMP,ELC001,2059,96.0
RE1,PWRTRNIMP,ELC001,2060,96.0
RE1,PWRTRNIMP,ELC001,2061,96.0
RE1,PWRTRNIMP,ELC001,2062,96.0
RE1,PWRTRNIMP,ELC001,2063,96.0
RE1,PWRTRNIMP,ELC001,2064,96.0
RE1,PWRTRNIMP,ELC001,2065,96.0
RE1,PWRTRNIMP,ELC001,2066,96.0
RE1,PWRTRNIMP,ELC001,2067,96.0
RE1,PWRTRNIMP,ELC001,2068,96.0
RE1,PWRTRNIMP,ELC001,2069,96.0
RE1,PWRTRNIMP,ELC001,2070,96.0
RE1,PWRWND001,ELC001,2015,1.0542
RE1,PWRWND001,ELC001,2016,1.0542
RE1,PWRWND001,ELC001,2017,1.0542
RE1,PWRWND001,ELC001,2018,1.0542
RE1,PWRWND001,ELC001,2019,1.0542
RE1,PWRWND001,ELC001,2020,1.0542
RE1,PWRWND001,ELC001,2021,1.0542
RE1,PWRWND001,ELC001,2022,1.0391
RE1,PWRWND001,ELC001,2023,1.0391
RE1,PWRWND001,ELC001,2024,1.0391
RE1,PWRWND001,ELC001,2025,1.0391
RE1,PWRWND001,ELC001,2026,33.2276
RE1,PWRWND001,ELC001,2027,112.3451
RE1,PWRWND001,ELC001,2028,133.8303
RE1,PWRWND001,ELC001,2029,132.7912
RE1,PWRWND001,ELC001,2030,135.4089
RE1,PWRWND001,ELC001,2031,248.3703
RE1,PWRWND001,ELC001,2032,285.0771
RE1,PWRWND001,ELC001,2033,339.7026
RE1,PWRWND001,ELC001,2034,362.3346
RE1,PWRWND001,ELC001,2035,389.4288
RE1,PWRWND001,ELC001,2036,416.324
RE1,PWRWND001,ELC001,2037,440.7791
RE1,PWRWND001,ELC001,2038,449.1215
RE1,PWRWND001,ELC001,2039,449.1215
RE1,PWRWND001,ELC001,2040,550.3568
RE1,PWRWND001,ELC001,2041,590.2123
RE1,PWRWND001,ELC001,2042,628.4289
RE1,PWRWND001,ELC001,2043,663.5462
RE1,PWRWND001,ELC001,2044,685.5858
RE1,PWRWND001,ELC001,2045,714.7104
RE1,PWRWND001,ELC001,2046,733.7277
RE1,PWRWND001,ELC001,2047,754.506
RE1,PWRWND001,ELC001,2048,777.4644
RE1,PWRWND001,ELC001,2049,801.1907
RE1,PWRWND001,ELC001,2050,819.4914
RE1,PWRWND001,ELC001,2051,826.5324
RE1,PWRWND001,ELC001,2052,833.6366
RE1,PWRWND001,ELC001,2053,840.8048
RE1,PWRWND001,ELC001,2054,848.0375
RE1,PWRWND001,ELC001,2055,855.3353
RE1,PWRWND001,ELC001,2056,862.6989
RE1,PWRWND001,ELC001,2057,870.1288
RE1,PWRWND001,ELC001,2058,877.6256
RE1,PWRWND001,ELC001,2059,885.1901
RE1,PWRWND001,ELC001,2060,892.8228
RE1,PWRWND001,ELC001,2061,900.5244
RE1,PWRWND001,ELC001,2062,908.2954
RE1,PWRWND001,ELC001,2063,916.1367
RE1,PWRWND001,ELC001,2064,924.0487
RE1,PWRWND001,ELC001,2065,932.0323
RE1,PWRWND001,ELC001,2066,940.088
RE1,PWRWND001,ELC001,2067,948.2166
RE1,PWRWND001,ELC001,2068,956.4187
RE1,PWRWND001,ELC001,2069,964.695
RE1,PWRWND001,ELC001,2070,973.0461
RE1,PWRWND001S,ELC001,2033,47.8421
RE1,PWRWND001S,ELC001,2034,122.1776
RE1,PWRWND001S,ELC001,2035,185.3708
RE1,PWRWND001S,ELC001,2036,249.1778
RE1,PWRWND001S,ELC001,2037,328.0422
RE1,PWRWND001S,ELC001,2038,397.091
RE1,PWRWND001S,ELC001,2039,459.5762
RE1,PWRWND001S,ELC001,2040,459.5762
RE1,PWRWND001S,ELC001,2041,488.1439
RE1,PWRWND001S,ELC001,2042,581.224
RE1,PWRWND001S,ELC001,2043,692.9381
RE1,PWRWND001S,ELC001,2044,845.962
RE1,PWRWND001S,ELC001,2045,897.9336
RE1,PWRWND001S,ELC001,2046,1053.7861
RE1,PWRWND001S,ELC001,2047,1244.179
RE1,PWRWND001S,ELC001,2048,1295.774
RE1,PWRWND001S,ELC001,2049,1335.3179
RE1,PWRWND001S,ELC001,2050,1365.819
RE1,PWRWND001S,ELC001,2051,1377.5539
RE1,PWRWND001S,ELC001,2052,1389.3943
RE1,PWRWND001S,ELC001,2053,1401.3413
RE1,PWRWND001S,ELC001,2054,1413.3958
RE1,PWRWND001S,ELC001,2055,1425.5588
RE1,PWRWND001S,ELC001,2056,1437.8314
RE1,PWRWND001S,ELC001,2057,1450.2146
RE1,PWRWND001S,ELC001,2058,1462.7094
RE1,PWRWND001S,ELC001,2059,1475.3168
RE1,PWRWND001S,ELC001,2060,1488.038
RE1,PWRWND001S,ELC001,2061,1500.8739
RE1,PWRWND001S,ELC001,2062,1513.8257
RE1,PWRWND001S,ELC001,2063,1526.8944
RE1,PWRWND001S,ELC001,2064,1540.0812
RE1,PWRWND001S,ELC001,2065,1553.3871
RE1,PWRWND001S,ELC001,2066,1566.8134
RE1,PWRWND001S,ELC001,2067,1580.361
RE1,PWRWND001S,ELC001,2068,1594.0311
RE1,PWRWND001S,ELC001,2069,1607.825
RE1,PWRWND001S,ELC001,2070,1621.7436
RE1,PWRWND002,ELC001,2028,66.5059
RE1,PWRWND002,ELC001,2029,170.347
RE1,PWRWND002,ELC001,2030,187.4489
RE1,PWRWND002,ELC001,2031,198.8706
RE1,PWRWND002,ELC001,2032,212.5446
RE1,PWRWND002,ELC001,2033,226.4684
RE1,PWRWND002,ELC001,2034,241.5564
RE1,PWRWND002,ELC001,2035,259.6192
RE1,PWRWND002,ELC001,2036,277.5493
RE1,PWRWND002,ELC001,2037,293.8527
RE1,PWRWND002,ELC001,2038,315.8577
RE1,PWRWND002,ELC001,2039,341.0239
RE1,PWRWND002,ELC001,2040,341.0239
RE1,PWRWND002,ELC001,2041,393.4749
RE1,PWRWND002,ELC001,2042,418.9526
RE1,PWRWND002,ELC001,2043,442.3641
RE1,PWRWND002,ELC001,2044,457.0572
RE1,PWRWND002,ELC001,2045,476.4736
RE1,PWRWND002,ELC001,2046,489.1518
RE1,PWRWND002,ELC001,2047,503.004
RE1,PWRWND002,ELC001,2048,518.3096
RE1,PWRWND002,ELC001,2049,534.1272
RE1,PWRWND002,ELC001,2050,546.3277
RE1,PWRWND002,ELC001,2051,551.0216
RE1,PWRWND002,ELC001,2052,555.7577
RE1,PWRWND002,ELC001,2053,560.5365
RE1,PWRWND002,ELC001,2054,565.3583
RE1,PWRWND002,ELC001,2055,570.2235
RE1,PWRWND002,ELC001,2056,575.1326
RE1,PWRWND002,ELC001,2057,580.0858
RE1,PWRWND002,ELC001,2058,585.0838
RE1,PWRWND002,ELC001,2059,590.1267
RE1,PWRWND002,ELC001,2060,595.2152
RE1,PWRWND002,ELC001,2061,600.3496
RE1,PWRWND002,ELC001,2062,605.5303
RE1,PWRWND002,ELC001,2063,610.7578
RE1,PWRWND002,ELC001,2064,616.0325
RE1,PWRWND002,ELC001,2065,621.3549
RE1,PWRWND002,ELC001,2066,626.7253
RE1,PWRWND002,ELC001,2067,632.1444
RE1,PWRWND002,ELC001,2068,637.6124
RE1,PWRWND002,ELC001,2069,643.1299
RE1,PWRWND002,ELC001,2070,648.6974
RE1,RESENEFFDP,RESELC,2021,18.752
RE1,RESENEFFDP,RESELC,2022,37.5038
RE1,RESENEFFDP,RESELC,2023,56.2558
RE1,RESENEFFDP,RESELC,2024,75.0078
RE1,RESENEFFDP,RESELC,2025,93.7598
RE1,RESENEFFDP,RESELC,2026,112.5116
RE1,RESENEFFDP,RESELC,2027,131.2636
RE1,RESENEFFDP,RESELC,2028,150.0156
RE1,RESENEFFDP,RESELC,2029,168.7674
RE1,RESENEFFDP,RESELC,2030,187.5194
RE1,RESENEFFDP,RESELC,2031,187.5194
RE1,RESENEFFDP,RESELC,2032,187.5194
RE1,RESENEFFDP,RESELC,2033,187.5194
RE1,RESENEFFDP,RESELC,2034,187.5194
RE1,RESENEFFDP,RESELC,2035,187.5194
RE1,RESENEFFDP,RESELC,2036,187.5194
RE1,RESENEFFDP,RESELC,2037,187.5194
RE1,RESENEFFDP,RESELC,2038,187.5194
RE1,RESENEFFDP,RESELC,2039,187.5194
RE1,RESENEFFDP,RESELC,2040,206.2714
RE1,RESENEFFDP,RESELC,2041,225.0232
RE1,RESENEFFDP,RESELC,2042,243.7752
RE1,RESENEFFDP,RESELC,2043,262.5272
RE1,RESENEFFDP,RESELC,2044,281.2792
RE1,RESENEFFDP,RESELC,2045,300.031
RE1,RESENEFFDP,RESELC,2046,318.783
RE1,RESENEFFDP,RESELC,2047,337.535
RE1,RESENEFFDP,RESELC,2048,355.484
RE1,RESENEFFDP,RESELC,2049,371.4579
RE1,RESENEFFDP,RESELC,2050,372.4417
RE1,RESENEFFDP,RESELC,2051,394.3256
RE1,RESENEFFDP,RESELC,2052,398.7412
RE1,RESENEFFDP,RESELC,2053,404.5167
RE1,RESENEFFDP,RESELC,2054,409.029
RE1,RESENEFFDP,RESELC,2055,413.5917
RE1,RESENEFFDP,RESELC,2056,418.2053
RE1,RESENEFFDP,RESELC,2057,422.8703
RE1,RESENEFFDP,RESELC,2058,427.5873
RE1,RESENEFFDP,RESELC,2059,432.357
RE1,RESENEFFDP,RESELC,2060,437.1799
RE1,RESENEFFDP,RESELC,2061,442.0566
RE1,RESENEFFDP,RESELC,2062,446.9876
RE1,RESENEFFDP,RESELC,2063,451.9737
RE1,RESENEFFDP,RESELC,2064,457.0154
RE1,RESENEFFDP,RESELC,2065,462.1133
RE1,RESENEFFDP,RESELC,2066,467.2681
RE1,RESENEFFDP,RESELC,2067,472.4804
RE1,RESENEFFDP,RESELC,2068,477.7509
RE1,RESENEFFDP,RESELC,2069,483.0801
RE1,RESENEFFDP,RESELC,2070,488.4688
RE1,RESENEFFGD,RESELC,2021,150.9614
RE1,RESENEFFGD,RESELC,2022,150.9614
RE1,RESENEFFGD,RESELC,2023,150.6848
RE1,RESENEFFGD,RESELC,2024,148.1844
RE1,RESENEFFGD,RESELC,2025,140.6082
RE1,RESENEFFGD,RESELC,2026,131.0581
RE1,RESENEFFGD,RESELC,2027,119.0374
RE1,RESENEFFGD,RESELC,2028,107.0167
RE1,RESENEFFGD,RESELC,2029,94.996
RE1,RESENEFFGD,RESELC,2030,82.9753
RE1,RESENEFFGD,RESELC,2031,83.8842
RE1,RESENEFFGD,RESELC,2032,92.751
RE1,RESENEFFGD,RESELC,2033,101.471
RE1,RESENEFFGD,RESELC,2034,109.0446
RE1,RESENEFFGD,RESELC,2035,116.2122
RE1,RESENEFFGD,RESELC,2036,122.7154
RE1,RESENEFFGD,RESELC,2037,130.3805
RE1,RESENEFFGD,RESELC,2038,134.9099
RE1,RESENEFFGD,RESELC,2039,141.8593
RE1,RESENEFFGD,RESELC,2040,132.3247
RE1,RESENEFFGD,RESELC,2041,107.2643
RE1,RESENEFFGD,RESELC,2042,96.2221
RE1,RESENEFFGD,RESELC,2043,84.6902
RE1,RESENEFFGD,RESELC,2044,74.7627
RE1,RESENEFFGD,RESELC,2045,64.446
RE1,RESENEFFGD,RESELC,2046,51.6319
RE1,RESENEFFGD,RESELC,2047,37.5204
RE1,RESENEFFGD,RESELC,2048,27.3476
RE1,RESENEFFGD,RESELC,2049,15.696
RE1,RESENEFFGD,RESELC,2050,18.8346
RE1,UPSREF001,HFO,2020,214.165
RE1,UPSREF001,LFO,2020,1927.485
