r,t,f,y,UseByTechnologyAnnual
RE1,COMENEFFDP,ELC003,2021,14.9085
RE1,COMENEFFDP,ELC003,2022,29.8169
RE1,COMENEFFDP,ELC003,2023,44.7254
RE1,COMENEFFDP,ELC003,2024,59.6338
RE1,COMENEFFDP,ELC003,2025,74.5423
RE1,COMENEFFDP,ELC003,2026,89.4508
RE1,COMENEFFDP,ELC003,2027,104.3592
RE1,COMENEFFDP,ELC003,2028,119.2677
RE1,COMENEFFDP,ELC003,2029,134.1762
RE1,COMENEFFDP,ELC003,2030,149.0846
RE1,COMENEFFDP,ELC003,2031,149.0846
RE1,COMENEFFDP,ELC003,2032,149.0846
RE1,COMENEFFDP,ELC003,2033,149.0846
RE1,COMENEFFDP,ELC003,2034,149.0846
RE1,COMENEFFDP,ELC003,2035,149.0846
RE1,COMENEFFDP,ELC003,2036,149.0846
RE1,COMENEFFDP,ELC003,2037,149.0846
RE1,COMENEFFDP,ELC003,2038,149.0846
RE1,COMENEFFDP,ELC003,2039,149.0846
RE1,COMENEFFDP,ELC003,2040,163.9931
RE1,COMENEFFDP,ELC003,2041,178.9015
RE1,COMENEFFDP,ELC003,2042,193.81
RE1,COMENEFFDP,ELC003,2043,208.7185
RE1,COMENEFFDP,ELC003,2044,223.6269
RE1,COMENEFFDP,ELC003,2045,238.5354
RE1,COMENEFFDP,ELC003,2046,253.4438
RE1,COMENEFFDP,ELC003,2047,268.3523
RE1,COMENEFFDP,ELC003,2048,282.6225
RE1,COMENEFFDP,ELC003,2049,295.3223
RE1,COMENEFFDP,ELC003,2050,296.1044
RE1,COMENEFFDP,ELC003,2051,309.7154
RE1,COMENEFFDP,ELC003,2052,318.0573
RE1,COMENEFFDP,ELC003,2053,321.6052
RE1,COMENEFFDP,ELC003,2054,325.1927
RE1,COMENEFFDP,ELC003,2055,328.8201
RE1,COMENEFFDP,ELC003,2056,332.4881
RE1,COMENEFFDP,ELC003,2057,336.1969
RE1,COMENEFFDP,ELC003,2058,339.9472
RE1,COMENEFFDP,ELC003,2059,343.7392
RE1,COMENEFFDP,ELC003,2060,347.5736
RE1,COMENEFFDP,ELC003,2061,351.4507
RE1,COMENEFFDP,ELC003,2062,355.3711
RE1,COMENEFFDP,ELC003,2063,359.3352
RE1,COMENEFFDP,ELC003,2064,363.3435
RE1,COMENEFFDP,ELC003,2065,367.3966
RE1,COMENEFFDP,ELC003,2066,371.4948
RE1,COMENEFFDP,ELC003,2067,375.6388
RE1,COMENEFFDP,ELC003,2068,379.8289
RE1,COMENEFFDP,ELC003,2069,384.0659
RE1,COMENEFFDP,ELC003,2070,388.3501
RE1,COMENEFFGD,ELC003,2021,135.6744
RE1,COMENEFFGD,ELC003,2022,135.6744
RE1,COMENEFFGD,ELC003,2023,135.4258
RE1,COMENEFFGD,ELC003,2024,133.1786
RE1,COMENEFFGD,ELC003,2025,126.3696
RE1,COMENEFFGD,ELC003,2026,117.7867
RE1,COMENEFFGD,ELC003,2027,106.9832
RE1,COMENEFFGD,ELC003,2028,96.1798
RE1,COMENEFFGD,ELC003,2029,85.3764
RE1,COMENEFFGD,ELC003,2030,74.5729
RE1,COMENEFFGD,ELC003,2031,75.3897
RE1,COMENEFFGD,ELC003,2032,83.3586
RE1,COMENEFFGD,ELC003,2033,91.1956
RE1,COMENEFFGD,ELC003,2034,98.0023
RE1,COMENEFFGD,ELC003,2035,104.4441
RE1,COMENEFFGD,ELC003,2036,110.2888
RE1,COMENEFFGD,ELC003,2037,117.1777
RE1,COMENEFFGD,ELC003,2038,121.2484
RE1,COMENEFFGD,ELC003,2039,127.4941
RE1,COMENEFFGD,ELC003,2040,118.925
RE1,COMENEFFGD,ELC003,2041,96.4023
RE1,COMENEFFGD,ELC003,2042,86.4783
RE1,COMENEFFGD,ELC003,2043,76.1141
RE1,COMENEFFGD,ELC003,2044,67.1919
RE1,COMENEFFGD,ELC003,2045,57.9199
RE1,COMENEFFGD,ELC003,2046,46.4034
RE1,COMENEFFGD,ELC003,2047,33.721
RE1,COMENEFFGD,ELC003,2048,24.5783
RE1,COMENEFFGD,ELC003,2049,14.1066
RE1,COMENEFFGD,ELC003,2050,16.9273
RE1,DEMCOMELC,ELC003,2015,169.2528
RE1,DEMCOMELC,ELC003,2016,179.0399
RE1,DEMCOMELC,ELC003,2017,187.428
RE1,DEMCOMELC,ELC003,2018,195.8162
RE1,DEMCOMELC,ELC003,2019,204.2043
RE1,DEMCOMELC,ELC003,2020,212.5924
RE1,DEMCOMELC,ELC003,2021,43.6241
RE1,DEMCOMELC,ELC003,2022,30.6813
RE1,DEMCOMELC,ELC003,2023,18.0244
RE1,DEMCOMELC,ELC003,2024,7.666
RE1,DEMCOMELC,ELC003,2025,2.5535
RE1,DEMCOMELC,ELC003,2031,7.0126
RE1,DEMCOMELC,ELC003,2032,5.8002
RE1,DEMCOMELC,ELC003,2033,4.7395
RE1,DEMCOMELC,ELC003,2034,4.8637
RE1,DEMCOMELC,ELC003,2035,5.4074
RE1,DEMCOMELC,ELC003,2036,5.0879
RE1,DEMCOMELC,ELC003,2037,3.5673
RE1,DEMCOMELC,ELC003,2038,5.2878
RE1,DEMCOMELC,ELC003,2039,4.5071
RE1,DEMCOMELC,ELC003,2040,1.3823
RE1,DEMCOMELC,ELC003,2041,14.1713
RE1,DEMCOMELC,ELC003,2042,12.4718
RE1,DEMCOMELC,ELC003,2043,11.2785
RE1,DEMCOMELC,ELC003,2044,8.4268
RE1,DEMCOMELC,ELC003,2045,5.9774
RE1,DEMCOMELC,ELC003,2046,4.2055
RE1,DEMCOMELC,ELC003,2047,3.7744
RE1,DEMCOMELC,ELC003,2048,0.1022
RE1,DEMCOMELC,ELC003,2050,0.1045
RE1,DEMCOMELC,ELC003,2051,6.3888
RE1,DEMCOMELC,ELC003,2052,0.1068
RE1,DEMCOMELC,ELC003,2053,0.108
RE1,DEMCOMELC,ELC003,2054,0.1092
RE1,DEMCOMELC,ELC003,2055,0.1104
RE1,DEMCOMELC,ELC003,2056,0.1117
RE1,DEMCOMELC,ELC003,2057,0.1129
RE1,DEMCOMELC,ELC003,2058,0.1142
RE1,DEMCOMELC,ELC003,2059,0.1155
RE1,DEMCOMELC,ELC003,2060,0.1167
RE1,DEMCOMELC,ELC003,2061,0.118
RE1,DEMCOMELC,ELC003,2062,0.1194
RE1,DEMCOMELC,ELC003,2063,0.1207
RE1,DEMCOMELC,ELC003,2064,0.122
RE1,DEMCOMELC,ELC003,2065,0.1234
RE1,DEMCOMELC,ELC003,2066,0.1248
RE1,DEMCOMELC,ELC003,2067,0.1262
RE1,DEMCOMELC,ELC003,2068,0.1276
RE1,DEMCOMELC,ELC003,2069,0.129
RE1,DEMCOMELC,ELC003,2070,0.1304
RE1,DEMCOMHEBIO,BIO,2015,45.3768
RE1,DEMCOMHEBIO,BIO,2016,47.6848
RE1,DEMCOMHEBIO,BIO,2017,48.8357
RE1,DEMCOMHEBIO,BIO,2018,49.9867
RE1,DEMCOMHEBIO,BIO,2019,51.1378
RE1,DEMCOMHEBIO,BIO,2020,52.2888
RE1,DEMCOMHEBIO,BIO,2021,53.226
RE1,DEMCOMHEBIO,BIO,2022,54.1632
RE1,DEMCOMHEBIO,BIO,2023,55.1005
RE1,DEMCOMHEBIO,BIO,2024,56.0377
RE1,DEMCOMHEBIO,BIO,2025,56.9749
RE1,DEMCOMHEBIO,BIO,2026,58.0376
RE1,DEMCOMHEBIO,BIO,2027,59.1002
RE1,DEMCOMHEBIO,BIO,2028,60.1628
RE1,DEMCOMHEBIO,BIO,2029,61.2255
RE1,DEMCOMHEBIO,BIO,2030,62.2882
RE1,DEMCOMHEBIO,BIO,2031,59.9802
RE1,DEMCOMHEBIO,BIO,2032,56.3371
RE1,DEMCOMHEBIO,BIO,2033,52.694
RE1,DEMCOMHEBIO,BIO,2034,52.9942
RE1,DEMCOMHEBIO,BIO,2035,53.8688
RE1,DEMCOMHEBIO,BIO,2036,50.1667
RE1,DEMCOMHEBIO,BIO,2037,46.983
RE1,DEMCOMHEBIO,BIO,2038,43.2707
RE1,DEMCOMHEBIO,BIO,2039,36.5694
RE1,DEMCOMHEBIO,BIO,2040,35.4306
RE1,DEMCOMHEBIO,BIO,2041,36.1867
RE1,DEMCOMHEBIO,BIO,2042,31.9365
RE1,DEMCOMHEBIO,BIO,2043,31.1732
RE1,DEMCOMHEBIO,BIO,2044,30.2603
RE1,DEMCOMHEBIO,BIO,2045,30.3495
RE1,DEMCOMHEBIO,BIO,2046,25.0588
RE1,DEMCOMHEBIO,BIO,2047,22.2072
RE1,DEMCOMHEBIO,BIO,2048,16.3054
RE1,DEMCOMHEEL,ELC003,2031,2.6095
RE1,DEMCOMHEEL,ELC003,2032,6.3141
RE1,DEMCOMHEEL,ELC003,2033,10.0185
RE1,DEMCOMHEEL,ELC003,2034,10.4894
RE1,DEMCOMHEEL,ELC003,2035,10.4894
RE1,DEMCOMHEEL,ELC003,2036,14.1855
RE1,DEMCOMHEEL,ELC003,2037,17.4565
RE1,DEMCOMHEEL,ELC003,2038,21.1609
RE1,DEMCOMHEEL,ELC003,2039,27.3164
RE1,DEMCOMHEEL,ELC003,2040,28.9106
RE1,DEMCOMHEEL,ELC003,2041,28.9106
RE1,DEMCOMHEEL,ELC003,2042,33.0157
RE1,DEMCOMHEEL,ELC003,2043,34.2616
RE1,DEMCOMHEEL,ELC003,2044,35.6303
RE1,DEMCOMHEEL,ELC003,2045,36.1771
RE1,DEMCOMHEEL,ELC003,2046,41.0038
RE1,DEMCOMHEEL,ELC003,2047,43.8305
RE1,DEMCOMHEEL,ELC003,2048,49.1583
RE1,DEMCOMHEEL,ELC003,2049,56.0964
RE1,DEMCOMHEEL,ELC003,2050,63.5053
RE1,DEMCOMHEEL,ELC003,2051,64.0052
RE1,DEMCOMHEEL,ELC003,2052,64.5091
RE1,DEMCOMHEEL,ELC003,2053,65.0169
RE1,DEMCOMHEEL,ELC003,2054,65.5287
RE1,DEMCOMHEEL,ELC003,2055,66.0445
RE1,DEMCOMHEEL,ELC003,2056,66.5644
RE1,DEMCOMHEEL,ELC003,2057,67.0884
RE1,DEMCOMHEEL,ELC003,2058,67.6166
RE1,DEMCOMHEEL,ELC003,2059,68.1488
RE1,DEMCOMHEEL,ELC003,2060,68.6853
RE1,DEMCOMHEEL,ELC003,2061,69.226
RE1,DEMCOMHEEL,ELC003,2062,69.7709
RE1,DEMCOMHEEL,ELC003,2063,70.3202
RE1,DEMCOMHEEL,ELC003,2064,70.8737
RE1,DEMCOMHEEL,ELC003,2065,71.4316
RE1,DEMCOMHEEL,ELC003,2066,71.9939
RE1,DEMCOMHEEL,ELC003,2067,72.5606
RE1,DEMCOMHEEL,ELC003,2068,73.1318
RE1,DEMCOMHEEL,ELC003,2069,73.7075
RE1,DEMCOMHEEL,ELC003,2070,74.2878
RE1,DEMCOMHEOIL,LFO,2049,7.3623
RE1,DEMINDELC,ELC003,2015,328.0418
RE1,DEMINDELC,ELC003,2016,347.0108
RE1,DEMINDELC,ELC003,2017,363.2685
RE1,DEMINDELC,ELC003,2018,379.5262
RE1,DEMINDELC,ELC003,2019,395.7839
RE1,DEMINDELC,ELC003,2020,412.0416
RE1,DEMINDELC,ELC003,2021,84.5512
RE1,DEMINDELC,ELC003,2022,59.4658
RE1,DEMINDELC,ELC003,2023,34.9344
RE1,DEMINDELC,ELC003,2024,14.858
RE1,DEMINDELC,ELC003,2025,4.9492
RE1,DEMINDELC,ELC003,2031,13.5916
RE1,DEMINDELC,ELC003,2032,11.2417
RE1,DEMINDELC,ELC003,2033,9.1859
RE1,DEMINDELC,ELC003,2034,9.4266
RE1,DEMINDELC,ELC003,2035,10.4805
RE1,DEMINDELC,ELC003,2036,9.8612
RE1,DEMINDELC,ELC003,2037,6.9142
RE1,DEMINDELC,ELC003,2038,10.2488
RE1,DEMINDELC,ELC003,2039,8.7355
RE1,DEMINDELC,ELC003,2040,2.6792
RE1,DEMINDELC,ELC003,2041,27.4664
RE1,DEMINDELC,ELC003,2042,24.1725
RE1,DEMINDELC,ELC003,2043,21.8596
RE1,DEMINDELC,ELC003,2044,16.3326
RE1,DEMINDELC,ELC003,2045,11.5853
RE1,DEMINDELC,ELC003,2046,8.151
RE1,DEMINDELC,ELC003,2047,7.3154
RE1,DEMINDELC,ELC003,2048,0.1981
RE1,DEMINDELC,ELC003,2050,0.2025
RE1,DEMINDELC,ELC003,2051,9.8338
RE1,DEMINDELC,ELC003,2052,0.207
RE1,DEMINDELC,ELC003,2053,0.2094
RE1,DEMINDELC,ELC003,2054,0.2117
RE1,DEMINDELC,ELC003,2055,0.2141
RE1,DEMINDELC,ELC003,2056,0.2164
RE1,DEMINDELC,ELC003,2057,0.2189
RE1,DEMINDELC,ELC003,2058,0.2213
RE1,DEMINDELC,ELC003,2059,0.2238
RE1,DEMINDELC,ELC003,2060,0.2263
RE1,DEMINDELC,ELC003,2061,0.2288
RE1,DEMINDELC,ELC003,2062,0.2313
RE1,DEMINDELC,ELC003,2063,0.2339
RE1,DEMINDELC,ELC003,2064,0.2365
RE1,DEMINDELC,ELC003,2065,0.2392
RE1,DEMINDELC,ELC003,2066,0.2418
RE1,DEMINDELC,ELC003,2067,0.2445
RE1,DEMINDELC,ELC003,2068,0.2473
RE1,DEMINDELC,ELC003,2069,0.25
RE1,DEMINDELC,ELC003,2070,0.2528
RE1,DEMINDHEBIO,BIO,2015,520.2667
RE1,DEMINDHEBIO,BIO,2016,466.5755
RE1,DEMINDHEBIO,BIO,2017,474.6554
RE1,DEMINDHEBIO,BIO,2018,488.1075
RE1,DEMINDHEBIO,BIO,2019,499.0635
RE1,DEMINDHEBIO,BIO,2020,510.0028
RE1,DEMINDHEBIO,BIO,2021,517.5933
RE1,DEMINDHEBIO,BIO,2022,525.1725
RE1,DEMINDHEBIO,BIO,2023,532.741
RE1,DEMINDHEBIO,BIO,2024,540.2994
RE1,DEMINDHEBIO,BIO,2025,547.8484
RE1,DEMINDHEBIO,BIO,2026,556.1827
RE1,DEMINDHEBIO,BIO,2027,564.5065
RE1,DEMINDHEBIO,BIO,2028,572.8203
RE1,DEMINDHEBIO,BIO,2029,581.1247
RE1,DEMINDHEBIO,BIO,2030,505.8298
RE1,DEMINDHEBIO,BIO,2031,505.8298
RE1,DEMINDHEBIO,BIO,2032,489.1775
RE1,DEMINDHEBIO,BIO,2033,470.2019
RE1,DEMINDHEBIO,BIO,2034,438.5501
RE1,DEMINDHEBIO,BIO,2035,405.1051
RE1,DEMINDHEBIO,BIO,2036,383.9914
RE1,DEMINDHEBIO,BIO,2037,361.503
RE1,DEMINDHEBIO,BIO,2038,338.6892
RE1,DEMINDHEBIO,BIO,2039,321.0492
RE1,DEMINDHEBIO,BIO,2040,293.5122
RE1,DEMINDHEBIO,BIO,2041,259.809
RE1,DEMINDHEBIO,BIO,2042,220.8325
RE1,DEMINDHEBIO,BIO,2043,181.6344
RE1,DEMINDHEBIO,BIO,2044,154.6475
RE1,DEMINDHEBIO,BIO,2045,120.704
RE1,DEMINDHEBIO,BIO,2046,95.0967
RE1,DEMINDHEBIO,BIO,2047,63.2552
RE1,DEMINDHEBIO,BIO,2048,36.5531
RE1,DEMINDHEBIO,BIO,2049,44.059
RE1,DEMINDHECOA,COA,2015,790.0347
RE1,DEMINDHECOA,COA,2016,708.5035
RE1,DEMINDHECOA,COA,2017,720.773
RE1,DEMINDHECOA,COA,2018,741.2003
RE1,DEMINDHECOA,COA,2019,757.8371
RE1,DEMINDHECOA,COA,2020,774.4487
RE1,DEMINDHECOA,COA,2021,785.975
RE1,DEMINDHECOA,COA,2022,797.4842
RE1,DEMINDHECOA,COA,2023,808.9771
RE1,DEMINDHECOA,COA,2024,820.4548
RE1,DEMINDHECOA,COA,2025,831.918
RE1,DEMINDHECOA,COA,2026,844.5738
RE1,DEMINDHECOA,COA,2027,857.2136
RE1,DEMINDHECOA,COA,2028,869.8382
RE1,DEMINDHECOA,COA,2029,882.4485
RE1,DEMINDHECOA,COA,2030,895.0453
RE1,DEMINDHECOA,COA,2031,906.4024
RE1,DEMINDHECOA,COA,2032,917.7378
RE1,DEMINDHECOA,COA,2033,929.0522
RE1,DEMINDHECOA,COA,2034,940.3471
RE1,DEMINDHECOA,COA,2035,951.6236
RE1,DEMINDHECOA,COA,2036,961.5236
RE1,DEMINDHECOA,COA,2037,971.4131
RE1,DEMINDHECOA,COA,2038,981.2923
RE1,DEMINDHECOA,COA,2039,991.1618
RE1,DEMINDHECOA,COA,2040,1001.022
RE1,DEMINDHECOA,COA,2041,1011.2955
RE1,DEMINDHECOA,COA,2042,956.0213
RE1,DEMINDHECOA,COA,2043,895.386
RE1,DEMINDHECOA,COA,2044,852.425
RE1,DEMINDHECOA,COA,2045,600.1267
RE1,DEMINDHECOA,COA,2046,588.7696
RE1,DEMINDHECOA,COA,2047,561.5479
RE1,DEMINDHECOA,COA,2048,406.1762
RE1,DEMINDHECOA,COA,2049,205.2845
RE1,DEMINDHEEH,ELC003,2042,53.0881
RE1,DEMINDHEEH,ELC003,2043,110.5133
RE1,DEMINDHEEH,ELC003,2044,153.617
RE1,DEMINDHEEH,ELC003,2045,366.2788
RE1,DEMINDHEEH,ELC003,2046,381.8594
RE1,DEMINDHEEH,ELC003,2047,410.288
RE1,DEMINDHEEH,ELC003,2048,542.5158
RE1,DEMINDHEEH,ELC003,2049,711.6129
RE1,DEMINDHEEH,ELC003,2050,884.2658
RE1,DEMINDHEEH,ELC003,2051,890.7889
RE1,DEMINDHEEH,ELC003,2052,897.3615
RE1,DEMINDHEEH,ELC003,2053,903.9841
RE1,DEMINDHEEH,ELC003,2054,910.6572
RE1,DEMINDHEEH,ELC003,2055,917.3809
RE1,DEMINDHEEH,ELC003,2056,924.1559
RE1,DEMINDHEEH,ELC003,2057,930.9824
RE1,DEMINDHEEH,ELC003,2058,937.8608
RE1,DEMINDHEEH,ELC003,2059,944.7915
RE1,DEMINDHEEH,ELC003,2060,951.7751
RE1,DEMINDHEEH,ELC003,2061,958.8119
RE1,DEMINDHEEH,ELC003,2062,965.9022
RE1,DEMINDHEEH,ELC003,2063,973.0465
RE1,DEMINDHEEH,ELC003,2064,980.2451
RE1,DEMINDHEEH,ELC003,2065,987.4987
RE1,DEMINDHEEH,ELC003,2066,994.8075
RE1,DEMINDHEEH,ELC003,2067,1002.1719
RE1,DEMINDHEEH,ELC003,2068,1009.5925
RE1,DEMINDHEEH,ELC003,2069,1017.0697
RE1,DEMINDHEEH,ELC003,2070,1024.6038
RE1,DEMINDHEEL,ELC003,2030,68.544
RE1,DEMINDHEEL,ELC003,2031,74.6769
RE1,DEMINDHEEL,ELC003,2032,94.4528
RE1,DEMINDHEEL,ELC003,2033,116.1226
RE1,DEMINDHEEL,ELC003,2034,148.1764
RE1,DEMINDHEEL,ELC003,2035,181.6904
RE1,DEMINDHEEL,ELC003,2036,204.3497
RE1,DEMINDHEEL,ELC003,2037,228.1305
RE1,DEMINDHEEL,ELC003,2038,252.1727
RE1,DEMINDHEEL,ELC003,2039,271.967
RE1,DEMINDHEEL,ELC003,2040,299.8718
RE1,DEMINDHEEL,ELC003,2041,333.0562
RE1,DEMINDHEEL,ELC003,2042,370.5609
RE1,DEMINDHEEL,ELC003,2043,408.2437
RE1,DEMINDHEEL,ELC003,2044,435.9099
RE1,DEMINDHEEL,ELC003,2045,469.277
RE1,DEMINDHEEL,ELC003,2046,494.5292
RE1,DEMINDHEEL,ELC003,2047,524.8919
RE1,DEMINDHEEL,ELC003,2048,551.0388
RE1,DEMINDHEEL,ELC003,2049,549.1338
RE1,DEMINDHEEL,ELC003,2050,589.5106
RE1,DEMINDHEEL,ELC003,2051,593.8593
RE1,DEMINDHEEL,ELC003,2052,598.241
RE1,DEMINDHEEL,ELC003,2053,602.6561
RE1,DEMINDHEEL,ELC003,2054,607.1047
RE1,DEMINDHEEL,ELC003,2055,611.5873
RE1,DEMINDHEEL,ELC003,2056,616.1039
RE1,DEMINDHEEL,ELC003,2057,620.6549
RE1,DEMINDHEEL,ELC003,2058,625.2405
RE1,DEMINDHEEL,ELC003,2059,629.8611
RE1,DEMINDHEEL,ELC003,2060,634.5168
RE1,DEMINDHEEL,ELC003,2061,639.2079
RE1,DEMINDHEEL,ELC003,2062,643.9347
RE1,DEMINDHEEL,ELC003,2063,648.6976
RE1,DEMINDHEEL,ELC003,2064,653.4968
RE1,DEMINDHEEL,ELC003,2065,658.3324
RE1,DEMINDHEEL,ELC003,2066,663.205
RE1,DEMINDHEEL,ELC003,2067,668.1146
RE1,DEMINDHEEL,ELC003,2068,673.0617
RE1,DEMINDHEEL,ELC003,2069,678.0465
RE1,DEMINDHEEL,ELC003,2070,683.0692
RE1,DEMRESCKNBIO,BIO,2015,242.4683
RE1,DEMRESCKNBIO,BIO,2016,230.4988
RE1,DEMRESCKNBIO,BIO,2017,233.8928
RE1,DEMRESCKNBIO,BIO,2018,242.2783
RE1,DEMRESCKNBIO,BIO,2019,248.3442
RE1,DEMRESCKNBIO,BIO,2020,254.3949
RE1,DEMRESCKNBIO,BIO,2021,258.8946
RE1,DEMRESCKNBIO,BIO,2022,187.3018
RE1,DEMRESCKNBIO,BIO,2023,152.2513
RE1,DEMRESCKNBIO,BIO,2024,132.7034
RE1,DEMRESCKNBIO,BIO,2025,95.1205
RE1,DEMRESCKNBIO,BIO,2026,41.2437
RE1,DEMRESCKNBIO,BIO,2027,2.2368
RE1,DEMRESCKNELC,ELC003,2015,7.3604
RE1,DEMRESCKNELC,ELC003,2016,6.9971
RE1,DEMRESCKNELC,ELC003,2017,7.1001
RE1,DEMRESCKNELC,ELC003,2018,7.3546
RE1,DEMRESCKNELC,ELC003,2019,6.9869
RE1,DEMRESCKNELC,ELC003,2020,6.6192
RE1,DEMRESCKNELC,ELC003,2021,90.1323
RE1,DEMRESCKNELC,ELC003,2022,137.3258
RE1,DEMRESCKNELC,ELC003,2023,112.3085
RE1,DEMRESCKNELC,ELC003,2024,150.7187
RE1,DEMRESCKNELC,ELC003,2025,206.5309
RE1,DEMRESCKNELC,ELC003,2026,227.6966
RE1,DEMRESCKNELC,ELC003,2027,244.1653
RE1,DEMRESCKNELC,ELC003,2028,249.032
RE1,DEMRESCKNELC,ELC003,2029,253.1858
RE1,DEMRESCKNELC,ELC003,2030,257.3325
RE1,DEMRESCKNELC,ELC003,2031,261.1302
RE1,DEMRESCKNELC,ELC003,2032,264.9164
RE1,DEMRESCKNELC,ELC003,2033,268.6917
RE1,DEMRESCKNELC,ELC003,2034,272.4568
RE1,DEMRESCKNELC,ELC003,2035,276.2122
RE1,DEMRESCKNELC,ELC003,2036,279.4804
RE1,DEMRESCKNELC,ELC003,2037,282.7431
RE1,DEMRESCKNELC,ELC003,2038,286.0005
RE1,DEMRESCKNELC,ELC003,2039,289.2527
RE1,DEMRESCKNELC,ELC003,2040,292.5
RE1,DEMRESCKNELC,ELC003,2041,295.7422
RE1,DEMRESCKNELC,ELC003,2042,298.9807
RE1,DEMRESCKNELC,ELC003,2043,302.2158
RE1,DEMRESCKNELC,ELC003,2044,305.4474
RE1,DEMRESCKNELC,ELC003,2045,308.6758
RE1,DEMRESCKNELC,ELC003,2046,311.1223
RE1,DEMRESCKNELC,ELC003,2047,313.5672
RE1,DEMRESCKNELC,ELC003,2048,316.0108
RE1,DEMRESCKNELC,ELC003,2049,318.453
RE1,DEMRESCKNELC,ELC003,2050,320.8938
RE1,DEMRESCKNELC,ELC003,2051,323.3948
RE1,DEMRESCKNELC,ELC003,2052,325.9154
RE1,DEMRESCKNELC,ELC003,2053,328.4555
RE1,DEMRESCKNELC,ELC003,2054,331.0155
RE1,DEMRESCKNELC,ELC003,2055,333.5954
RE1,DEMRESCKNELC,ELC003,2056,336.1955
RE1,DEMRESCKNELC,ELC003,2057,338.8158
RE1,DEMRESCKNELC,ELC003,2058,341.4565
RE1,DEMRESCKNELC,ELC003,2059,344.1178
RE1,DEMRESCKNELC,ELC003,2060,346.7998
RE1,DEMRESCKNELC,ELC003,2061,349.5028
RE1,DEMRESCKNELC,ELC003,2062,352.2268
RE1,DEMRESCKNELC,ELC003,2063,354.9721
RE1,DEMRESCKNELC,ELC003,2064,357.7387
RE1,DEMRESCKNELC,ELC003,2065,360.5269
RE1,DEMRESCKNELC,ELC003,2066,363.3369
RE1,DEMRESCKNELC,ELC003,2067,366.1687
RE1,DEMRESCKNELC,ELC003,2068,369.0226
RE1,DEMRESCKNELC,ELC003,2069,371.8988
RE1,DEMRESCKNELC,ELC003,2070,374.7974
RE1,DEMRESCKNOIL,LFO,2015,235.0057
RE1,DEMRESCKNOIL,LFO,2016,223.4045
RE1,DEMRESCKNOIL,LFO,2017,226.6938
RE1,DEMRESCKNOIL,LFO,2018,234.8213
RE1,DEMRESCKNOIL,LFO,2019,241.7519
RE1,DEMRESCKNOIL,LFO,2020,248.6667
RE1,DEMRESCKNOIL,LFO,2021,94.2154
RE1,DEMRESCKNOIL,LFO,2022,54.6283
RE1,DEMRESCKNOIL,LFO,2023,130.6222
RE1,DEMRESCKNOIL,LFO,2024,76.4758
RE1,DEMRESELC,ELC003,2015,163.7593
RE1,DEMRESELC,ELC003,2016,173.2287
RE1,DEMRESELC,ELC003,2017,181.3445
RE1,DEMRESELC,ELC003,2018,189.4604
RE1,DEMRESELC,ELC003,2019,197.5763
RE1,DEMRESELC,ELC003,2020,205.6922
RE1,DEMRESELC,ELC003,2021,42.2082
RE1,DEMRESELC,ELC003,2022,29.6855
RE1,DEMRESELC,ELC003,2023,17.4394
RE1,DEMRESELC,ELC003,2024,7.4172
RE1,DEMRESELC,ELC003,2025,2.4706
RE1,DEMRESELC,ELC003,2031,6.785
RE1,DEMRESELC,ELC003,2032,5.6119
RE1,DEMRESELC,ELC003,2033,4.5856
RE1,DEMRESELC,ELC003,2034,4.7058
RE1,DEMRESELC,ELC003,2035,5.2319
RE1,DEMRESELC,ELC003,2036,4.9227
RE1,DEMRESELC,ELC003,2037,3.4516
RE1,DEMRESELC,ELC003,2038,5.1162
RE1,DEMRESELC,ELC003,2039,4.3608
RE1,DEMRESELC,ELC003,2040,1.3375
RE1,DEMRESELC,ELC003,2041,13.7113
RE1,DEMRESELC,ELC003,2042,12.067
RE1,DEMRESELC,ELC003,2043,10.9124
RE1,DEMRESELC,ELC003,2044,8.1533
RE1,DEMRESELC,ELC003,2045,5.7834
RE1,DEMRESELC,ELC003,2046,4.069
RE1,DEMRESELC,ELC003,2047,3.6519
RE1,DEMRESELC,ELC003,2048,0.0989
RE1,DEMRESELC,ELC003,2050,0.1011
RE1,DEMRESELC,ELC003,2051,1.4175
RE1,DEMRESELC,ELC003,2052,1.4164
RE1,DEMRESELC,ELC003,2053,0.1045
RE1,DEMRESELC,ELC003,2054,0.1057
RE1,DEMRESELC,ELC003,2055,0.1069
RE1,DEMRESELC,ELC003,2056,0.1081
RE1,DEMRESELC,ELC003,2057,0.1093
RE1,DEMRESELC,ELC003,2058,0.1105
RE1,DEMRESELC,ELC003,2059,0.1117
RE1,DEMRESELC,ELC003,2060,0.113
RE1,DEMRESELC,ELC003,2061,0.1142
RE1,DEMRESELC,ELC003,2062,0.1155
RE1,DEMRESELC,ELC003,2063,0.1168
RE1,DEMRESELC,ELC003,2064,0.1181
RE1,DEMRESELC,ELC003,2065,0.1194
RE1,DEMRESELC,ELC003,2066,0.1207
RE1,DEMRESELC,ELC003,2067,0.1221
RE1,DEMRESELC,ELC003,2068,0.1234
RE1,DEMRESELC,ELC003,2069,0.1248
RE1,DEMRESELC,ELC003,2070,0.1262
RE1,DEMRESHEBIO,BIO,2015,103.0512
RE1,DEMRESHEBIO,BIO,2016,98.041
RE1,DEMRESHEBIO,BIO,2017,99.4845
RE1,DEMRESHEBIO,BIO,2018,103.0512
RE1,DEMRESHEBIO,BIO,2019,105.6313
RE1,DEMRESHEBIO,BIO,2020,108.205
RE1,DEMRESHEBIO,BIO,2021,110.1189
RE1,DEMRESHEBIO,BIO,2022,112.0283
RE1,DEMRESHEBIO,BIO,2023,113.9334
RE1,DEMRESHEBIO,BIO,2024,115.8346
RE1,DEMRESHEBIO,BIO,2025,117.7321
RE1,DEMRESHEBIO,BIO,2026,119.8116
RE1,DEMRESHEBIO,BIO,2027,121.8868
RE1,DEMRESHEBIO,BIO,2028,123.9582
RE1,DEMRESHEBIO,BIO,2029,126.0257
RE1,DEMRESHEBIO,BIO,2030,128.0899
RE1,DEMRESHEBIO,BIO,2031,128.0899
RE1,DEMRESHEBIO,BIO,2032,120.657
RE1,DEMRESHEBIO,BIO,2033,114.5525
RE1,DEMRESHEBIO,BIO,2034,116.1899
RE1,DEMRESHEBIO,BIO,2035,118.0592
RE1,DEMRESHEBIO,BIO,2036,110.3686
RE1,DEMRESHEBIO,BIO,2037,102.6751
RE1,DEMRESHEBIO,BIO,2038,94.979
RE1,DEMRESHEBIO,BIO,2039,84.2429
RE1,DEMRESHEBIO,BIO,2040,76.9879
RE1,DEMRESHEBIO,BIO,2041,73.2209
RE1,DEMRESHEBIO,BIO,2042,78.8685
RE1,DEMRESHEBIO,BIO,2043,80.3871
RE1,DEMRESHEBIO,BIO,2044,68.9819
RE1,DEMRESHEBIO,BIO,2045,62.6694
RE1,DEMRESHEBIO,BIO,2046,52.138
RE1,DEMRESHEBIO,BIO,2047,44.7438
RE1,DEMRESHEBIO,BIO,2048,34.6027
RE1,DEMRESHEEL,ELC003,2031,1.55
RE1,DEMRESHEEL,ELC003,2032,9.1904
RE1,DEMRESHEEL,ELC003,2033,15.7371
RE1,DEMRESHEEL,ELC003,2034,15.9311
RE1,DEMRESHEEL,ELC003,2035,15.9311
RE1,DEMRESHEEL,ELC003,2036,23.5715
RE1,DEMRESHEEL,ELC003,2037,31.2118
RE1,DEMRESHEEL,ELC003,2038,38.8521
RE1,DEMRESHEEL,ELC003,2039,48.9831
RE1,DEMRESHEEL,ELC003,2040,56.2577
RE1,DEMRESHEEL,ELC003,2041,60.67
RE1,DEMRESHEEL,ELC003,2042,57.3608
RE1,DEMRESHEEL,ELC003,2043,57.4359
RE1,DEMRESHEEL,ELC003,2044,68.1073
RE1,DEMRESHEEL,ELC003,2045,74.6013
RE1,DEMRESHEEL,ELC003,2046,84.2355
RE1,DEMRESHEEL,ELC003,2047,91.2968
RE1,DEMRESHEEL,ELC003,2048,100.6098
RE1,DEMRESHEEL,ELC003,2049,115.6964
RE1,DEMRESHEEL,ELC003,2050,130.9771
RE1,DEMRESHEEL,ELC003,2051,131.9979
RE1,DEMRESHEEL,ELC003,2052,133.0267
RE1,DEMRESHEEL,ELC003,2053,134.0635
RE1,DEMRESHEEL,ELC003,2054,135.1083
RE1,DEMRESHEEL,ELC003,2055,136.1614
RE1,DEMRESHEEL,ELC003,2056,137.2226
RE1,DEMRESHEEL,ELC003,2057,138.2922
RE1,DEMRESHEEL,ELC003,2058,139.37
RE1,DEMRESHEEL,ELC003,2059,140.4562
RE1,DEMRESHEEL,ELC003,2060,141.5509
RE1,DEMRESHEEL,ELC003,2061,142.6542
RE1,DEMRESHEEL,ELC003,2062,143.766
RE1,DEMRESHEEL,ELC003,2063,144.8866
RE1,DEMRESHEEL,ELC003,2064,146.0158
RE1,DEMRESHEEL,ELC003,2065,147.1538
RE1,DEMRESHEEL,ELC003,2066,148.3008
RE1,DEMRESHEEL,ELC003,2067,149.4566
RE1,DEMRESHEEL,ELC003,2068,150.6215
RE1,DEMRESHEEL,ELC003,2069,151.7954
RE1,DEMRESHEEL,ELC003,2070,152.9785
RE1,DEMRESHEOIL,LFO,2015,0.0705
RE1,DEMRESHEOIL,LFO,2049,15.1962
RE1,DEMTRABUSELC,ELCEV,2026,15.5517
RE1,DEMTRABUSELC,ELCEV,2027,37.5292
RE1,DEMTRABUSELC,ELCEV,2028,61.7869
RE1,DEMTRABUSELC,ELCEV,2029,100.9989
RE1,DEMTRABUSELC,ELCEV,2030,140.2108
RE1,DEMTRABUSELC,ELCEV,2031,179.4226
RE1,DEMTRABUSELC,ELCEV,2032,218.6346
RE1,DEMTRABUSELC,ELCEV,2033,257.8465
RE1,DEMTRABUSELC,ELCEV,2034,297.0583
RE1,DEMTRABUSELC,ELCEV,2035,336.2703
RE1,DEMTRABUSELC,ELCEV,2036,375.4822
RE1,DEMTRABUSELC,ELCEV,2037,414.694
RE1,DEMTRABUSELC,ELCEV,2038,453.9059
RE1,DEMTRABUSELC,ELCEV,2039,493.1178
RE1,DEMTRABUSELC,ELCEV,2040,493.1178
RE1,DEMTRABUSELC,ELCEV,2041,493.1178
RE1,DEMTRABUSELC,ELCEV,2042,493.1178
RE1,DEMTRABUSELC,ELCEV,2043,493.1178
RE1,DEMTRABUSELC,ELCEV,2044,493.1178
RE1,DEMTRABUSELC,ELCEV,2045,532.3297
RE1,DEMTRABUSELC,ELCEV,2046,595.2018
RE1,DEMTRABUSELC,ELCEV,2047,651.6482
RE1,DEMTRABUSELC,ELCEV,2048,705.8142
RE1,DEMTRABUSELC,ELCEV,2049,745.026
RE1,DEMTRABUSELC,ELCEV,2050,784.2379
RE1,DEMTRABUSELC,ELCEV,2051,790.2102
RE1,DEMTRABUSELC,ELCEV,2052,796.2287
RE1,DEMTRABUSELC,ELCEV,2053,802.2937
RE1,DEMTRABUSELC,ELCEV,2054,808.4057
RE1,DEMTRABUSELC,ELCEV,2055,814.5649
RE1,DEMTRABUSELC,ELCEV,2056,820.7718
RE1,DEMTRABUSELC,ELCEV,2057,827.0266
RE1,DEMTRABUSELC,ELCEV,2058,833.33
RE1,DEMTRABUSELC,ELCEV,2059,839.6821
RE1,DEMTRABUSELC,ELCEV,2060,846.0832
RE1,DEMTRABUSELC,ELCEV,2061,852.534
RE1,DEMTRABUSELC,ELCEV,2062,859.0347
RE1,DEMTRABUSELC,ELCEV,2063,865.5857
RE1,DEMTRABUSELC,ELCEV,2064,872.1874
RE1,DEMTRABUSELC,ELCEV,2065,878.8402
RE1,DEMTRABUSELC,ELCEV,2066,885.5446
RE1,DEMTRABUSELC,ELCEV,2067,892.3007
RE1,DEMTRABUSELC,ELCEV,2068,899.1092
RE1,DEMTRABUSELC,ELCEV,2069,905.9705
RE1,DEMTRABUSELC,ELCEV,2070,912.8849
RE1,DEMTRABUSGSL,LFO,2015,1699.214
RE1,DEMTRABUSGSL,LFO,2016,1764.3434
RE1,DEMTRABUSGSL,LFO,2017,1804.9054
RE1,DEMTRABUSGSL,LFO,2018,1848.6492
RE1,DEMTRABUSGSL,LFO,2019,1890.9145
RE1,DEMTRABUSGSL,LFO,2020,1933.17
RE1,DEMTRABUSGSL,LFO,2021,1966.9271
RE1,DEMTRABUSGSL,LFO,2022,2000.6777
RE1,DEMTRABUSGSL,LFO,2023,2034.4218
RE1,DEMTRABUSGSL,LFO,2024,2068.1601
RE1,DEMTRABUSGSL,LFO,2025,2101.8927
RE1,DEMTRABUSGSL,LFO,2026,2083.4219
RE1,DEMTRABUSGSL,LFO,2027,2041.7889
RE1,DEMTRABUSGSL,LFO,2028,1991.9325
RE1,DEMTRABUSGSL,LFO,2029,1888.1817
RE1,DEMTRABUSGSL,LFO,2030,1784.4259
RE1,DEMTRABUSGSL,LFO,2031,1674.1922
RE1,DEMTRABUSGSL,LFO,2032,1563.95
RE1,DEMTRABUSGSL,LFO,2033,1453.6996
RE1,DEMTRABUSGSL,LFO,2034,1343.4417
RE1,DEMTRABUSGSL,LFO,2035,1233.1764
RE1,DEMTRABUSGSL,LFO,2036,1120.1684
RE1,DEMTRABUSGSL,LFO,2037,1007.1564
RE1,DEMTRABUSGSL,LFO,2038,894.1404
RE1,DEMTRABUSGSL,LFO,2039,781.1204
RE1,DEMTRABUSGSL,LFO,2040,809.4008
RE1,DEMTRABUSGSL,LFO,2041,836.3112
RE1,DEMTRABUSGSL,LFO,2042,863.2184
RE1,DEMTRABUSGSL,LFO,2043,890.1232
RE1,DEMTRABUSGSL,LFO,2044,917.0252
RE1,DEMTRABUSGSL,LFO,2045,802.6208
RE1,DEMTRABUSGSL,LFO,2046,597.088
RE1,DEMTRABUSGSL,LFO,2047,414.7104
RE1,DEMTRABUSGSL,LFO,2048,240.5488
RE1,DEMTRABUSGSL,LFO,2049,120.2748
RE1,DEMTRACARELC,ELCEV,2029,4.304
RE1,DEMTRACARELC,ELCEV,2030,29.4956
RE1,DEMTRACARELC,ELCEV,2031,55.8911
RE1,DEMTRACARELC,ELCEV,2032,83.8036
RE1,DEMTRACARELC,ELCEV,2033,113.2324
RE1,DEMTRACARELC,ELCEV,2034,144.1768
RE1,DEMTRACARELC,ELCEV,2035,176.6357
RE1,DEMTRACARELC,ELCEV,2036,210.0652
RE1,DEMTRACARELC,ELCEV,2037,244.8728
RE1,DEMTRACARELC,ELCEV,2038,281.0583
RE1,DEMTRACARELC,ELCEV,2039,318.6782
RE1,DEMTRACARELC,ELCEV,2040,389.0344
RE1,DEMTRACARELC,ELCEV,2041,460.2975
RE1,DEMTRACARELC,ELCEV,2042,532.8633
RE1,DEMTRACARELC,ELCEV,2043,606.7319
RE1,DEMTRACARELC,ELCEV,2044,681.9028
RE1,DEMTRACARELC,ELCEV,2045,727.0064
RE1,DEMTRACARELC,ELCEV,2046,751.8615
RE1,DEMTRACARELC,ELCEV,2047,782.8741
RE1,DEMTRACARELC,ELCEV,2048,816.7278
RE1,DEMTRACARELC,ELCEV,2049,868.5695
RE1,DEMTRACARELC,ELCEV,2050,911.4116
RE1,DEMTRACARELC,ELCEV,2051,918.3524
RE1,DEMTRACARELC,ELCEV,2052,925.3469
RE1,DEMTRACARELC,ELCEV,2053,932.3954
RE1,DEMTRACARELC,ELCEV,2054,939.4985
RE1,DEMTRACARELC,ELCEV,2055,946.6565
RE1,DEMTRACARELC,ELCEV,2056,953.8699
RE1,DEMTRACARELC,ELCEV,2057,961.1391
RE1,DEMTRACARELC,ELCEV,2058,968.4645
RE1,DEMTRACARELC,ELCEV,2059,975.8467
RE1,DEMTRACARELC,ELCEV,2060,983.286
RE1,DEMTRACARELC,ELCEV,2061,990.7828
RE1,DEMTRACARELC,ELCEV,2062,998.3376
RE1,DEMTRACARELC,ELCEV,2063,1005.951
RE1,DEMTRACARELC,ELCEV,2064,1013.6232
RE1,DEMTRACARELC,ELCEV,2065,1021.3549
RE1,DEMTRACARELC,ELCEV,2066,1029.1464
RE1,DEMTRACARELC,ELCEV,2067,1036.9982
RE1,DEMTRACARELC,ELCEV,2068,1044.9108
RE1,DEMTRACARELC,ELCEV,2069,1052.8847
RE1,DEMTRACARELC,ELCEV,2070,1060.9203
RE1,DEMTRACARGSL,LFO,2015,2468.4526
RE1,DEMTRACARGSL,LFO,2016,2563.0665
RE1,DEMTRACARGSL,LFO,2017,2621.9911
RE1,DEMTRACARGSL,LFO,2018,2685.5378
RE1,DEMTRACARGSL,LFO,2019,2746.9366
RE1,DEMTRACARGSL,LFO,2020,2808.3214
RE1,DEMTRACARGSL,LFO,2021,2857.3605
RE1,DEMTRACARGSL,LFO,2022,2906.3899
RE1,DEMTRACARGSL,LFO,2023,2955.4104
RE1,DEMTRACARGSL,LFO,2024,3004.4218
RE1,DEMTRACARGSL,LFO,2025,3053.4253
RE1,DEMTRACARGSL,LFO,2026,3108.0053
RE1,DEMTRACARGSL,LFO,2027,3162.5762
RE1,DEMTRACARGSL,LFO,2028,3217.1382
RE1,DEMTRACARGSL,LFO,2029,3252.3048
RE1,DEMTRACARGSL,LFO,2030,3193.3753
RE1,DEMTRACARGSL,LFO,2031,3119.6135
RE1,DEMTRACARGSL,LFO,2032,3039.0047
RE1,DEMTRACARGSL,LFO,2033,2951.5541
RE1,DEMTRACARGSL,LFO,2034,2857.266
RE1,DEMTRACARGSL,LFO,2035,2756.1451
RE1,DEMTRACARGSL,LFO,2036,2646.6681
RE1,DEMTRACARGSL,LFO,2037,2530.9766
RE1,DEMTRACARGSL,LFO,2038,2409.0731
RE1,DEMTRACARGSL,LFO,2039,2280.7026
RE1,DEMTRACARGSL,LFO,2040,2004.8661
RE1,DEMTRACARGSL,LFO,2041,1722.9541
RE1,DEMTRACARGSL,LFO,2042,1435.169
RE1,DEMTRACARGSL,LFO,2043,1141.512
RE1,DEMTRACARGSL,LFO,2044,841.985
RE1,DEMTRACARGSL,LFO,2045,677.8935
RE1,DEMTRACARGSL,LFO,2046,596.4885
RE1,DEMTRACARGSL,LFO,2047,487.346
RE1,DEMTRACARGSL,LFO,2048,365.404
RE1,DEMTRACARGSL,LFO,2049,162.434
RE1,DEMTRAEVC,ELC003,2021,43.446
RE1,DEMTRAEVC,ELC003,2022,86.892
RE1,DEMTRAEVC,ELC003,2023,130.338
RE1,DEMTRAEVC,ELC003,2024,173.784
RE1,DEMTRAEVC,ELC003,2025,217.23
RE1,DEMTRAEVC,ELC003,2026,277.9385
RE1,DEMTRAEVC,ELC003,2027,345.7794
RE1,DEMTRAEVC,ELC003,2028,416.1516
RE1,DEMTRAEVC,ELC003,2029,491.8678
RE1,DEMTRAEVC,ELC003,2030,569.6074
RE1,DEMTRAEVC,ELC003,2031,647.6047
RE1,DEMTRAEVC,ELC003,2032,727.2847
RE1,DEMTRAEVC,ELC003,2033,808.6464
RE1,DEMTRAEVC,ELC003,2034,891.6891
RE1,DEMTRAEVC,ELC003,2035,976.4116
RE1,DEMTRAEVC,ELC003,2036,1061.7548
RE1,DEMTRAEVC,ELC003,2037,1148.6271
RE1,DEMTRAEVC,ELC003,2038,1237.0282
RE1,DEMTRAEVC,ELC003,2039,1327.0209
RE1,DEMTRAEVC,ELC003,2040,1409.825
RE1,DEMTRAEVC,ELC003,2041,1493.4074
RE1,DEMTRAEVC,ELC003,2042,1578.4356
RE1,DEMTRAEVC,ELC003,2043,1664.9094
RE1,DEMTRAEVC,ELC003,2044,1752.8284
RE1,DEMTRAEVC,ELC003,2045,1850.8973
RE1,DEMTRAEVC,ELC003,2046,1951.7766
RE1,DEMTRAEVC,ELC003,2047,2052.3579
RE1,DEMTRAEVC,ELC003,2048,2153.5615
RE1,DEMTRAEVC,ELC003,2049,2258.1324
RE1,DEMTRAEVC,ELC003,2050,2352.7138
RE1,DEMTRAEVC,ELC003,2051,2370.6306
RE1,DEMTRAEVC,ELC003,2052,2388.6861
RE1,DEMTRAEVC,ELC003,2053,2406.8811
RE1,DEMTRAEVC,ELC003,2054,2425.217
RE1,DEMTRAEVC,ELC003,2055,2443.6946
RE1,DEMTRAEVC,ELC003,2056,2462.3153
RE1,DEMTRAEVC,ELC003,2057,2481.08
RE1,DEMTRAEVC,ELC003,2058,2499.9898
RE1,DEMTRAEVC,ELC003,2059,2519.0461
RE1,DEMTRAEVC,ELC003,2060,2538.2498
RE1,DEMTRAEVC,ELC003,2061,2557.6021
RE1,DEMTRAEVC,ELC003,2062,2577.1042
RE1,DEMTRAEVC,ELC003,2063,2596.7571
RE1,DEMTRAEVC,ELC003,2064,2616.5623
RE1,DEMTRAEVC,ELC003,2065,2636.5207
RE1,DEMTRAEVC,ELC003,2066,2656.6337
RE1,DEMTRAEVC,ELC003,2067,2676.9023
RE1,DEMTRAEVC,ELC003,2068,2697.3279
RE1,DEMTRAEVC,ELC003,2069,2717.9116
RE1,DEMTRAEVC,ELC003,2070,2738.6547
RE1,DEMTRAMCYELC,ELCEV,2021,39.1406
RE1,DEMTRAMCYELC,ELCEV,2022,78.2811
RE1,DEMTRAMCYELC,ELCEV,2023,117.4217
RE1,DEMTRAMCYELC,ELCEV,2024,156.5622
RE1,DEMTRAMCYELC,ELCEV,2025,195.7028
RE1,DEMTRAMCYELC,ELCEV,2026,234.8433
RE1,DEMTRAMCYELC,ELCEV,2027,273.9839
RE1,DEMTRAMCYELC,ELCEV,2028,313.1244
RE1,DEMTRAMCYELC,ELCEV,2029,337.8212
RE1,DEMTRAMCYELC,ELCEV,2030,343.4535
RE1,DEMTRAMCYELC,ELCEV,2031,348.1141
RE1,DEMTRAMCYELC,ELCEV,2032,352.7733
RE1,DEMTRAMCYELC,ELCEV,2033,357.4314
RE1,DEMTRAMCYELC,ELCEV,2034,362.0883
RE1,DEMTRAMCYELC,ELCEV,2035,366.7442
RE1,DEMTRAMCYELC,ELCEV,2036,370.9886
RE1,DEMTRAMCYELC,ELCEV,2037,375.2324
RE1,DEMTRAMCYELC,ELCEV,2038,379.4756
RE1,DEMTRAMCYELC,ELCEV,2039,383.7183
RE1,DEMTRAMCYELC,ELCEV,2040,387.9603
RE1,DEMTRAMCYELC,ELCEV,2041,391.9968
RE1,DEMTRAMCYELC,ELCEV,2042,396.033
RE1,DEMTRAMCYELC,ELCEV,2043,400.0686
RE1,DEMTRAMCYELC,ELCEV,2044,404.104
RE1,DEMTRAMCYELC,ELCEV,2045,408.1389
RE1,DEMTRAMCYELC,ELCEV,2046,411.294
RE1,DEMTRAMCYELC,ELCEV,2047,414.4488
RE1,DEMTRAMCYELC,ELCEV,2048,417.6035
RE1,DEMTRAMCYELC,ELCEV,2049,420.758
RE1,DEMTRAMCYELC,ELCEV,2050,423.9124
RE1,DEMTRAMCYELC,ELCEV,2051,427.1407
RE1,DEMTRAMCYELC,ELCEV,2052,430.3939
RE1,DEMTRAMCYELC,ELCEV,2053,433.6723
RE1,DEMTRAMCYELC,ELCEV,2054,436.9761
RE1,DEMTRAMCYELC,ELCEV,2055,440.3053
RE1,DEMTRAMCYELC,ELCEV,2056,443.6604
RE1,DEMTRAMCYELC,ELCEV,2057,447.0414
RE1,DEMTRAMCYELC,ELCEV,2058,450.4486
RE1,DEMTRAMCYELC,ELCEV,2059,453.8822
RE1,DEMTRAMCYELC,ELCEV,2060,457.3423
RE1,DEMTRAMCYELC,ELCEV,2061,460.8292
RE1,DEMTRAMCYELC,ELCEV,2062,464.3431
RE1,DEMTRAMCYELC,ELCEV,2063,467.8842
RE1,DEMTRAMCYELC,ELCEV,2064,471.4527
RE1,DEMTRAMCYELC,ELCEV,2065,475.0488
RE1,DEMTRAMCYELC,ELCEV,2066,478.6727
RE1,DEMTRAMCYELC,ELCEV,2067,482.3247
RE1,DEMTRAMCYELC,ELCEV,2068,486.005
RE1,DEMTRAMCYELC,ELCEV,2069,489.7138
RE1,DEMTRAMCYELC,ELCEV,2070,493.4513
RE1,DEMTRAMCYGSL,LFO,2015,1148.1175
RE1,DEMTRAMCYGSL,LFO,2016,1192.124
RE1,DEMTRAMCYGSL,LFO,2017,1219.5305
RE1,DEMTRAMCYGSL,LFO,2018,1249.087
RE1,DEMTRAMCYGSL,LFO,2019,1277.645
RE1,DEMTRAMCYGSL,LFO,2020,1306.196
RE1,DEMTRAMCYGSL,LFO,2021,1152.6962
RE1,DEMTRAMCYGSL,LFO,2022,999.1919
RE1,DEMTRAMCYGSL,LFO,2023,845.6832
RE1,DEMTRAMCYGSL,LFO,2024,692.1705
RE1,DEMTRAMCYGSL,LFO,2025,538.6541
RE1,DEMTRAMCYGSL,LFO,2026,387.7313
RE1,DEMTRAMCYGSL,LFO,2027,236.8042
RE1,DEMTRAMCYGSL,LFO,2028,85.8732
RE1,INDENEFFDP,ELC003,2021,28.8952
RE1,INDENEFFDP,ELC003,2022,57.7904
RE1,INDENEFFDP,ELC003,2023,86.6857
RE1,INDENEFFDP,ELC003,2024,115.5809
RE1,INDENEFFDP,ELC003,2025,144.4761
RE1,INDENEFFDP,ELC003,2026,173.3714
RE1,INDENEFFDP,ELC003,2027,202.2666
RE1,INDENEFFDP,ELC003,2028,231.1618
RE1,INDENEFFDP,ELC003,2029,260.057
RE1,INDENEFFDP,ELC003,2030,288.9522
RE1,INDENEFFDP,ELC003,2031,288.9522
RE1,INDENEFFDP,ELC003,2032,288.9522
RE1,INDENEFFDP,ELC003,2033,288.9522
RE1,INDENEFFDP,ELC003,2034,288.9522
RE1,INDENEFFDP,ELC003,2035,288.9522
RE1,INDENEFFDP,ELC003,2036,288.9522
RE1,INDENEFFDP,ELC003,2037,288.9522
RE1,INDENEFFDP,ELC003,2038,288.9522
RE1,INDENEFFDP,ELC003,2039,288.9522
RE1,INDENEFFDP,ELC003,2040,317.8475
RE1,INDENEFFDP,ELC003,2041,346.7427
RE1,INDENEFFDP,ELC003,2042,375.6379
RE1,INDENEFFDP,ELC003,2043,404.5332
RE1,INDENEFFDP,ELC003,2044,433.4284
RE1,INDENEFFDP,ELC003,2045,462.3236
RE1,INDENEFFDP,ELC003,2046,491.2188
RE1,INDENEFFDP,ELC003,2047,520.114
RE1,INDENEFFDP,ELC003,2048,547.7722
RE1,INDENEFFDP,ELC003,2049,572.3866
RE1,INDENEFFDP,ELC003,2050,573.9025
RE1,INDENEFFDP,ELC003,2051,602.2436
RE1,INDENEFFDP,ELC003,2052,616.4512
RE1,INDENEFFDP,ELC003,2053,623.3276
RE1,INDENEFFDP,ELC003,2054,630.2807
RE1,INDENEFFDP,ELC003,2055,637.3113
RE1,INDENEFFDP,ELC003,2056,644.4205
RE1,INDENEFFDP,ELC003,2057,651.6089
RE1,INDENEFFDP,ELC003,2058,658.8775
RE1,INDENEFFDP,ELC003,2059,666.2272
RE1,INDENEFFDP,ELC003,2060,673.6588
RE1,INDENEFFDP,ELC003,2061,681.1734
RE1,INDENEFFDP,ELC003,2062,688.7718
RE1,INDENEFFDP,ELC003,2063,696.4549
RE1,INDENEFFDP,ELC003,2064,704.2237
RE1,INDENEFFDP,ELC003,2065,712.0792
RE1,INDENEFFDP,ELC003,2066,720.0224
RE1,INDENEFFDP,ELC003,2067,728.0541
RE1,INDENEFFDP,ELC003,2068,736.1755
RE1,INDENEFFDP,ELC003,2069,744.3874
RE1,INDENEFFDP,ELC003,2070,752.6909
RE1,INDENEFFGD,ELC003,2021,262.9609
RE1,INDENEFFGD,ELC003,2022,262.9609
RE1,INDENEFFGD,ELC003,2023,262.4791
RE1,INDENEFFGD,ELC003,2024,258.1235
RE1,INDENEFFGD,ELC003,2025,244.9266
RE1,INDENEFFGD,ELC003,2026,228.2913
RE1,INDENEFFGD,ELC003,2027,207.3523
RE1,INDENEFFGD,ELC003,2028,186.4134
RE1,INDENEFFGD,ELC003,2029,165.4745
RE1,INDENEFFGD,ELC003,2030,144.5355
RE1,INDENEFFGD,ELC003,2031,146.1185
RE1,INDENEFFGD,ELC003,2032,161.5637
RE1,INDENEFFGD,ELC003,2033,176.7532
RE1,INDENEFFGD,ELC003,2034,189.9457
RE1,INDENEFFGD,ELC003,2035,202.4311
RE1,INDENEFFGD,ELC003,2036,213.7591
RE1,INDENEFFGD,ELC003,2037,227.111
RE1,INDENEFFGD,ELC003,2038,235.0007
RE1,INDENEFFGD,ELC003,2039,247.106
RE1,INDENEFFGD,ELC003,2040,230.4976
RE1,INDENEFFGD,ELC003,2041,186.8446
RE1,INDENEFFGD,ELC003,2042,167.6101
RE1,INDENEFFGD,ELC003,2043,147.5225
RE1,INDENEFFGD,ELC003,2044,130.2298
RE1,INDENEFFGD,ELC003,2045,112.259
RE1,INDENEFFGD,ELC003,2046,89.938
RE1,INDENEFFGD,ELC003,2047,65.3571
RE1,INDENEFFGD,ELC003,2048,47.637
RE1,INDENEFFGD,ELC003,2049,27.3411
RE1,INDENEFFGD,ELC003,2050,32.8081
RE1,PWRBIO001,BIO,2015,186.4794
RE1,PWRBIO001,BIO,2016,186.4794
RE1,PWRBIO001,BIO,2017,186.4794
RE1,PWRBIO001,BIO,2018,186.4794
RE1,PWRBIO001,BIO,2019,186.4794
RE1,PWRBIO001,BIO,2020,186.4794
RE1,PWRBIO001,BIO,2021,148.9356
RE1,PWRBIO001,BIO,2022,186.4794
RE1,PWRBIO001,BIO,2023,186.4794
RE1,PWRBIO001,BIO,2024,169.9776
RE1,PWRBIO001,BIO,2025,170.5146
RE1,PWRBIO001,BIO,2026,186.4794
RE1,PWRBIO001,BIO,2027,186.4794
RE1,PWRBIO001,BIO,2028,148.6169
RE1,PWRBIO001,BIO,2029,107.4275
RE1,PWRBIO001,BIO,2030,148.7406
RE1,PWRCOA001,COA,2015,411.8408
RE1,PWRCOA001,COA,2016,411.8408
RE1,PWRCOA001,COA,2017,414.1598
RE1,PWRCOA001,COA,2018,764.3929
RE1,PWRCOA001,COA,2019,764.3929
RE1,PWRCOA001,COA,2020,764.3929
RE1,PWRCOA001,COA,2021,764.3929
RE1,PWRCOA001,COA,2022,791.0861
RE1,PWRCOA001,COA,2023,1359.4359
RE1,PWRCOA001,COA,2024,2175.0006
RE1,PWRCOA001,COA,2025,2129.9483
RE1,PWRCOA001,COA,2026,2083.8097
RE1,PWRCOA001,COA,2027,2030.5454
RE1,PWRCOA001,COA,2028,1970.1627
RE1,PWRCOA001,COA,2029,1905.0912
RE1,PWRCOA001,COA,2030,1830.3786
RE1,PWRCOA001,COA,2031,1907.2367
RE1,PWRCOA001,COA,2032,1818.7638
RE1,PWRCOA001,COA,2033,1722.3772
RE1,PWRCOA001,COA,2034,1633.1888
RE1,PWRCOA001,COA,2035,1520.0562
RE1,PWRCOA001,COA,2036,1389.8115
RE1,PWRCOA001,COA,2037,1253.201
RE1,PWRCOA001,COA,2038,1110.231
RE1,PWRCOA001,COA,2039,961.3823
RE1,PWRCOA001,COA,2040,806.1003
RE1,PWRCOA001,COA,2041,643.5481
RE1,PWRCOA001,COA,2042,540.2085
RE1,PWRCOA001,COA,2043,435.9012
RE1,PWRCOA001,COA,2044,307.6154
RE1,PWRCOA001,COA,2045,382.329
RE1,PWRCOA001,COA,2046,205.9964
RE1,PWRCOA001,COA,2047,41.1235
RE1,PWRCSP002,SOL,2015,0.0274
RE1,PWRCSP002,SOL,2016,0.0274
RE1,PWRCSP002,SOL,2017,0.0274
RE1,PWRCSP002,SOL,2018,0.0274
RE1,PWRCSP002,SOL,2019,0.0274
RE1,PWRCSP002,SOL,2020,0.0274
RE1,PWRCSP002,SOL,2021,0.0274
RE1,PWRCSP002,SOL,2022,0.0274
RE1,PWRCSP002,SOL,2023,0.0274
RE1,PWRCSP002,SOL,2024,0.0274
RE1,PWRCSP002,SOL,2025,0.0274
RE1,PWRCSP002,SOL,2026,0.0274
RE1,PWRCSP002,SOL,2027,0.0274
RE1,PWRCSP002,SOL,2028,0.0274
RE1,PWRCSP002,SOL,2029,0.0274
RE1,PWRCSP002,SOL,2030,0.0274
RE1,PWRCSP002,SOL,2031,0.0274
RE1,PWRCSP002,SOL,2032,0.0274
RE1,PWRCSP002,SOL,2033,0.0274
RE1,PWRCSP002,SOL,2034,0.0274
RE1,PWRCSP002,SOL,2035,0.0274
RE1,PWRCSP002,SOL,2036,0.0274
RE1,PWRCSP002,SOL,2037,0.0274
RE1,PWRCSP002,SOL,2038,0.0274
RE1,PWRCSP002,SOL,2039,0.0274
RE1,PWRCSP002,SOL,2040,0.0274
RE1,PWRCSP002,SOL,2041,0.0274
RE1,PWRCSP002,SOL,2042,0.0274
RE1,PWRCSP002,SOL,2043,0.0274
RE1,PWRCSP002,SOL,2048,76.4913
RE1,PWRCSP002,SOL,2049,244.2188
RE1,PWRCSP002,SOL,2050,491.3382
RE1,PWRCSP002,SOL,2051,491.3382
RE1,PWRCSP002,SOL,2052,491.3382
RE1,PWRCSP002,SOL,2053,494.9059
RE1,PWRCSP002,SOL,2054,498.8134
RE1,PWRCSP002,SOL,2055,502.7418
RE1,PWRCSP002,SOL,2056,506.6911
RE1,PWRCSP002,SOL,2057,510.6614
RE1,PWRCSP002,SOL,2058,514.6529
RE1,PWRCSP002,SOL,2059,518.6655
RE1,PWRCSP002,SOL,2060,522.6993
RE1,PWRCSP002,SOL,2061,526.7543
RE1,PWRCSP002,SOL,2062,530.8307
RE1,PWRCSP002,SOL,2063,534.9285
RE1,PWRCSP002,SOL,2064,539.0476
RE1,PWRCSP002,SOL,2065,543.1883
RE1,PWRCSP002,SOL,2066,547.3504
RE1,PWRCSP002,SOL,2067,551.5343
RE1,PWRCSP002,SOL,2068,555.7397
RE1,PWRCSP002,SOL,2069,559.9668
RE1,PWRCSP002,SOL,2070,564.2157
RE1,PWRDIST,ELC002,2015,668.4143
RE1,PWRDIST,ELC002,2016,706.2764
RE1,PWRDIST,ELC002,2017,739.1412
RE1,PWRDIST,ELC002,2018,772.1574
RE1,PWRDIST,ELC002,2019,804.5514
RE1,PWRDIST,ELC002,2020,836.9454
RE1,PWRDIST,ELC002,2021,891.5509
RE1,PWRDIST,ELC002,2022,989.8678
RE1,PWRDIST,ELC002,2023,987.6066
RE1,PWRDIST,ELC002,2024,1078.4568
RE1,PWRDIST,ELC002,2025,1189.3816
RE1,PWRDIST,ELC002,2026,1226.2374
RE1,PWRDIST,ELC002,2027,1299.716
RE1,PWRDIST,ELC002,2028,1375.7834
RE1,PWRDIST,ELC002,2029,1471.6865
RE1,PWRDIST,ELC002,2030,1532.8535
RE1,PWRDIST,ELC002,2031,1651.5354
RE1,PWRDIST,ELC002,2032,1713.3079
RE1,PWRDIST,ELC002,2033,1835.9467
RE1,PWRDIST,ELC002,2034,1959.911
RE1,PWRDIST,ELC002,2035,2082.0926
RE1,PWRDIST,ELC002,2036,2199.384
RE1,PWRDIST,ELC002,2037,2320.7235
RE1,PWRDIST,ELC002,2038,2437.3802
RE1,PWRDIST,ELC002,2039,2550.301
RE1,PWRDIST,ELC002,2040,2676.3575
RE1,PWRDIST,ELC002,2041,2820.9899
RE1,PWRDIST,ELC002,2042,3013.4754
RE1,PWRDIST,ELC002,2043,3212.701
RE1,PWRDIST,ELC002,2044,3398.9046
RE1,PWRDIST,ELC002,2045,3571.8691
RE1,PWRDIST,ELC002,2046,3736.8156
RE1,PWRDIST,ELC002,2047,3944.0444
RE1,PWRDIST,ELC002,2048,4135.1245
RE1,PWRDIST,ELC002,2049,4415.9311
RE1,PWRDIST,ELC002,2050,4744.8516
RE1,PWRDIST,ELC002,2051,4780.5257
RE1,PWRDIST,ELC002,2052,4816.5206
RE1,PWRDIST,ELC002,2053,4856.2287
RE1,PWRDIST,ELC002,2054,4896.5865
RE1,PWRDIST,ELC002,2055,4937.2941
RE1,PWRDIST,ELC002,2056,4978.3547
RE1,PWRDIST,ELC002,2057,5019.7713
RE1,PWRDIST,ELC002,2058,5061.5473
RE1,PWRDIST,ELC002,2059,5103.6859
RE1,PWRDIST,ELC002,2060,5146.1904
RE1,PWRDIST,ELC002,2061,5189.0639
RE1,PWRDIST,ELC002,2062,5232.3099
RE1,PWRDIST,ELC002,2063,5275.9317
RE1,PWRDIST,ELC002,2064,5319.9327
RE1,PWRDIST,ELC002,2065,5364.3163
RE1,PWRDIST,ELC002,2066,5409.086
RE1,PWRDIST,ELC002,2067,5454.2453
RE1,PWRDIST,ELC002,2068,5499.7976
RE1,PWRDIST,ELC002,2069,5545.7466
RE1,PWRDIST,ELC002,2070,5592.0958
RE1,PWRGEO,GEO,2021,1.449
RE1,PWRGEO,GEO,2022,1.449
RE1,PWRGEO,GEO,2023,1.449
RE1,PWRGEO,GEO,2024,1.449
RE1,PWRGEO,GEO,2025,1.449
RE1,PWRGEO,GEO,2026,1.449
RE1,PWRGEO,GEO,2027,1.449
RE1,PWRGEO,GEO,2028,1.449
RE1,PWRGEO,GEO,2029,1.449
RE1,PWRGEO,GEO,2030,1.449
RE1,PWRGEO,GEO,2031,1.449
RE1,PWRGEO,GEO,2032,1.449
RE1,PWRGEO,GEO,2033,1.449
RE1,PWRGEO,GEO,2034,1.449
RE1,PWRGEO,GEO,2035,1.449
RE1,PWRGEO,GEO,2036,1.449
RE1,PWRGEO,GEO,2037,1.449
RE1,PWRGEO,GEO,2038,1.449
RE1,PWRGEO,GEO,2039,1.449
RE1,PWRGEO,GEO,2040,1.449
RE1,PWRGEO,GEO,2041,1.449
RE1,PWRGEO,GEO,2042,1.449
RE1,PWRGEO,GEO,2043,1.449
RE1,PWRGEO,GEO,2044,1.449
RE1,PWRGEO,GEO,2045,1.449
RE1,PWRGEO,GEO,2046,1.449
RE1,PWRGEO,GEO,2047,1.449
RE1,PWRGEO,GEO,2048,1.449
RE1,PWRGEO,GEO,2049,1.449
RE1,PWRGEO,GEO,2050,1.449
RE1,PWRGEO,GEO,2051,1.449
RE1,PWRGEO,GEO,2052,1.449
RE1,PWRGEO,GEO,2053,1.449
RE1,PWRGEO,GEO,2054,1.449
RE1,PWRGEO,GEO,2055,1.449
RE1,PWRGEO,GEO,2056,1.449
RE1,PWRGEO,GEO,2057,1.449
RE1,PWRGEO,GEO,2058,1.449
RE1,PWRGEO,GEO,2059,1.449
RE1,PWRGEO,GEO,2060,1.449
RE1,PWRGEO,GEO,2061,1.449
RE1,PWRGEO,GEO,2062,1.449
RE1,PWRGEO,GEO,2063,1.449
RE1,PWRGEO,GEO,2064,1.449
RE1,PWRGEO,GEO,2065,1.449
RE1,PWRGEO,GEO,2066,1.449
RE1,PWRGEO,GEO,2067,1.449
RE1,PWRGEO,GEO,2068,1.449
RE1,PWRGEO,GEO,2069,1.449
RE1,PWRGEO,GEO,2070,1.449
RE1,PWRHYD001,HYD,2015,28.3385
RE1,PWRHYD001,HYD,2016,28.3385
RE1,PWRHYD001,HYD,2017,28.3385
RE1,PWRHYD001,HYD,2018,28.3385
RE1,PWRHYD001,HYD,2019,28.3385
RE1,PWRHYD001,HYD,2020,28.3385
RE1,PWRHYD001,HYD,2021,33.9883
RE1,PWRHYD001,HYD,2022,33.9883
RE1,PWRHYD001,HYD,2023,33.9883
RE1,PWRHYD001,HYD,2024,33.9883
RE1,PWRHYD001,HYD,2025,33.9883
RE1,PWRHYD001,HYD,2026,33.9883
RE1,PWRHYD001,HYD,2027,33.9883
RE1,PWRHYD001,HYD,2028,33.9883
RE1,PWRHYD001,HYD,2029,33.9883
RE1,PWRHYD001,HYD,2030,33.9883
RE1,PWRHYD001,HYD,2031,33.9883
RE1,PWRHYD001,HYD,2032,33.9883
RE1,PWRHYD001,HYD,2033,33.9883
RE1,PWRHYD001,HYD,2034,33.9883
RE1,PWRHYD001,HYD,2035,33.9883
RE1,PWRHYD001,HYD,2036,33.9883
RE1,PWRHYD001,HYD,2037,33.9883
RE1,PWRHYD001,HYD,2038,33.9883
RE1,PWRHYD001,HYD,2039,33.9883
RE1,PWRHYD001,HYD,2040,33.9883
RE1,PWRHYD001,HYD,2041,33.9883
RE1,PWRHYD001,HYD,2042,33.9883
RE1,PWRHYD001,HYD,2043,33.9883
RE1,PWRHYD001,HYD,2044,33.9883
RE1,PWRHYD001,HYD,2045,33.9883
RE1,PWRHYD001,HYD,2046,33.9883
RE1,PWRHYD001,HYD,2047,33.9883
RE1,PWRHYD001,HYD,2048,33.9883
RE1,PWRHYD001,HYD,2049,33.9883
RE1,PWRHYD001,HYD,2050,33.9883
RE1,PWRHYD001,HYD,2051,33.9883
RE1,PWRHYD001,HYD,2052,33.9883
RE1,PWRHYD001,HYD,2053,33.9883
RE1,PWRHYD001,HYD,2054,33.9883
RE1,PWRHYD001,HYD,2055,33.9883
RE1,PWRHYD001,HYD,2056,33.9883
RE1,PWRHYD001,HYD,2057,33.9883
RE1,PWRHYD001,HYD,2058,33.9883
RE1,PWRHYD001,HYD,2059,33.9883
RE1,PWRHYD001,HYD,2060,33.9883
RE1,PWRHYD001,HYD,2061,33.9883
RE1,PWRHYD001,HYD,2062,33.9883
RE1,PWRHYD001,HYD,2063,33.9883
RE1,PWRHYD001,HYD,2064,33.9883
RE1,PWRHYD001,HYD,2065,33.9883
RE1,PWRHYD001,HYD,2066,33.9883
RE1,PWRHYD001,HYD,2067,33.9883
RE1,PWRHYD001,HYD,2068,33.9883
RE1,PWRHYD001,HYD,2069,33.9883
RE1,PWRHYD001,HYD,2070,33.9883
RE1,PWRHYD002,HYD,2015,1.1526
RE1,PWRHYD002,HYD,2016,1.1526
RE1,PWRHYD002,HYD,2017,1.1526
RE1,PWRHYD002,HYD,2018,1.1526
RE1,PWRHYD002,HYD,2019,1.1526
RE1,PWRHYD002,HYD,2020,1.1526
RE1,PWRHYD002,HYD,2021,1.3823
RE1,PWRHYD002,HYD,2022,1.3823
RE1,PWRHYD002,HYD,2023,1.3823
RE1,PWRHYD002,HYD,2024,1.3823
RE1,PWRHYD002,HYD,2025,1.3823
RE1,PWRHYD002,HYD,2026,1.3823
RE1,PWRHYD002,HYD,2027,1.3823
RE1,PWRHYD002,HYD,2028,1.3823
RE1,PWRHYD002,HYD,2029,1.3823
RE1,PWRHYD002,HYD,2030,1.3823
RE1,PWRHYD002,HYD,2031,1.3823
RE1,PWRHYD002,HYD,2032,1.3823
RE1,PWRHYD002,HYD,2033,1.3823
RE1,PWRHYD002,HYD,2034,1.3823
RE1,PWRHYD002,HYD,2035,1.3823
RE1,PWRHYD002,HYD,2036,1.3823
RE1,PWRHYD002,HYD,2037,1.3823
RE1,PWRHYD002,HYD,2038,1.3823
RE1,PWRHYD002,HYD,2039,1.3823
RE1,PWRHYD002,HYD,2040,1.3823
RE1,PWRHYD002,HYD,2041,1.3823
RE1,PWRHYD002,HYD,2042,1.3823
RE1,PWRHYD002,HYD,2043,1.3823
RE1,PWRHYD002,HYD,2044,1.3823
RE1,PWRHYD002,HYD,2045,1.3823
RE1,PWRHYD002,HYD,2046,1.3823
RE1,PWRHYD002,HYD,2047,1.3823
RE1,PWRHYD002,HYD,2048,1.3823
RE1,PWRHYD002,HYD,2049,1.3823
RE1,PWRHYD002,HYD,2050,1.3823
RE1,PWRHYD002,HYD,2051,1.3823
RE1,PWRHYD002,HYD,2052,1.3823
RE1,PWRHYD002,HYD,2053,1.3823
RE1,PWRHYD002,HYD,2054,1.3823
RE1,PWRHYD002,HYD,2055,1.3823
RE1,PWRHYD002,HYD,2056,1.3823
RE1,PWRHYD002,HYD,2057,1.3823
RE1,PWRHYD002,HYD,2058,1.3823
RE1,PWRHYD002,HYD,2059,1.3823
RE1,PWRHYD002,HYD,2060,1.3823
RE1,PWRHYD002,HYD,2061,1.3823
RE1,PWRHYD002,HYD,2062,1.3823
RE1,PWRHYD002,HYD,2063,1.3823
RE1,PWRHYD002,HYD,2064,1.3823
RE1,PWRHYD002,HYD,2065,1.3823
RE1,PWRHYD002,HYD,2066,1.3823
RE1,PWRHYD002,HYD,2067,1.3823
RE1,PWRHYD002,HYD,2068,1.3823
RE1,PWRHYD002,HYD,2069,1.3823
RE1,PWRHYD002,HYD,2070,1.3823
RE1,PWRHYD003,HYD,2022,4.9061
RE1,PWRHYD003,HYD,2023,4.9061
RE1,PWRHYD003,HYD,2024,4.9061
RE1,PWRHYD003,HYD,2025,4.9061
RE1,PWRHYD003,HYD,2026,4.9061
RE1,PWRHYD003,HYD,2027,4.9061
RE1,PWRHYD003,HYD,2028,4.9061
RE1,PWRHYD003,HYD,2029,4.9061
RE1,PWRHYD003,HYD,2030,4.9061
RE1,PWRHYD003,HYD,2031,4.9061
RE1,PWRHYD003,HYD,2032,4.9061
RE1,PWRHYD003,HYD,2033,4.9061
RE1,PWRHYD003,HYD,2034,4.9061
RE1,PWRHYD003,HYD,2035,4.9061
RE1,PWRHYD003,HYD,2036,4.9061
RE1,PWRHYD003,HYD,2037,4.9061
RE1,PWRHYD003,HYD,2038,4.9061
RE1,PWRHYD003,HYD,2039,4.9061
RE1,PWRHYD003,HYD,2040,4.9061
RE1,PWRHYD003,HYD,2041,4.9061
RE1,PWRHYD003,HYD,2042,4.9061
RE1,PWRHYD003,HYD,2043,4.9061
RE1,PWRHYD003,HYD,2044,4.9061
RE1,PWRHYD003,HYD,2045,4.9061
RE1,PWRHYD003,HYD,2046,4.9061
RE1,PWRHYD003,HYD,2047,4.9061
RE1,PWRHYD003,HYD,2048,4.9061
RE1,PWRHYD003,HYD,2049,4.9061
RE1,PWRHYD003,HYD,2050,4.9061
RE1,PWRHYD003,HYD,2051,4.9061
RE1,PWRHYD003,HYD,2052,4.9061
RE1,PWRHYD003,HYD,2053,4.9061
RE1,PWRHYD003,HYD,2054,4.9061
RE1,PWRHYD003,HYD,2055,4.9061
RE1,PWRHYD003,HYD,2056,4.9061
RE1,PWRHYD003,HYD,2057,4.9061
RE1,PWRHYD003,HYD,2058,4.9061
RE1,PWRHYD003,HYD,2059,4.9061
RE1,PWRHYD003,HYD,2060,4.9061
RE1,PWRHYD003,HYD,2061,4.9061
RE1,PWRHYD003,HYD,2062,4.9061
RE1,PWRHYD003,HYD,2063,4.9061
RE1,PWRHYD003,HYD,2064,4.9061
RE1,PWRHYD003,HYD,2065,4.9061
RE1,PWRHYD003,HYD,2066,4.9061
RE1,PWRHYD003,HYD,2067,4.9061
RE1,PWRHYD003,HYD,2068,4.9061
RE1,PWRHYD003,HYD,2069,4.9061
RE1,PWRHYD003,HYD,2070,4.9061
RE1,PWRHYD004,HYD,2021,0.5451
RE1,PWRHYD004,HYD,2022,0.5451
RE1,PWRHYD004,HYD,2023,0.5451
RE1,PWRHYD004,HYD,2024,0.5451
RE1,PWRHYD004,HYD,2025,0.5451
RE1,PWRHYD004,HYD,2026,0.5451
RE1,PWRHYD004,HYD,2027,0.5451
RE1,PWRHYD004,HYD,2028,0.5451
RE1,PWRHYD004,HYD,2029,0.5451
RE1,PWRHYD004,HYD,2030,0.5451
RE1,PWRHYD004,HYD,2031,0.5451
RE1,PWRHYD004,HYD,2032,0.5451
RE1,PWRHYD004,HYD,2033,0.5451
RE1,PWRHYD004,HYD,2034,0.5451
RE1,PWRHYD004,HYD,2035,0.5451
RE1,PWRHYD004,HYD,2036,0.5451
RE1,PWRHYD004,HYD,2037,0.5451
RE1,PWRHYD004,HYD,2038,0.5451
RE1,PWRHYD004,HYD,2039,0.5451
RE1,PWRHYD004,HYD,2040,0.5451
RE1,PWRHYD004,HYD,2041,0.5451
RE1,PWRHYD004,HYD,2042,0.5451
RE1,PWRHYD004,HYD,2043,0.5451
RE1,PWRHYD004,HYD,2044,0.5451
RE1,PWRHYD004,HYD,2045,0.5451
RE1,PWRHYD004,HYD,2046,0.5451
RE1,PWRHYD004,HYD,2047,0.5451
RE1,PWRHYD004,HYD,2048,0.5451
RE1,PWRHYD004,HYD,2049,0.5451
RE1,PWRHYD004,HYD,2050,0.5451
RE1,PWRHYD004,HYD,2051,0.5451
RE1,PWRHYD004,HYD,2052,0.5451
RE1,PWRHYD004,HYD,2053,0.5451
RE1,PWRHYD004,HYD,2054,0.5451
RE1,PWRHYD004,HYD,2055,0.5451
RE1,PWRHYD004,HYD,2056,0.5451
RE1,PWRHYD004,HYD,2057,0.5451
RE1,PWRHYD004,HYD,2058,0.5451
RE1,PWRHYD004,HYD,2059,0.5451
RE1,PWRHYD004,HYD,2060,0.5451
RE1,PWRHYD004,HYD,2061,0.5451
RE1,PWRHYD004,HYD,2062,0.5451
RE1,PWRHYD004,HYD,2063,0.5451
RE1,PWRHYD004,HYD,2064,0.5451
RE1,PWRHYD004,HYD,2065,0.5451
RE1,PWRHYD004,HYD,2066,0.5451
RE1,PWRHYD004,HYD,2067,0.5451
RE1,PWRHYD004,HYD,2068,0.5451
RE1,PWRHYD004,HYD,2069,0.5451
RE1,PWRHYD004,HYD,2070,0.5451
RE1,PWRNGS001,NGS,2015,784.854
RE1,PWRNGS001,NGS,2016,817.825
RE1,PWRNGS001,NGS,2017,846.9226
RE1,PWRNGS001,NGS,2018,705.1737
RE1,PWRNGS001,NGS,2019,767.0326
RE1,PWRNGS001,NGS,2020,828.8512
RE1,PWRNGS001,NGS,2021,818.6918
RE1,PWRNGS001,NGS,2022,790.4612
RE1,PWRNGS001,NGS,2023,464.2066
RE1,PWRSOL001,SOL,2015,8.5041
RE1,PWRSOL001,SOL,2016,8.5041
RE1,PWRSOL001,SOL,2017,8.5041
RE1,PWRSOL001,SOL,2018,8.5041
RE1,PWRSOL001,SOL,2019,8.5041
RE1,PWRSOL001,SOL,2020,8.5041
RE1,PWRSOL001,SOL,2021,80.1019
RE1,PWRSOL001,SOL,2022,172.647
RE1,PWRSOL001,SOL,2023,177.8909
RE1,PWRSOL001,SOL,2024,193.3983
RE1,PWRSOL001,SOL,2025,212.0379
RE1,PWRSOL001,SOL,2026,219.1798
RE1,PWRSOL001,SOL,2027,226.3698
RE1,PWRSOL001,SOL,2028,238.7371
RE1,PWRSOL001,SOL,2029,255.5206
RE1,PWRSOL001,SOL,2030,281.1734
RE1,PWRSOL001,SOL,2031,298.3058
RE1,PWRSOL001,SOL,2032,318.817
RE1,PWRSOL001,SOL,2033,339.7026
RE1,PWRSOL001,SOL,2034,362.3346
RE1,PWRSOL001,SOL,2035,389.4288
RE1,PWRSOL001,SOL,2036,416.324
RE1,PWRSOL001,SOL,2037,440.7791
RE1,PWRSOL001,SOL,2038,473.7865
RE1,PWRSOL001,SOL,2039,511.5359
RE1,PWRSOL001,SOL,2040,550.3568
RE1,PWRSOL001,SOL,2041,590.2123
RE1,PWRSOL001,SOL,2042,628.4289
RE1,PWRSOL001,SOL,2043,663.5462
RE1,PWRSOL001,SOL,2044,685.5858
RE1,PWRSOL001,SOL,2045,714.7104
RE1,PWRSOL001,SOL,2046,733.7277
RE1,PWRSOL001,SOL,2047,754.506
RE1,PWRSOL001,SOL,2048,777.4644
RE1,PWRSOL001,SOL,2049,801.1908
RE1,PWRSOL001,SOL,2050,819.4914
RE1,PWRSOL001,SOL,2051,826.5324
RE1,PWRSOL001,SOL,2052,833.6366
RE1,PWRSOL001,SOL,2053,840.8048
RE1,PWRSOL001,SOL,2054,848.0375
RE1,PWRSOL001,SOL,2055,855.3353
RE1,PWRSOL001,SOL,2056,862.6989
RE1,PWRSOL001,SOL,2057,870.1288
RE1,PWRSOL001,SOL,2058,877.6256
RE1,PWRSOL001,SOL,2059,885.1901
RE1,PWRSOL001,SOL,2060,892.8228
RE1,PWRSOL001,SOL,2061,900.5244
RE1,PWRSOL001,SOL,2062,908.2955
RE1,PWRSOL001,SOL,2063,916.1367
RE1,PWRSOL001,SOL,2064,924.0488
RE1,PWRSOL001,SOL,2065,932.0323
RE1,PWRSOL001,SOL,2066,940.088
RE1,PWRSOL001,SOL,2067,948.2166
RE1,PWRSOL001,SOL,2068,956.4187
RE1,PWRSOL001,SOL,2069,964.6949
RE1,PWRSOL001,SOL,2070,973.0461
RE1,PWRSOL002,SOL,2023,28.513
RE1,PWRSOL002,SOL,2024,28.513
RE1,PWRSOL002,SOL,2025,28.513
RE1,PWRSOL002,SOL,2026,88.2636
RE1,PWRSOL002,SOL,2027,115.1278
RE1,PWRSOL002,SOL,2028,130.3323
RE1,PWRSOL002,SOL,2029,130.3323
RE1,PWRSOL002,SOL,2030,235.6289
RE1,PWRSOL002,SOL,2031,239.6136
RE1,PWRSOL002,SOL,2032,318.817
RE1,PWRSOL002,SOL,2033,339.7026
RE1,PWRSOL002,SOL,2034,362.3346
RE1,PWRSOL002,SOL,2035,389.4288
RE1,PWRSOL002,SOL,2036,416.3239
RE1,PWRSOL002,SOL,2037,440.7791
RE1,PWRSOL002,SOL,2038,473.7865
RE1,PWRSOL002,SOL,2039,511.5359
RE1,PWRSOL002,SOL,2040,520.8598
RE1,PWRSOL002,SOL,2041,520.8598
RE1,PWRSOL002,SOL,2042,520.8598
RE1,PWRSOL002,SOL,2043,520.8598
RE1,PWRSOL002,SOL,2044,520.8598
RE1,PWRSOL002,SOL,2045,714.7104
RE1,PWRSOL002,SOL,2046,714.7104
RE1,PWRSOL002,SOL,2047,686.1974
RE1,PWRSOL002,SOL,2048,777.4645
RE1,PWRSOL002,SOL,2049,801.1908
RE1,PWRSOL002,SOL,2050,819.4914
RE1,PWRSOL002,SOL,2051,826.5324
RE1,PWRSOL002,SOL,2052,833.6366
RE1,PWRSOL002,SOL,2053,840.8048
RE1,PWRSOL002,SOL,2054,848.0375
RE1,PWRSOL002,SOL,2055,855.3353
RE1,PWRSOL002,SOL,2056,862.6989
RE1,PWRSOL002,SOL,2057,870.1288
RE1,PWRSOL002,SOL,2058,877.6256
RE1,PWRSOL002,SOL,2059,885.1901
RE1,PWRSOL002,SOL,2060,892.8228
RE1,PWRSOL002,SOL,2061,900.5244
RE1,PWRSOL002,SOL,2062,908.2954
RE1,PWRSOL002,SOL,2063,916.1367
RE1,PWRSOL002,SOL,2064,924.0488
RE1,PWRSOL002,SOL,2065,932.0323
RE1,PWRSOL002,SOL,2066,940.088
RE1,PWRSOL002,SOL,2067,948.2166
RE1,PWRSOL002,SOL,2068,956.4186
RE1,PWRSOL002,SOL,2069,964.695
RE1,PWRSOL002,SOL,2070,973.0461
RE1,PWRTRN,ELC001,2015,711.6784
RE1,PWRTRN,ELC001,2016,751.7444
RE1,PWRTRN,ELC001,2017,786.4668
RE1,PWRTRN,ELC001,2018,821.3276
RE1,PWRTRN,ELC001,2019,855.5038
RE1,PWRTRN,ELC001,2020,889.6576
RE1,PWRTRN,ELC001,2021,947.3918
RE1,PWRTRN,ELC001,2022,1051.5221
RE1,PWRTRN,ELC001,2023,1048.7765
RE1,PWRTRN,ELC001,2024,1144.8788
RE1,PWRTRN,ELC001,2025,1262.2223
RE1,PWRTRN,ELC001,2026,1300.9096
RE1,PWRTRN,ELC001,2027,1378.4118
RE1,PWRTRN,ELC001,2028,1458.6081
RE1,PWRTRN,ELC001,2029,1559.7748
RE1,PWRTRN,ELC001,2030,1624.0722
RE1,PWRTRN,ELC001,2031,1749.2453
RE1,PWRTRN,ELC001,2032,1814.08
RE1,PWRTRN,ELC001,2033,1943.2976
RE1,PWRTRN,ELC001,2034,2073.8336
RE1,PWRTRN,ELC001,2035,2202.3986
RE1,PWRTRN,ELC001,2036,2325.7087
RE1,PWRTRN,ELC001,2037,2453.2177
RE1,PWRTRN,ELC001,2038,2575.695
RE1,PWRTRN,ELC001,2039,2694.146
RE1,PWRTRN,ELC001,2040,2826.3918
RE1,PWRTRN,ELC001,2041,2978.1624
RE1,PWRTRN,ELC001,2042,3180.3371
RE1,PWRTRN,ELC001,2043,3389.4912
RE1,PWRTRN,ELC001,2044,3584.7752
RE1,PWRTRN,ELC001,2045,3765.9736
RE1,PWRTRN,ELC001,2046,3938.6035
RE1,PWRTRN,ELC001,2047,4155.672
RE1,PWRTRN,ELC001,2048,4355.59
RE1,PWRTRN,ELC001,2049,4649.8577
RE1,PWRTRN,ELC001,2050,4994.5807
RE1,PWRTRN,ELC001,2051,5032.1323
RE1,PWRTRN,ELC001,2052,5070.0217
RE1,PWRTRN,ELC001,2053,5111.8197
RE1,PWRTRN,ELC001,2054,5154.3016
RE1,PWRTRN,ELC001,2055,5197.1517
RE1,PWRTRN,ELC001,2056,5240.3733
RE1,PWRTRN,ELC001,2057,5283.9698
RE1,PWRTRN,ELC001,2058,5327.9446
RE1,PWRTRN,ELC001,2059,5372.301
RE1,PWRTRN,ELC001,2060,5417.0425
RE1,PWRTRN,ELC001,2061,5462.1725
RE1,PWRTRN,ELC001,2062,5507.6946
RE1,PWRTRN,ELC001,2063,5553.6123
RE1,PWRTRN,ELC001,2064,5599.9292
RE1,PWRTRN,ELC001,2065,5646.6488
RE1,PWRTRN,ELC001,2066,5693.7748
RE1,PWRTRN,ELC001,2067,5741.3108
RE1,PWRTRN,ELC001,2068,5789.2607
RE1,PWRTRN,ELC001,2069,5837.628
RE1,PWRTRN,ELC001,2070,5886.4166
RE1,PWRTRNEXP,ELC001,2015,7.6
RE1,PWRTRNEXP,ELC001,2016,4.75
RE1,PWRTRNEXP,ELC001,2017,3.8
RE1,PWRTRNEXP,ELC001,2018,3.8
RE1,PWRTRNEXP,ELC001,2019,3.8
RE1,PWRTRNEXP,ELC001,2020,3.8
RE1,PWRTRNEXP,ELC001,2021,3.8
RE1,PWRTRNEXP,ELC001,2022,3.8
RE1,PWRTRNEXP,ELC001,2023,3.8
RE1,PWRTRNEXP,ELC001,2024,3.8
RE1,PWRTRNEXP,ELC001,2025,3.8
RE1,PWRTRNEXP,ELC001,2026,3.8
RE1,PWRTRNEXP,ELC001,2027,3.8
RE1,PWRTRNEXP,ELC001,2028,3.8
RE1,PWRTRNEXP,ELC001,2029,3.8
RE1,PWRTRNEXP,ELC001,2030,3.8
RE1,PWRTRNEXP,ELC001,2031,3.8
RE1,PWRTRNEXP,ELC001,2032,3.8
RE1,PWRTRNEXP,ELC001,2033,3.8
RE1,PWRTRNEXP,ELC001,2034,3.8
RE1,PWRTRNEXP,ELC001,2035,3.8
RE1,PWRTRNEXP,ELC001,2036,3.8
RE1,PWRTRNEXP,ELC001,2037,3.8
RE1,PWRTRNEXP,ELC001,2038,3.8
RE1,PWRTRNEXP,ELC001,2039,3.8
RE1,PWRTRNEXP,ELC001,2040,3.8
RE1,PWRTRNEXP,ELC001,2041,3.8
RE1,PWRTRNEXP,ELC001,2042,3.8
RE1,PWRTRNEXP,ELC001,2043,3.8
RE1,PWRTRNEXP,ELC001,2044,3.8
RE1,PWRTRNEXP,ELC001,2045,3.8
RE1,PWRTRNEXP,ELC001,2046,3.8
RE1,PWRTRNEXP,ELC001,2047,3.8
RE1,PWRTRNEXP,ELC001,2048,3.8
RE1,PWRTRNEXP,ELC001,2049,3.8
RE1,PWRTRNEXP,ELC001,2050,3.8
RE1,PWRTRNEXP,ELC001,2051,3.8
RE1,PWRTRNEXP,ELC001,2052,3.8
RE1,PWRTRNEXP,ELC001,2053,3.8
RE1,PWRTRNEXP,ELC001,2054,3.8
RE1,PWRTRNEXP,ELC001,2055,3.8
RE1,PWRTRNEXP,ELC001,2056,3.8
RE1,PWRTRNEXP,ELC001,2057,3.8
RE1,PWRTRNEXP,ELC001,2058,3.8
RE1,PWRTRNEXP,ELC001,2059,3.8
RE1,PWRTRNEXP,ELC001,2060,3.8
RE1,PWRTRNEXP,ELC001,2061,3.8
RE1,PWRTRNEXP,ELC001,2062,3.8
RE1,PWRTRNEXP,ELC001,2063,3.8
RE1,PWRTRNEXP,ELC001,2064,3.8
RE1,PWRTRNEXP,ELC001,2065,3.8
RE1,PWRTRNEXP,ELC001,2066,3.8
RE1,PWRTRNEXP,ELC001,2067,3.8
RE1,PWRTRNEXP,ELC001,2068,3.8
RE1,PWRTRNEXP,ELC001,2069,3.8
RE1,PWRTRNEXP,ELC001,2070,3.8
RE1,PWRWND001,WND,2015,1.0542
RE1,PWRWND001,WND,2016,1.0542
RE1,PWRWND001,WND,2017,1.0542
RE1,PWRWND001,WND,2018,1.0542
RE1,PWRWND001,WND,2019,1.0542
RE1,PWRWND001,WND,2020,1.0542
RE1,PWRWND001,WND,2021,1.0542
RE1,PWRWND001,WND,2022,1.0391
RE1,PWRWND001,WND,2023,1.0391
RE1,PWRWND001,WND,2024,1.0391
RE1,PWRWND001,WND,2025,1.0391
RE1,PWRWND001,WND,2026,33.2276
RE1,PWRWND001,WND,2027,112.3451
RE1,PWRWND001,WND,2028,133.8303
RE1,PWRWND001,WND,2029,132.7912
RE1,PWRWND001,WND,2030,135.4089
RE1,PWRWND001,WND,2031,248.3703
RE1,PWRWND001,WND,2032,285.0771
RE1,PWRWND001,WND,2033,339.7026
RE1,PWRWND001,WND,2034,362.3346
RE1,PWRWND001,WND,2035,389.4288
RE1,PWRWND001,WND,2036,416.324
RE1,PWRWND001,WND,2037,440.7791
RE1,PWRWND001,WND,2038,449.1215
RE1,PWRWND001,WND,2039,449.1215
RE1,PWRWND001,WND,2040,550.3568
RE1,PWRWND001,WND,2041,590.2123
RE1,PWRWND001,WND,2042,628.4289
RE1,PWRWND001,WND,2043,663.5462
RE1,PWRWND001,WND,2044,685.5858
RE1,PWRWND001,WND,2045,714.7104
RE1,PWRWND001,WND,2046,733.7277
RE1,PWRWND001,WND,2047,754.506
RE1,PWRWND001,WND,2048,777.4644
RE1,PWRWND001,WND,2049,801.1907
RE1,PWRWND001,WND,2050,819.4914
RE1,PWRWND001,WND,2051,826.5324
RE1,PWRWND001,WND,2052,833.6366
RE1,PWRWND001,WND,2053,840.8048
RE1,PWRWND001,WND,2054,848.0375
RE1,PWRWND001,WND,2055,855.3353
RE1,PWRWND001,WND,2056,862.6989
RE1,PWRWND001,WND,2057,870.1288
RE1,PWRWND001,WND,2058,877.6256
RE1,PWRWND001,WND,2059,885.1901
RE1,PWRWND001,WND,2060,892.8228
RE1,PWRWND001,WND,2061,900.5244
RE1,PWRWND001,WND,2062,908.2954
RE1,PWRWND001,WND,2063,916.1367
RE1,PWRWND001,WND,2064,924.0487
RE1,PWRWND001,WND,2065,932.0323
RE1,PWRWND001,WND,2066,940.088
RE1,PWRWND001,WND,2067,948.2166
RE1,PWRWND001,WND,2068,956.4187
RE1,PWRWND001,WND,2069,964.695
RE1,PWRWND001,WND,2070,973.0461
RE1,PWRWND001S,WND,2033,47.8421
RE1,PWRWND001S,WND,2034,122.1776
RE1,PWRWND001S,WND,2035,185.3708
RE1,PWRWND001S,WND,2036,249.1778
RE1,PWRWND001S,WND,2037,328.0422
RE1,PWRWND001S,WND,2038,397.091
RE1,PWRWND001S,WND,2039,459.5762
RE1,PWRWND001S,WND,2040,459.5762
RE1,PWRWND001S,WND,2041,488.1439
RE1,PWRWND001S,WND,2042,581.224
RE1,PWRWND001S,WND,2043,692.9381
RE1,PWRWND001S,WND,2044,845.962
RE1,PWRWND001S,WND,2045,897.9336
RE1,PWRWND001S,WND,2046,1053.7861
RE1,PWRWND001S,WND,2047,1244.179
RE1,PWRWND001S,WND,2048,1295.774
RE1,PWRWND001S,WND,2049,1335.3179
RE1,PWRWND001S,WND,2050,1365.819
RE1,PWRWND001S,WND,2051,1377.5539
RE1,PWRWND001S,WND,2052,1389.3943
RE1,PWRWND001S,WND,2053,1401.3413
RE1,PWRWND001S,WND,2054,1413.3958
RE1,PWRWND001S,WND,2055,1425.5588
RE1,PWRWND001S,WND,2056,1437.8314
RE1,PWRWND001S,WND,2057,1450.2146
RE1,PWRWND001S,WND,2058,1462.7094
RE1,PWRWND001S,WND,2059,1475.3168
RE1,PWRWND001S,WND,2060,1488.038
RE1,PWRWND001S,WND,2061,1500.8739
RE1,PWRWND001S,WND,2062,1513.8257
RE1,PWRWND001S,WND,2063,1526.8944
RE1,PWRWND001S,WND,2064,1540.0812
RE1,PWRWND001S,WND,2065,1553.3871
RE1,PWRWND001S,WND,2066,1566.8134
RE1,PWRWND001S,WND,2067,1580.361
RE1,PWRWND001S,WND,2068,1594.0311
RE1,PWRWND001S,WND,2069,1607.825
RE1,PWRWND001S,WND,2070,1621.7436
RE1,PWRWND002,WND,2028,66.5059
RE1,PWRWND002,WND,2029,170.347
RE1,PWRWND002,WND,2030,187.4489
RE1,PWRWND002,WND,2031,198.8706
RE1,PWRWND002,WND,2032,212.5446
RE1,PWRWND002,WND,2033,226.4684
RE1,PWRWND002,WND,2034,241.5564
RE1,PWRWND002,WND,2035,259.6192
RE1,PWRWND002,WND,2036,277.5493
RE1,PWRWND002,WND,2037,293.8527
RE1,PWRWND002,WND,2038,315.8577
RE1,PWRWND002,WND,2039,341.0239
RE1,PWRWND002,WND,2040,341.0239
RE1,PWRWND002,WND,2041,393.4749
RE1,PWRWND002,WND,2042,418.9526
RE1,PWRWND002,WND,2043,442.3641
RE1,PWRWND002,WND,2044,457.0572
RE1,PWRWND002,WND,2045,476.4736
RE1,PWRWND002,WND,2046,489.1518
RE1,PWRWND002,WND,2047,503.004
RE1,PWRWND002,WND,2048,518.3096
RE1,PWRWND002,WND,2049,534.1272
RE1,PWRWND002,WND,2050,546.3277
RE1,PWRWND002,WND,2051,551.0216
RE1,PWRWND002,WND,2052,555.7577
RE1,PWRWND002,WND,2053,560.5365
RE1,PWRWND002,WND,2054,565.3583
RE1,PWRWND002,WND,2055,570.2235
RE1,PWRWND002,WND,2056,575.1326
RE1,PWRWND002,WND,2057,580.0858
RE1,PWRWND002,WND,2058,585.0838
RE1,PWRWND002,WND,2059,590.1267
RE1,PWRWND002,WND,2060,595.2152
RE1,PWRWND002,WND,2061,600.3496
RE1,PWRWND002,WND,2062,605.5303
RE1,PWRWND002,WND,2063,610.7578
RE1,PWRWND002,WND,2064,616.0325
RE1,PWRWND002,WND,2065,621.3549
RE1,PWRWND002,WND,2066,626.7253
RE1,PWRWND002,WND,2067,632.1444
RE1,PWRWND002,WND,2068,637.6124
RE1,PWRWND002,WND,2069,643.1299
RE1,PWRWND002,WND,2070,648.6974
RE1,RESENEFFDP,ELC003,2021,14.4246
RE1,RESENEFFDP,ELC003,2022,28.8491
RE1,RESENEFFDP,ELC003,2023,43.2737
RE1,RESENEFFDP,ELC003,2024,57.6983
RE1,RESENEFFDP,ELC003,2025,72.1229
RE1,RESENEFFDP,ELC003,2026,86.5474
RE1,RESENEFFDP,ELC003,2027,100.972
RE1,RESENEFFDP,ELC003,2028,115.3966
RE1,RESENEFFDP,ELC003,2029,129.8211
RE1,RESENEFFDP,ELC003,2030,144.2457
RE1,RESENEFFDP,ELC003,2031,144.2457
RE1,RESENEFFDP,ELC003,2032,144.2457
RE1,RESENEFFDP,ELC003,2033,144.2457
RE1,RESENEFFDP,ELC003,2034,144.2457
RE1,RESENEFFDP,ELC003,2035,144.2457
RE1,RESENEFFDP,ELC003,2036,144.2457
RE1,RESENEFFDP,ELC003,2037,144.2457
RE1,RESENEFFDP,ELC003,2038,144.2457
RE1,RESENEFFDP,ELC003,2039,144.2457
RE1,RESENEFFDP,ELC003,2040,158.6703
RE1,RESENEFFDP,ELC003,2041,173.0948
RE1,RESENEFFDP,ELC003,2042,187.5194
RE1,RESENEFFDP,ELC003,2043,201.944
RE1,RESENEFFDP,ELC003,2044,216.3686
RE1,RESENEFFDP,ELC003,2045,230.7931
RE1,RESENEFFDP,ELC003,2046,245.2177
RE1,RESENEFFDP,ELC003,2047,259.6423
RE1,RESENEFFDP,ELC003,2048,273.4493
RE1,RESENEFFDP,ELC003,2049,285.7369
RE1,RESENEFFDP,ELC003,2050,286.4936
RE1,RESENEFFDP,ELC003,2051,303.3274
RE1,RESENEFFDP,ELC003,2052,306.724
RE1,RESENEFFDP,ELC003,2053,311.1667
RE1,RESENEFFDP,ELC003,2054,314.6377
RE1,RESENEFFDP,ELC003,2055,318.1475
RE1,RESENEFFDP,ELC003,2056,321.6963
RE1,RESENEFFDP,ELC003,2057,325.2848
RE1,RESENEFFDP,ELC003,2058,328.9133
RE1,RESENEFFDP,ELC003,2059,332.5823
RE1,RESENEFFDP,ELC003,2060,336.2922
RE1,RESENEFFDP,ELC003,2061,340.0435
RE1,RESENEFFDP,ELC003,2062,343.8366
RE1,RESENEFFDP,ELC003,2063,347.6721
RE1,RESENEFFDP,ELC003,2064,351.5503
RE1,RESENEFFDP,ELC003,2065,355.4718
RE1,RESENEFFDP,ELC003,2066,359.437
RE1,RESENEFFDP,ELC003,2067,363.4465
RE1,RESENEFFDP,ELC003,2068,367.5007
RE1,RESENEFFDP,ELC003,2069,371.6001
RE1,RESENEFFDP,ELC003,2070,375.7452
RE1,RESENEFFGD,ELC003,2021,131.2708
RE1,RESENEFFGD,ELC003,2022,131.2708
RE1,RESENEFFGD,ELC003,2023,131.0303
RE1,RESENEFFGD,ELC003,2024,128.856
RE1,RESENEFFGD,ELC003,2025,122.268
RE1,RESENEFFGD,ELC003,2026,113.9636
RE1,RESENEFFGD,ELC003,2027,103.5108
RE1,RESENEFFGD,ELC003,2028,93.058
RE1,RESENEFFGD,ELC003,2029,82.6053
RE1,RESENEFFGD,ELC003,2030,72.1525
RE1,RESENEFFGD,ELC003,2031,72.9428
RE1,RESENEFFGD,ELC003,2032,80.6531
RE1,RESENEFFGD,ELC003,2033,88.2357
RE1,RESENEFFGD,ELC003,2034,94.8214
RE1,RESENEFFGD,ELC003,2035,101.0541
RE1,RESENEFFGD,ELC003,2036,106.7091
RE1,RESENEFFGD,ELC003,2037,113.3744
RE1,RESENEFFGD,ELC003,2038,117.313
RE1,RESENEFFGD,ELC003,2039,123.3559
RE1,RESENEFFGD,ELC003,2040,115.065
RE1,RESENEFFGD,ELC003,2041,93.2733
RE1,RESENEFFGD,ELC003,2042,83.6714
RE1,RESENEFFGD,ELC003,2043,73.6436
RE1,RESENEFFGD,ELC003,2044,65.011
RE1,RESENEFFGD,ELC003,2045,56.04
RE1,RESENEFFGD,ELC003,2046,44.8973
RE1,RESENEFFGD,ELC003,2047,32.6264
RE1,RESENEFFGD,ELC003,2048,23.7805
RE1,RESENEFFGD,ELC003,2049,13.6487
RE1,RESENEFFGD,ELC003,2050,16.3779
RE1,UPSREF001,OIL,2020,2141.65
