r,t,y,SalvageValue
RE1,PWRCOA001,2019,644.2451
RE1,PWRCOA001,2020,12587.988
RE1,PWRCOA001,2021,569.4425
RE1,PWRCOA001,2022,769.6741
RE1,PWRCOA001,2023,820.7329
RE1,PWRCOA001,2024,4038.3081
RE1,PWRCOA001,2041,688.7604
RE1,PWRCOA001,2042,1914.092
RE1,PWRCOA001,2043,1065.7543
RE1,PWRCOA001,2044,2650.8925
RE1,PWRCOA001,2045,2681.716
RE1,PWRCOA001,2046,1305.8442
RE1,PWRCOA001,2047,1568.614
RE1,PWRCOA001,2048,1086.3268
RE1,PWRCOA001,2049,782.0628
RE1,PWRCOA001,2050,56384.484
RE1,PWRCOA001,2051,3714.0691
RE1,PWRCOA001,2052,1296.3247
RE1,PWRCOA001,2053,1319.0581
RE1,PWRCOA001,2054,1341.6512
RE1,PWRCOA001,2055,1364.1171
RE1,PWRCOA001,2056,1386.4681
RE1,PWRCOA001,2057,1408.7162
RE1,PWRCOA001,2058,1430.8733
RE1,PWRCOA001,2059,2192.475
RE1,PWRCOA001,2060,141.5277
RE1,PWRCOA001,2061,2089.9034
RE1,PWRCOA001,2062,1518.812
RE1,PWRCOA001,2063,1540.6767
RE1,PWRCOA001,2064,1562.5132
RE1,PWRCOA001,2065,1584.3311
RE1,PWRCOA001,2066,1606.1394
RE1,PWRCOA001,2067,1627.947
RE1,PWRCOA001,2068,1649.7626
RE1,PWRCOA001,2069,1671.5946
RE1,PWRGEO,2024,3.0012
RE1,PWRWND001,2070,60076.625
RE1,PWRSOL001S,2042,49.259
RE1,PWRSOL001S,2043,656.38
RE1,PWRSOL001S,2044,299.6251
RE1,PWRSOL001S,2045,645.74
RE1,PWRSOL001S,2046,590.7085
RE1,PWRSOL001S,2047,765.3397
RE1,PWRSOL001S,2048,694.4895
RE1,PWRSOL001S,2049,652.0929
RE1,PWRSOL001S,2050,86281.147
RE1,PWRSOL001S,2051,3023.0237
RE1,PWRSOL001S,2052,1663.6496
RE1,PWRSOL001S,2053,1790.9296
RE1,PWRSOL001S,2054,2832.6682
RE1,PWRSOL001S,2055,10214.581
RE1,PWRSOL001S,2056,3703.9426
RE1,PWRSOL001S,2057,5304.4567
RE1,PWRSOL001S,2058,5725.6988
RE1,PWRSOL001S,2059,11885.763
RE1,PWRSOL001S,2060,8949.1819
RE1,PWRSOL001S,2061,13210.03
RE1,PWRSOL001S,2062,6486.628
RE1,PWRSOL001S,2063,7307.8893
RE1,PWRSOL001S,2064,13413.332
RE1,PWRSOL001S,2065,6142.6024
RE1,PWRSOL001S,2066,5403.2541
RE1,PWRSOL001S,2067,9000.8014
RE1,PWRSOL001S,2068,272.9306
RE1,PWRTRN,2026,112.001
RE1,PWRTRN,2027,113.1482
RE1,PWRTRN,2028,146.35
RE1,PWRTRN,2029,126.5127
RE1,PWRTRN,2030,423.2561
RE1,PWRTRN,2031,354.0858
RE1,PWRTRN,2032,184.3926
RE1,PWRTRN,2033,236.347
RE1,PWRTRN,2034,642.0157
RE1,PWRTRN,2035,205.5522
RE1,PWRTRN,2036,214.205
RE1,PWRTRN,2037,337.9998
RE1,PWRTRN,2038,198.4352
RE1,PWRTRN,2039,172.0464
RE1,PWRTRN,2040,1308.8409
RE1,PWRTRN,2041,94.4408
RE1,PWRTRN,2042,152.1034
RE1,PWRTRN,2043,307.8972
RE1,PWRTRN,2044,159.7534
RE1,PWRTRN,2045,273.211
RE1,PWRTRN,2046,210.5733
RE1,PWRTRN,2047,214.7774
RE1,PWRTRN,2048,191.9807
RE1,PWRTRN,2049,168.6198
RE1,PWRTRN,2050,20756.95
RE1,PWRTRN,2051,9732.8133
RE1,PWRTRN,2052,352.9257
RE1,PWRTRN,2053,360.85
RE1,PWRTRN,2054,339.2115
RE1,PWRTRN,2055,259.058
RE1,PWRTRN,2056,385.12
RE1,PWRTRN,2057,392.6418
RE1,PWRTRN,2058,400.0712
RE1,PWRTRN,2059,547.4603
RE1,PWRTRN,2060,126.0012
RE1,PWRTRN,2061,570.4786
RE1,PWRTRN,2062,428.9726
RE1,PWRTRN,2063,436.019
RE1,PWRTRN,2064,443.0032
RE1,PWRTRN,2065,182.2923
RE1,PWRTRN,2066,123.7709
RE1,PWRTRN,2070,350.5923
RE1,PWRDIST,2027,78.7517
RE1,PWRDIST,2028,166.4312
RE1,PWRDIST,2029,131.4609
RE1,PWRDIST,2030,403.621
RE1,PWRDIST,2031,316.1528
RE1,PWRDIST,2032,156.2716
RE1,PWRDIST,2033,189.9912
RE1,PWRDIST,2034,490.3756
RE1,PWRDIST,2035,152.3528
RE1,PWRDIST,2036,153.2158
RE1,PWRDIST,2037,232.9658
RE1,PWRDIST,2038,133.9106
RE1,PWRDIST,2039,113.499
RE1,PWRDIST,2040,827.1234
RE1,PWRDIST,2041,61.0049
RE1,PWRDIST,2042,94.7063
RE1,PWRDIST,2043,185.4279
RE1,PWRDIST,2044,96.0784
RE1,PWRDIST,2045,159.7603
RE1,PWRDIST,2046,122.1498
RE1,PWRDIST,2047,122.9573
RE1,PWRDIST,2048,108.9673
RE1,PWRDIST,2049,95.0776
RE1,PWRDIST,2050,11184.293
RE1,PWRDIST,2051,5444.0654
RE1,PWRDIST,2052,186.33
RE1,PWRDIST,2053,188.7944
RE1,PWRDIST,2054,175.9734
RE1,PWRDIST,2055,133.3274
RE1,PWRDIST,2056,196.7337
RE1,PWRDIST,2057,199.1764
RE1,PWRDIST,2058,201.6142
RE1,PWRDIST,2059,274.1888
RE1,PWRDIST,2060,62.7399
RE1,PWRDIST,2061,282.5064
RE1,PWRDIST,2062,211.3373
RE1,PWRDIST,2063,213.7658
RE1,PWRDIST,2064,216.1952
RE1,PWRDIST,2065,88.5781
RE1,PWRDIST,2066,59.8963
RE1,PWRDIST,2070,167.2649
RE1,DEMTRAEVC,2024,737.918
RE1,DEMTRAEVC,2025,15.6718
RE1,DEMTRAEVC,2026,21.3122
RE1,DEMTRAEVC,2027,24.9813
RE1,DEMTRAEVC,2028,28.4746
RE1,DEMTRAEVC,2029,31.8006
RE1,DEMTRAEVC,2030,34.9673
RE1,DEMTRAEVC,2031,370.2715
RE1,DEMTRAEVC,2032,164.0642
RE1,DEMTRAEVC,2033,242.0924
RE1,DEMTRAEVC,2034,855.3049
RE1,DEMTRAEVC,2035,196.3094
RE1,DEMTRAEVC,2036,181.44
RE1,DEMTRAEVC,2037,362.965
RE1,DEMTRAEVC,2038,127.9325
RE1,DEMTRAEVC,2039,74.2616
RE1,DEMTRAEVC,2040,90.907
RE1,DEMTRAEVC,2041,60.7409
RE1,DEMTRAEVC,2042,77.485
RE1,DEMTRAEVC,2043,79.5433
RE1,DEMTRAEVC,2044,81.503
RE1,DEMTRAEVC,2045,83.369
RE1,DEMTRAEVC,2046,66.5828
RE1,DEMTRAEVC,2047,67.9079
RE1,DEMTRAEVC,2048,69.1697
RE1,DEMTRAEVC,2049,70.3713
RE1,DEMTRAEVC,2050,32209.942
RE1,DEMTRAEVC,2051,444.5631
RE1,DEMTRAEVC,2052,333.0619
RE1,DEMTRAEVC,2053,340.189
RE1,DEMTRAEVC,2054,334.4743
RE1,DEMTRAEVC,2055,347.4254
RE1,DEMTRAEVC,2056,361.6287
RE1,DEMTRAEVC,2057,368.3059
RE1,DEMTRAEVC,2058,374.8814
RE1,DEMTRAEVC,2059,390.9588
RE1,DEMTRAEVC,2060,359.8185
RE1,DEMTRAEVC,2061,412.4504
RE1,DEMTRAEVC,2062,400.2717
RE1,DEMTRAEVC,2063,406.4159
RE1,DEMTRAEVC,2064,412.488
RE1,DEMTRAEVC,2068,18.9639
RE1,DEMTRAEVC,2069,424.5654
RE1,DEMTRAEVC,2070,657.184
RE1,DEMTRAMCYELC,2057,0.0
RE1,DEMTRAMCYELC,2058,0.0
RE1,DEMTRAMCYELC,2059,0.0
RE1,DEMTRAMCYELC,2060,0.0
RE1,DEMTRAMCYELC,2061,0.0001
RE1,DEMTRAMCYELC,2062,0.0
RE1,DEMTRAMCYELC,2063,0.0001
RE1,DEMTRAMCYELC,2064,0.0001
RE1,DEMTRAMCYELC,2065,0.0002
RE1,DEMTRAMCYELC,2066,0.0
RE1,DEMTRAMCYELC,2067,0.0001
RE1,DEMTRAMCYELC,2068,0.0
RE1,DEMTRAMCYELC,2069,0.0008
RE1,DEMTRAMCYELC,2070,0.0001
RE1,DEMTRACARELC,2052,0.0
RE1,DEMTRACARELC,2053,0.0
RE1,DEMTRACARELC,2054,0.0
RE1,DEMTRACARELC,2055,0.0
RE1,DEMTRACARELC,2056,0.0
RE1,DEMTRACARELC,2057,0.0
RE1,DEMTRACARELC,2058,0.0
RE1,DEMTRACARELC,2059,0.0
RE1,DEMTRACARELC,2060,0.0
RE1,DEMTRACARELC,2061,0.0
RE1,DEMTRACARELC,2062,0.0
RE1,DEMTRACARELC,2064,0.0001
RE1,DEMTRACARELC,2070,0.0045
RE1,DEMTRABUSELC,2052,351.189
RE1,DEMTRABUSELC,2053,690.9583
RE1,DEMTRABUSELC,2054,1019.7891
RE1,DEMTRABUSELC,2055,1338.1434
RE1,DEMTRABUSELC,2056,1646.4646
RE1,DEMTRABUSELC,2057,1945.1785
RE1,DEMTRABUSELC,2058,2234.6941
RE1,DEMTRABUSELC,2059,2515.4037
RE1,DEMTRABUSELC,2060,2787.6844
RE1,DEMTRABUSELC,2061,3051.898
RE1,DEMTRABUSELC,2062,3308.3918
RE1,DEMTRABUSELC,2063,3557.4997
RE1,DEMTRABUSELC,2064,3799.5419
RE1,DEMTRABUSELC,2065,4034.8263
RE1,DEMTRABUSELC,2066,4263.6482
RE1,DEMTRABUSELC,2067,4486.2913
RE1,DEMTRABUSELC,2068,4703.0281
RE1,DEMTRABUSELC,2069,4914.1205
RE1,DEMTRABUSELC,2070,585817.3
RE1,DEMINDELC,2062,0.0
RE1,DEMINDELC,2063,0.0
RE1,DEMINDELC,2064,0.0
RE1,DEMINDELC,2065,0.0
RE1,DEMINDELC,2066,0.0
RE1,DEMINDELC,2067,0.0
RE1,DEMINDELC,2068,0.0
RE1,DEMINDELC,2069,0.0001
RE1,DEMINDELC,2070,0.0004
RE1,INDENEFFDP,2062,128.1407
RE1,INDENEFFDP,2063,251.2966
RE1,INDENEFFDP,2064,4000.6688
RE1,INDENEFFDP,2065,548.1889
RE1,INDENEFFDP,2066,756.4732
RE1,INDENEFFDP,2067,799.3333
RE1,INDENEFFDP,2068,802.6984
RE1,INDENEFFDP,2069,410.2696
RE1,DEMINDHEEH,2070,466.4582
RE1,DEMINDHEBIO,2057,21.735
RE1,DEMINDHEBIO,2058,42.4438
RE1,DEMINDHEBIO,2059,62.1852
RE1,DEMINDHEBIO,2060,2114.806
RE1,DEMINDHEBIO,2061,87.6847
RE1,DEMINDHEBIO,2062,102.9004
RE1,DEMINDHEBIO,2063,117.4256
RE1,DEMINDHEBIO,2064,131.3188
RE1,DEMINDHEBIO,2065,144.6429
RE1,DEMINDHEBIO,2066,150.8249
RE1,DEMINDHEBIO,2067,207.7313
RE1,DEMINDHEBIO,2068,248.3554
RE1,DEMINDHEBIO,2069,263.8975
RE1,DEMINDHEBIO,2070,278.8692
RE1,DEMRESELC,2062,0.0
RE1,DEMRESELC,2063,0.0
RE1,DEMRESELC,2064,0.0
RE1,DEMRESELC,2065,0.0
RE1,DEMRESELC,2066,0.0
RE1,DEMRESELC,2067,0.0
RE1,DEMRESELC,2068,0.0
RE1,DEMRESELC,2069,0.0
RE1,DEMRESELC,2070,0.0002
RE1,RESENEFFDP,2062,63.9682
RE1,RESENEFFDP,2063,125.4479
RE1,RESENEFFDP,2064,1997.1441
RE1,RESENEFFDP,2065,273.6573
RE1,RESENEFFDP,2066,377.6334
RE1,RESENEFFDP,2067,399.0292
RE1,RESENEFFDP,2068,400.7091
RE1,RESENEFFDP,2069,204.8077
RE1,DEMRESCKNELC,2043,8.7533
RE1,DEMRESCKNELC,2045,11.5322
RE1,DEMRESCKNELC,2046,11.5297
RE1,DEMRESCKNELC,2047,13.5377
RE1,DEMRESCKNELC,2048,11.128
RE1,DEMRESCKNELC,2049,7.7154
RE1,DEMRESCKNELC,2050,339.2542
RE1,DEMRESCKNELC,2051,39.2646
RE1,DEMRESCKNELC,2052,12.7725
RE1,DEMRESCKNELC,2053,13.7452
RE1,DEMRESCKNELC,2054,269.1374
RE1,DEMRESCKNELC,2055,12.2657
RE1,DEMRESCKNELC,2056,138.5538
RE1,DEMRESCKNELC,2057,62.3475
RE1,DEMRESCKNELC,2058,78.8188
RE1,DEMRESCKNELC,2059,60.6439
RE1,DEMRESCKNELC,2060,235.6208
RE1,DEMRESCKNELC,2061,67.876
RE1,DEMRESCKNELC,2062,21.7129
RE1,DEMRESCKNELC,2063,22.484
RE1,DEMRESCKNELC,2064,23.2388
RE1,DEMRESCKNELC,2065,17.2652
RE1,DEMRESCKNBIO,2052,3.8243
RE1,DEMRESCKNBIO,2053,7.4683
RE1,DEMRESCKNBIO,2054,10.9408
RE1,DEMRESCKNBIO,2055,14.2499
RE1,DEMRESCKNBIO,2056,17.1804
RE1,DEMRESCKNBIO,2057,20.1496
RE1,DEMRESCKNBIO,2058,22.9804
RE1,DEMRESCKNBIO,2059,4.1248
RE1,DEMRESCKNBIO,2060,4.5483
RE1,DEMRESCKNBIO,2061,4.9543
RE1,DEMRESCKNBIO,2062,5.345
RE1,DEMRESCKNBIO,2063,5.7203
RE1,DEMRESCKNBIO,2064,6.0808
RE1,DEMRESCKNBIO,2065,6.4273
RE1,DEMRESCKNBIO,2066,5.8881
RE1,DEMRESCKNBIO,2067,6.1719
RE1,DEMRESCKNBIO,2068,6.4454
RE1,DEMRESCKNBIO,2069,6.7093
RE1,DEMRESHEBIO,2057,5.2577
RE1,DEMRESHEBIO,2058,10.2626
RE1,DEMRESHEBIO,2059,15.0294
RE1,DEMRESHEBIO,2060,422.7288
RE1,DEMRESHEBIO,2061,21.2367
RE1,DEMRESHEBIO,2062,24.9076
RE1,DEMRESHEBIO,2063,28.4081
RE1,DEMRESHEBIO,2064,49.5194
RE1,DEMRESHEBIO,2065,55.0751
RE1,DEMRESHEBIO,2066,52.5046
RE1,DEMRESHEBIO,2067,56.5925
RE1,DEMRESHEBIO,2068,60.5165
RE1,DEMRESHEBIO,2069,64.2752
RE1,DEMRESHEBIO,2070,67.8932
RE1,DEMCOMELC,2062,0.0
RE1,DEMCOMELC,2063,0.0
RE1,DEMCOMELC,2064,0.0
RE1,DEMCOMELC,2065,0.0
RE1,DEMCOMELC,2066,0.0
RE1,DEMCOMELC,2067,0.0
RE1,DEMCOMELC,2068,0.0
RE1,DEMCOMELC,2069,0.0001
RE1,DEMCOMELC,2070,0.0002
RE1,COMENEFFDP,2062,66.1141
RE1,COMENEFFDP,2063,129.6562
RE1,COMENEFFDP,2064,2064.1409
RE1,COMENEFFDP,2065,282.8375
RE1,COMENEFFDP,2066,390.3016
RE1,COMENEFFDP,2067,412.4152
RE1,COMENEFFDP,2068,414.1514
RE1,COMENEFFDP,2069,211.6782
RE1,DEMCOMHEBIO,2057,2.5888
RE1,DEMCOMHEBIO,2058,5.059
RE1,DEMCOMHEBIO,2059,7.4169
RE1,DEMCOMHEBIO,2060,187.0523
RE1,DEMCOMHEBIO,2061,21.1595
RE1,DEMCOMHEBIO,2062,18.3591
RE1,DEMCOMHEBIO,2063,20.9516
RE1,DEMCOMHEBIO,2064,23.4304
RE1,DEMCOMHEBIO,2065,25.8066
RE1,DEMCOMHEBIO,2066,25.7923
RE1,DEMCOMHEBIO,2067,27.8336
RE1,DEMCOMHEBIO,2068,29.7971
RE1,DEMCOMHEBIO,2069,31.6815
RE1,DEMCOMHEBIO,2070,33.4985
RE1,DEMINDHECOA,2057,41.4981
RE1,DEMINDHECOA,2058,81.1294
RE1,DEMINDHECOA,2059,118.9862
RE1,DEMINDHECOA,2060,4050.7853
RE1,DEMINDHECOA,2061,168.1085
RE1,DEMINDHECOA,2062,197.3758
RE1,DEMINDHECOA,2063,225.3596
RE1,DEMINDHECOA,2064,252.1239
RE1,DEMINDHECOA,2065,277.7293
RE1,DEMINDHECOA,2066,289.6658
RE1,DEMINDHECOA,2067,399.0256
RE1,DEMINDHECOA,2068,477.1003
RE1,DEMINDHECOA,2069,507.0444
