r,t,y,TotalCapacityAnnual
RE1,MINOIL,2024,2141.6499
RE1,MINBIO,2015,1083.1531
RE1,MINBIO,2016,1039.3006
RE1,MINBIO,2017,1077.9026
RE1,MINBIO,2018,1116.6381
RE1,MINBIO,2019,1137.3915
RE1,MINBIO,2020,1170.5173
RE1,MINBIO,2021,1197.7543
RE1,MINBIO,2022,1212.6691
RE1,MINBIO,2023,1227.5592
RE1,MINBIO,2024,1242.4259
RE1,MINBIO,2025,1257.2706
RE1,MINBIO,2026,1273.6359
RE1,MINBIO,2027,1289.9767
RE1,MINBIO,2028,1306.2942
RE1,MINBIO,2029,1322.5898
RE1,MINBIO,2030,1338.8647
RE1,MINBIO,2031,1181.6437
RE1,MINBIO,2032,1196.2983
RE1,MINBIO,2033,1210.9212
RE1,MINBIO,2034,1225.5141
RE1,MINBIO,2035,1240.0786
RE1,MINBIO,2036,1252.8549
RE1,MINBIO,2037,1265.615
RE1,MINBIO,2038,1278.3595
RE1,MINBIO,2039,1291.0891
RE1,MINBIO,2040,1303.8042
RE1,MINBIO,2041,1316.7339
RE1,MINBIO,2042,1329.653
RE1,MINBIO,2043,1342.5617
RE1,MINBIO,2044,1355.4606
RE1,MINBIO,2045,1368.3499
RE1,MINBIO,2046,1353.6227
RE1,MINBIO,2047,1338.9489
RE1,MINBIO,2048,1336.6245
RE1,MINBIO,2049,1346.4763
RE1,MINBIO,2050,1343.9129
RE1,MINBIO,2051,1341.7018
RE1,MINBIO,2052,1351.8642
RE1,MINBIO,2053,1362.1048
RE1,MINBIO,2054,1372.4242
RE1,MINBIO,2055,1382.8231
RE1,MINBIO,2056,1393.3021
RE1,MINBIO,2057,1403.8619
RE1,MINBIO,2058,1414.5029
RE1,MINBIO,2059,1425.2259
RE1,MINBIO,2060,1436.0315
RE1,MINBIO,2061,1446.9204
RE1,MINBIO,2062,1457.8931
RE1,MINBIO,2063,1468.9504
RE1,MINBIO,2064,1480.0929
RE1,MINBIO,2065,1491.3212
RE1,MINBIO,2066,1502.6361
RE1,MINBIO,2067,1514.0382
RE1,MINBIO,2068,1525.5282
RE1,MINBIO,2069,1537.1067
RE1,MINBIO,2070,1362.1471
RE1,IMPCOA,2027,1004.9658
RE1,IMPCOA,2028,3487.3502
RE1,IMPCOA,2029,3474.2743
RE1,IMPCOA,2030,3486.8711
RE1,IMPCOA,2031,3457.0363
RE1,IMPCOA,2032,3468.3716
RE1,IMPCOA,2033,3479.6861
RE1,IMPCOA,2034,3490.9811
RE1,IMPCOA,2035,3502.2574
RE1,IMPCOA,2036,3512.1574
RE1,IMPCOA,2037,3416.7178
RE1,IMPCOA,2038,3426.5971
RE1,IMPCOA,2039,3436.4666
RE1,IMPCOA,2040,3446.3267
RE1,IMPCOA,2041,3498.4999
RE1,IMPCOA,2042,3571.8759
RE1,IMPCOA,2043,3645.2041
RE1,IMPCOA,2044,3810.3705
RE1,IMPCOA,2045,3975.4897
RE1,IMPCOA,2046,4057.9467
RE1,IMPCOA,2047,4154.4734
RE1,IMPCOA,2048,4223.1364
RE1,IMPCOA,2049,4274.364
RE1,IMPCOA,2050,7380.7934
RE1,IMPCOA,2051,7591.2605
RE1,IMPCOA,2052,7669.4709
RE1,IMPCOA,2053,7748.4449
RE1,IMPCOA,2054,7828.1902
RE1,IMPCOA,2055,7908.7144
RE1,IMPCOA,2056,7990.0256
RE1,IMPCOA,2057,8072.1315
RE1,IMPCOA,2058,8155.0403
RE1,IMPCOA,2059,8277.0167
RE1,IMPCOA,2060,8292.9229
RE1,IMPCOA,2061,8408.6653
RE1,IMPCOA,2062,8494.8673
RE1,IMPCOA,2063,8581.9136
RE1,IMPCOA,2064,8669.8126
RE1,IMPCOA,2065,8758.5729
RE1,IMPCOA,2066,8848.2034
RE1,IMPCOA,2067,8938.7127
RE1,IMPCOA,2068,9030.1098
RE1,IMPCOA,2069,9122.4036
RE1,IMPCOA,2070,4792.6563
RE1,MINCOA,2015,1201.8754
RE1,MINCOA,2016,1120.3443
RE1,MINCOA,2017,1132.6138
RE1,MINCOA,2018,1153.041
RE1,MINCOA,2019,1262.8932
RE1,MINCOA,2020,2935.6728
RE1,MINCOA,2021,3016.1627
RE1,MINCOA,2022,3114.3237
RE1,MINCOA,2023,3212.4117
RE1,MINCOA,2024,3625.9146
RE1,MINCOA,2025,3449.43
RE1,MINCOA,2026,3462.0858
RE1,MINCOA,2027,2469.7598
RE1,IMPLFO,2015,5550.7897
RE1,IMPLFO,2016,5742.9384
RE1,IMPLFO,2017,5873.1206
RE1,IMPLFO,2018,6018.0952
RE1,IMPLFO,2019,6157.2479
RE1,IMPLFO,2020,6296.3538
RE1,IMPLFO,2021,6407.281
RE1,IMPLFO,2022,6518.1763
RE1,IMPLFO,2023,6629.0416
RE1,IMPLFO,2024,3145.097
RE1,IMPLFO,2025,5155.3181
RE1,IMPLFO,2026,5247.4691
RE1,IMPLFO,2027,5339.6049
RE1,IMPLFO,2028,5431.7261
RE1,IMPLFO,2029,5523.8336
RE1,IMPLFO,2030,5615.9282
RE1,IMPLFO,2031,5692.1347
RE1,IMPLFO,2032,5768.3203
RE1,IMPLFO,2033,5844.4861
RE1,IMPLFO,2034,5920.6331
RE1,IMPLFO,2035,5996.7624
RE1,IMPLFO,2036,6066.1645
RE1,IMPLFO,2037,6135.5564
RE1,IMPLFO,2038,6204.9387
RE1,IMPLFO,2039,6274.3116
RE1,IMPLFO,2040,6343.6755
RE1,IMPLFO,2041,6409.6778
RE1,IMPLFO,2042,6475.6735
RE1,IMPLFO,2043,6541.6628
RE1,IMPLFO,2044,6607.6459
RE1,IMPLFO,2045,6673.623
RE1,IMPLFO,2046,6725.2117
RE1,IMPLFO,2047,6776.7977
RE1,IMPLFO,2048,6828.3811
RE1,IMPLFO,2049,6879.962
RE1,UPSREF001,2015,2876.6643
RE1,UPSREF001,2016,2876.6643
RE1,UPSREF001,2017,2876.6643
RE1,UPSREF001,2018,2876.6643
RE1,UPSREF001,2019,2876.6643
RE1,UPSREF001,2020,2876.6643
RE1,UPSREF001,2021,2876.6643
RE1,UPSREF001,2022,2876.6643
RE1,UPSREF001,2023,2876.6643
RE1,UPSREF001,2024,2876.6643
RE1,UPSREF001,2025,2876.6643
RE1,UPSREF001,2026,2876.6643
RE1,UPSREF001,2027,2876.6643
RE1,UPSREF001,2028,2876.6643
RE1,UPSREF001,2029,2876.6643
RE1,UPSREF001,2030,2876.6643
RE1,UPSREF001,2031,2876.6643
RE1,UPSREF001,2032,2876.6643
RE1,UPSREF001,2033,2876.6643
RE1,UPSREF001,2034,2876.6643
RE1,UPSREF001,2035,2876.6643
RE1,UPSREF001,2036,2876.6643
RE1,UPSREF001,2037,2876.6643
RE1,UPSREF001,2038,2876.6643
RE1,UPSREF001,2039,2876.6643
RE1,UPSREF001,2040,2876.6643
RE1,UPSREF001,2041,2876.6643
RE1,UPSREF001,2042,2876.6643
RE1,UPSREF001,2043,2876.6643
RE1,UPSREF001,2044,2876.6643
RE1,UPSREF001,2045,2876.6643
RE1,MINNGS,2015,794.6634
RE1,MINNGS,2016,796.9507
RE1,MINNGS,2017,806.5935
RE1,MINNGS,2018,839.6294
RE1,MINNGS,2019,846.9226
RE1,MINNGS,2024,335.9972
RE1,MINNGS,2025,335.9972
RE1,MINNGS,2026,312.6484
RE1,MINNGS,2027,312.6484
RE1,MINNGS,2028,308.7778
RE1,MINNGS,2029,304.9696
RE1,MINNGS,2030,216.1532
RE1,MINNGS,2031,260.6444
RE1,MINNGS,2032,260.6444
RE1,MINNGS,2033,234.8609
RE1,MINNGS,2038,18.1356
RE1,MINNGS,2039,53.2477
RE1,MINNGS,2040,99.4344
RE1,MINNGS,2041,99.8877
RE1,MINNGS,2042,99.8877
RE1,MINNGS,2043,99.8877
RE1,MINNGS,2044,49.9438
RE1,MINSOL,2015,19.2273
RE1,MINSOL,2016,33.282
RE1,MINSOL,2017,36.6855
RE1,MINSOL,2018,40.2789
RE1,MINSOL,2019,40.5636
RE1,MINSOL,2020,40.5636
RE1,MINSOL,2021,41.6077
RE1,MINSOL,2022,41.6077
RE1,MINSOL,2023,41.6077
RE1,MINSOL,2024,70.8451
RE1,MINSOL,2025,318.1121
RE1,MINSOL,2026,318.1121
RE1,MINSOL,2027,318.1121
RE1,MINSOL,2028,318.1121
RE1,MINSOL,2029,318.1121
RE1,MINSOL,2030,318.1121
RE1,MINSOL,2031,318.1121
RE1,MINSOL,2032,318.1121
RE1,MINSOL,2033,318.1121
RE1,MINSOL,2034,318.1121
RE1,MINSOL,2035,298.9318
RE1,MINSOL,2036,284.8771
RE1,MINSOL,2037,281.4736
RE1,MINSOL,2038,277.8802
RE1,MINSOL,2039,277.5955
RE1,MINSOL,2040,277.5955
RE1,MINSOL,2041,276.5514
RE1,MINSOL,2042,276.5514
RE1,MINSOL,2043,276.5514
RE1,MINSOL,2044,276.5043
RE1,MINSOL,2045,276.5043
RE1,MINSOL,2046,276.5043
RE1,MINSOL,2047,276.5043
RE1,MINSOL,2048,276.5043
RE1,MINSOL,2049,276.5043
RE1,MINSOL,2050,276.5043
RE1,MINSOL,2051,276.5043
RE1,MINSOL,2052,276.5043
RE1,MINSOL,2053,276.5043
RE1,MINSOL,2054,247.267
RE1,MINWND,2015,1.5132
RE1,MINWND,2016,3.2785
RE1,MINWND,2017,4.061
RE1,MINWND,2018,7.1325
RE1,MINWND,2019,9.745
RE1,MINWND,2020,9.745
RE1,MINWND,2021,9.9907
RE1,MINWND,2022,9.9907
RE1,MINWND,2023,9.9907
RE1,MINWND,2024,9.9907
RE1,MINWND,2025,9.9907
RE1,MINWND,2026,9.9907
RE1,MINWND,2027,9.9907
RE1,MINWND,2028,9.9907
RE1,MINWND,2029,9.9907
RE1,MINWND,2030,9.9907
RE1,MINWND,2031,9.9907
RE1,MINWND,2032,9.9907
RE1,MINWND,2033,9.9907
RE1,MINWND,2034,9.9907
RE1,MINWND,2035,9.9907
RE1,MINWND,2036,8.2254
RE1,MINWND,2037,8.2254
RE1,MINWND,2038,8.2254
RE1,MINWND,2039,8.2254
RE1,MINWND,2040,8.2254
RE1,MINWND,2041,8.2254
RE1,MINWND,2042,8.2254
RE1,MINWND,2043,8.2254
RE1,MINWND,2044,8.2254
RE1,MINWND,2045,8.2254
RE1,MINWND,2046,8.2254
RE1,MINWND,2047,3.2785
RE1,MINWND,2048,2.5866
RE1,MINWND,2049,2.5866
RE1,MINWND,2070,1374.8473
RE1,MINGEO,2024,1.4486
RE1,MINGEO,2025,1.4486
RE1,MINGEO,2026,1.4486
RE1,MINGEO,2027,1.4486
RE1,MINGEO,2028,1.4486
RE1,MINGEO,2029,1.4486
RE1,MINGEO,2030,1.4486
RE1,MINGEO,2031,1.4486
RE1,MINGEO,2032,1.4486
RE1,MINGEO,2033,1.4486
RE1,MINGEO,2034,1.4486
RE1,MINGEO,2035,1.4486
RE1,MINGEO,2036,1.4486
RE1,MINGEO,2037,1.4486
RE1,MINGEO,2038,1.4486
RE1,MINGEO,2039,1.4486
RE1,MINGEO,2040,1.4486
RE1,MINGEO,2041,1.4486
RE1,MINGEO,2042,1.4486
RE1,MINGEO,2043,1.4486
RE1,MINGEO,2044,1.4486
RE1,MINGEO,2045,1.4486
RE1,MINGEO,2046,1.4486
RE1,MINGEO,2047,1.4486
RE1,MINGEO,2048,1.4486
RE1,MINGEO,2049,1.4486
RE1,MINGEO,2050,1.4486
RE1,MINGEO,2051,1.4486
RE1,MINGEO,2052,1.4486
RE1,MINGEO,2053,1.4486
RE1,MINGEO,2054,1.4486
RE1,MINGEO,2055,1.4486
RE1,MINGEO,2056,1.4486
RE1,MINGEO,2057,1.4486
RE1,MINGEO,2058,1.4486
RE1,MINGEO,2059,1.4486
RE1,MINGEO,2060,1.4486
RE1,MINGEO,2061,1.4486
RE1,MINGEO,2062,1.4486
RE1,MINGEO,2063,1.4486
RE1,MINGEO,2064,1.4486
RE1,MINGEO,2065,1.4486
RE1,MINGEO,2066,1.4486
RE1,MINGEO,2067,1.4486
RE1,MINGEO,2068,1.4486
RE1,MINGEO,2069,1.4486
RE1,MINGEO,2070,1.4486
RE1,MINHYD,2015,51.7481
RE1,MINHYD,2016,51.7481
RE1,MINHYD,2017,51.7481
RE1,MINHYD,2018,51.7481
RE1,MINHYD,2019,51.7481
RE1,MINHYD,2020,51.7481
RE1,MINHYD,2021,51.7481
RE1,MINHYD,2022,51.7481
RE1,MINHYD,2023,51.7481
RE1,MINHYD,2024,51.7481
RE1,MINHYD,2025,51.7481
RE1,MINHYD,2026,51.7481
RE1,MINHYD,2027,51.7481
RE1,MINHYD,2028,51.7481
RE1,MINHYD,2029,51.7481
RE1,MINHYD,2030,51.7481
RE1,MINHYD,2031,51.7481
RE1,MINHYD,2032,51.7481
RE1,MINHYD,2033,51.7481
RE1,MINHYD,2034,51.7481
RE1,MINHYD,2035,51.7481
RE1,MINHYD,2036,51.7481
RE1,MINHYD,2037,51.7481
RE1,MINHYD,2038,51.7481
RE1,MINHYD,2039,51.7481
RE1,MINHYD,2040,51.7481
RE1,MINHYD,2041,51.7481
RE1,MINHYD,2042,51.7481
RE1,MINHYD,2043,51.7481
RE1,MINHYD,2044,51.7481
RE1,MINHYD,2045,51.7481
RE1,MINHYD,2046,51.7481
RE1,MINHYD,2047,51.7481
RE1,MINHYD,2048,51.7481
RE1,MINHYD,2049,51.7481
RE1,MINHYD,2050,51.7481
RE1,PWRBIO001,2015,2.978
RE1,PWRBIO001,2016,3.404
RE1,PWRBIO001,2017,3.829
RE1,PWRBIO001,2018,4.04
RE1,PWRBIO001,2019,4.04
RE1,PWRBIO001,2020,4.255
RE1,PWRBIO001,2021,4.468
RE1,PWRBIO001,2022,4.468
RE1,PWRBIO001,2023,4.468
RE1,PWRBIO001,2024,4.468
RE1,PWRBIO001,2025,4.468
RE1,PWRBIO001,2026,4.468
RE1,PWRBIO001,2027,4.468
RE1,PWRBIO001,2028,4.468
RE1,PWRBIO001,2029,4.468
RE1,PWRBIO001,2030,4.468
RE1,PWRBIO001,2031,1.49
RE1,PWRBIO001,2032,1.49
RE1,PWRBIO001,2033,1.49
RE1,PWRBIO001,2034,1.49
RE1,PWRBIO001,2035,1.49
RE1,PWRBIO001,2036,1.49
RE1,PWRBIO001,2037,1.49
RE1,PWRBIO001,2038,1.49
RE1,PWRBIO001,2039,1.49
RE1,PWRBIO001,2040,1.49
RE1,PWRBIO001,2041,1.49
RE1,PWRBIO001,2042,1.49
RE1,PWRBIO001,2043,1.49
RE1,PWRBIO001,2044,1.49
RE1,PWRBIO001,2045,1.49
RE1,PWRBIO001,2046,1.064
RE1,PWRBIO001,2047,0.639
RE1,PWRBIO001,2048,0.428
RE1,PWRBIO001,2049,0.428
RE1,PWRBIO001,2050,0.213
RE1,PWRCOA001,2015,5.259
RE1,PWRCOA001,2016,5.259
RE1,PWRCOA001,2017,5.259
RE1,PWRCOA001,2018,5.259
RE1,PWRCOA001,2019,6.4493
RE1,PWRCOA001,2020,27.5977
RE1,PWRCOA001,2021,28.4784
RE1,PWRCOA001,2022,29.5849
RE1,PWRCOA001,2023,30.6907
RE1,PWRCOA001,2024,35.8243
RE1,PWRCOA001,2025,33.4243
RE1,PWRCOA001,2026,33.4243
RE1,PWRCOA001,2027,33.4243
RE1,PWRCOA001,2028,33.4243
RE1,PWRCOA001,2029,33.0963
RE1,PWRCOA001,2030,33.0963
RE1,PWRCOA001,2031,32.5703
RE1,PWRCOA001,2032,32.5703
RE1,PWRCOA001,2033,32.5703
RE1,PWRCOA001,2034,32.5703
RE1,PWRCOA001,2035,32.5703
RE1,PWRCOA001,2036,32.5703
RE1,PWRCOA001,2037,31.2253
RE1,PWRCOA001,2038,31.2253
RE1,PWRCOA001,2039,31.2253
RE1,PWRCOA001,2040,31.2253
RE1,PWRCOA001,2041,31.7604
RE1,PWRCOA001,2042,32.5662
RE1,PWRCOA001,2043,33.3716
RE1,PWRCOA001,2044,35.3497
RE1,PWRCOA001,2045,37.3274
RE1,PWRCOA001,2046,38.2797
RE1,PWRCOA001,2047,39.4117
RE1,PWRCOA001,2048,40.188
RE1,PWRCOA001,2049,40.7417
RE1,PWRCOA001,2050,80.3087
RE1,PWRCOA001,2051,82.8935
RE1,PWRCOA001,2052,83.7886
RE1,PWRCOA001,2053,84.6926
RE1,PWRCOA001,2054,85.6057
RE1,PWRCOA001,2055,86.528
RE1,PWRCOA001,2056,87.4595
RE1,PWRCOA001,2057,88.4003
RE1,PWRCOA001,2058,89.3506
RE1,PWRCOA001,2059,90.7989
RE1,PWRCOA001,2060,90.8919
RE1,PWRCOA001,2061,92.2589
RE1,PWRCOA001,2062,93.2479
RE1,PWRCOA001,2063,94.2468
RE1,PWRCOA001,2064,95.2558
RE1,PWRCOA001,2065,96.2749
RE1,PWRCOA001,2066,97.3042
RE1,PWRCOA001,2067,98.3438
RE1,PWRCOA001,2068,99.3939
RE1,PWRCOA001,2069,100.4546
RE1,PWRCOA001,2070,100.4546
RE1,PWRGEO,2024,0.0066
RE1,PWRGEO,2025,0.0066
RE1,PWRGEO,2026,0.0066
RE1,PWRGEO,2027,0.0066
RE1,PWRGEO,2028,0.0066
RE1,PWRGEO,2029,0.0066
RE1,PWRGEO,2030,0.0066
RE1,PWRGEO,2031,0.0066
RE1,PWRGEO,2032,0.0066
RE1,PWRGEO,2033,0.0066
RE1,PWRGEO,2034,0.0066
RE1,PWRGEO,2035,0.0066
RE1,PWRGEO,2036,0.0066
RE1,PWRGEO,2037,0.0066
RE1,PWRGEO,2038,0.0066
RE1,PWRGEO,2039,0.0066
RE1,PWRGEO,2040,0.0066
RE1,PWRGEO,2041,0.0066
RE1,PWRGEO,2042,0.0066
RE1,PWRGEO,2043,0.0066
RE1,PWRGEO,2044,0.0066
RE1,PWRGEO,2045,0.0066
RE1,PWRGEO,2046,0.0066
RE1,PWRGEO,2047,0.0066
RE1,PWRGEO,2048,0.0066
RE1,PWRGEO,2049,0.0066
RE1,PWRGEO,2050,0.0066
RE1,PWRGEO,2051,0.0066
RE1,PWRGEO,2052,0.0066
RE1,PWRGEO,2053,0.0066
RE1,PWRGEO,2054,0.0066
RE1,PWRGEO,2055,0.0066
RE1,PWRGEO,2056,0.0066
RE1,PWRGEO,2057,0.0066
RE1,PWRGEO,2058,0.0066
RE1,PWRGEO,2059,0.0066
RE1,PWRGEO,2060,0.0066
RE1,PWRGEO,2061,0.0066
RE1,PWRGEO,2062,0.0066
RE1,PWRGEO,2063,0.0066
RE1,PWRGEO,2064,0.0066
RE1,PWRGEO,2065,0.0066
RE1,PWRGEO,2066,0.0066
RE1,PWRGEO,2067,0.0066
RE1,PWRGEO,2068,0.0066
RE1,PWRGEO,2069,0.0066
RE1,PWRGEO,2070,0.0066
RE1,PWRNGS001,2015,27.132
RE1,PWRNGS001,2016,27.132
RE1,PWRNGS001,2017,27.132
RE1,PWRNGS001,2018,27.132
RE1,PWRNGS001,2019,27.132
RE1,PWRNGS001,2020,27.132
RE1,PWRNGS001,2021,27.132
RE1,PWRNGS001,2022,27.132
RE1,PWRNGS001,2023,27.132
RE1,PWRNGS001,2024,10.764
RE1,PWRNGS001,2025,10.764
RE1,PWRNGS001,2026,10.016
RE1,PWRNGS001,2027,10.016
RE1,PWRNGS001,2028,9.892
RE1,PWRNGS001,2029,9.77
RE1,PWRNGS001,2030,8.594
RE1,PWRNGS001,2031,8.35
RE1,PWRNGS001,2032,8.35
RE1,PWRNGS001,2033,7.524
RE1,PWRNGS001,2034,7.184
RE1,PWRNGS001,2035,7.184
RE1,PWRNGS001,2036,7.184
RE1,PWRNGS001,2037,7.184
RE1,PWRNGS001,2038,4.316
RE1,PWRNGS001,2039,4.316
RE1,PWRNGS001,2040,3.612
RE1,PWRNGS001,2041,3.2
RE1,PWRNGS001,2042,3.2
RE1,PWRNGS001,2043,3.2
RE1,PWRNGS001,2044,1.6
RE1,PWRSOL001,2015,1.4145
RE1,PWRSOL001,2016,2.451
RE1,PWRSOL001,2017,2.702
RE1,PWRSOL001,2018,2.967
RE1,PWRSOL001,2019,2.988
RE1,PWRSOL001,2020,2.988
RE1,PWRSOL001,2021,3.065
RE1,PWRSOL001,2022,3.065
RE1,PWRSOL001,2023,3.065
RE1,PWRSOL001,2024,5.2212
RE1,PWRSOL001,2025,23.4565
RE1,PWRSOL001,2026,23.4565
RE1,PWRSOL001,2027,23.4565
RE1,PWRSOL001,2028,23.4565
RE1,PWRSOL001,2029,23.4565
RE1,PWRSOL001,2030,23.4565
RE1,PWRSOL001,2031,23.4565
RE1,PWRSOL001,2032,23.4565
RE1,PWRSOL001,2033,23.4565
RE1,PWRSOL001,2034,23.4565
RE1,PWRSOL001,2035,22.042
RE1,PWRSOL001,2036,21.0055
RE1,PWRSOL001,2037,20.7545
RE1,PWRSOL001,2038,20.4895
RE1,PWRSOL001,2039,20.4685
RE1,PWRSOL001,2040,20.4685
RE1,PWRSOL001,2041,20.3915
RE1,PWRSOL001,2042,20.3915
RE1,PWRSOL001,2043,20.3915
RE1,PWRSOL001,2044,20.3915
RE1,PWRSOL001,2045,20.3915
RE1,PWRSOL001,2046,20.3915
RE1,PWRSOL001,2047,20.3915
RE1,PWRSOL001,2048,20.3915
RE1,PWRSOL001,2049,20.3915
RE1,PWRSOL001,2050,20.3915
RE1,PWRSOL001,2051,20.3915
RE1,PWRSOL001,2052,20.3915
RE1,PWRSOL001,2053,20.3915
RE1,PWRSOL001,2054,18.2353
RE1,PWRCSP002,2015,0.005
RE1,PWRCSP002,2016,0.005
RE1,PWRCSP002,2017,0.005
RE1,PWRCSP002,2018,0.005
RE1,PWRCSP002,2019,0.005
RE1,PWRCSP002,2020,0.005
RE1,PWRCSP002,2021,0.005
RE1,PWRCSP002,2022,0.005
RE1,PWRCSP002,2023,0.005
RE1,PWRCSP002,2024,0.005
RE1,PWRCSP002,2025,0.005
RE1,PWRCSP002,2026,0.005
RE1,PWRCSP002,2027,0.005
RE1,PWRCSP002,2028,0.005
RE1,PWRCSP002,2029,0.005
RE1,PWRCSP002,2030,0.005
RE1,PWRCSP002,2031,0.005
RE1,PWRCSP002,2032,0.005
RE1,PWRCSP002,2033,0.005
RE1,PWRCSP002,2034,0.005
RE1,PWRCSP002,2035,0.005
RE1,PWRCSP002,2036,0.005
RE1,PWRCSP002,2037,0.005
RE1,PWRCSP002,2038,0.005
RE1,PWRCSP002,2039,0.005
RE1,PWRCSP002,2040,0.005
RE1,PWRCSP002,2041,0.005
RE1,PWRCSP002,2042,0.005
RE1,PWRCSP002,2043,0.005
RE1,PWRHYD001,2015,3.639
RE1,PWRHYD001,2016,3.639
RE1,PWRHYD001,2017,3.639
RE1,PWRHYD001,2018,3.639
RE1,PWRHYD001,2019,3.639
RE1,PWRHYD001,2020,3.639
RE1,PWRHYD001,2021,3.639
RE1,PWRHYD001,2022,3.639
RE1,PWRHYD001,2023,3.639
RE1,PWRHYD001,2024,3.639
RE1,PWRHYD001,2025,3.639
RE1,PWRHYD001,2026,3.639
RE1,PWRHYD001,2027,3.639
RE1,PWRHYD001,2028,3.639
RE1,PWRHYD001,2029,3.639
RE1,PWRHYD001,2030,3.639
RE1,PWRHYD001,2031,3.639
RE1,PWRHYD001,2032,3.639
RE1,PWRHYD001,2033,3.639
RE1,PWRHYD001,2034,3.639
RE1,PWRHYD001,2035,3.639
RE1,PWRHYD001,2036,3.639
RE1,PWRHYD001,2037,3.639
RE1,PWRHYD001,2038,3.639
RE1,PWRHYD001,2039,3.639
RE1,PWRHYD001,2040,3.639
RE1,PWRHYD001,2041,3.639
RE1,PWRHYD001,2042,3.639
RE1,PWRHYD001,2043,3.639
RE1,PWRHYD001,2044,3.639
RE1,PWRHYD001,2045,3.639
RE1,PWRHYD001,2046,3.639
RE1,PWRHYD001,2047,3.639
RE1,PWRHYD001,2048,3.639
RE1,PWRHYD001,2049,3.639
RE1,PWRHYD001,2050,3.639
RE1,PWRHYD002,2015,0.148
RE1,PWRHYD002,2016,0.148
RE1,PWRHYD002,2017,0.148
RE1,PWRHYD002,2018,0.148
RE1,PWRHYD002,2019,0.148
RE1,PWRHYD002,2020,0.148
RE1,PWRHYD002,2021,0.148
RE1,PWRHYD002,2022,0.148
RE1,PWRHYD002,2023,0.148
RE1,PWRHYD002,2024,0.148
RE1,PWRHYD002,2025,0.148
RE1,PWRHYD002,2026,0.148
RE1,PWRHYD002,2027,0.148
RE1,PWRHYD002,2028,0.148
RE1,PWRHYD002,2029,0.148
RE1,PWRHYD002,2030,0.148
RE1,PWRHYD002,2031,0.148
RE1,PWRHYD002,2032,0.148
RE1,PWRHYD002,2033,0.148
RE1,PWRHYD002,2034,0.148
RE1,PWRHYD002,2035,0.148
RE1,PWRHYD002,2036,0.148
RE1,PWRHYD002,2037,0.148
RE1,PWRHYD002,2038,0.148
RE1,PWRHYD002,2039,0.148
RE1,PWRHYD002,2040,0.148
RE1,PWRHYD002,2041,0.148
RE1,PWRHYD002,2042,0.148
RE1,PWRHYD002,2043,0.148
RE1,PWRHYD002,2044,0.148
RE1,PWRHYD002,2045,0.148
RE1,PWRHYD002,2046,0.148
RE1,PWRHYD002,2047,0.148
RE1,PWRHYD002,2048,0.148
RE1,PWRHYD002,2049,0.148
RE1,PWRHYD002,2050,0.148
RE1,PWRWND001,2015,0.234
RE1,PWRWND001,2016,0.507
RE1,PWRWND001,2017,0.628
RE1,PWRWND001,2018,1.103
RE1,PWRWND001,2019,1.507
RE1,PWRWND001,2020,1.507
RE1,PWRWND001,2021,1.545
RE1,PWRWND001,2022,1.545
RE1,PWRWND001,2023,1.545
RE1,PWRWND001,2024,1.545
RE1,PWRWND001,2025,1.545
RE1,PWRWND001,2026,1.545
RE1,PWRWND001,2027,1.545
RE1,PWRWND001,2028,1.545
RE1,PWRWND001,2029,1.545
RE1,PWRWND001,2030,1.545
RE1,PWRWND001,2031,1.545
RE1,PWRWND001,2032,1.545
RE1,PWRWND001,2033,1.545
RE1,PWRWND001,2034,1.545
RE1,PWRWND001,2035,1.545
RE1,PWRWND001,2036,1.272
RE1,PWRWND001,2037,1.272
RE1,PWRWND001,2038,1.272
RE1,PWRWND001,2039,1.272
RE1,PWRWND001,2040,1.272
RE1,PWRWND001,2041,1.272
RE1,PWRWND001,2042,1.272
RE1,PWRWND001,2043,1.272
RE1,PWRWND001,2044,1.272
RE1,PWRWND001,2045,1.272
RE1,PWRWND001,2046,1.272
RE1,PWRWND001,2047,0.507
RE1,PWRWND001,2048,0.4
RE1,PWRWND001,2049,0.4
RE1,PWRWND001,2070,43.8464
RE1,PWRSOL001S,2026,2.8253
RE1,PWRSOL001S,2027,8.1241
RE1,PWRSOL001S,2028,13.7362
RE1,PWRSOL001S,2029,27.7115
RE1,PWRSOL001S,2030,40.1953
RE1,PWRSOL001S,2031,54.8309
RE1,PWRSOL001S,2032,60.2624
RE1,PWRSOL001S,2033,66.5887
RE1,PWRSOL001S,2034,81.1869
RE1,PWRSOL001S,2035,87.8936
RE1,PWRSOL001S,2036,93.0847
RE1,PWRSOL001S,2037,102.2393
RE1,PWRSOL001S,2038,105.9774
RE1,PWRSOL001S,2039,108.9025
RE1,PWRSOL001S,2040,168.3887
RE1,PWRSOL001S,2041,168.3887
RE1,PWRSOL001S,2042,169.3082
RE1,PWRSOL001S,2043,175.6357
RE1,PWRSOL001S,2044,177.6217
RE1,PWRSOL001S,2045,180.9361
RE1,PWRSOL001S,2046,183.4371
RE1,PWRSOL001S,2047,186.2244
RE1,PWRSOL001S,2048,188.4591
RE1,PWRSOL001S,2049,190.3537
RE1,PWRSOL001S,2050,419.9866
RE1,PWRSOL001S,2051,427.3926
RE1,PWRSOL001S,2052,431.1814
RE1,PWRSOL001S,2053,435.0038
RE1,PWRSOL001S,2054,440.7084
RE1,PWRSOL001S,2055,460.2293
RE1,PWRSOL001S,2056,464.1544
RE1,PWRSOL001S,2057,468.1145
RE1,PWRSOL001S,2058,472.1098
RE1,PWRSOL001S,2059,477.369
RE1,PWRSOL001S,2060,478.8933
RE1,PWRSOL001S,2061,484.31
RE1,PWRSOL001S,2062,488.4493
RE1,PWRSOL001S,2063,492.6255
RE1,PWRSOL001S,2064,496.8388
RE1,PWRSOL001S,2065,498.5533
RE1,PWRSOL001S,2066,500.6144
RE1,PWRSOL001S,2067,503.3045
RE1,PWRSOL001S,2068,499.9191
RE1,PWRSOL001S,2069,496.9939
RE1,PWRSOL001S,2070,437.5078
RE1,PWRTRNIMP,2015,3.135
RE1,PWRTRNIMP,2016,3.7339
RE1,PWRTRNIMP,2017,4.3449
RE1,PWRTRNIMP,2018,4.6598
RE1,PWRTRNIMP,2019,4.7646
RE1,PWRTRNIMP,2020,4.8461
RE1,PWRTRNIMP,2021,4.8953
RE1,PWRTRNIMP,2022,4.9576
RE1,PWRTRNIMP,2023,5.0199
RE1,PWRTRNIMP,2024,4.1389
RE1,PWRTRNIMP,2025,7.1746
RE1,PWRTRNIMP,2026,6.0784
RE1,PWRTRNIMP,2027,6.1232
RE1,PWRTRNIMP,2028,6.1232
RE1,PWRTRNIMP,2029,6.5925
RE1,PWRTRNIMP,2030,8.5004
RE1,PWRTRNIMP,2031,7.3479
RE1,PWRTRNIMP,2032,7.3479
RE1,PWRTRNIMP,2033,7.3479
RE1,PWRTRNIMP,2034,7.3479
RE1,PWRTRNIMP,2035,7.3479
RE1,PWRTRNIMP,2036,7.3479
RE1,PWRTRNIMP,2037,8.5066
RE1,PWRTRNIMP,2038,8.8276
RE1,PWRTRNIMP,2039,8.849
RE1,PWRTRNIMP,2040,8.9355
RE1,PWRTRNIMP,2041,8.8912
RE1,PWRTRNIMP,2042,8.9121
RE1,PWRTRNIMP,2043,8.933
RE1,PWRTRNIMP,2044,8.9539
RE1,PWRTRNIMP,2045,8.9748
RE1,PWRTRNIMP,2046,8.9891
RE1,PWRTRNIMP,2047,9.006
RE1,PWRTRNIMP,2048,9.0207
RE1,PWRTRNIMP,2049,9.035
RE1,PWRTRNIMP,2050,8.8664
RE1,PWRTRNIMP,2051,9.2441
RE1,PWRTRNIMP,2052,9.2653
RE1,PWRTRNIMP,2053,9.2867
RE1,PWRTRNIMP,2054,9.3083
RE1,PWRTRNIMP,2055,9.3302
RE1,PWRTRNIMP,2056,9.3523
RE1,PWRTRNIMP,2057,9.3747
RE1,PWRTRNIMP,2058,9.3973
RE1,PWRTRNIMP,2059,9.5423
RE1,PWRTRNIMP,2060,9.1523
RE1,PWRTRNIMP,2061,9.4666
RE1,PWRTRNIMP,2062,9.4902
RE1,PWRTRNIMP,2063,9.5141
RE1,PWRTRNIMP,2064,9.5383
RE1,PWRTRNIMP,2065,9.5627
RE1,PWRTRNIMP,2066,9.5874
RE1,PWRTRNIMP,2067,9.6124
RE1,PWRTRNIMP,2068,9.6377
RE1,PWRTRNIMP,2069,9.6632
RE1,PWRTRNIMP,2070,9.827
RE1,PWRTRN,2015,42.88
RE1,PWRTRN,2016,42.88
RE1,PWRTRN,2017,42.88
RE1,PWRTRN,2018,42.88
RE1,PWRTRN,2019,42.88
RE1,PWRTRN,2020,42.88
RE1,PWRTRN,2021,42.88
RE1,PWRTRN,2022,42.88
RE1,PWRTRN,2023,42.88
RE1,PWRTRN,2024,42.88
RE1,PWRTRN,2025,42.88
RE1,PWRTRN,2026,44.7527
RE1,PWRTRN,2027,46.3664
RE1,PWRTRN,2028,48.1973
RE1,PWRTRN,2029,49.6143
RE1,PWRTRN,2030,53.9249
RE1,PWRTRN,2031,57.2444
RE1,PWRTRN,2032,58.8513
RE1,PWRTRN,2033,60.7817
RE1,PWRTRN,2034,65.7292
RE1,PWRTRN,2035,67.2325
RE1,PWRTRN,2036,68.7264
RE1,PWRTRN,2037,70.984
RE1,PWRTRN,2038,72.2581
RE1,PWRTRN,2039,73.3235
RE1,PWRTRN,2040,81.1633
RE1,PWRTRN,2041,81.7119
RE1,PWRTRN,2042,82.5707
RE1,PWRTRN,2043,84.264
RE1,PWRTRN,2044,85.1213
RE1,PWRTRN,2045,86.5546
RE1,PWRTRN,2046,87.6362
RE1,PWRTRN,2047,88.7178
RE1,PWRTRN,2048,89.6668
RE1,PWRTRN,2049,90.4862
RE1,PWRTRN,2050,189.7253
RE1,PWRTRN,2051,192.6775
RE1,PWRTRN,2052,194.316
RE1,PWRTRN,2053,195.969
RE1,PWRTRN,2054,197.5034
RE1,PWRTRN,2055,198.6616
RE1,PWRTRN,2056,200.3642
RE1,PWRTRN,2057,202.0819
RE1,PWRTRN,2058,203.8149
RE1,PWRTRN,2059,206.1644
RE1,PWRTRN,2060,206.7004
RE1,PWRTRN,2061,209.1071
RE1,PWRTRN,2062,210.9026
RE1,PWRTRN,2063,212.7142
RE1,PWRTRN,2064,214.5419
RE1,PWRTRN,2065,215.289
RE1,PWRTRN,2066,215.7931
RE1,PWRTRN,2067,215.7931
RE1,PWRTRN,2068,215.7931
RE1,PWRTRN,2069,215.7931
RE1,PWRTRN,2070,217.19
RE1,PWRDIST,2015,42.88
RE1,PWRDIST,2016,42.88
RE1,PWRDIST,2017,42.88
RE1,PWRDIST,2018,42.88
RE1,PWRDIST,2019,42.88
RE1,PWRDIST,2020,42.88
RE1,PWRDIST,2021,42.88
RE1,PWRDIST,2022,42.88
RE1,PWRDIST,2023,42.88
RE1,PWRDIST,2024,42.88
RE1,PWRDIST,2025,42.88
RE1,PWRDIST,2026,42.88
RE1,PWRDIST,2027,43.7193
RE1,PWRDIST,2028,45.4605
RE1,PWRDIST,2029,46.8123
RE1,PWRDIST,2030,50.8961
RE1,PWRDIST,2031,54.0468
RE1,PWRDIST,2032,55.5822
RE1,PWRDIST,2033,57.424
RE1,PWRDIST,2034,62.1185
RE1,PWRDIST,2035,63.5599
RE1,PWRDIST,2036,64.9934
RE1,PWRDIST,2037,67.1503
RE1,PWRDIST,2038,68.3779
RE1,PWRDIST,2039,69.4087
RE1,PWRDIST,2040,76.8549
RE1,PWRDIST,2041,77.3996
RE1,PWRDIST,2042,78.2385
RE1,PWRDIST,2043,79.8689
RE1,PWRDIST,2044,80.7078
RE1,PWRDIST,2045,82.0935
RE1,PWRDIST,2046,83.1463
RE1,PWRDIST,2047,84.1998
RE1,PWRDIST,2048,85.1282
RE1,PWRDIST,2049,85.9339
RE1,PWRDIST,2050,180.239
RE1,PWRDIST,2051,183.0437
RE1,PWRDIST,2052,184.6002
RE1,PWRDIST,2053,186.1705
RE1,PWRDIST,2054,187.6283
RE1,PWRDIST,2055,188.7285
RE1,PWRDIST,2056,190.3459
RE1,PWRDIST,2057,191.9778
RE1,PWRDIST,2058,193.6242
RE1,PWRDIST,2059,195.8561
RE1,PWRDIST,2060,196.3654
RE1,PWRDIST,2061,198.6517
RE1,PWRDIST,2062,200.3575
RE1,PWRDIST,2063,202.0785
RE1,PWRDIST,2064,203.8148
RE1,PWRDIST,2065,204.5246
RE1,PWRDIST,2066,205.0034
RE1,PWRDIST,2067,205.0034
RE1,PWRDIST,2068,205.0034
RE1,PWRDIST,2069,205.0034
RE1,PWRDIST,2070,206.3305
RE1,PWRTRNEXP,2015,0.277
RE1,PWRTRNEXP,2016,0.1731
RE1,PWRTRNEXP,2017,0.1385
RE1,PWRTRNEXP,2018,0.1385
RE1,PWRTRNEXP,2019,0.1385
RE1,PWRTRNEXP,2020,0.1385
RE1,PWRTRNEXP,2021,0.1385
RE1,PWRTRNEXP,2022,0.1385
RE1,PWRTRNEXP,2023,0.1385
RE1,PWRTRNEXP,2024,0.1412
RE1,PWRTRNEXP,2025,0.2424
RE1,PWRTRNEXP,2026,0.824
RE1,PWRTRNEXP,2027,0.3232
RE1,PWRTRNEXP,2028,0.3232
RE1,PWRTRNEXP,2029,0.9695
RE1,PWRTRNEXP,2030,0.9695
RE1,PWRTRNEXP,2031,0.9695
RE1,PWRTRNEXP,2032,0.4848
RE1,PWRTRNEXP,2033,0.4848
RE1,PWRTRNEXP,2034,0.4848
RE1,PWRTRNEXP,2035,0.4848
RE1,PWRTRNEXP,2036,0.4848
RE1,PWRTRNEXP,2037,0.4475
RE1,PWRTRNEXP,2038,0.4475
RE1,PWRTRNEXP,2039,0.4475
RE1,PWRTRNEXP,2040,0.9695
RE1,PWRTRNEXP,2041,0.9695
RE1,PWRTRNEXP,2042,0.9695
RE1,PWRTRNEXP,2043,0.9695
RE1,PWRTRNEXP,2044,0.9695
RE1,PWRTRNEXP,2045,0.9695
RE1,PWRTRNEXP,2046,0.9695
RE1,PWRTRNEXP,2047,0.9695
RE1,PWRTRNEXP,2048,0.9695
RE1,PWRTRNEXP,2049,0.9695
RE1,PWRTRNEXP,2050,0.9695
RE1,PWRTRNEXP,2051,0.9695
RE1,PWRTRNEXP,2052,0.9695
RE1,PWRTRNEXP,2053,0.9695
RE1,PWRTRNEXP,2054,0.9695
RE1,PWRTRNEXP,2055,3.613
RE1,PWRTRNEXP,2056,3.644
RE1,PWRTRNEXP,2057,3.6754
RE1,PWRTRNEXP,2058,3.7071
RE1,PWRTRNEXP,2059,4.158
RE1,PWRTRNEXP,2060,3.4187
RE1,PWRTRNEXP,2061,3.8045
RE1,PWRTRNEXP,2062,3.8376
RE1,PWRTRNEXP,2063,3.8712
RE1,PWRTRNEXP,2064,3.9051
RE1,PWRTRNEXP,2065,3.9394
RE1,PWRTRNEXP,2066,1.6436
RE1,PWRTRNEXP,2067,0.831
RE1,PWRTRNEXP,2068,3.4202
RE1,PWRTRNEXP,2069,0.8211
RE1,PWRTRNEXP,2070,0.831
RE1,DEMTRAEVC,2024,9.8936
RE1,DEMTRAEVC,2025,10.055
RE1,DEMTRAEVC,2026,10.2347
RE1,DEMTRAEVC,2027,10.4144
RE1,DEMTRAEVC,2028,10.5941
RE1,DEMTRAEVC,2029,10.7737
RE1,DEMTRAEVC,2030,10.9534
RE1,DEMTRAEVC,2031,12.7042
RE1,DEMTRAEVC,2032,13.4253
RE1,DEMTRAEVC,2033,14.4226
RE1,DEMTRAEVC,2034,17.7471
RE1,DEMTRAEVC,2035,18.4712
RE1,DEMTRAEVC,2036,19.1094
RE1,DEMTRAEVC,2037,20.3323
RE1,DEMTRAEVC,2038,20.7466
RE1,DEMTRAEVC,2039,20.9785
RE1,DEMTRAEVC,2040,21.2532
RE1,DEMTRAEVC,2041,21.4311
RE1,DEMTRAEVC,2042,21.6518
RE1,DEMTRAEVC,2043,21.8724
RE1,DEMTRAEVC,2044,22.093
RE1,DEMTRAEVC,2045,22.3136
RE1,DEMTRAEVC,2046,22.4861
RE1,DEMTRAEVC,2047,22.6586
RE1,DEMTRAEVC,2048,22.8311
RE1,DEMTRAEVC,2049,23.0036
RE1,DEMTRAEVC,2050,100.676
RE1,DEMTRAEVC,2051,101.7319
RE1,DEMTRAEVC,2052,102.5118
RE1,DEMTRAEVC,2053,103.2978
RE1,DEMTRAEVC,2054,104.061
RE1,DEMTRAEVC,2055,104.8443
RE1,DEMTRAEVC,2056,105.6507
RE1,DEMTRAEVC,2057,106.4634
RE1,DEMTRAEVC,2058,107.2825
RE1,DEMTRAEVC,2059,108.1287
RE1,DEMTRAEVC,2060,108.9008
RE1,DEMTRAEVC,2061,109.7784
RE1,DEMTRAEVC,2062,110.6234
RE1,DEMTRAEVC,2063,111.4751
RE1,DEMTRAEVC,2064,112.3335
RE1,DEMTRAEVC,2065,112.3335
RE1,DEMTRAEVC,2066,112.3335
RE1,DEMTRAEVC,2067,112.3335
RE1,DEMTRAEVC,2068,112.372
RE1,DEMTRAEVC,2069,113.2295
RE1,DEMTRAEVC,2070,114.5502
RE1,DEMTRAMCYELC,2024,8.9132
RE1,DEMTRAMCYELC,2025,9.0585
RE1,DEMTRAMCYELC,2026,9.2205
RE1,DEMTRAMCYELC,2027,9.3824
RE1,DEMTRAMCYELC,2028,9.5442
RE1,DEMTRAMCYELC,2029,9.7061
RE1,DEMTRAMCYELC,2030,9.8679
RE1,DEMTRAMCYELC,2031,11.4452
RE1,DEMTRAMCYELC,2032,12.0949
RE1,DEMTRAMCYELC,2033,12.9934
RE1,DEMTRAMCYELC,2034,15.9884
RE1,DEMTRAMCYELC,2035,16.6407
RE1,DEMTRAMCYELC,2036,17.2157
RE1,DEMTRAMCYELC,2037,18.3173
RE1,DEMTRAMCYELC,2038,18.6906
RE1,DEMTRAMCYELC,2039,18.8996
RE1,DEMTRAMCYELC,2040,19.147
RE1,DEMTRAMCYELC,2041,19.3073
RE1,DEMTRAMCYELC,2042,19.5061
RE1,DEMTRAMCYELC,2043,19.7049
RE1,DEMTRAMCYELC,2044,19.9036
RE1,DEMTRAMCYELC,2045,20.1024
RE1,DEMTRAMCYELC,2046,20.2578
RE1,DEMTRAMCYELC,2047,20.4132
RE1,DEMTRAMCYELC,2048,20.5685
RE1,DEMTRAMCYELC,2049,20.7239
RE1,DEMTRAMCYELC,2050,22.3766
RE1,DEMTRAMCYELC,2051,22.542
RE1,DEMTRAMCYELC,2052,22.9584
RE1,DEMTRAMCYELC,2053,22.5851
RE1,DEMTRAMCYELC,2054,22.3216
RE1,DEMTRAMCYELC,2055,22.5016
RE1,DEMTRAMCYELC,2056,22.7651
RE1,DEMTRAMCYELC,2057,22.7914
RE1,DEMTRAMCYELC,2058,23.3278
RE1,DEMTRAMCYELC,2059,23.4227
RE1,DEMTRAMCYELC,2060,23.3123
RE1,DEMTRAMCYELC,2061,23.7797
RE1,DEMTRAMCYELC,2062,23.7452
RE1,DEMTRAMCYELC,2063,25.0759
RE1,DEMTRAMCYELC,2064,23.8901
RE1,DEMTRAMCYELC,2065,24.9328
RE1,DEMTRAMCYELC,2066,24.6116
RE1,DEMTRAMCYELC,2067,24.3417
RE1,DEMTRAMCYELC,2068,24.4094
RE1,DEMTRAMCYELC,2069,24.3564
RE1,DEMTRAMCYELC,2070,24.5785
RE1,DEMTRACARELC,2050,45.7902
RE1,DEMTRACARELC,2051,46.4045
RE1,DEMTRACARELC,2052,46.5179
RE1,DEMTRACARELC,2053,47.8509
RE1,DEMTRACARELC,2054,48.2004
RE1,DEMTRACARELC,2055,48.5492
RE1,DEMTRACARELC,2056,48.8338
RE1,DEMTRACARELC,2057,49.3599
RE1,DEMTRACARELC,2058,49.3804
RE1,DEMTRACARELC,2059,49.8654
RE1,DEMTRACARELC,2060,50.4874
RE1,DEMTRACARELC,2061,50.6252
RE1,DEMTRACARELC,2062,51.2344
RE1,DEMTRACARELC,2063,51.2344
RE1,DEMTRACARELC,2064,52.2521
RE1,DEMTRACARELC,2065,52.2521
RE1,DEMTRACARELC,2066,52.2521
RE1,DEMTRACARELC,2067,52.2521
RE1,DEMTRACARELC,2068,52.2521
RE1,DEMTRACARELC,2069,52.2521
RE1,DEMTRACARELC,2070,52.3914
RE1,DEMTRABUSELC,2050,22.5322
RE1,DEMTRABUSELC,2051,22.7038
RE1,DEMTRABUSELC,2052,22.8767
RE1,DEMTRABUSELC,2053,23.051
RE1,DEMTRABUSELC,2054,23.2266
RE1,DEMTRABUSELC,2055,23.4036
RE1,DEMTRABUSELC,2056,23.5819
RE1,DEMTRABUSELC,2057,23.7616
RE1,DEMTRABUSELC,2058,23.9427
RE1,DEMTRABUSELC,2059,24.1252
RE1,DEMTRABUSELC,2060,24.3091
RE1,DEMTRABUSELC,2061,24.4945
RE1,DEMTRABUSELC,2062,24.6812
RE1,DEMTRABUSELC,2063,24.8695
RE1,DEMTRABUSELC,2064,25.0591
RE1,DEMTRABUSELC,2065,25.2503
RE1,DEMTRABUSELC,2066,25.4429
RE1,DEMTRABUSELC,2067,25.637
RE1,DEMTRABUSELC,2068,25.8326
RE1,DEMTRABUSELC,2069,26.0298
RE1,DEMTRABUSELC,2070,26.2284
RE1,DEMTRAMCYGSL,2015,7.3231
RE1,DEMTRAMCYGSL,2016,7.6038
RE1,DEMTRAMCYGSL,2017,7.7786
RE1,DEMTRAMCYGSL,2018,7.9671
RE1,DEMTRAMCYGSL,2019,8.1493
RE1,DEMTRAMCYGSL,2020,8.3314
RE1,DEMTRAMCYGSL,2021,8.4769
RE1,DEMTRAMCYGSL,2022,8.6223
RE1,DEMTRAMCYGSL,2023,8.7678
RE1,DEMTRAMCYGSL,2024,8.7678
RE1,DEMTRAMCYGSL,2025,8.7678
RE1,DEMTRAMCYGSL,2026,8.7678
RE1,DEMTRAMCYGSL,2027,8.7678
RE1,DEMTRAMCYGSL,2028,8.7678
RE1,DEMTRAMCYGSL,2029,8.7678
RE1,DEMTRAMCYGSL,2030,1.4446
RE1,DEMTRAMCYGSL,2031,1.164
RE1,DEMTRAMCYGSL,2032,0.9891
RE1,DEMTRAMCYGSL,2033,0.8006
RE1,DEMTRAMCYGSL,2034,0.6185
RE1,DEMTRAMCYGSL,2035,0.4364
RE1,DEMTRAMCYGSL,2036,0.2909
RE1,DEMTRAMCYGSL,2037,0.1454
RE1,DEMTRACARGSL,2015,16.4763
RE1,DEMTRACARGSL,2016,20.868
RE1,DEMTRACARGSL,2017,20.868
RE1,DEMTRACARGSL,2018,20.868
RE1,DEMTRACARGSL,2019,20.868
RE1,DEMTRACARGSL,2020,20.868
RE1,DEMTRACARGSL,2021,20.868
RE1,DEMTRACARGSL,2022,20.868
RE1,DEMTRACARGSL,2023,20.868
RE1,DEMTRACARGSL,2024,20.868
RE1,DEMTRACARGSL,2025,20.868
RE1,DEMTRACARGSL,2026,20.868
RE1,DEMTRACARGSL,2027,20.868
RE1,DEMTRACARGSL,2028,20.868
RE1,DEMTRACARGSL,2029,20.868
RE1,DEMTRACARGSL,2030,46.8593
RE1,DEMTRACARGSL,2031,46.8593
RE1,DEMTRACARGSL,2032,46.8593
RE1,DEMTRACARGSL,2033,46.8593
RE1,DEMTRACARGSL,2034,46.8593
RE1,DEMTRACARGSL,2035,30.383
RE1,DEMTRACARGSL,2036,25.9913
RE1,DEMTRACARGSL,2037,25.9913
RE1,DEMTRACARGSL,2038,25.9913
RE1,DEMTRACARGSL,2039,25.9913
RE1,DEMTRACARGSL,2040,25.9913
RE1,DEMTRACARGSL,2041,25.9913
RE1,DEMTRACARGSL,2042,25.9913
RE1,DEMTRACARGSL,2043,25.9913
RE1,DEMTRACARGSL,2044,25.9913
RE1,DEMTRACARGSL,2045,25.9913
RE1,DEMTRACARGSL,2046,25.9913
RE1,DEMTRACARGSL,2047,25.9913
RE1,DEMTRACARGSL,2048,25.9913
RE1,DEMTRACARGSL,2049,25.9913
RE1,DEMTRABUSGSL,2015,14.498
RE1,DEMTRABUSGSL,2016,14.498
RE1,DEMTRABUSGSL,2017,14.498
RE1,DEMTRABUSGSL,2018,14.7392
RE1,DEMTRABUSGSL,2019,15.0762
RE1,DEMTRABUSGSL,2020,15.4131
RE1,DEMTRABUSGSL,2021,17.9562
RE1,DEMTRABUSGSL,2022,17.9562
RE1,DEMTRABUSGSL,2023,17.9562
RE1,DEMTRABUSGSL,2024,17.9562
RE1,DEMTRABUSGSL,2025,17.9562
RE1,DEMTRABUSGSL,2026,17.9562
RE1,DEMTRABUSGSL,2027,17.9562
RE1,DEMTRABUSGSL,2028,17.9562
RE1,DEMTRABUSGSL,2029,17.9562
RE1,DEMTRABUSGSL,2030,40.3208
RE1,DEMTRABUSGSL,2031,40.3208
RE1,DEMTRABUSGSL,2032,40.3208
RE1,DEMTRABUSGSL,2033,40.3208
RE1,DEMTRABUSGSL,2034,40.3208
RE1,DEMTRABUSGSL,2035,25.8228
RE1,DEMTRABUSGSL,2036,25.8228
RE1,DEMTRABUSGSL,2037,25.8228
RE1,DEMTRABUSGSL,2038,25.5816
RE1,DEMTRABUSGSL,2039,25.2446
RE1,DEMTRABUSGSL,2040,24.9077
RE1,DEMTRABUSGSL,2041,22.3646
RE1,DEMTRABUSGSL,2042,22.3646
RE1,DEMTRABUSGSL,2043,22.3646
RE1,DEMTRABUSGSL,2044,22.3646
RE1,DEMTRABUSGSL,2045,22.3646
RE1,DEMTRABUSGSL,2046,22.3646
RE1,DEMTRABUSGSL,2047,22.3646
RE1,DEMTRABUSGSL,2048,22.3646
RE1,DEMTRABUSGSL,2049,22.3646
RE1,DEMINDELC,2015,11.2574
RE1,DEMINDELC,2016,11.9084
RE1,DEMINDELC,2017,12.4663
RE1,DEMINDELC,2018,13.0242
RE1,DEMINDELC,2019,13.5821
RE1,DEMINDELC,2020,14.14
RE1,DEMINDELC,2021,14.5682
RE1,DEMINDELC,2022,14.9965
RE1,DEMINDELC,2023,15.4247
RE1,DEMINDELC,2024,15.4247
RE1,DEMINDELC,2025,4.1673
RE1,DEMINDELC,2026,3.5163
RE1,DEMINDELC,2027,2.9584
RE1,DEMINDELC,2028,2.4005
RE1,DEMINDELC,2029,1.8426
RE1,DEMINDELC,2030,1.6618
RE1,DEMINDELC,2031,1.709
RE1,DEMINDELC,2032,1.7563
RE1,DEMINDELC,2033,1.8036
RE1,DEMINDELC,2034,2.4303
RE1,DEMINDELC,2035,2.4924
RE1,DEMINDELC,2036,2.5424
RE1,DEMINDELC,2037,2.5923
RE1,DEMINDELC,2038,2.6423
RE1,DEMINDELC,2039,2.6923
RE1,DEMINDELC,2040,3.2731
RE1,DEMINDELC,2041,2.7976
RE1,DEMINDELC,2042,2.8401
RE1,DEMINDELC,2043,2.889
RE1,DEMINDELC,2044,2.9379
RE1,DEMINDELC,2045,2.9869
RE1,DEMINDELC,2046,3.0209
RE1,DEMINDELC,2047,3.055
RE1,DEMINDELC,2048,3.0891
RE1,DEMINDELC,2049,3.1232
RE1,DEMINDELC,2050,2.4044
RE1,DEMINDELC,2051,3.1924
RE1,DEMINDELC,2052,3.2281
RE1,DEMINDELC,2053,3.2641
RE1,DEMINDELC,2054,3.3005
RE1,DEMINDELC,2055,3.3373
RE1,DEMINDELC,2056,3.3745
RE1,DEMINDELC,2057,3.4122
RE1,DEMINDELC,2058,3.4502
RE1,DEMINDELC,2059,4.4867
RE1,DEMINDELC,2060,4.2475
RE1,DEMINDELC,2061,3.567
RE1,DEMINDELC,2062,3.6068
RE1,DEMINDELC,2063,3.647
RE1,DEMINDELC,2064,3.6877
RE1,DEMINDELC,2065,3.7288
RE1,DEMINDELC,2066,3.7704
RE1,DEMINDELC,2067,3.8125
RE1,DEMINDELC,2068,3.855
RE1,DEMINDELC,2069,3.898
RE1,DEMINDELC,2070,8.0232
RE1,INDENEFFDP,2024,11.2457
RE1,INDENEFFDP,2025,11.4047
RE1,INDENEFFDP,2026,11.8777
RE1,INDENEFFDP,2027,12.206
RE1,INDENEFFDP,2028,12.3771
RE1,INDENEFFDP,2029,12.7012
RE1,INDENEFFDP,2030,13.0254
RE1,INDENEFFDP,2031,13.3959
RE1,INDENEFFDP,2032,13.7664
RE1,INDENEFFDP,2033,14.1368
RE1,INDENEFFDP,2034,14.0616
RE1,INDENEFFDP,2035,14.4207
RE1,INDENEFFDP,2036,14.7098
RE1,INDENEFFDP,2037,14.9989
RE1,INDENEFFDP,2038,15.288
RE1,INDENEFFDP,2039,15.5771
RE1,INDENEFFDP,2040,15.4578
RE1,INDENEFFDP,2041,16.1493
RE1,INDENEFFDP,2042,16.4324
RE1,INDENEFFDP,2043,16.7155
RE1,INDENEFFDP,2044,16.9986
RE1,INDENEFFDP,2045,17.2817
RE1,INDENEFFDP,2046,17.4788
RE1,INDENEFFDP,2047,17.6759
RE1,INDENEFFDP,2048,17.873
RE1,INDENEFFDP,2049,18.0701
RE1,INDENEFFDP,2050,18.8464
RE1,INDENEFFDP,2051,18.471
RE1,INDENEFFDP,2052,18.6771
RE1,INDENEFFDP,2053,18.8854
RE1,INDENEFFDP,2054,19.0961
RE1,INDENEFFDP,2055,19.3091
RE1,INDENEFFDP,2056,19.5245
RE1,INDENEFFDP,2057,19.7423
RE1,INDENEFFDP,2058,19.9625
RE1,INDENEFFDP,2059,19.4175
RE1,INDENEFFDP,2060,21.3246
RE1,INDENEFFDP,2061,20.638
RE1,INDENEFFDP,2062,20.8682
RE1,INDENEFFDP,2063,21.101
RE1,INDENEFFDP,2064,21.3364
RE1,INDENEFFDP,2065,21.5744
RE1,INDENEFFDP,2066,21.815
RE1,INDENEFFDP,2067,22.0584
RE1,INDENEFFDP,2068,22.3045
RE1,INDENEFFDP,2069,22.5533
RE1,INDENEFFDP,2070,19.665
RE1,DEMINDHEEH,2070,2.1547
RE1,DEMINDHEBIO,2015,17.0071
RE1,DEMINDHEBIO,2016,17.0071
RE1,DEMINDHEBIO,2017,17.0071
RE1,DEMINDHEBIO,2018,17.0071
RE1,DEMINDHEBIO,2019,17.0071
RE1,DEMINDHEBIO,2020,17.0071
RE1,DEMINDHEBIO,2021,17.0071
RE1,DEMINDHEBIO,2022,17.1674
RE1,DEMINDHEBIO,2023,17.4148
RE1,DEMINDHEBIO,2024,17.6619
RE1,DEMINDHEBIO,2025,17.9087
RE1,DEMINDHEBIO,2026,18.1811
RE1,DEMINDHEBIO,2027,18.4532
RE1,DEMINDHEBIO,2028,18.725
RE1,DEMINDHEBIO,2029,18.9964
RE1,DEMINDHEBIO,2030,19.2676
RE1,DEMINDHEBIO,2031,19.5121
RE1,DEMINDHEBIO,2032,19.7561
RE1,DEMINDHEBIO,2033,19.9997
RE1,DEMINDHEBIO,2034,20.2428
RE1,DEMINDHEBIO,2035,20.4856
RE1,DEMINDHEBIO,2036,20.6987
RE1,DEMINDHEBIO,2037,20.9116
RE1,DEMINDHEBIO,2038,21.1243
RE1,DEMINDHEBIO,2039,21.3367
RE1,DEMINDHEBIO,2040,21.549
RE1,DEMINDHEBIO,2041,21.7701
RE1,DEMINDHEBIO,2042,21.9911
RE1,DEMINDHEBIO,2043,22.212
RE1,DEMINDHEBIO,2044,22.4327
RE1,DEMINDHEBIO,2045,22.6533
RE1,DEMINDHEBIO,2046,22.8229
RE1,DEMINDHEBIO,2047,22.9925
RE1,DEMINDHEBIO,2048,23.1619
RE1,DEMINDHEBIO,2049,23.3313
RE1,DEMINDHEBIO,2050,23.5007
RE1,DEMINDHEBIO,2051,23.6741
RE1,DEMINDHEBIO,2052,23.8487
RE1,DEMINDHEBIO,2053,24.0248
RE1,DEMINDHEBIO,2054,24.2021
RE1,DEMINDHEBIO,2055,24.3808
RE1,DEMINDHEBIO,2056,24.5608
RE1,DEMINDHEBIO,2057,24.7423
RE1,DEMINDHEBIO,2058,24.9251
RE1,DEMINDHEBIO,2059,25.1093
RE1,DEMINDHEBIO,2060,25.2949
RE1,DEMINDHEBIO,2061,25.4819
RE1,DEMINDHEBIO,2062,25.6703
RE1,DEMINDHEBIO,2063,25.8602
RE1,DEMINDHEBIO,2064,26.0515
RE1,DEMINDHEBIO,2065,26.2443
RE1,DEMINDHEBIO,2066,26.4385
RE1,DEMINDHEBIO,2067,26.6342
RE1,DEMINDHEBIO,2068,26.8315
RE1,DEMINDHEBIO,2069,27.0302
RE1,DEMINDHEBIO,2070,27.2304
RE1,DEMRESELC,2015,5.6197
RE1,DEMRESELC,2016,5.9447
RE1,DEMRESELC,2017,6.2232
RE1,DEMRESELC,2018,6.5017
RE1,DEMRESELC,2019,6.7802
RE1,DEMRESELC,2020,7.0587
RE1,DEMRESELC,2021,7.2725
RE1,DEMRESELC,2022,7.4863
RE1,DEMRESELC,2023,7.7
RE1,DEMRESELC,2024,7.7
RE1,DEMRESELC,2025,2.0803
RE1,DEMRESELC,2026,1.7554
RE1,DEMRESELC,2027,1.4768
RE1,DEMRESELC,2028,1.1983
RE1,DEMRESELC,2029,0.9198
RE1,DEMRESELC,2030,0.8296
RE1,DEMRESELC,2031,0.8532
RE1,DEMRESELC,2032,0.8768
RE1,DEMRESELC,2033,0.9003
RE1,DEMRESELC,2034,1.2132
RE1,DEMRESELC,2035,1.2442
RE1,DEMRESELC,2036,1.2692
RE1,DEMRESELC,2037,1.2941
RE1,DEMRESELC,2038,1.319
RE1,DEMRESELC,2039,1.344
RE1,DEMRESELC,2040,1.6339
RE1,DEMRESELC,2041,1.3966
RE1,DEMRESELC,2042,1.4178
RE1,DEMRESELC,2043,1.4422
RE1,DEMRESELC,2044,1.4666
RE1,DEMRESELC,2045,1.4911
RE1,DEMRESELC,2046,1.5081
RE1,DEMRESELC,2047,1.5251
RE1,DEMRESELC,2048,1.5421
RE1,DEMRESELC,2049,1.5591
RE1,DEMRESELC,2050,1.2003
RE1,DEMRESELC,2051,1.5937
RE1,DEMRESELC,2052,1.6115
RE1,DEMRESELC,2053,1.6294
RE1,DEMRESELC,2054,1.6476
RE1,DEMRESELC,2055,1.666
RE1,DEMRESELC,2056,1.6846
RE1,DEMRESELC,2057,1.7034
RE1,DEMRESELC,2058,1.7224
RE1,DEMRESELC,2059,2.2398
RE1,DEMRESELC,2060,2.1203
RE1,DEMRESELC,2061,1.7806
RE1,DEMRESELC,2062,1.8005
RE1,DEMRESELC,2063,1.8206
RE1,DEMRESELC,2064,1.8409
RE1,DEMRESELC,2065,1.8614
RE1,DEMRESELC,2066,1.8822
RE1,DEMRESELC,2067,1.9032
RE1,DEMRESELC,2068,1.9244
RE1,DEMRESELC,2069,1.9459
RE1,DEMRESELC,2070,4.0052
RE1,RESENEFFDP,2024,5.6139
RE1,RESENEFFDP,2025,5.6933
RE1,RESENEFFDP,2026,5.9294
RE1,RESENEFFDP,2027,6.0932
RE1,RESENEFFDP,2028,6.1787
RE1,RESENEFFDP,2029,6.3405
RE1,RESENEFFDP,2030,6.5023
RE1,RESENEFFDP,2031,6.6873
RE1,RESENEFFDP,2032,6.8722
RE1,RESENEFFDP,2033,7.0571
RE1,RESENEFFDP,2034,7.0196
RE1,RESENEFFDP,2035,7.1988
RE1,RESENEFFDP,2036,7.3431
RE1,RESENEFFDP,2037,7.4875
RE1,RESENEFFDP,2038,7.6318
RE1,RESENEFFDP,2039,7.7761
RE1,RESENEFFDP,2040,7.7166
RE1,RESENEFFDP,2041,8.0618
RE1,RESENEFFDP,2042,8.2031
RE1,RESENEFFDP,2043,8.3444
RE1,RESENEFFDP,2044,8.4857
RE1,RESENEFFDP,2045,8.627
RE1,RESENEFFDP,2046,8.7254
RE1,RESENEFFDP,2047,8.8239
RE1,RESENEFFDP,2048,8.9223
RE1,RESENEFFDP,2049,9.0207
RE1,RESENEFFDP,2050,9.4081
RE1,RESENEFFDP,2051,9.2208
RE1,RESENEFFDP,2052,9.3236
RE1,RESENEFFDP,2053,9.4276
RE1,RESENEFFDP,2054,9.5328
RE1,RESENEFFDP,2055,9.6391
RE1,RESENEFFDP,2056,9.7467
RE1,RESENEFFDP,2057,9.8554
RE1,RESENEFFDP,2058,9.9653
RE1,RESENEFFDP,2059,9.6933
RE1,RESENEFFDP,2060,10.6453
RE1,RESENEFFDP,2061,10.3025
RE1,RESENEFFDP,2062,10.4175
RE1,RESENEFFDP,2063,10.5337
RE1,RESENEFFDP,2064,10.6512
RE1,RESENEFFDP,2065,10.77
RE1,RESENEFFDP,2066,10.8901
RE1,RESENEFFDP,2067,11.0116
RE1,RESENEFFDP,2068,11.1344
RE1,RESENEFFDP,2069,11.2586
RE1,RESENEFFDP,2070,9.8168
RE1,DEMRESCKNELC,2015,1.7885
RE1,DEMRESCKNELC,2016,1.7002
RE1,DEMRESCKNELC,2017,1.7252
RE1,DEMRESCKNELC,2018,1.7871
RE1,DEMRESCKNELC,2019,1.6977
RE1,DEMRESCKNELC,2020,1.6084
RE1,DEMRESCKNELC,2021,1.519
RE1,DEMRESCKNELC,2022,1.4297
RE1,DEMRESCKNELC,2023,1.3403
RE1,DEMRESCKNELC,2024,36.6694
RE1,DEMRESCKNELC,2025,39.8154
RE1,DEMRESCKNELC,2026,54.7654
RE1,DEMRESCKNELC,2027,59.9672
RE1,DEMRESCKNELC,2028,66.7375
RE1,DEMRESCKNELC,2029,70.541
RE1,DEMRESCKNELC,2030,95.1602
RE1,DEMRESCKNELC,2031,98.6703
RE1,DEMRESCKNELC,2032,98.581
RE1,DEMRESCKNELC,2033,98.4916
RE1,DEMRESCKNELC,2034,98.4023
RE1,DEMRESCKNELC,2035,98.3129
RE1,DEMRESCKNELC,2036,98.4222
RE1,DEMRESCKNELC,2037,99.8925
RE1,DEMRESCKNELC,2038,101.12
RE1,DEMRESCKNELC,2039,102.3906
RE1,DEMRESCKNELC,2040,150.2985
RE1,DEMRESCKNELC,2041,150.2985
RE1,DEMRESCKNELC,2042,150.2985
RE1,DEMRESCKNELC,2043,156.3291
RE1,DEMRESCKNELC,2044,156.3291
RE1,DEMRESCKNELC,2045,160.4953
RE1,DEMRESCKNELC,2046,163.9068
RE1,DEMRESCKNELC,2047,167.3235
RE1,DEMRESCKNELC,2048,169.7871
RE1,DEMRESCKNELC,2049,171.3163
RE1,DEMRESCKNELC,2050,232.4599
RE1,DEMRESCKNELC,2051,238.9739
RE1,DEMRESCKNELC,2052,240.9437
RE1,DEMRESCKNELC,2053,242.9304
RE1,DEMRESCKNELC,2054,244.2152
RE1,DEMRESCKNELC,2055,242.5673
RE1,DEMRESCKNELC,2056,244.6279
RE1,DEMRESCKNELC,2057,246.7063
RE1,DEMRESCKNELC,2058,248.8026
RE1,DEMRESCKNELC,2059,251.5555
RE1,DEMRESCKNELC,2060,251.8227
RE1,DEMRESCKNELC,2061,255.2004
RE1,DEMRESCKNELC,2062,257.3699
RE1,DEMRESCKNELC,2063,259.5581
RE1,DEMRESCKNELC,2064,261.7651
RE1,DEMRESCKNELC,2065,263.368
RE1,DEMRESCKNELC,2066,263.1694
RE1,DEMRESCKNELC,2067,261.6097
RE1,DEMRESCKNELC,2068,260.2928
RE1,DEMRESCKNELC,2069,259.0222
RE1,DEMRESCKNELC,2070,211.1143
RE1,DEMRESCKNOIL,2015,59.8163
RE1,DEMRESCKNOIL,2016,56.8634
RE1,DEMRESCKNOIL,2017,57.7007
RE1,DEMRESCKNOIL,2018,59.7694
RE1,DEMRESCKNOIL,2019,56.7809
RE1,DEMRESCKNOIL,2020,53.7924
RE1,DEMRESCKNOIL,2021,50.804
RE1,DEMRESCKNOIL,2022,47.8155
RE1,DEMRESCKNOIL,2023,44.827
RE1,DEMRESCKNOIL,2024,41.8386
RE1,DEMRESCKNOIL,2025,38.8501
RE1,DEMRESCKNOIL,2026,35.8616
RE1,DEMRESCKNOIL,2027,32.8731
RE1,DEMRESCKNOIL,2028,29.8847
RE1,DEMRESCKNOIL,2029,26.8962
RE1,DEMRESCKNOIL,2030,23.9077
RE1,DEMRESCKNOIL,2031,20.9193
RE1,DEMRESCKNOIL,2032,17.9308
RE1,DEMRESCKNOIL,2033,14.9423
RE1,DEMRESCKNOIL,2034,11.9539
RE1,DEMRESCKNOIL,2035,8.9654
RE1,DEMRESCKNOIL,2036,5.9769
RE1,DEMRESCKNOIL,2037,2.9885
RE1,DEMRESCKNBIO,2015,55.4578
RE1,DEMRESCKNBIO,2016,52.7201
RE1,DEMRESCKNBIO,2017,53.4964
RE1,DEMRESCKNBIO,2018,55.4143
RE1,DEMRESCKNBIO,2019,52.6436
RE1,DEMRESCKNBIO,2020,49.8729
RE1,DEMRESCKNBIO,2021,47.1022
RE1,DEMRESCKNBIO,2022,44.3314
RE1,DEMRESCKNBIO,2023,41.5607
RE1,DEMRESCKNBIO,2024,38.79
RE1,DEMRESCKNBIO,2025,36.0193
RE1,DEMRESCKNBIO,2026,33.2486
RE1,DEMRESCKNBIO,2027,30.4779
RE1,DEMRESCKNBIO,2028,27.7072
RE1,DEMRESCKNBIO,2029,24.9364
RE1,DEMRESCKNBIO,2030,23.0728
RE1,DEMRESCKNBIO,2031,23.4133
RE1,DEMRESCKNBIO,2032,23.7528
RE1,DEMRESCKNBIO,2033,24.0913
RE1,DEMRESCKNBIO,2034,24.4289
RE1,DEMRESCKNBIO,2035,24.7656
RE1,DEMRESCKNBIO,2036,25.0587
RE1,DEMRESCKNBIO,2037,25.3512
RE1,DEMRESCKNBIO,2038,25.6433
RE1,DEMRESCKNBIO,2039,25.9349
RE1,DEMRESCKNBIO,2040,26.226
RE1,DEMRESCKNBIO,2041,26.5167
RE1,DEMRESCKNBIO,2042,26.8071
RE1,DEMRESCKNBIO,2043,27.0971
RE1,DEMRESCKNBIO,2044,27.3869
RE1,DEMRESCKNBIO,2045,27.6764
RE1,DEMRESCKNBIO,2046,27.8957
RE1,DEMRESCKNBIO,2047,28.1149
RE1,DEMRESCKNBIO,2048,28.334
RE1,DEMRESCKNBIO,2049,28.553
RE1,DEMRESCKNBIO,2050,28.7718
RE1,DEMRESCKNBIO,2051,28.9961
RE1,DEMRESCKNBIO,2052,29.2221
RE1,DEMRESCKNBIO,2053,29.4498
RE1,DEMRESCKNBIO,2054,29.6794
RE1,DEMRESCKNBIO,2055,29.9107
RE1,DEMRESCKNBIO,2056,30.1438
RE1,DEMRESCKNBIO,2057,30.3788
RE1,DEMRESCKNBIO,2058,30.6155
RE1,DEMRESCKNBIO,2059,30.8541
RE1,DEMRESCKNBIO,2060,31.0946
RE1,DEMRESCKNBIO,2061,31.337
RE1,DEMRESCKNBIO,2062,31.5812
RE1,DEMRESCKNBIO,2063,31.8274
RE1,DEMRESCKNBIO,2064,32.0754
RE1,DEMRESCKNBIO,2065,32.3254
RE1,DEMRESCKNBIO,2066,32.5774
RE1,DEMRESCKNBIO,2067,32.8313
RE1,DEMRESCKNBIO,2068,33.0872
RE1,DEMRESCKNBIO,2069,33.345
RE1,DEMRESCKNBIO,2070,32.2191
RE1,DEMRESHEBIO,2015,3.3713
RE1,DEMRESHEBIO,2016,3.3713
RE1,DEMRESHEBIO,2017,3.3713
RE1,DEMRESHEBIO,2018,3.3713
RE1,DEMRESHEBIO,2019,3.453
RE1,DEMRESHEBIO,2020,3.5371
RE1,DEMRESHEBIO,2021,3.5997
RE1,DEMRESHEBIO,2022,3.6621
RE1,DEMRESHEBIO,2023,3.7244
RE1,DEMRESHEBIO,2024,3.7865
RE1,DEMRESHEBIO,2025,3.8486
RE1,DEMRESHEBIO,2026,3.9165
RE1,DEMRESHEBIO,2027,3.9844
RE1,DEMRESHEBIO,2028,4.0521
RE1,DEMRESHEBIO,2029,4.1197
RE1,DEMRESHEBIO,2030,4.1871
RE1,DEMRESHEBIO,2031,4.2489
RE1,DEMRESHEBIO,2032,4.3105
RE1,DEMRESHEBIO,2033,4.372
RE1,DEMRESHEBIO,2034,4.4332
RE1,DEMRESHEBIO,2035,4.4943
RE1,DEMRESHEBIO,2036,4.5475
RE1,DEMRESHEBIO,2037,4.6006
RE1,DEMRESHEBIO,2038,4.6536
RE1,DEMRESHEBIO,2039,4.7065
RE1,DEMRESHEBIO,2040,4.7594
RE1,DEMRESHEBIO,2041,4.8121
RE1,DEMRESHEBIO,2042,4.8648
RE1,DEMRESHEBIO,2043,4.9175
RE1,DEMRESHEBIO,2044,4.97
RE1,DEMRESHEBIO,2045,5.0226
RE1,DEMRESHEBIO,2046,5.0624
RE1,DEMRESHEBIO,2047,5.1022
RE1,DEMRESHEBIO,2048,5.1419
RE1,DEMRESHEBIO,2049,5.1817
RE1,DEMRESHEBIO,2050,5.2214
RE1,DEMRESHEBIO,2051,5.2621
RE1,DEMRESHEBIO,2052,5.3031
RE1,DEMRESHEBIO,2053,5.3444
RE1,DEMRESHEBIO,2054,5.3861
RE1,DEMRESHEBIO,2055,5.428
RE1,DEMRESHEBIO,2056,5.4703
RE1,DEMRESHEBIO,2057,5.513
RE1,DEMRESHEBIO,2058,5.556
RE1,DEMRESHEBIO,2059,5.5993
RE1,DEMRESHEBIO,2060,5.6429
RE1,DEMRESHEBIO,2061,5.6869
RE1,DEMRESHEBIO,2062,5.7312
RE1,DEMRESHEBIO,2063,5.7759
RE1,DEMRESHEBIO,2064,5.8209
RE1,DEMRESHEBIO,2065,5.8663
RE1,DEMRESHEBIO,2066,5.912
RE1,DEMRESHEBIO,2067,5.9581
RE1,DEMRESHEBIO,2068,6.0045
RE1,DEMRESHEBIO,2069,6.0513
RE1,DEMRESHEBIO,2070,6.0985
RE1,DEMCOMELC,2015,5.8082
RE1,DEMCOMELC,2016,6.1441
RE1,DEMCOMELC,2017,6.432
RE1,DEMCOMELC,2018,6.7198
RE1,DEMCOMELC,2019,7.0077
RE1,DEMCOMELC,2020,7.2955
RE1,DEMCOMELC,2021,7.5165
RE1,DEMCOMELC,2022,7.7374
RE1,DEMCOMELC,2023,7.9583
RE1,DEMCOMELC,2024,7.9583
RE1,DEMCOMELC,2025,2.1501
RE1,DEMCOMELC,2026,1.8142
RE1,DEMCOMELC,2027,1.5264
RE1,DEMCOMELC,2028,1.2385
RE1,DEMCOMELC,2029,0.9507
RE1,DEMCOMELC,2030,0.8574
RE1,DEMCOMELC,2031,0.8818
RE1,DEMCOMELC,2032,0.9062
RE1,DEMCOMELC,2033,0.9306
RE1,DEMCOMELC,2034,1.2539
RE1,DEMCOMELC,2035,1.2859
RE1,DEMCOMELC,2036,1.3117
RE1,DEMCOMELC,2037,1.3375
RE1,DEMCOMELC,2038,1.3633
RE1,DEMCOMELC,2039,1.3891
RE1,DEMCOMELC,2040,1.6888
RE1,DEMCOMELC,2041,1.4434
RE1,DEMCOMELC,2042,1.4653
RE1,DEMCOMELC,2043,1.4906
RE1,DEMCOMELC,2044,1.5158
RE1,DEMCOMELC,2045,1.5411
RE1,DEMCOMELC,2046,1.5587
RE1,DEMCOMELC,2047,1.5762
RE1,DEMCOMELC,2048,1.5938
RE1,DEMCOMELC,2049,1.6114
RE1,DEMCOMELC,2050,1.2406
RE1,DEMCOMELC,2051,1.6471
RE1,DEMCOMELC,2052,1.6655
RE1,DEMCOMELC,2053,1.6841
RE1,DEMCOMELC,2054,1.7029
RE1,DEMCOMELC,2055,1.7219
RE1,DEMCOMELC,2056,1.7411
RE1,DEMCOMELC,2057,1.7605
RE1,DEMCOMELC,2058,1.7801
RE1,DEMCOMELC,2059,2.3149
RE1,DEMCOMELC,2060,2.1915
RE1,DEMCOMELC,2061,1.8404
RE1,DEMCOMELC,2062,1.8609
RE1,DEMCOMELC,2063,1.8817
RE1,DEMCOMELC,2064,1.9027
RE1,DEMCOMELC,2065,1.9239
RE1,DEMCOMELC,2066,1.9453
RE1,DEMCOMELC,2067,1.967
RE1,DEMCOMELC,2068,1.989
RE1,DEMCOMELC,2069,2.0112
RE1,DEMCOMELC,2070,4.1396
RE1,COMENEFFDP,2024,5.8022
RE1,COMENEFFDP,2025,5.8842
RE1,COMENEFFDP,2026,6.1283
RE1,COMENEFFDP,2027,6.2977
RE1,COMENEFFDP,2028,6.386
RE1,COMENEFFDP,2029,6.5532
RE1,COMENEFFDP,2030,6.7204
RE1,COMENEFFDP,2031,6.9116
RE1,COMENEFFDP,2032,7.1027
RE1,COMENEFFDP,2033,7.2939
RE1,COMENEFFDP,2034,7.255
RE1,COMENEFFDP,2035,7.4403
RE1,COMENEFFDP,2036,7.5895
RE1,COMENEFFDP,2037,7.7386
RE1,COMENEFFDP,2038,7.8878
RE1,COMENEFFDP,2039,8.037
RE1,COMENEFFDP,2040,7.9754
RE1,COMENEFFDP,2041,8.3322
RE1,COMENEFFDP,2042,8.4783
RE1,COMENEFFDP,2043,8.6243
RE1,COMENEFFDP,2044,8.7704
RE1,COMENEFFDP,2045,8.9164
RE1,COMENEFFDP,2046,9.0182
RE1,COMENEFFDP,2047,9.1199
RE1,COMENEFFDP,2048,9.2216
RE1,COMENEFFDP,2049,9.3233
RE1,COMENEFFDP,2050,9.7238
RE1,COMENEFFDP,2051,9.5301
RE1,COMENEFFDP,2052,9.6364
RE1,COMENEFFDP,2053,9.7439
RE1,COMENEFFDP,2054,9.8526
RE1,COMENEFFDP,2055,9.9625
RE1,COMENEFFDP,2056,10.0736
RE1,COMENEFFDP,2057,10.186
RE1,COMENEFFDP,2058,10.2996
RE1,COMENEFFDP,2059,10.0184
RE1,COMENEFFDP,2060,11.0024
RE1,COMENEFFDP,2061,10.6482
RE1,COMENEFFDP,2062,10.7669
RE1,COMENEFFDP,2063,10.887
RE1,COMENEFFDP,2064,11.0085
RE1,COMENEFFDP,2065,11.1313
RE1,COMENEFFDP,2066,11.2555
RE1,COMENEFFDP,2067,11.381
RE1,COMENEFFDP,2068,11.508
RE1,COMENEFFDP,2069,11.6363
RE1,COMENEFFDP,2070,10.1462
RE1,DEMCOMHEBIO,2015,1.4833
RE1,DEMCOMHEBIO,2016,1.5588
RE1,DEMCOMHEBIO,2017,1.5964
RE1,DEMCOMHEBIO,2018,1.634
RE1,DEMCOMHEBIO,2019,1.6716
RE1,DEMCOMHEBIO,2020,1.7093
RE1,DEMCOMHEBIO,2021,1.7399
RE1,DEMCOMHEBIO,2022,1.7705
RE1,DEMCOMHEBIO,2023,1.8012
RE1,DEMCOMHEBIO,2024,1.8318
RE1,DEMCOMHEBIO,2025,1.8625
RE1,DEMCOMHEBIO,2026,1.8972
RE1,DEMCOMHEBIO,2027,1.9319
RE1,DEMCOMHEBIO,2028,1.9667
RE1,DEMCOMHEBIO,2029,2.0014
RE1,DEMCOMHEBIO,2030,2.0361
RE1,DEMCOMHEBIO,2031,2.0647
RE1,DEMCOMHEBIO,2032,2.0933
RE1,DEMCOMHEBIO,2033,2.1219
RE1,DEMCOMHEBIO,2034,2.1505
RE1,DEMCOMHEBIO,2035,2.1791
RE1,DEMCOMHEBIO,2036,2.2054
RE1,DEMCOMHEBIO,2037,2.2317
RE1,DEMCOMHEBIO,2038,2.2581
RE1,DEMCOMHEBIO,2039,2.2844
RE1,DEMCOMHEBIO,2040,2.3107
RE1,DEMCOMHEBIO,2041,2.3354
RE1,DEMCOMHEBIO,2042,2.3601
RE1,DEMCOMHEBIO,2043,2.3849
RE1,DEMCOMHEBIO,2044,2.4096
RE1,DEMCOMHEBIO,2045,2.4343
RE1,DEMCOMHEBIO,2046,2.4538
RE1,DEMCOMHEBIO,2047,2.4732
RE1,DEMCOMHEBIO,2048,2.4927
RE1,DEMCOMHEBIO,2049,2.5122
RE1,DEMCOMHEBIO,2050,2.5316
RE1,DEMCOMHEBIO,2051,2.5516
RE1,DEMCOMHEBIO,2052,2.5716
RE1,DEMCOMHEBIO,2053,2.5919
RE1,DEMCOMHEBIO,2054,2.6123
RE1,DEMCOMHEBIO,2055,2.6329
RE1,DEMCOMHEBIO,2056,2.6536
RE1,DEMCOMHEBIO,2057,2.6745
RE1,DEMCOMHEBIO,2058,2.6955
RE1,DEMCOMHEBIO,2059,2.7167
RE1,DEMCOMHEBIO,2060,2.7381
RE1,DEMCOMHEBIO,2061,2.7597
RE1,DEMCOMHEBIO,2062,2.7814
RE1,DEMCOMHEBIO,2063,2.8033
RE1,DEMCOMHEBIO,2064,2.8254
RE1,DEMCOMHEBIO,2065,2.8476
RE1,DEMCOMHEBIO,2066,2.87
RE1,DEMCOMHEBIO,2067,2.8926
RE1,DEMCOMHEBIO,2068,2.9154
RE1,DEMCOMHEBIO,2069,2.9383
RE1,DEMCOMHEBIO,2070,2.9615
RE1,DEMINDHECOA,2015,25.5106
RE1,DEMINDHECOA,2016,25.5106
RE1,DEMINDHECOA,2017,25.5106
RE1,DEMINDHECOA,2018,25.5106
RE1,DEMINDHECOA,2019,25.5106
RE1,DEMINDHECOA,2020,25.5106
RE1,DEMINDHECOA,2021,25.5106
RE1,DEMINDHECOA,2022,25.7511
RE1,DEMINDHECOA,2023,26.1222
RE1,DEMINDHECOA,2024,26.4929
RE1,DEMINDHECOA,2025,26.863
RE1,DEMINDHECOA,2026,27.2717
RE1,DEMINDHECOA,2027,27.6798
RE1,DEMINDHECOA,2028,28.0875
RE1,DEMINDHECOA,2029,28.4947
RE1,DEMINDHECOA,2030,28.9014
RE1,DEMINDHECOA,2031,29.2682
RE1,DEMINDHECOA,2032,29.6342
RE1,DEMINDHECOA,2033,29.9995
RE1,DEMINDHECOA,2034,30.3642
RE1,DEMINDHECOA,2035,30.7284
RE1,DEMINDHECOA,2036,31.048
RE1,DEMINDHECOA,2037,31.3674
RE1,DEMINDHECOA,2038,31.6864
RE1,DEMINDHECOA,2039,32.0051
RE1,DEMINDHECOA,2040,32.3235
RE1,DEMINDHECOA,2041,32.6552
RE1,DEMINDHECOA,2042,32.9867
RE1,DEMINDHECOA,2043,33.318
RE1,DEMINDHECOA,2044,33.6491
RE1,DEMINDHECOA,2045,33.98
RE1,DEMINDHECOA,2046,34.2344
RE1,DEMINDHECOA,2047,34.4887
RE1,DEMINDHECOA,2048,34.7429
RE1,DEMINDHECOA,2049,34.997
RE1,DEMINDHECOA,2050,35.2511
RE1,DEMINDHECOA,2051,35.5111
RE1,DEMINDHECOA,2052,35.7731
RE1,DEMINDHECOA,2053,36.0371
RE1,DEMINDHECOA,2054,36.3031
RE1,DEMINDHECOA,2055,36.5712
RE1,DEMINDHECOA,2056,36.8413
RE1,DEMINDHECOA,2057,37.1134
RE1,DEMINDHECOA,2058,37.3876
RE1,DEMINDHECOA,2059,37.6639
RE1,DEMINDHECOA,2060,37.9423
RE1,DEMINDHECOA,2061,38.2228
RE1,DEMINDHECOA,2062,38.5055
RE1,DEMINDHECOA,2063,38.7903
RE1,DEMINDHECOA,2064,39.0773
RE1,DEMINDHECOA,2065,39.3664
RE1,DEMINDHECOA,2066,39.6578
RE1,DEMINDHECOA,2067,39.9514
RE1,DEMINDHECOA,2068,40.2472
RE1,DEMINDHECOA,2069,40.5453
RE1,DEMINDHECOA,2070,39.5887
