r,t,f,y,UseByTechnologyAnnual
RE1,COMENEFFDP,ELC003,2024,178.8709
RE1,COMENEFFDP,ELC003,2025,182.2389
RE1,COMENEFFDP,ELC003,2026,188.9237
RE1,COMENEFFDP,ELC003,2027,194.1447
RE1,COMENEFFDP,ELC003,2028,197.7773
RE1,COMENEFFDP,ELC003,2029,202.9567
RE1,COMENEFFDP,ELC003,2030,208.1362
RE1,COMENEFFDP,ELC003,2031,214.0562
RE1,COMENEFFDP,ELC003,2032,219.9763
RE1,COMENEFFDP,ELC003,2033,225.8964
RE1,COMENEFFDP,ELC003,2034,226.4077
RE1,COMENEFFDP,ELC003,2035,232.1897
RE1,COMENEFFDP,ELC003,2036,236.8446
RE1,COMENEFFDP,ELC003,2037,241.4995
RE1,COMENEFFDP,ELC003,2038,246.1543
RE1,COMENEFFDP,ELC003,2039,250.8092
RE1,COMENEFFDP,ELC003,2040,249.6833
RE1,COMENEFFDP,ELC003,2041,260.0223
RE1,COMENEFFDP,ELC003,2042,264.5804
RE1,COMENEFFDP,ELC003,2043,269.1386
RE1,COMENEFFDP,ELC003,2044,273.6969
RE1,COMENEFFDP,ELC003,2045,278.2551
RE1,COMENEFFDP,ELC003,2046,281.429
RE1,COMENEFFDP,ELC003,2047,284.603
RE1,COMENEFFDP,ELC003,2048,287.7768
RE1,COMENEFFDP,ELC003,2049,290.9507
RE1,COMENEFFDP,ELC003,2050,301.151
RE1,COMENEFFDP,ELC003,2051,297.4056
RE1,COMENEFFDP,ELC003,2052,300.7231
RE1,COMENEFFDP,ELC003,2053,304.0775
RE1,COMENEFFDP,ELC003,2054,307.4695
RE1,COMENEFFDP,ELC003,2055,310.8993
RE1,COMENEFFDP,ELC003,2056,314.3674
RE1,COMENEFFDP,ELC003,2057,317.874
RE1,COMENEFFDP,ELC003,2058,321.4199
RE1,COMENEFFDP,ELC003,2059,314.1382
RE1,COMENEFFDP,ELC003,2060,339.1839
RE1,COMENEFFDP,ELC003,2061,332.2965
RE1,COMENEFFDP,ELC003,2062,336.0032
RE1,COMENEFFDP,ELC003,2063,339.7512
RE1,COMENEFFDP,ELC003,2064,343.5411
RE1,COMENEFFDP,ELC003,2065,347.3733
RE1,COMENEFFDP,ELC003,2066,351.2482
RE1,COMENEFFDP,ELC003,2067,355.1663
RE1,COMENEFFDP,ELC003,2068,359.1282
RE1,COMENEFFDP,ELC003,2069,363.1341
RE1,COMENEFFDP,ELC003,2070,318.1428
RE1,DEMCOMELC,ELC003,2015,169.2528
RE1,DEMCOMELC,ELC003,2016,179.0399
RE1,DEMCOMELC,ELC003,2017,187.428
RE1,DEMCOMELC,ELC003,2018,195.8162
RE1,DEMCOMELC,ELC003,2019,204.2043
RE1,DEMCOMELC,ELC003,2020,212.5924
RE1,DEMCOMELC,ELC003,2021,219.0306
RE1,DEMCOMELC,ELC003,2022,225.4689
RE1,DEMCOMELC,ELC003,2023,231.9071
RE1,DEMCOMELC,ELC003,2024,5.8132
RE1,DEMCOMELC,ELC003,2025,7.8731
RE1,DEMCOMELC,ELC003,2026,6.1399
RE1,DEMCOMELC,ELC003,2027,6.3096
RE1,DEMCOMELC,ELC003,2028,8.5443
RE1,DEMCOMELC,ELC003,2029,8.7681
RE1,DEMCOMELC,ELC003,2030,8.9919
RE1,DEMCOMELC,ELC003,2031,9.2476
RE1,DEMCOMELC,ELC003,2032,9.5034
RE1,DEMCOMELC,ELC003,2033,9.7591
RE1,DEMCOMELC,ELC003,2034,17.0462
RE1,DEMCOMELC,ELC003,2035,17.4815
RE1,DEMCOMELC,ELC003,2036,17.832
RE1,DEMCOMELC,ELC003,2037,18.1824
RE1,DEMCOMELC,ELC003,2038,18.5329
RE1,DEMCOMELC,ELC003,2039,18.8833
RE1,DEMCOMELC,ELC003,2040,26.7488
RE1,DEMCOMELC,ELC003,2041,19.577
RE1,DEMCOMELC,ELC003,2042,19.9202
RE1,DEMCOMELC,ELC003,2043,20.2634
RE1,DEMCOMELC,ELC003,2044,20.6066
RE1,DEMCOMELC,ELC003,2045,20.9498
RE1,DEMCOMELC,ELC003,2046,21.1887
RE1,DEMCOMELC,ELC003,2047,21.4277
RE1,DEMCOMELC,ELC003,2048,21.6666
RE1,DEMCOMELC,ELC003,2049,21.9056
RE1,DEMCOMELC,ELC003,2050,13.0103
RE1,DEMCOMELC,ELC003,2051,22.3916
RE1,DEMCOMELC,ELC003,2052,22.6414
RE1,DEMCOMELC,ELC003,2053,22.8939
RE1,DEMCOMELC,ELC003,2054,23.1493
RE1,DEMCOMELC,ELC003,2055,23.4075
RE1,DEMCOMELC,ELC003,2056,23.6686
RE1,DEMCOMELC,ELC003,2057,23.9327
RE1,DEMCOMELC,ELC003,2058,24.1996
RE1,DEMCOMELC,ELC003,2059,38.5967
RE1,DEMCOMELC,ELC003,2060,11.0233
RE1,DEMCOMELC,ELC003,2061,25.0185
RE1,DEMCOMELC,ELC003,2062,25.2976
RE1,DEMCOMELC,ELC003,2063,25.5798
RE1,DEMCOMELC,ELC003,2064,25.8651
RE1,DEMCOMELC,ELC003,2065,26.1536
RE1,DEMCOMELC,ELC003,2066,26.4454
RE1,DEMCOMELC,ELC003,2067,26.7404
RE1,DEMCOMELC,ELC003,2068,27.0387
RE1,DEMCOMELC,ELC003,2069,27.3403
RE1,DEMCOMELC,ELC003,2070,91.3999
RE1,DEMCOMHEBIO,BIO,2015,45.3768
RE1,DEMCOMHEBIO,BIO,2016,47.6848
RE1,DEMCOMHEBIO,BIO,2017,48.8357
RE1,DEMCOMHEBIO,BIO,2018,49.9867
RE1,DEMCOMHEBIO,BIO,2019,51.1378
RE1,DEMCOMHEBIO,BIO,2020,52.2888
RE1,DEMCOMHEBIO,BIO,2021,53.226
RE1,DEMCOMHEBIO,BIO,2022,54.1632
RE1,DEMCOMHEBIO,BIO,2023,55.1005
RE1,DEMCOMHEBIO,BIO,2024,56.0377
RE1,DEMCOMHEBIO,BIO,2025,56.9749
RE1,DEMCOMHEBIO,BIO,2026,58.0376
RE1,DEMCOMHEBIO,BIO,2027,59.1002
RE1,DEMCOMHEBIO,BIO,2028,60.1628
RE1,DEMCOMHEBIO,BIO,2029,61.2255
RE1,DEMCOMHEBIO,BIO,2030,62.2882
RE1,DEMCOMHEBIO,BIO,2031,63.1627
RE1,DEMCOMHEBIO,BIO,2032,64.0372
RE1,DEMCOMHEBIO,BIO,2033,64.9117
RE1,DEMCOMHEBIO,BIO,2034,65.7862
RE1,DEMCOMHEBIO,BIO,2035,66.6607
RE1,DEMCOMHEBIO,BIO,2036,67.4661
RE1,DEMCOMHEBIO,BIO,2037,68.2713
RE1,DEMCOMHEBIO,BIO,2038,69.0767
RE1,DEMCOMHEBIO,BIO,2039,69.8821
RE1,DEMCOMHEBIO,BIO,2040,70.6874
RE1,DEMCOMHEBIO,BIO,2041,71.4435
RE1,DEMCOMHEBIO,BIO,2042,72.1996
RE1,DEMCOMHEBIO,BIO,2043,72.9557
RE1,DEMCOMHEBIO,BIO,2044,73.7118
RE1,DEMCOMHEBIO,BIO,2045,74.4679
RE1,DEMCOMHEBIO,BIO,2046,75.0634
RE1,DEMCOMHEBIO,BIO,2047,75.659
RE1,DEMCOMHEBIO,BIO,2048,76.2545
RE1,DEMCOMHEBIO,BIO,2049,76.85
RE1,DEMCOMHEBIO,BIO,2050,77.4455
RE1,DEMCOMHEBIO,BIO,2051,78.0551
RE1,DEMCOMHEBIO,BIO,2052,78.6696
RE1,DEMCOMHEBIO,BIO,2053,79.2889
RE1,DEMCOMHEBIO,BIO,2054,79.9131
RE1,DEMCOMHEBIO,BIO,2055,80.5421
RE1,DEMCOMHEBIO,BIO,2056,81.1761
RE1,DEMCOMHEBIO,BIO,2057,81.8151
RE1,DEMCOMHEBIO,BIO,2058,82.4591
RE1,DEMCOMHEBIO,BIO,2059,83.1083
RE1,DEMCOMHEBIO,BIO,2060,83.7626
RE1,DEMCOMHEBIO,BIO,2061,84.422
RE1,DEMCOMHEBIO,BIO,2062,85.0865
RE1,DEMCOMHEBIO,BIO,2063,85.7562
RE1,DEMCOMHEBIO,BIO,2064,86.4313
RE1,DEMCOMHEBIO,BIO,2065,87.1117
RE1,DEMCOMHEBIO,BIO,2066,87.7974
RE1,DEMCOMHEBIO,BIO,2067,88.4885
RE1,DEMCOMHEBIO,BIO,2068,89.1851
RE1,DEMCOMHEBIO,BIO,2069,89.8872
RE1,DEMCOMHEBIO,BIO,2070,90.5948
RE1,DEMINDELC,ELC003,2015,328.0418
RE1,DEMINDELC,ELC003,2016,347.0108
RE1,DEMINDELC,ELC003,2017,363.2685
RE1,DEMINDELC,ELC003,2018,379.5262
RE1,DEMINDELC,ELC003,2019,395.7839
RE1,DEMINDELC,ELC003,2020,412.0416
RE1,DEMINDELC,ELC003,2021,424.52
RE1,DEMINDELC,ELC003,2022,436.9984
RE1,DEMINDELC,ELC003,2023,449.4769
RE1,DEMINDELC,ELC003,2024,11.267
RE1,DEMINDELC,ELC003,2025,15.2594
RE1,DEMINDELC,ELC003,2026,11.9002
RE1,DEMINDELC,ELC003,2027,12.2291
RE1,DEMINDELC,ELC003,2028,16.5605
RE1,DEMINDELC,ELC003,2029,16.9941
RE1,DEMINDELC,ELC003,2030,17.4278
RE1,DEMINDELC,ELC003,2031,17.9235
RE1,DEMINDELC,ELC003,2032,18.4192
RE1,DEMINDELC,ELC003,2033,18.915
RE1,DEMINDELC,ELC003,2034,33.0385
RE1,DEMINDELC,ELC003,2035,33.8822
RE1,DEMINDELC,ELC003,2036,34.5615
RE1,DEMINDELC,ELC003,2037,35.2408
RE1,DEMINDELC,ELC003,2038,35.92
RE1,DEMINDELC,ELC003,2039,36.5993
RE1,DEMINDELC,ELC003,2040,51.8438
RE1,DEMINDELC,ELC003,2041,37.9437
RE1,DEMINDELC,ELC003,2042,38.6088
RE1,DEMINDELC,ELC003,2043,39.274
RE1,DEMINDELC,ELC003,2044,39.9392
RE1,DEMINDELC,ELC003,2045,40.6043
RE1,DEMINDELC,ELC003,2046,41.0675
RE1,DEMINDELC,ELC003,2047,41.5306
RE1,DEMINDELC,ELC003,2048,41.9938
RE1,DEMINDELC,ELC003,2049,42.4569
RE1,DEMINDELC,ELC003,2050,25.2162
RE1,DEMINDELC,ELC003,2051,43.3988
RE1,DEMINDELC,ELC003,2052,43.8829
RE1,DEMINDELC,ELC003,2053,44.3725
RE1,DEMINDELC,ELC003,2054,44.8674
RE1,DEMINDELC,ELC003,2055,45.3679
RE1,DEMINDELC,ELC003,2056,45.874
RE1,DEMINDELC,ELC003,2057,46.3857
RE1,DEMINDELC,ELC003,2058,46.9031
RE1,DEMINDELC,ELC003,2059,74.8072
RE1,DEMINDELC,ELC003,2060,21.3651
RE1,DEMINDELC,ELC003,2061,48.4903
RE1,DEMINDELC,ELC003,2062,49.0312
RE1,DEMINDELC,ELC003,2063,49.5781
RE1,DEMINDELC,ELC003,2064,50.1312
RE1,DEMINDELC,ELC003,2065,50.6904
RE1,DEMINDELC,ELC003,2066,51.2558
RE1,DEMINDELC,ELC003,2067,51.8276
RE1,DEMINDELC,ELC003,2068,52.4057
RE1,DEMINDELC,ELC003,2069,52.9903
RE1,DEMINDELC,ELC003,2070,177.1491
RE1,DEMINDHEBIO,BIO,2015,520.2667
RE1,DEMINDHEBIO,BIO,2016,466.5755
RE1,DEMINDHEBIO,BIO,2017,474.6554
RE1,DEMINDHEBIO,BIO,2018,488.1075
RE1,DEMINDHEBIO,BIO,2019,499.0635
RE1,DEMINDHEBIO,BIO,2020,510.0028
RE1,DEMINDHEBIO,BIO,2021,517.5933
RE1,DEMINDHEBIO,BIO,2022,525.1725
RE1,DEMINDHEBIO,BIO,2023,532.741
RE1,DEMINDHEBIO,BIO,2024,540.2994
RE1,DEMINDHEBIO,BIO,2025,547.8484
RE1,DEMINDHEBIO,BIO,2026,556.1827
RE1,DEMINDHEBIO,BIO,2027,564.5065
RE1,DEMINDHEBIO,BIO,2028,572.8203
RE1,DEMINDHEBIO,BIO,2029,581.1247
RE1,DEMINDHEBIO,BIO,2030,589.42
RE1,DEMINDHEBIO,BIO,2031,596.8992
RE1,DEMINDHEBIO,BIO,2032,604.3638
RE1,DEMINDHEBIO,BIO,2033,611.8149
RE1,DEMINDHEBIO,BIO,2034,619.2529
RE1,DEMINDHEBIO,BIO,2035,626.6788
RE1,DEMINDHEBIO,BIO,2036,633.1984
RE1,DEMINDHEBIO,BIO,2037,639.711
RE1,DEMINDHEBIO,BIO,2038,646.2168
RE1,DEMINDHEBIO,BIO,2039,652.7162
RE1,DEMINDHEBIO,BIO,2040,659.2095
RE1,DEMINDHEBIO,BIO,2041,665.975
RE1,DEMINDHEBIO,BIO,2042,672.736
RE1,DEMINDHEBIO,BIO,2043,679.4926
RE1,DEMINDHEBIO,BIO,2044,686.2449
RE1,DEMINDHEBIO,BIO,2045,692.9931
RE1,DEMINDHEBIO,BIO,2046,698.1811
RE1,DEMINDHEBIO,BIO,2047,703.3673
RE1,DEMINDHEBIO,BIO,2048,708.5517
RE1,DEMINDHEBIO,BIO,2049,713.7343
RE1,DEMINDHEBIO,BIO,2050,718.9153
RE1,DEMINDHEBIO,BIO,2051,724.2186
RE1,DEMINDHEBIO,BIO,2052,729.5622
RE1,DEMINDHEBIO,BIO,2053,734.9465
RE1,DEMINDHEBIO,BIO,2054,740.3717
RE1,DEMINDHEBIO,BIO,2055,745.8382
RE1,DEMINDHEBIO,BIO,2056,751.3462
RE1,DEMINDHEBIO,BIO,2057,756.8962
RE1,DEMINDHEBIO,BIO,2058,762.4884
RE1,DEMINDHEBIO,BIO,2059,768.1232
RE1,DEMINDHEBIO,BIO,2060,773.8009
RE1,DEMINDHEBIO,BIO,2061,779.5219
RE1,DEMINDHEBIO,BIO,2062,785.2864
RE1,DEMINDHEBIO,BIO,2063,791.0947
RE1,DEMINDHEBIO,BIO,2064,796.9472
RE1,DEMINDHEBIO,BIO,2065,802.8444
RE1,DEMINDHEBIO,BIO,2066,808.7866
RE1,DEMINDHEBIO,BIO,2067,814.7739
RE1,DEMINDHEBIO,BIO,2068,820.807
RE1,DEMINDHEBIO,BIO,2069,826.8859
RE1,DEMINDHEBIO,BIO,2070,833.0112
RE1,DEMINDHECOA,COA,2015,790.0347
RE1,DEMINDHECOA,COA,2016,708.5035
RE1,DEMINDHECOA,COA,2017,720.773
RE1,DEMINDHECOA,COA,2018,741.2003
RE1,DEMINDHECOA,COA,2019,757.8371
RE1,DEMINDHECOA,COA,2020,774.4487
RE1,DEMINDHECOA,COA,2021,785.975
RE1,DEMINDHECOA,COA,2022,797.4842
RE1,DEMINDHECOA,COA,2023,808.9771
RE1,DEMINDHECOA,COA,2024,820.4548
RE1,DEMINDHECOA,COA,2025,831.918
RE1,DEMINDHECOA,COA,2026,844.5738
RE1,DEMINDHECOA,COA,2027,857.2136
RE1,DEMINDHECOA,COA,2028,869.8382
RE1,DEMINDHECOA,COA,2029,882.4485
RE1,DEMINDHECOA,COA,2030,895.0453
RE1,DEMINDHECOA,COA,2031,906.4024
RE1,DEMINDHECOA,COA,2032,917.7378
RE1,DEMINDHECOA,COA,2033,929.0522
RE1,DEMINDHECOA,COA,2034,940.3471
RE1,DEMINDHECOA,COA,2035,951.6236
RE1,DEMINDHECOA,COA,2036,961.5236
RE1,DEMINDHECOA,COA,2037,971.4131
RE1,DEMINDHECOA,COA,2038,981.2923
RE1,DEMINDHECOA,COA,2039,991.1618
RE1,DEMINDHECOA,COA,2040,1001.022
RE1,DEMINDHECOA,COA,2041,1011.2955
RE1,DEMINDHECOA,COA,2042,1021.5622
RE1,DEMINDHECOA,COA,2043,1031.8221
RE1,DEMINDHECOA,COA,2044,1042.0757
RE1,DEMINDHECOA,COA,2045,1052.3228
RE1,DEMINDHECOA,COA,2046,1060.201
RE1,DEMINDHECOA,COA,2047,1068.0763
RE1,DEMINDHECOA,COA,2048,1075.949
RE1,DEMINDHECOA,COA,2049,1083.8189
RE1,DEMINDHECOA,COA,2050,1091.6863
RE1,DEMINDHECOA,COA,2051,1099.7394
RE1,DEMINDHECOA,COA,2052,1107.8538
RE1,DEMINDHECOA,COA,2053,1116.0299
RE1,DEMINDHECOA,COA,2054,1124.2682
RE1,DEMINDHECOA,COA,2055,1132.5691
RE1,DEMINDHECOA,COA,2056,1140.9332
RE1,DEMINDHECOA,COA,2057,1149.361
RE1,DEMINDHECOA,COA,2058,1157.853
RE1,DEMINDHECOA,COA,2059,1166.4095
RE1,DEMINDHECOA,COA,2060,1175.0311
RE1,DEMINDHECOA,COA,2061,1183.7184
RE1,DEMINDHECOA,COA,2062,1192.4719
RE1,DEMINDHECOA,COA,2063,1201.292
RE1,DEMINDHECOA,COA,2064,1210.1793
RE1,DEMINDHECOA,COA,2065,1219.1342
RE1,DEMINDHECOA,COA,2066,1228.1574
RE1,DEMINDHECOA,COA,2067,1237.2494
RE1,DEMINDHECOA,COA,2068,1246.4106
RE1,DEMINDHECOA,COA,2069,1255.6416
RE1,DEMINDHECOA,COA,2070,1226.0173
RE1,DEMINDHEEH,ELC003,2070,31.5299
RE1,DEMRESCKNBIO,BIO,2015,242.4683
RE1,DEMRESCKNBIO,BIO,2016,230.4988
RE1,DEMRESCKNBIO,BIO,2017,233.8927
RE1,DEMRESCKNBIO,BIO,2018,242.2782
RE1,DEMRESCKNBIO,BIO,2019,248.3442
RE1,DEMRESCKNBIO,BIO,2020,254.3949
RE1,DEMRESCKNBIO,BIO,2021,258.8946
RE1,DEMRESCKNBIO,BIO,2022,263.3837
RE1,DEMRESCKNBIO,BIO,2023,267.8629
RE1,DEMRESCKNBIO,BIO,2024,272.3327
RE1,DEMRESCKNBIO,BIO,2025,276.7936
RE1,DEMRESCKNBIO,BIO,2026,281.6827
RE1,DEMRESCKNBIO,BIO,2027,286.5615
RE1,DEMRESCKNBIO,BIO,2028,291.4313
RE1,DEMRESCKNBIO,BIO,2029,296.2924
RE1,DEMRESCKNBIO,BIO,2030,301.1452
RE1,DEMRESCKNBIO,BIO,2031,305.5894
RE1,DEMRESCKNBIO,BIO,2032,310.0203
RE1,DEMRESCKNBIO,BIO,2033,314.4383
RE1,DEMRESCKNBIO,BIO,2034,318.8445
RE1,DEMRESCKNBIO,BIO,2035,323.2394
RE1,DEMRESCKNBIO,BIO,2036,327.064
RE1,DEMRESCKNBIO,BIO,2037,330.8821
RE1,DEMRESCKNBIO,BIO,2038,334.694
RE1,DEMRESCKNBIO,BIO,2039,338.5002
RE1,DEMRESCKNBIO,BIO,2040,342.3
RE1,DEMRESCKNBIO,BIO,2041,346.0942
RE1,DEMRESCKNBIO,BIO,2042,349.8844
RE1,DEMRESCKNBIO,BIO,2043,353.67
RE1,DEMRESCKNBIO,BIO,2044,357.4522
RE1,DEMRESCKNBIO,BIO,2045,361.2301
RE1,DEMRESCKNBIO,BIO,2046,364.0929
RE1,DEMRESCKNBIO,BIO,2047,366.9544
RE1,DEMRESCKNBIO,BIO,2048,369.8138
RE1,DEMRESCKNBIO,BIO,2049,372.672
RE1,DEMRESCKNBIO,BIO,2050,375.5281
RE1,DEMRESCKNBIO,BIO,2051,378.4552
RE1,DEMRESCKNBIO,BIO,2052,381.4049
RE1,DEMRESCKNBIO,BIO,2053,384.3773
RE1,DEMRESCKNBIO,BIO,2054,387.3733
RE1,DEMRESCKNBIO,BIO,2055,390.3926
RE1,DEMRESCKNBIO,BIO,2056,393.4352
RE1,DEMRESCKNBIO,BIO,2057,396.5014
RE1,DEMRESCKNBIO,BIO,2058,399.592
RE1,DEMRESCKNBIO,BIO,2059,402.7062
RE1,DEMRESCKNBIO,BIO,2060,405.8451
RE1,DEMRESCKNBIO,BIO,2061,409.0083
RE1,DEMRESCKNBIO,BIO,2062,412.1961
RE1,DEMRESCKNBIO,BIO,2063,415.4085
RE1,DEMRESCKNBIO,BIO,2064,418.6463
RE1,DEMRESCKNBIO,BIO,2065,421.9093
RE1,DEMRESCKNBIO,BIO,2066,425.1977
RE1,DEMRESCKNBIO,BIO,2067,428.5114
RE1,DEMRESCKNBIO,BIO,2068,431.8514
RE1,DEMRESCKNBIO,BIO,2069,435.2174
RE1,DEMRESCKNBIO,BIO,2070,251.9818
RE1,DEMRESCKNELC,ELC003,2015,7.3604
RE1,DEMRESCKNELC,ELC003,2016,6.9971
RE1,DEMRESCKNELC,ELC003,2017,7.1001
RE1,DEMRESCKNELC,ELC003,2018,7.3546
RE1,DEMRESCKNELC,ELC003,2019,6.9869
RE1,DEMRESCKNELC,ELC003,2020,6.6192
RE1,DEMRESCKNELC,ELC003,2021,6.2515
RE1,DEMRESCKNELC,ELC003,2022,5.8837
RE1,DEMRESCKNELC,ELC003,2023,5.516
RE1,DEMRESCKNELC,ELC003,2024,146.8411
RE1,DEMRESCKNELC,ELC003,2025,149.2465
RE1,DEMRESCKNELC,ELC003,2026,151.8826
RE1,DEMRESCKNELC,ELC003,2027,154.5134
RE1,DEMRESCKNELC,ELC003,2028,157.1392
RE1,DEMRESCKNELC,ELC003,2029,159.7602
RE1,DEMRESCKNELC,ELC003,2030,162.3768
RE1,DEMRESCKNELC,ELC003,2031,164.7731
RE1,DEMRESCKNELC,ELC003,2032,167.1622
RE1,DEMRESCKNELC,ELC003,2033,169.5445
RE1,DEMRESCKNELC,ELC003,2034,171.9202
RE1,DEMRESCKNELC,ELC003,2035,174.2899
RE1,DEMRESCKNELC,ELC003,2036,176.3522
RE1,DEMRESCKNELC,ELC003,2037,178.4109
RE1,DEMRESCKNELC,ELC003,2038,180.4663
RE1,DEMRESCKNELC,ELC003,2039,182.5184
RE1,DEMRESCKNELC,ELC003,2040,184.5675
RE1,DEMRESCKNELC,ELC003,2041,186.6133
RE1,DEMRESCKNELC,ELC003,2042,188.6568
RE1,DEMRESCKNELC,ELC003,2043,190.6981
RE1,DEMRESCKNELC,ELC003,2044,192.7373
RE1,DEMRESCKNELC,ELC003,2045,194.7744
RE1,DEMRESCKNELC,ELC003,2046,196.3181
RE1,DEMRESCKNELC,ELC003,2047,197.8609
RE1,DEMRESCKNELC,ELC003,2048,199.4028
RE1,DEMRESCKNELC,ELC003,2049,200.9438
RE1,DEMRESCKNELC,ELC003,2050,202.484
RE1,DEMRESCKNELC,ELC003,2051,204.0621
RE1,DEMRESCKNELC,ELC003,2052,205.6526
RE1,DEMRESCKNELC,ELC003,2053,207.2554
RE1,DEMRESCKNELC,ELC003,2054,208.8708
RE1,DEMRESCKNELC,ELC003,2055,210.4987
RE1,DEMRESCKNELC,ELC003,2056,212.1393
RE1,DEMRESCKNELC,ELC003,2057,213.7927
RE1,DEMRESCKNELC,ELC003,2058,215.459
RE1,DEMRESCKNELC,ELC003,2059,217.1383
RE1,DEMRESCKNELC,ELC003,2060,218.8307
RE1,DEMRESCKNELC,ELC003,2061,220.5363
RE1,DEMRESCKNELC,ELC003,2062,222.2551
RE1,DEMRESCKNELC,ELC003,2063,223.9874
RE1,DEMRESCKNELC,ELC003,2064,225.7331
RE1,DEMRESCKNELC,ELC003,2065,227.4925
RE1,DEMRESCKNELC,ELC003,2066,229.2656
RE1,DEMRESCKNELC,ELC003,2067,231.0525
RE1,DEMRESCKNELC,ELC003,2068,232.8533
RE1,DEMRESCKNELC,ELC003,2069,234.6681
RE1,DEMRESCKNELC,ELC003,2070,295.3436
RE1,DEMRESCKNOIL,LFO,2015,235.0056
RE1,DEMRESCKNOIL,LFO,2016,223.4046
RE1,DEMRESCKNOIL,LFO,2017,226.6938
RE1,DEMRESCKNOIL,LFO,2018,234.8212
RE1,DEMRESCKNOIL,LFO,2019,241.7519
RE1,DEMRESCKNOIL,LFO,2020,248.6667
RE1,DEMRESCKNOIL,LFO,2021,253.9884
RE1,DEMRESCKNOIL,LFO,2022,259.2993
RE1,DEMRESCKNOIL,LFO,2023,264.6001
RE1,DEMRESELC,ELC003,2015,163.7593
RE1,DEMRESELC,ELC003,2016,173.2287
RE1,DEMRESELC,ELC003,2017,181.3445
RE1,DEMRESELC,ELC003,2018,189.4604
RE1,DEMRESELC,ELC003,2019,197.5763
RE1,DEMRESELC,ELC003,2020,205.6922
RE1,DEMRESELC,ELC003,2021,211.9215
RE1,DEMRESELC,ELC003,2022,218.1507
RE1,DEMRESELC,ELC003,2023,224.38
RE1,DEMRESELC,ELC003,2024,5.6245
RE1,DEMRESELC,ELC003,2025,7.6175
RE1,DEMRESELC,ELC003,2026,5.9406
RE1,DEMRESELC,ELC003,2027,6.1048
RE1,DEMRESELC,ELC003,2028,8.267
RE1,DEMRESELC,ELC003,2029,8.4835
RE1,DEMRESELC,ELC003,2030,8.7
RE1,DEMRESELC,ELC003,2031,8.9475
RE1,DEMRESELC,ELC003,2032,9.1949
RE1,DEMRESELC,ELC003,2033,9.4424
RE1,DEMRESELC,ELC003,2034,16.4929
RE1,DEMRESELC,ELC003,2035,16.9141
RE1,DEMRESELC,ELC003,2036,17.2532
RE1,DEMRESELC,ELC003,2037,17.5923
RE1,DEMRESELC,ELC003,2038,17.9314
RE1,DEMRESELC,ELC003,2039,18.2704
RE1,DEMRESELC,ELC003,2040,25.8806
RE1,DEMRESELC,ELC003,2041,18.9416
RE1,DEMRESELC,ELC003,2042,19.2736
RE1,DEMRESELC,ELC003,2043,19.6057
RE1,DEMRESELC,ELC003,2044,19.9377
RE1,DEMRESELC,ELC003,2045,20.2698
RE1,DEMRESELC,ELC003,2046,20.501
RE1,DEMRESELC,ELC003,2047,20.7322
RE1,DEMRESELC,ELC003,2048,20.9634
RE1,DEMRESELC,ELC003,2049,21.1946
RE1,DEMRESELC,ELC003,2050,12.588
RE1,DEMRESELC,ELC003,2051,21.6648
RE1,DEMRESELC,ELC003,2052,21.9065
RE1,DEMRESELC,ELC003,2053,22.1508
RE1,DEMRESELC,ELC003,2054,22.3979
RE1,DEMRESELC,ELC003,2055,22.6478
RE1,DEMRESELC,ELC003,2056,22.9004
RE1,DEMRESELC,ELC003,2057,23.1559
RE1,DEMRESELC,ELC003,2058,23.4142
RE1,DEMRESELC,ELC003,2059,37.344
RE1,DEMRESELC,ELC003,2060,10.6655
RE1,DEMRESELC,ELC003,2061,24.2065
RE1,DEMRESELC,ELC003,2062,24.4765
RE1,DEMRESELC,ELC003,2063,24.7495
RE1,DEMRESELC,ELC003,2064,25.0256
RE1,DEMRESELC,ELC003,2065,25.3048
RE1,DEMRESELC,ELC003,2066,25.587
RE1,DEMRESELC,ELC003,2067,25.8725
RE1,DEMRESELC,ELC003,2068,26.1611
RE1,DEMRESELC,ELC003,2069,26.4529
RE1,DEMRESELC,ELC003,2070,88.4333
RE1,DEMRESHEBIO,BIO,2015,103.1321
RE1,DEMRESHEBIO,BIO,2016,98.041
RE1,DEMRESHEBIO,BIO,2017,99.4845
RE1,DEMRESHEBIO,BIO,2018,103.0512
RE1,DEMRESHEBIO,BIO,2019,105.6313
RE1,DEMRESHEBIO,BIO,2020,108.205
RE1,DEMRESHEBIO,BIO,2021,110.1189
RE1,DEMRESHEBIO,BIO,2022,112.0283
RE1,DEMRESHEBIO,BIO,2023,113.9334
RE1,DEMRESHEBIO,BIO,2024,115.8346
RE1,DEMRESHEBIO,BIO,2025,117.7321
RE1,DEMRESHEBIO,BIO,2026,119.8116
RE1,DEMRESHEBIO,BIO,2027,121.8868
RE1,DEMRESHEBIO,BIO,2028,123.9582
RE1,DEMRESHEBIO,BIO,2029,126.0257
RE1,DEMRESHEBIO,BIO,2030,128.0899
RE1,DEMRESHEBIO,BIO,2031,129.9801
RE1,DEMRESHEBIO,BIO,2032,131.8648
RE1,DEMRESHEBIO,BIO,2033,133.744
RE1,DEMRESHEBIO,BIO,2034,135.6182
RE1,DEMRESHEBIO,BIO,2035,137.4874
RE1,DEMRESHEBIO,BIO,2036,139.1142
RE1,DEMRESHEBIO,BIO,2037,140.7382
RE1,DEMRESHEBIO,BIO,2038,142.3596
RE1,DEMRESHEBIO,BIO,2039,143.9784
RE1,DEMRESHEBIO,BIO,2040,145.5949
RE1,DEMRESHEBIO,BIO,2041,147.2087
RE1,DEMRESHEBIO,BIO,2042,148.8207
RE1,DEMRESHEBIO,BIO,2043,150.431
RE1,DEMRESHEBIO,BIO,2044,152.0395
RE1,DEMRESHEBIO,BIO,2045,153.6465
RE1,DEMRESHEBIO,BIO,2046,154.8643
RE1,DEMRESHEBIO,BIO,2047,156.0812
RE1,DEMRESHEBIO,BIO,2048,157.2976
RE1,DEMRESHEBIO,BIO,2049,158.5132
RE1,DEMRESHEBIO,BIO,2050,159.7282
RE1,DEMRESHEBIO,BIO,2051,160.9731
RE1,DEMRESHEBIO,BIO,2052,162.2277
RE1,DEMRESHEBIO,BIO,2053,163.4921
RE1,DEMRESHEBIO,BIO,2054,164.7663
RE1,DEMRESHEBIO,BIO,2055,166.0505
RE1,DEMRESHEBIO,BIO,2056,167.3446
RE1,DEMRESHEBIO,BIO,2057,168.6489
RE1,DEMRESHEBIO,BIO,2058,169.9634
RE1,DEMRESHEBIO,BIO,2059,171.2881
RE1,DEMRESHEBIO,BIO,2060,172.6232
RE1,DEMRESHEBIO,BIO,2061,173.9685
RE1,DEMRESHEBIO,BIO,2062,175.3244
RE1,DEMRESHEBIO,BIO,2063,176.691
RE1,DEMRESHEBIO,BIO,2064,178.0681
RE1,DEMRESHEBIO,BIO,2065,179.4559
RE1,DEMRESHEBIO,BIO,2066,180.8546
RE1,DEMRESHEBIO,BIO,2067,182.2642
RE1,DEMRESHEBIO,BIO,2068,183.6848
RE1,DEMRESHEBIO,BIO,2069,185.1163
RE1,DEMRESHEBIO,BIO,2070,186.5592
RE1,DEMTRABUSELC,ELCEV,2050,784.2379
RE1,DEMTRABUSELC,ELCEV,2051,790.2102
RE1,DEMTRABUSELC,ELCEV,2052,796.2287
RE1,DEMTRABUSELC,ELCEV,2053,802.2937
RE1,DEMTRABUSELC,ELCEV,2054,808.4057
RE1,DEMTRABUSELC,ELCEV,2055,814.5649
RE1,DEMTRABUSELC,ELCEV,2056,820.7718
RE1,DEMTRABUSELC,ELCEV,2057,827.0266
RE1,DEMTRABUSELC,ELCEV,2058,833.33
RE1,DEMTRABUSELC,ELCEV,2059,839.6821
RE1,DEMTRABUSELC,ELCEV,2060,846.0832
RE1,DEMTRABUSELC,ELCEV,2061,852.534
RE1,DEMTRABUSELC,ELCEV,2062,859.0347
RE1,DEMTRABUSELC,ELCEV,2063,865.5857
RE1,DEMTRABUSELC,ELCEV,2064,872.1874
RE1,DEMTRABUSELC,ELCEV,2065,878.8402
RE1,DEMTRABUSELC,ELCEV,2066,885.5446
RE1,DEMTRABUSELC,ELCEV,2067,892.3007
RE1,DEMTRABUSELC,ELCEV,2068,899.1092
RE1,DEMTRABUSELC,ELCEV,2069,905.9705
RE1,DEMTRABUSELC,ELCEV,2070,912.8849
RE1,DEMTRABUSGSL,LFO,2015,1699.2141
RE1,DEMTRABUSGSL,LFO,2016,1764.3436
RE1,DEMTRABUSGSL,LFO,2017,1804.9055
RE1,DEMTRABUSGSL,LFO,2018,1848.6493
RE1,DEMTRABUSGSL,LFO,2019,1890.9145
RE1,DEMTRABUSGSL,LFO,2020,1933.1701
RE1,DEMTRABUSGSL,LFO,2021,1966.9274
RE1,DEMTRABUSGSL,LFO,2022,2000.6778
RE1,DEMTRABUSGSL,LFO,2023,2034.422
RE1,DEMTRABUSGSL,LFO,2024,2068.1603
RE1,DEMTRABUSGSL,LFO,2025,2101.8929
RE1,DEMTRABUSGSL,LFO,2026,2139.4642
RE1,DEMTRABUSGSL,LFO,2027,2177.0291
RE1,DEMTRABUSGSL,LFO,2028,2214.5882
RE1,DEMTRABUSGSL,LFO,2029,2252.1417
RE1,DEMTRABUSGSL,LFO,2030,2289.6898
RE1,DEMTRABUSGSL,LFO,2031,2320.7602
RE1,DEMTRABUSGSL,LFO,2032,2351.8221
RE1,DEMTRABUSGSL,LFO,2033,2382.8759
RE1,DEMTRABUSGSL,LFO,2034,2413.9221
RE1,DEMTRABUSGSL,LFO,2035,2444.9609
RE1,DEMTRABUSGSL,LFO,2036,2473.2572
RE1,DEMTRABUSGSL,LFO,2037,2501.5493
RE1,DEMTRABUSGSL,LFO,2038,2529.8372
RE1,DEMTRABUSGSL,LFO,2039,2558.1215
RE1,DEMTRABUSGSL,LFO,2040,2586.4021
RE1,DEMTRABUSGSL,LFO,2041,2613.3122
RE1,DEMTRABUSGSL,LFO,2042,2640.2194
RE1,DEMTRABUSGSL,LFO,2043,2667.1243
RE1,DEMTRABUSGSL,LFO,2044,2694.0264
RE1,DEMTRABUSGSL,LFO,2045,2720.9262
RE1,DEMTRABUSGSL,LFO,2046,2741.9596
RE1,DEMTRABUSGSL,LFO,2047,2762.9919
RE1,DEMTRABUSGSL,LFO,2048,2784.0231
RE1,DEMTRABUSGSL,LFO,2049,2805.0533
RE1,DEMTRACARELC,ELCEV,2050,911.4117
RE1,DEMTRACARELC,ELCEV,2051,918.3524
RE1,DEMTRACARELC,ELCEV,2052,925.3469
RE1,DEMTRACARELC,ELCEV,2053,932.3954
RE1,DEMTRACARELC,ELCEV,2054,939.4985
RE1,DEMTRACARELC,ELCEV,2055,946.6565
RE1,DEMTRACARELC,ELCEV,2056,953.8699
RE1,DEMTRACARELC,ELCEV,2057,961.1391
RE1,DEMTRACARELC,ELCEV,2058,968.4645
RE1,DEMTRACARELC,ELCEV,2059,975.8467
RE1,DEMTRACARELC,ELCEV,2060,983.2859
RE1,DEMTRACARELC,ELCEV,2061,990.7828
RE1,DEMTRACARELC,ELCEV,2062,998.3376
RE1,DEMTRACARELC,ELCEV,2063,1005.951
RE1,DEMTRACARELC,ELCEV,2064,1013.6232
RE1,DEMTRACARELC,ELCEV,2065,1021.3549
RE1,DEMTRACARELC,ELCEV,2066,1029.1464
RE1,DEMTRACARELC,ELCEV,2067,1036.9982
RE1,DEMTRACARELC,ELCEV,2068,1044.9108
RE1,DEMTRACARELC,ELCEV,2069,1052.8847
RE1,DEMTRACARELC,ELCEV,2070,1060.9203
RE1,DEMTRACARGSL,LFO,2015,2468.4525
RE1,DEMTRACARGSL,LFO,2016,2563.0667
RE1,DEMTRACARGSL,LFO,2017,2621.9908
RE1,DEMTRACARGSL,LFO,2018,2685.5378
RE1,DEMTRACARGSL,LFO,2019,2746.9366
RE1,DEMTRACARGSL,LFO,2020,2808.3213
RE1,DEMTRACARGSL,LFO,2021,2857.3605
RE1,DEMTRACARGSL,LFO,2022,2906.3901
RE1,DEMTRACARGSL,LFO,2023,2955.4102
RE1,DEMTRACARGSL,LFO,2024,3004.4219
RE1,DEMTRACARGSL,LFO,2025,3053.4253
RE1,DEMTRACARGSL,LFO,2026,3108.0051
RE1,DEMTRACARGSL,LFO,2027,3162.576
RE1,DEMTRACARGSL,LFO,2028,3217.1381
RE1,DEMTRACARGSL,LFO,2029,3271.6921
RE1,DEMTRACARGSL,LFO,2030,3326.2386
RE1,DEMTRACARGSL,LFO,2031,3371.3746
RE1,DEMTRACARGSL,LFO,2032,3416.4985
RE1,DEMTRACARGSL,LFO,2033,3461.6102
RE1,DEMTRACARGSL,LFO,2034,3506.711
RE1,DEMTRACARGSL,LFO,2035,3551.8015
RE1,DEMTRACARGSL,LFO,2036,3592.9073
RE1,DEMTRACARGSL,LFO,2037,3634.0073
RE1,DEMTRACARGSL,LFO,2038,3675.1015
RE1,DEMTRACARGSL,LFO,2039,3716.19
RE1,DEMTRACARGSL,LFO,2040,3757.2734
RE1,DEMTRACARGSL,LFO,2041,3796.3658
RE1,DEMTRACARGSL,LFO,2042,3835.454
RE1,DEMTRACARGSL,LFO,2043,3874.5387
RE1,DEMTRACARGSL,LFO,2044,3913.6195
RE1,DEMTRACARGSL,LFO,2045,3952.6968
RE1,DEMTRACARGSL,LFO,2046,3983.2523
RE1,DEMTRACARGSL,LFO,2047,4013.806
RE1,DEMTRACARGSL,LFO,2048,4044.3582
RE1,DEMTRACARGSL,LFO,2049,4074.9086
RE1,DEMTRAEVC,ELC003,2024,344.3487
RE1,DEMTRAEVC,ELC003,2025,349.9651
RE1,DEMTRAEVC,ELC003,2026,356.2208
RE1,DEMTRAEVC,ELC003,2027,362.4754
RE1,DEMTRAEVC,ELC003,2028,368.7289
RE1,DEMTRAEVC,ELC003,2029,374.9815
RE1,DEMTRAEVC,ELC003,2030,381.2334
RE1,DEMTRAEVC,ELC003,2031,386.4066
RE1,DEMTRAEVC,ELC003,2032,391.5784
RE1,DEMTRAEVC,ELC003,2033,396.7488
RE1,DEMTRAEVC,ELC003,2034,401.918
RE1,DEMTRAEVC,ELC003,2035,407.086
RE1,DEMTRAEVC,ELC003,2036,411.7973
RE1,DEMTRAEVC,ELC003,2037,416.5079
RE1,DEMTRAEVC,ELC003,2038,421.2179
RE1,DEMTRAEVC,ELC003,2039,425.9273
RE1,DEMTRAEVC,ELC003,2040,430.636
RE1,DEMTRAEVC,ELC003,2041,435.1165
RE1,DEMTRAEVC,ELC003,2042,439.5966
RE1,DEMTRAEVC,ELC003,2043,444.0762
RE1,DEMTRAEVC,ELC003,2044,448.5554
RE1,DEMTRAEVC,ELC003,2045,453.0342
RE1,DEMTRAEVC,ELC003,2046,456.5363
RE1,DEMTRAEVC,ELC003,2047,460.0381
RE1,DEMTRAEVC,ELC003,2048,463.5399
RE1,DEMTRAEVC,ELC003,2049,467.0414
RE1,DEMTRAEVC,ELC003,2050,2352.7138
RE1,DEMTRAEVC,ELC003,2051,2370.6307
RE1,DEMTRAEVC,ELC003,2052,2388.6861
RE1,DEMTRAEVC,ELC003,2053,2406.8811
RE1,DEMTRAEVC,ELC003,2054,2425.217
RE1,DEMTRAEVC,ELC003,2055,2443.6947
RE1,DEMTRAEVC,ELC003,2056,2462.3153
RE1,DEMTRAEVC,ELC003,2057,2481.08
RE1,DEMTRAEVC,ELC003,2058,2499.9899
RE1,DEMTRAEVC,ELC003,2059,2519.0461
RE1,DEMTRAEVC,ELC003,2060,2538.2497
RE1,DEMTRAEVC,ELC003,2061,2557.6021
RE1,DEMTRAEVC,ELC003,2062,2577.1041
RE1,DEMTRAEVC,ELC003,2063,2596.7572
RE1,DEMTRAEVC,ELC003,2064,2616.5623
RE1,DEMTRAEVC,ELC003,2065,2636.5207
RE1,DEMTRAEVC,ELC003,2066,2656.6337
RE1,DEMTRAEVC,ELC003,2067,2676.9023
RE1,DEMTRAEVC,ELC003,2068,2697.3279
RE1,DEMTRAEVC,ELC003,2069,2717.9116
RE1,DEMTRAEVC,ELC003,2070,2738.6547
RE1,DEMTRAMCYELC,ELCEV,2024,310.224
RE1,DEMTRAMCYELC,ELCEV,2025,315.284
RE1,DEMTRAMCYELC,ELCEV,2026,320.9197
RE1,DEMTRAMCYELC,ELCEV,2027,326.5544
RE1,DEMTRAMCYELC,ELCEV,2028,332.1882
RE1,DEMTRAMCYELC,ELCEV,2029,337.8212
RE1,DEMTRAMCYELC,ELCEV,2030,343.4534
RE1,DEMTRAMCYELC,ELCEV,2031,348.1141
RE1,DEMTRAMCYELC,ELCEV,2032,352.7733
RE1,DEMTRAMCYELC,ELCEV,2033,357.4314
RE1,DEMTRAMCYELC,ELCEV,2034,362.0883
RE1,DEMTRAMCYELC,ELCEV,2035,366.7441
RE1,DEMTRAMCYELC,ELCEV,2036,370.9885
RE1,DEMTRAMCYELC,ELCEV,2037,375.2324
RE1,DEMTRAMCYELC,ELCEV,2038,379.4756
RE1,DEMTRAMCYELC,ELCEV,2039,383.7182
RE1,DEMTRAMCYELC,ELCEV,2040,387.9603
RE1,DEMTRAMCYELC,ELCEV,2041,391.9968
RE1,DEMTRAMCYELC,ELCEV,2042,396.033
RE1,DEMTRAMCYELC,ELCEV,2043,400.0686
RE1,DEMTRAMCYELC,ELCEV,2044,404.104
RE1,DEMTRAMCYELC,ELCEV,2045,408.1389
RE1,DEMTRAMCYELC,ELCEV,2046,411.294
RE1,DEMTRAMCYELC,ELCEV,2047,414.4488
RE1,DEMTRAMCYELC,ELCEV,2048,417.6035
RE1,DEMTRAMCYELC,ELCEV,2049,420.758
RE1,DEMTRAMCYELC,ELCEV,2050,423.9124
RE1,DEMTRAMCYELC,ELCEV,2051,427.1407
RE1,DEMTRAMCYELC,ELCEV,2052,430.3939
RE1,DEMTRAMCYELC,ELCEV,2053,433.6723
RE1,DEMTRAMCYELC,ELCEV,2054,436.9761
RE1,DEMTRAMCYELC,ELCEV,2055,440.3053
RE1,DEMTRAMCYELC,ELCEV,2056,443.6604
RE1,DEMTRAMCYELC,ELCEV,2057,447.0414
RE1,DEMTRAMCYELC,ELCEV,2058,450.4486
RE1,DEMTRAMCYELC,ELCEV,2059,453.8822
RE1,DEMTRAMCYELC,ELCEV,2060,457.3423
RE1,DEMTRAMCYELC,ELCEV,2061,460.8292
RE1,DEMTRAMCYELC,ELCEV,2062,464.3431
RE1,DEMTRAMCYELC,ELCEV,2063,467.8842
RE1,DEMTRAMCYELC,ELCEV,2064,471.4527
RE1,DEMTRAMCYELC,ELCEV,2065,475.0488
RE1,DEMTRAMCYELC,ELCEV,2066,478.6727
RE1,DEMTRAMCYELC,ELCEV,2067,482.3248
RE1,DEMTRAMCYELC,ELCEV,2068,486.005
RE1,DEMTRAMCYELC,ELCEV,2069,489.7138
RE1,DEMTRAMCYELC,ELCEV,2070,493.4513
RE1,DEMTRAMCYGSL,LFO,2015,1148.1175
RE1,DEMTRAMCYGSL,LFO,2016,1192.124
RE1,DEMTRAMCYGSL,LFO,2017,1219.5305
RE1,DEMTRAMCYGSL,LFO,2018,1249.087
RE1,DEMTRAMCYGSL,LFO,2019,1277.645
RE1,DEMTRAMCYGSL,LFO,2020,1306.196
RE1,DEMTRAMCYGSL,LFO,2021,1329.005
RE1,DEMTRAMCYGSL,LFO,2022,1351.809
RE1,DEMTRAMCYGSL,LFO,2023,1374.6095
RE1,INDENEFFDP,ELC003,2024,346.6833
RE1,INDENEFFDP,ELC003,2025,353.211
RE1,INDENEFFDP,ELC003,2026,366.1673
RE1,INDENEFFDP,ELC003,2027,376.2866
RE1,INDENEFFDP,ELC003,2028,383.3272
RE1,INDENEFFDP,ELC003,2029,393.3659
RE1,INDENEFFDP,ELC003,2030,403.4046
RE1,INDENEFFDP,ELC003,2031,414.8787
RE1,INDENEFFDP,ELC003,2032,426.3529
RE1,INDENEFFDP,ELC003,2033,437.827
RE1,INDENEFFDP,ELC003,2034,438.8181
RE1,INDENEFFDP,ELC003,2035,450.0246
RE1,INDENEFFDP,ELC003,2036,459.0465
RE1,INDENEFFDP,ELC003,2037,468.0684
RE1,INDENEFFDP,ELC003,2038,477.0904
RE1,INDENEFFDP,ELC003,2039,486.1123
RE1,INDENEFFDP,ELC003,2040,483.9302
RE1,INDENEFFDP,ELC003,2041,503.9689
RE1,INDENEFFDP,ELC003,2042,512.8035
RE1,INDENEFFDP,ELC003,2043,521.6381
RE1,INDENEFFDP,ELC003,2044,530.4727
RE1,INDENEFFDP,ELC003,2045,539.3073
RE1,INDENEFFDP,ELC003,2046,545.459
RE1,INDENEFFDP,ELC003,2047,551.6106
RE1,INDENEFFDP,ELC003,2048,557.7622
RE1,INDENEFFDP,ELC003,2049,563.9138
RE1,INDENEFFDP,ELC003,2050,583.6838
RE1,INDENEFFDP,ELC003,2051,576.4244
RE1,INDENEFFDP,ELC003,2052,582.8543
RE1,INDENEFFDP,ELC003,2053,589.356
RE1,INDENEFFDP,ELC003,2054,595.9301
RE1,INDENEFFDP,ELC003,2055,602.5776
RE1,INDENEFFDP,ELC003,2056,609.2993
RE1,INDENEFFDP,ELC003,2057,616.0959
RE1,INDENEFFDP,ELC003,2058,622.9684
RE1,INDENEFFDP,ELC003,2059,608.8553
RE1,INDENEFFDP,ELC003,2060,657.3982
RE1,INDENEFFDP,ELC003,2061,644.0491
RE1,INDENEFFDP,ELC003,2062,651.2334
RE1,INDENEFFDP,ELC003,2063,658.4978
RE1,INDENEFFDP,ELC003,2064,665.8432
RE1,INDENEFFDP,ELC003,2065,673.2706
RE1,INDENEFFDP,ELC003,2066,680.7809
RE1,INDENEFFDP,ELC003,2067,688.3749
RE1,INDENEFFDP,ELC003,2068,696.0536
RE1,INDENEFFDP,ELC003,2069,703.8179
RE1,INDENEFFDP,ELC003,2070,616.6168
RE1,PWRBIO001,BIO,2015,171.9092
RE1,PWRBIO001,BIO,2016,196.5007
RE1,PWRBIO001,BIO,2017,221.0344
RE1,PWRBIO001,BIO,2018,233.2147
RE1,PWRBIO001,BIO,2019,233.2147
RE1,PWRBIO001,BIO,2020,245.6257
RE1,PWRBIO001,BIO,2021,257.9215
RE1,PWRBIO001,BIO,2022,257.9215
RE1,PWRBIO001,BIO,2023,257.9215
RE1,PWRBIO001,BIO,2024,257.9215
RE1,PWRBIO001,BIO,2025,257.9215
RE1,PWRBIO001,BIO,2026,257.9215
RE1,PWRBIO001,BIO,2027,257.9215
RE1,PWRBIO001,BIO,2028,257.9215
RE1,PWRBIO001,BIO,2029,257.9215
RE1,PWRBIO001,BIO,2030,257.9215
RE1,PWRBIO001,BIO,2031,86.0123
RE1,PWRBIO001,BIO,2032,86.0123
RE1,PWRBIO001,BIO,2033,86.0123
RE1,PWRBIO001,BIO,2034,86.0123
RE1,PWRBIO001,BIO,2035,86.0123
RE1,PWRBIO001,BIO,2036,86.0123
RE1,PWRBIO001,BIO,2037,86.0123
RE1,PWRBIO001,BIO,2038,86.0123
RE1,PWRBIO001,BIO,2039,86.0123
RE1,PWRBIO001,BIO,2040,75.2608
RE1,PWRBIO001,BIO,2041,81.2589
RE1,PWRBIO001,BIO,2042,86.0123
RE1,PWRBIO001,BIO,2043,75.2608
RE1,PWRBIO001,BIO,2044,75.2608
RE1,PWRBIO001,BIO,2045,75.2608
RE1,PWRBIO001,BIO,2046,53.7432
RE1,PWRBIO001,BIO,2047,32.2762
RE1,PWRBIO001,BIO,2048,21.6186
RE1,PWRBIO001,BIO,2049,21.6186
RE1,PWRBIO001,BIO,2050,10.7588
RE1,PWRCOA001,COA,2015,411.8408
RE1,PWRCOA001,COA,2016,411.8408
RE1,PWRCOA001,COA,2017,411.8408
RE1,PWRCOA001,COA,2018,411.8408
RE1,PWRCOA001,COA,2019,505.0561
RE1,PWRCOA001,COA,2020,2161.2243
RE1,PWRCOA001,COA,2021,2230.1877
RE1,PWRCOA001,COA,2022,2316.8396
RE1,PWRCOA001,COA,2023,2403.4349
RE1,PWRCOA001,COA,2024,2805.4598
RE1,PWRCOA001,COA,2025,2617.5123
RE1,PWRCOA001,COA,2026,2617.5123
RE1,PWRCOA001,COA,2027,2617.5123
RE1,PWRCOA001,COA,2028,2617.5123
RE1,PWRCOA001,COA,2029,2591.826
RE1,PWRCOA001,COA,2030,2577.6268
RE1,PWRCOA001,COA,2031,2529.5102
RE1,PWRCOA001,COA,2032,2512.715
RE1,PWRCOA001,COA,2033,2494.6829
RE1,PWRCOA001,COA,2034,2465.948
RE1,PWRCOA001,COA,2035,2447.9506
RE1,PWRCOA001,COA,2036,2442.9174
RE1,PWRCOA001,COA,2037,2324.9471
RE1,PWRCOA001,COA,2038,2319.7953
RE1,PWRCOA001,COA,2039,2315.659
RE1,PWRCOA001,COA,2040,1018.8771
RE1,PWRCOA001,COA,2041,1076.9673
RE1,PWRCOA001,COA,2042,1137.7136
RE1,PWRCOA001,COA,2043,1091.7135
RE1,PWRCOA001,COA,2044,1171.8131
RE1,PWRCOA001,COA,2045,1220.7286
RE1,PWRCOA001,COA,2046,1251.9791
RE1,PWRCOA001,COA,2047,1289.2232
RE1,PWRCOA001,COA,2048,1314.6434
RE1,PWRCOA001,COA,2049,1332.68
RE1,PWRCOA001,COA,2050,2620.4614
RE1,PWRCOA001,COA,2051,2704.8005
RE1,PWRCOA001,COA,2052,2734.0072
RE1,PWRCOA001,COA,2053,2763.5063
RE1,PWRCOA001,COA,2054,2793.3009
RE1,PWRCOA001,COA,2055,2823.394
RE1,PWRCOA001,COA,2056,2853.7886
RE1,PWRCOA001,COA,2057,2884.4879
RE1,PWRCOA001,COA,2058,2915.4949
RE1,PWRCOA001,COA,2059,2962.7531
RE1,PWRCOA001,COA,2060,2965.7884
RE1,PWRCOA001,COA,2061,3010.3946
RE1,PWRCOA001,COA,2062,3042.6648
RE1,PWRCOA001,COA,2063,3075.2591
RE1,PWRCOA001,COA,2064,3108.1806
RE1,PWRCOA001,COA,2065,3200.6777
RE1,PWRCOA001,COA,2066,3292.2795
RE1,PWRCOA001,COA,2067,3381.5403
RE1,PWRCOA001,COA,2068,3573.7601
RE1,PWRCOA001,COA,2069,3779.57
RE1,PWRCOA001,COA,2070,1486.0997
RE1,PWRCSP002,SOL,2015,0.0274
RE1,PWRCSP002,SOL,2016,0.0274
RE1,PWRCSP002,SOL,2017,0.0274
RE1,PWRCSP002,SOL,2018,0.0274
RE1,PWRCSP002,SOL,2019,0.0274
RE1,PWRCSP002,SOL,2020,0.0274
RE1,PWRCSP002,SOL,2021,0.0274
RE1,PWRCSP002,SOL,2022,0.0274
RE1,PWRCSP002,SOL,2023,0.0274
RE1,PWRCSP002,SOL,2024,0.0274
RE1,PWRCSP002,SOL,2025,0.0274
RE1,PWRCSP002,SOL,2026,0.0274
RE1,PWRCSP002,SOL,2027,0.0274
RE1,PWRCSP002,SOL,2028,0.0274
RE1,PWRCSP002,SOL,2029,0.0274
RE1,PWRCSP002,SOL,2030,0.0274
RE1,PWRCSP002,SOL,2031,0.0274
RE1,PWRCSP002,SOL,2032,0.0274
RE1,PWRCSP002,SOL,2033,0.0274
RE1,PWRCSP002,SOL,2034,0.0274
RE1,PWRCSP002,SOL,2035,0.0274
RE1,PWRCSP002,SOL,2036,0.0274
RE1,PWRCSP002,SOL,2037,0.0274
RE1,PWRCSP002,SOL,2038,0.0274
RE1,PWRCSP002,SOL,2039,0.0274
RE1,PWRCSP002,SOL,2040,0.0274
RE1,PWRCSP002,SOL,2041,0.0274
RE1,PWRCSP002,SOL,2042,0.0274
RE1,PWRCSP002,SOL,2043,0.0274
RE1,PWRDIST,ELC002,2015,668.4143
RE1,PWRDIST,ELC002,2016,706.2764
RE1,PWRDIST,ELC002,2017,739.1412
RE1,PWRDIST,ELC002,2018,772.1574
RE1,PWRDIST,ELC002,2019,804.5514
RE1,PWRDIST,ELC002,2020,836.9454
RE1,PWRDIST,ELC002,2021,861.7236
RE1,PWRDIST,ELC002,2022,886.5018
RE1,PWRDIST,ELC002,2023,911.2799
RE1,PWRDIST,ELC002,2024,1212.5139
RE1,PWRDIST,ELC002,2025,1241.7354
RE1,PWRDIST,ELC002,2026,1269.9667
RE1,PWRDIST,ELC002,2027,1299.9068
RE1,PWRDIST,ELC002,2028,1331.7022
RE1,PWRDIST,ELC002,2029,1361.6794
RE1,PWRDIST,ELC002,2030,1391.6512
RE1,PWRDIST,ELC002,2031,1423.3418
RE1,PWRDIST,ELC002,2032,1455.0237
RE1,PWRDIST,ELC002,2033,1486.6975
RE1,PWRDIST,ELC002,2034,1524.701
RE1,PWRDIST,ELC002,2035,1556.5215
RE1,PWRDIST,ELC002,2036,1582.8444
RE1,PWRDIST,ELC002,2037,1609.1632
RE1,PWRDIST,ELC002,2038,1635.4779
RE1,PWRDIST,ELC002,2039,1661.7888
RE1,PWRDIST,ELC002,2040,1694.8694
RE1,PWRDIST,ELC002,2041,1713.7658
RE1,PWRDIST,ELC002,2042,1739.4329
RE1,PWRDIST,ELC002,2043,1765.0973
RE1,PWRDIST,ELC002,2044,1790.7592
RE1,PWRDIST,ELC002,2045,1816.4186
RE1,PWRDIST,ELC002,2046,1834.7941
RE1,PWRDIST,ELC002,2047,1853.1685
RE1,PWRDIST,ELC002,2048,1871.5418
RE1,PWRDIST,ELC002,2049,1889.914
RE1,PWRDIST,ELC002,2050,3782.2234
RE1,PWRDIST,ELC002,2051,3823.7305
RE1,PWRDIST,ELC002,2052,3857.3092
RE1,PWRDIST,ELC002,2053,3891.1953
RE1,PWRDIST,ELC002,2054,3925.3919
RE1,PWRDIST,ELC002,2055,3959.9018
RE1,PWRDIST,ELC002,2056,3994.728
RE1,PWRDIST,ELC002,2057,4029.8736
RE1,PWRDIST,ELC002,2058,4065.3415
RE1,PWRDIST,ELC002,2059,4113.8679
RE1,PWRDIST,ELC002,2060,4124.8913
RE1,PWRDIST,ELC002,2061,4173.7102
RE1,PWRDIST,ELC002,2062,4210.4985
RE1,PWRDIST,ELC002,2063,4247.6248
RE1,PWRDIST,ELC002,2064,4285.0923
RE1,PWRDIST,ELC002,2065,4322.9043
RE1,PWRDIST,ELC002,2066,4361.0641
RE1,PWRDIST,ELC002,2067,4399.5748
RE1,PWRDIST,ELC002,2068,4438.44
RE1,PWRDIST,ELC002,2069,4477.663
RE1,PWRDIST,ELC002,2070,4665.0868
RE1,PWRGEO,GEO,2024,1.449
RE1,PWRGEO,GEO,2025,1.449
RE1,PWRGEO,GEO,2026,1.449
RE1,PWRGEO,GEO,2027,1.449
RE1,PWRGEO,GEO,2028,1.449
RE1,PWRGEO,GEO,2029,1.449
RE1,PWRGEO,GEO,2030,1.449
RE1,PWRGEO,GEO,2031,1.449
RE1,PWRGEO,GEO,2032,1.449
RE1,PWRGEO,GEO,2033,1.449
RE1,PWRGEO,GEO,2034,1.449
RE1,PWRGEO,GEO,2035,1.449
RE1,PWRGEO,GEO,2036,1.449
RE1,PWRGEO,GEO,2037,1.449
RE1,PWRGEO,GEO,2038,1.449
RE1,PWRGEO,GEO,2039,1.449
RE1,PWRGEO,GEO,2040,1.449
RE1,PWRGEO,GEO,2041,1.449
RE1,PWRGEO,GEO,2042,1.449
RE1,PWRGEO,GEO,2043,1.449
RE1,PWRGEO,GEO,2044,1.449
RE1,PWRGEO,GEO,2045,1.449
RE1,PWRGEO,GEO,2046,1.449
RE1,PWRGEO,GEO,2047,1.449
RE1,PWRGEO,GEO,2048,1.449
RE1,PWRGEO,GEO,2049,1.449
RE1,PWRGEO,GEO,2050,1.449
RE1,PWRGEO,GEO,2051,1.449
RE1,PWRGEO,GEO,2052,1.449
RE1,PWRGEO,GEO,2053,1.449
RE1,PWRGEO,GEO,2054,1.449
RE1,PWRGEO,GEO,2055,1.449
RE1,PWRGEO,GEO,2056,1.449
RE1,PWRGEO,GEO,2057,1.449
RE1,PWRGEO,GEO,2058,1.449
RE1,PWRGEO,GEO,2059,1.449
RE1,PWRGEO,GEO,2060,1.449
RE1,PWRGEO,GEO,2061,1.449
RE1,PWRGEO,GEO,2062,1.449
RE1,PWRGEO,GEO,2063,1.449
RE1,PWRGEO,GEO,2064,1.449
RE1,PWRGEO,GEO,2065,1.449
RE1,PWRGEO,GEO,2066,1.2377
RE1,PWRGEO,GEO,2067,1.2377
RE1,PWRGEO,GEO,2068,1.449
RE1,PWRGEO,GEO,2069,1.449
RE1,PWRGEO,GEO,2070,1.2377
RE1,PWRHYD001,HYD,2015,28.3385
RE1,PWRHYD001,HYD,2016,28.3385
RE1,PWRHYD001,HYD,2017,28.3385
RE1,PWRHYD001,HYD,2018,28.3385
RE1,PWRHYD001,HYD,2019,28.3385
RE1,PWRHYD001,HYD,2020,28.3385
RE1,PWRHYD001,HYD,2021,28.3385
RE1,PWRHYD001,HYD,2022,28.3385
RE1,PWRHYD001,HYD,2023,28.3385
RE1,PWRHYD001,HYD,2024,28.3385
RE1,PWRHYD001,HYD,2025,28.3385
RE1,PWRHYD001,HYD,2026,28.3385
RE1,PWRHYD001,HYD,2027,28.3385
RE1,PWRHYD001,HYD,2028,28.3385
RE1,PWRHYD001,HYD,2029,28.3385
RE1,PWRHYD001,HYD,2030,28.3385
RE1,PWRHYD001,HYD,2031,28.3385
RE1,PWRHYD001,HYD,2032,28.3385
RE1,PWRHYD001,HYD,2033,28.3385
RE1,PWRHYD001,HYD,2034,28.3385
RE1,PWRHYD001,HYD,2035,28.3385
RE1,PWRHYD001,HYD,2036,28.3385
RE1,PWRHYD001,HYD,2037,28.3385
RE1,PWRHYD001,HYD,2038,28.3385
RE1,PWRHYD001,HYD,2039,28.3385
RE1,PWRHYD001,HYD,2040,28.3385
RE1,PWRHYD001,HYD,2041,28.3385
RE1,PWRHYD001,HYD,2042,28.3385
RE1,PWRHYD001,HYD,2043,28.3385
RE1,PWRHYD001,HYD,2044,28.3385
RE1,PWRHYD001,HYD,2045,28.3385
RE1,PWRHYD001,HYD,2046,28.3385
RE1,PWRHYD001,HYD,2047,28.3385
RE1,PWRHYD001,HYD,2048,28.3385
RE1,PWRHYD001,HYD,2049,28.3385
RE1,PWRHYD001,HYD,2050,28.3385
RE1,PWRHYD002,HYD,2015,1.1526
RE1,PWRHYD002,HYD,2016,1.1526
RE1,PWRHYD002,HYD,2017,1.1526
RE1,PWRHYD002,HYD,2018,1.1526
RE1,PWRHYD002,HYD,2019,1.1526
RE1,PWRHYD002,HYD,2020,1.1526
RE1,PWRHYD002,HYD,2021,1.1526
RE1,PWRHYD002,HYD,2022,1.1526
RE1,PWRHYD002,HYD,2023,1.1526
RE1,PWRHYD002,HYD,2024,1.1526
RE1,PWRHYD002,HYD,2025,1.1526
RE1,PWRHYD002,HYD,2026,1.1526
RE1,PWRHYD002,HYD,2027,1.1526
RE1,PWRHYD002,HYD,2028,1.1526
RE1,PWRHYD002,HYD,2029,1.1526
RE1,PWRHYD002,HYD,2030,1.1526
RE1,PWRHYD002,HYD,2031,1.1526
RE1,PWRHYD002,HYD,2032,1.1526
RE1,PWRHYD002,HYD,2033,1.1526
RE1,PWRHYD002,HYD,2034,1.1526
RE1,PWRHYD002,HYD,2035,1.1526
RE1,PWRHYD002,HYD,2036,1.1526
RE1,PWRHYD002,HYD,2037,1.1526
RE1,PWRHYD002,HYD,2038,1.1526
RE1,PWRHYD002,HYD,2039,1.1526
RE1,PWRHYD002,HYD,2040,1.1526
RE1,PWRHYD002,HYD,2041,1.1526
RE1,PWRHYD002,HYD,2042,1.1526
RE1,PWRHYD002,HYD,2043,1.1526
RE1,PWRHYD002,HYD,2044,1.1526
RE1,PWRHYD002,HYD,2045,1.1526
RE1,PWRHYD002,HYD,2046,1.1526
RE1,PWRHYD002,HYD,2047,1.1526
RE1,PWRHYD002,HYD,2048,1.1526
RE1,PWRHYD002,HYD,2049,1.1526
RE1,PWRHYD002,HYD,2050,1.1526
RE1,PWRNGS001,NGS,2015,794.6633
RE1,PWRNGS001,NGS,2016,796.9506
RE1,PWRNGS001,NGS,2017,806.5936
RE1,PWRNGS001,NGS,2018,839.6295
RE1,PWRNGS001,NGS,2019,846.9226
RE1,PWRNGS001,NGS,2024,335.9972
RE1,PWRNGS001,NGS,2025,295.0874
RE1,PWRNGS001,NGS,2026,312.6484
RE1,PWRNGS001,NGS,2027,302.0528
RE1,PWRNGS001,NGS,2028,291.0028
RE1,PWRNGS001,NGS,2029,184.2105
RE1,PWRNGS001,NGS,2030,90.0638
RE1,PWRNGS001,NGS,2031,108.6018
RE1,PWRNGS001,NGS,2032,108.6018
RE1,PWRNGS001,NGS,2033,97.8587
RE1,PWRNGS001,NGS,2038,7.5565
RE1,PWRNGS001,NGS,2039,22.1865
RE1,PWRNGS001,NGS,2040,41.431
RE1,PWRNGS001,NGS,2041,41.6199
RE1,PWRNGS001,NGS,2042,41.6199
RE1,PWRNGS001,NGS,2043,41.6199
RE1,PWRNGS001,NGS,2044,20.8099
RE1,PWRNUC,URN,2070,0.0
RE1,PWRSOL001,SOL,2015,8.5041
RE1,PWRSOL001,SOL,2016,14.7357
RE1,PWRSOL001,SOL,2017,16.2447
RE1,PWRSOL001,SOL,2018,17.8379
RE1,PWRSOL001,SOL,2019,17.9642
RE1,PWRSOL001,SOL,2020,17.9642
RE1,PWRSOL001,SOL,2021,18.4271
RE1,PWRSOL001,SOL,2022,18.4271
RE1,PWRSOL001,SOL,2023,18.4271
RE1,PWRSOL001,SOL,2024,31.3904
RE1,PWRSOL001,SOL,2025,141.0231
RE1,PWRSOL001,SOL,2026,141.0231
RE1,PWRSOL001,SOL,2027,141.0231
RE1,PWRSOL001,SOL,2028,141.0231
RE1,PWRSOL001,SOL,2029,141.0231
RE1,PWRSOL001,SOL,2030,141.0231
RE1,PWRSOL001,SOL,2031,141.0231
RE1,PWRSOL001,SOL,2032,141.0231
RE1,PWRSOL001,SOL,2033,141.0231
RE1,PWRSOL001,SOL,2034,141.0231
RE1,PWRSOL001,SOL,2035,132.519
RE1,PWRSOL001,SOL,2036,126.2874
RE1,PWRSOL001,SOL,2037,124.7784
RE1,PWRSOL001,SOL,2038,123.1852
RE1,PWRSOL001,SOL,2039,123.0589
RE1,PWRSOL001,SOL,2040,123.0589
RE1,PWRSOL001,SOL,2041,122.596
RE1,PWRSOL001,SOL,2042,122.596
RE1,PWRSOL001,SOL,2043,122.596
RE1,PWRSOL001,SOL,2044,122.596
RE1,PWRSOL001,SOL,2045,122.596
RE1,PWRSOL001,SOL,2046,122.596
RE1,PWRSOL001,SOL,2047,122.596
RE1,PWRSOL001,SOL,2048,122.596
RE1,PWRSOL001,SOL,2049,122.596
RE1,PWRSOL001,SOL,2050,122.596
RE1,PWRSOL001,SOL,2051,122.596
RE1,PWRSOL001,SOL,2052,122.596
RE1,PWRSOL001,SOL,2053,122.596
RE1,PWRSOL001,SOL,2054,109.6328
RE1,PWRSOL002,SOL,2029,0.0
RE1,PWRTRN,ELC001,2015,711.6784
RE1,PWRTRN,ELC001,2016,751.7444
RE1,PWRTRN,ELC001,2017,786.4668
RE1,PWRTRN,ELC001,2018,821.3276
RE1,PWRTRN,ELC001,2019,855.5038
RE1,PWRTRN,ELC001,2020,889.6576
RE1,PWRTRN,ELC001,2021,915.6962
RE1,PWRTRN,ELC001,2022,941.7178
RE1,PWRTRN,ELC001,2023,967.7223
RE1,PWRTRN,ELC001,2024,1287.1925
RE1,PWRTRN,ELC001,2025,1317.7824
RE1,PWRTRN,ELC001,2026,1347.3019
RE1,PWRTRN,ELC001,2027,1378.6142
RE1,PWRTRN,ELC001,2028,1411.873
RE1,PWRTRN,ELC001,2029,1443.1831
RE1,PWRTRN,ELC001,2030,1474.4671
RE1,PWRTRN,ELC001,2031,1507.5511
RE1,PWRTRN,ELC001,2032,1540.6043
RE1,PWRTRN,ELC001,2033,1573.6273
RE1,PWRTRN,ELC001,2034,1613.3263
RE1,PWRTRN,ELC001,2035,1646.4593
RE1,PWRTRN,ELC001,2036,1673.7573
RE1,PWRTRN,ELC001,2037,1701.0331
RE1,PWRTRN,ELC001,2038,1728.2869
RE1,PWRTRN,ELC001,2039,1755.5189
RE1,PWRTRN,ELC001,2040,1789.8823
RE1,PWRTRN,ELC001,2041,1809.2489
RE1,PWRTRN,ELC001,2042,1835.7485
RE1,PWRTRN,ELC001,2043,1862.228
RE1,PWRTRN,ELC001,2044,1888.6876
RE1,PWRTRN,ELC001,2045,1915.1274
RE1,PWRTRN,ELC001,2046,1933.8728
RE1,PWRTRN,ELC001,2047,1952.6049
RE1,PWRTRN,ELC001,2048,1971.3236
RE1,PWRTRN,ELC001,2049,1990.0291
RE1,PWRTRN,ELC001,2050,3981.2878
RE1,PWRTRN,ELC001,2051,4024.9794
RE1,PWRTRN,ELC001,2052,4060.3254
RE1,PWRTRN,ELC001,2053,4095.9951
RE1,PWRTRN,ELC001,2054,4131.9915
RE1,PWRTRN,ELC001,2055,4168.3177
RE1,PWRTRN,ELC001,2056,4204.9769
RE1,PWRTRN,ELC001,2057,4241.9722
RE1,PWRTRN,ELC001,2058,4279.3068
RE1,PWRTRN,ELC001,2059,4330.3873
RE1,PWRTRN,ELC001,2060,4341.9908
RE1,PWRTRN,ELC001,2061,4393.3792
RE1,PWRTRN,ELC001,2062,4432.1037
RE1,PWRTRN,ELC001,2063,4471.184
RE1,PWRTRN,ELC001,2064,4510.6235
RE1,PWRTRN,ELC001,2065,4550.4256
RE1,PWRTRN,ELC001,2066,4590.5937
RE1,PWRTRN,ELC001,2067,4631.1314
RE1,PWRTRN,ELC001,2068,4672.0421
RE1,PWRTRN,ELC001,2069,4713.3295
RE1,PWRTRN,ELC001,2070,4910.6177
RE1,PWRTRNEXP,ELC001,2015,7.6
RE1,PWRTRNEXP,ELC001,2016,4.75
RE1,PWRTRNEXP,ELC001,2017,3.8
RE1,PWRTRNEXP,ELC001,2018,3.8
RE1,PWRTRNEXP,ELC001,2019,3.8
RE1,PWRTRNEXP,ELC001,2020,3.8
RE1,PWRTRNEXP,ELC001,2021,3.8
RE1,PWRTRNEXP,ELC001,2022,3.8
RE1,PWRTRNEXP,ELC001,2023,3.8
RE1,PWRTRNEXP,ELC001,2024,3.8
RE1,PWRTRNEXP,ELC001,2025,3.8
RE1,PWRTRNEXP,ELC001,2026,3.8
RE1,PWRTRNEXP,ELC001,2027,3.8
RE1,PWRTRNEXP,ELC001,2028,3.8
RE1,PWRTRNEXP,ELC001,2029,3.8
RE1,PWRTRNEXP,ELC001,2030,3.8
RE1,PWRTRNEXP,ELC001,2031,3.8
RE1,PWRTRNEXP,ELC001,2032,3.8
RE1,PWRTRNEXP,ELC001,2033,3.8
RE1,PWRTRNEXP,ELC001,2034,3.8
RE1,PWRTRNEXP,ELC001,2035,3.8
RE1,PWRTRNEXP,ELC001,2036,3.8
RE1,PWRTRNEXP,ELC001,2037,3.8
RE1,PWRTRNEXP,ELC001,2038,3.8
RE1,PWRTRNEXP,ELC001,2039,3.8
RE1,PWRTRNEXP,ELC001,2040,3.8
RE1,PWRTRNEXP,ELC001,2041,3.8
RE1,PWRTRNEXP,ELC001,2042,3.8
RE1,PWRTRNEXP,ELC001,2043,3.8
RE1,PWRTRNEXP,ELC001,2044,3.8
RE1,PWRTRNEXP,ELC001,2045,3.8
RE1,PWRTRNEXP,ELC001,2046,3.8
RE1,PWRTRNEXP,ELC001,2047,3.8
RE1,PWRTRNEXP,ELC001,2048,3.8
RE1,PWRTRNEXP,ELC001,2049,3.8
RE1,PWRTRNEXP,ELC001,2050,3.8
RE1,PWRTRNEXP,ELC001,2051,3.8
RE1,PWRTRNEXP,ELC001,2052,3.8
RE1,PWRTRNEXP,ELC001,2053,3.8
RE1,PWRTRNEXP,ELC001,2054,3.8
RE1,PWRTRNEXP,ELC001,2055,3.8
RE1,PWRTRNEXP,ELC001,2056,3.8
RE1,PWRTRNEXP,ELC001,2057,3.8
RE1,PWRTRNEXP,ELC001,2058,3.8
RE1,PWRTRNEXP,ELC001,2059,3.8
RE1,PWRTRNEXP,ELC001,2060,3.8
RE1,PWRTRNEXP,ELC001,2061,3.8
RE1,PWRTRNEXP,ELC001,2062,3.8
RE1,PWRTRNEXP,ELC001,2063,3.8
RE1,PWRTRNEXP,ELC001,2064,3.8
RE1,PWRTRNEXP,ELC001,2065,3.8
RE1,PWRTRNEXP,ELC001,2066,3.8
RE1,PWRTRNEXP,ELC001,2067,3.8
RE1,PWRTRNEXP,ELC001,2068,3.8
RE1,PWRTRNEXP,ELC001,2069,3.8
RE1,PWRTRNEXP,ELC001,2070,3.8
RE1,PWRWND001,WND,2015,1.1747
RE1,PWRWND001,WND,2016,2.545
RE1,PWRWND001,WND,2017,3.1524
RE1,PWRWND001,WND,2018,5.5368
RE1,PWRWND001,WND,2019,7.5648
RE1,PWRWND001,WND,2020,7.5648
RE1,PWRWND001,WND,2021,7.7555
RE1,PWRWND001,WND,2022,7.7555
RE1,PWRWND001,WND,2023,7.7555
RE1,PWRWND001,WND,2024,7.7555
RE1,PWRWND001,WND,2025,7.7555
RE1,PWRWND001,WND,2026,7.7555
RE1,PWRWND001,WND,2027,7.7555
RE1,PWRWND001,WND,2028,7.7555
RE1,PWRWND001,WND,2029,7.7555
RE1,PWRWND001,WND,2030,7.7555
RE1,PWRWND001,WND,2031,7.7555
RE1,PWRWND001,WND,2032,7.7555
RE1,PWRWND001,WND,2033,7.7555
RE1,PWRWND001,WND,2034,7.7555
RE1,PWRWND001,WND,2035,7.7555
RE1,PWRWND001,WND,2036,6.3851
RE1,PWRWND001,WND,2037,6.3851
RE1,PWRWND001,WND,2038,6.3851
RE1,PWRWND001,WND,2039,6.3851
RE1,PWRWND001,WND,2040,6.3851
RE1,PWRWND001,WND,2041,6.3851
RE1,PWRWND001,WND,2042,6.3851
RE1,PWRWND001,WND,2043,6.3851
RE1,PWRWND001,WND,2044,6.3851
RE1,PWRWND001,WND,2045,6.3851
RE1,PWRWND001,WND,2046,6.3851
RE1,PWRWND001,WND,2047,2.545
RE1,PWRWND001,WND,2048,2.0079
RE1,PWRWND001,WND,2049,2.0079
RE1,PWRWND001,WND,2070,1303.2823
RE1,RESENEFFDP,ELC003,2024,173.0652
RE1,RESENEFFDP,ELC003,2025,176.3238
RE1,RESENEFFDP,ELC003,2026,182.7917
RE1,RESENEFFDP,ELC003,2027,187.8433
RE1,RESENEFFDP,ELC003,2028,191.3579
RE1,RESENEFFDP,ELC003,2029,196.3692
RE1,RESENEFFDP,ELC003,2030,201.3806
RE1,RESENEFFDP,ELC003,2031,207.1085
RE1,RESENEFFDP,ELC003,2032,212.8364
RE1,RESENEFFDP,ELC003,2033,218.5643
RE1,RESENEFFDP,ELC003,2034,219.0591
RE1,RESENEFFDP,ELC003,2035,224.6534
RE1,RESENEFFDP,ELC003,2036,229.1572
RE1,RESENEFFDP,ELC003,2037,233.661
RE1,RESENEFFDP,ELC003,2038,238.1648
RE1,RESENEFFDP,ELC003,2039,242.6686
RE1,RESENEFFDP,ELC003,2040,241.5792
RE1,RESENEFFDP,ELC003,2041,251.5826
RE1,RESENEFFDP,ELC003,2042,255.9928
RE1,RESENEFFDP,ELC003,2043,260.4031
RE1,RESENEFFDP,ELC003,2044,264.8134
RE1,RESENEFFDP,ELC003,2045,269.2236
RE1,RESENEFFDP,ELC003,2046,272.2945
RE1,RESENEFFDP,ELC003,2047,275.3654
RE1,RESENEFFDP,ELC003,2048,278.4363
RE1,RESENEFFDP,ELC003,2049,281.5072
RE1,RESENEFFDP,ELC003,2050,291.3764
RE1,RESENEFFDP,ELC003,2051,287.7525
RE1,RESENEFFDP,ELC003,2052,290.9624
RE1,RESENEFFDP,ELC003,2053,294.208
RE1,RESENEFFDP,ELC003,2054,297.4898
RE1,RESENEFFDP,ELC003,2055,300.8083
RE1,RESENEFFDP,ELC003,2056,304.1637
RE1,RESENEFFDP,ELC003,2057,307.5566
RE1,RESENEFFDP,ELC003,2058,310.9874
RE1,RESENEFFDP,ELC003,2059,303.9421
RE1,RESENEFFDP,ELC003,2060,328.1748
RE1,RESENEFFDP,ELC003,2061,321.511
RE1,RESENEFFDP,ELC003,2062,325.0974
RE1,RESENEFFDP,ELC003,2063,328.7238
RE1,RESENEFFDP,ELC003,2064,332.3907
RE1,RESENEFFDP,ELC003,2065,336.0984
RE1,RESENEFFDP,ELC003,2066,339.8476
RE1,RESENEFFDP,ELC003,2067,343.6385
RE1,RESENEFFDP,ELC003,2068,347.4718
RE1,RESENEFFDP,ELC003,2069,351.3477
RE1,RESENEFFDP,ELC003,2070,307.8167
RE1,UPSREF001,OIL,2024,2141.65
