r,t,y,CapitalInvestment
RE1,MINOIL,2020,0.2142
RE1,MINBIO,2015,0.1098
RE1,MINBIO,2016,0.1029
RE1,MINBIO,2017,0.1043
RE1,MINBIO,2018,0.107
RE1,MINBIO,2019,0.1091
RE1,MINBIO,2020,0.1111
RE1,MINBIO,2021,0.1126
RE1,MINBIO,2022,0.1141
RE1,MINBIO,2023,0.1156
RE1,MINBIO,2024,0.1171
RE1,MINBIO,2025,0.1186
RE1,MINBIO,2026,0.1202
RE1,MINBIO,2027,0.1219
RE1,MINBIO,2028,0.1235
RE1,MINBIO,2029,0.1251
RE1,MINBIO,2030,0.1267
RE1,MINBIO,2031,0.1096
RE1,MINBIO,2032,0.111
RE1,MINBIO,2033,0.1125
RE1,MINBIO,2034,0.114
RE1,MINBIO,2035,0.1154
RE1,MINBIO,2036,0.1167
RE1,MINBIO,2037,0.118
RE1,MINBIO,2038,0.1192
RE1,MINBIO,2039,0.1205
RE1,MINBIO,2040,0.1218
RE1,MINBIO,2041,0.1231
RE1,MINBIO,2042,0.1244
RE1,MINBIO,2043,0.1257
RE1,MINBIO,2044,0.1269
RE1,MINBIO,2045,0.1282
RE1,MINBIO,2046,0.1292
RE1,MINBIO,2047,0.1302
RE1,MINBIO,2048,0.1312
RE1,MINBIO,2049,0.1322
RE1,MINBIO,2050,0.1332
RE1,MINBIO,2051,0.1342
RE1,MINBIO,2052,0.1352
RE1,MINBIO,2053,0.1362
RE1,MINBIO,2054,0.1372
RE1,MINBIO,2055,0.1383
RE1,MINBIO,2056,0.1393
RE1,MINBIO,2057,0.1404
RE1,MINBIO,2058,0.1415
RE1,MINBIO,2059,0.1425
RE1,MINBIO,2060,0.1436
RE1,MINBIO,2061,0.1447
RE1,MINBIO,2062,0.1458
RE1,MINBIO,2063,0.1469
RE1,MINBIO,2064,0.148
RE1,MINBIO,2065,0.1491
RE1,MINBIO,2066,0.1503
RE1,MINBIO,2067,0.1514
RE1,MINBIO,2068,0.1526
RE1,MINBIO,2069,0.1537
RE1,MINBIO,2070,0.1549
RE1,IMPCOA,2028,0.0452
RE1,IMPCOA,2029,0.3982
RE1,IMPCOA,2030,0.4088
RE1,IMPCOA,2031,0.4443
RE1,IMPCOA,2032,0.4561
RE1,IMPCOA,2033,0.4679
RE1,IMPCOA,2034,0.4825
RE1,IMPCOA,2035,0.4943
RE1,IMPCOA,2036,0.5039
RE1,IMPCOA,2037,0.5134
RE1,IMPCOA,2038,0.5229
RE1,IMPCOA,2039,0.5325
RE1,IMPCOA,2040,0.5421
RE1,IMPCOA,2041,0.5516
RE1,IMPCOA,2042,0.5611
RE1,IMPCOA,2043,0.5706
RE1,IMPCOA,2044,0.58
RE1,IMPCOA,2045,0.5895
RE1,IMPCOA,2046,0.5961
RE1,IMPCOA,2047,0.6027
RE1,IMPCOA,2048,0.6093
RE1,IMPCOA,2049,0.6159
RE1,IMPCOA,2050,0.6225
RE1,IMPCOA,2051,0.6403
RE1,IMPCOA,2052,0.6475
RE1,IMPCOA,2053,0.6547
RE1,IMPCOA,2054,0.662
RE1,IMPCOA,2055,0.6693
RE1,IMPCOA,2056,0.6768
RE1,IMPCOA,2057,0.6844
RE1,IMPCOA,2058,0.6921
RE1,IMPCOA,2059,0.6999
RE1,IMPCOA,2060,0.7077
RE1,IMPCOA,2061,0.7157
RE1,IMPCOA,2062,0.7237
RE1,IMPCOA,2063,0.7318
RE1,IMPCOA,2064,0.74
RE1,IMPCOA,2065,0.7482
RE1,IMPCOA,2066,0.7566
RE1,IMPCOA,2067,0.765
RE1,IMPCOA,2068,0.7736
RE1,IMPCOA,2069,0.7822
RE1,IMPCOA,2070,0.791
RE1,MINCOA,2015,0.1202
RE1,MINCOA,2016,0.112
RE1,MINCOA,2017,0.1135
RE1,MINCOA,2018,0.1245
RE1,MINCOA,2019,0.1375
RE1,MINCOA,2020,0.1506
RE1,MINCOA,2021,0.1604
RE1,MINCOA,2022,0.1702
RE1,MINCOA,2023,0.2409
RE1,MINCOA,2024,0.3456
RE1,MINCOA,2025,0.3554
RE1,MINCOA,2026,0.366
RE1,MINCOA,2027,0.3767
RE1,MINCOA,2028,0.3421
RE1,IMPLFO,2015,0.5551
RE1,IMPLFO,2016,0.5743
RE1,IMPLFO,2017,0.5873
RE1,IMPLFO,2018,0.6018
RE1,IMPLFO,2019,0.6157
RE1,IMPLFO,2020,0.4369
RE1,IMPLFO,2021,0.6407
RE1,IMPLFO,2022,0.6518
RE1,IMPLFO,2023,0.6629
RE1,IMPLFO,2024,0.674
RE1,IMPLFO,2025,0.6851
RE1,IMPLFO,2026,0.6974
RE1,IMPLFO,2027,0.7097
RE1,IMPLFO,2028,0.722
RE1,IMPLFO,2029,0.7344
RE1,IMPLFO,2030,0.7467
RE1,IMPLFO,2031,0.7569
RE1,IMPLFO,2032,0.7672
RE1,IMPLFO,2033,0.7774
RE1,IMPLFO,2034,0.7876
RE1,IMPLFO,2035,0.7979
RE1,IMPLFO,2036,0.8072
RE1,IMPLFO,2037,0.8165
RE1,IMPLFO,2038,0.8258
RE1,IMPLFO,2039,0.835
RE1,IMPLFO,2040,0.8443
RE1,IMPLFO,2041,0.8531
RE1,IMPLFO,2042,0.8619
RE1,IMPLFO,2043,0.8707
RE1,IMPLFO,2044,0.8795
RE1,IMPLFO,2045,0.8883
RE1,IMPLFO,2046,0.8952
RE1,IMPLFO,2047,0.9021
RE1,IMPLFO,2048,0.9089
RE1,IMPLFO,2049,0.9158
RE1,IMPLFO,2050,0.9227
RE1,IMPLFO,2051,0.9297
RE1,IMPLFO,2052,0.9368
RE1,IMPLFO,2053,0.9439
RE1,IMPLFO,2054,0.9511
RE1,IMPLFO,2055,0.9584
RE1,IMPLFO,2056,0.9657
RE1,IMPLFO,2057,0.9731
RE1,IMPLFO,2058,0.9805
RE1,IMPLFO,2059,0.988
RE1,IMPLFO,2060,0.9955
RE1,IMPLFO,2061,1.0031
RE1,IMPLFO,2062,1.0108
RE1,IMPLFO,2063,1.0185
RE1,IMPLFO,2064,1.0263
RE1,IMPLFO,2065,1.0341
RE1,IMPLFO,2066,1.042
RE1,IMPLFO,2067,1.0499
RE1,IMPLFO,2068,1.058
RE1,IMPLFO,2069,1.066
RE1,IMPLFO,2070,1.0742
RE1,MINNGS,2015,0.0785
RE1,MINNGS,2016,0.0818
RE1,MINNGS,2017,0.0847
RE1,MINNGS,2018,0.0847
RE1,MINNGS,2019,0.0847
RE1,MINNGS,2020,0.0847
RE1,MINNGS,2021,0.0847
RE1,MINNGS,2022,0.0847
RE1,MINNGS,2023,0.0516
RE1,MINSOL,2015,0.0019
RE1,MINSOL,2016,0.0019
RE1,MINSOL,2017,0.0019
RE1,MINSOL,2018,0.0019
RE1,MINSOL,2019,0.0019
RE1,MINSOL,2020,0.0019
RE1,MINSOL,2021,0.0019
RE1,MINSOL,2022,0.0019
RE1,MINSOL,2023,0.0019
RE1,MINSOL,2024,0.0019
RE1,MINSOL,2025,0.0019
RE1,MINSOL,2026,0.0019
RE1,MINSOL,2027,0.0019
RE1,MINSOL,2028,0.0019
RE1,MINSOL,2029,0.0019
RE1,MINSOL,2030,0.0019
RE1,MINSOL,2031,0.0019
RE1,MINSOL,2032,0.0019
RE1,MINSOL,2033,0.0019
RE1,MINSOL,2034,0.0
RE1,MINSOL,2035,0.0
RE1,MINSOL,2036,0.0
RE1,MINSOL,2037,0.0
RE1,MINSOL,2038,0.0
RE1,MINSOL,2039,0.0
RE1,MINSOL,2040,0.0
RE1,MINSOL,2041,0.0
RE1,MINSOL,2042,0.0
RE1,MINSOL,2043,0.0
RE1,MINWND,2015,0.0001
RE1,MINWND,2016,0.0001
RE1,MINWND,2017,0.0001
RE1,MINWND,2018,0.0001
RE1,MINWND,2019,0.0001
RE1,MINWND,2020,0.0001
RE1,MINWND,2021,0.0001
RE1,MINWND,2022,0.0001
RE1,MINWND,2023,0.0001
RE1,MINWND,2024,0.0001
RE1,MINWND,2025,0.0001
RE1,MINWND,2026,0.0001
RE1,MINWND,2027,0.0001
RE1,MINWND,2028,0.0001
RE1,MINHYD,2015,0.0052
RE1,MINHYD,2016,0.0052
RE1,MINHYD,2017,0.0052
RE1,MINHYD,2018,0.0052
RE1,MINHYD,2019,0.0052
RE1,MINHYD,2020,0.0052
RE1,MINHYD,2021,0.0052
RE1,MINHYD,2022,0.0052
RE1,MINHYD,2023,0.0052
RE1,MINHYD,2024,0.0052
RE1,MINHYD,2025,0.0052
RE1,MINHYD,2026,0.0052
RE1,MINHYD,2027,0.0052
RE1,MINHYD,2028,0.0052
RE1,MINHYD,2029,0.0052
RE1,MINHYD,2030,0.0052
RE1,MINHYD,2031,0.0052
RE1,MINHYD,2032,0.0052
RE1,MINHYD,2033,0.0052
RE1,MINHYD,2034,0.0052
RE1,MINHYD,2035,0.0052
RE1,MINHYD,2036,0.0052
RE1,MINHYD,2037,0.0052
RE1,MINHYD,2038,0.0052
RE1,MINHYD,2039,0.0052
RE1,MINHYD,2040,0.0052
RE1,MINHYD,2041,0.0052
RE1,MINHYD,2042,0.0052
RE1,MINHYD,2043,0.0052
RE1,MINHYD,2044,0.0052
RE1,MINHYD,2045,0.0052
RE1,MINHYD,2046,0.0052
RE1,MINHYD,2047,0.0052
RE1,MINHYD,2048,0.0052
RE1,MINHYD,2049,0.0052
RE1,MINHYD,2050,0.0052
RE1,PWRCOA001,2017,38.4944
RE1,PWRCOA001,2018,1484.8406
RE1,PWRCOA001,2019,1889.2322
RE1,PWRCOA001,2020,1887.9939
RE1,PWRCOA001,2021,1439.394
RE1,PWRCOA001,2022,1439.2835
RE1,PWRCOA001,2023,11550.774
RE1,PWRCOA001,2024,17189.143
RE1,PWRCOA001,2025,4555.6278
RE1,PWRCOA001,2026,1553.5284
RE1,PWRCOA001,2027,1552.5124
RE1,PWRCOA001,2028,1551.4973
RE1,PWRCOA001,2029,2034.3233
RE1,PWRCOA001,2030,1549.4703
RE1,PWRCOA001,2031,6379.2961
RE1,PWRCOA001,2032,1774.7846
RE1,PWRCOA001,2033,1773.6261
RE1,PWRCOA001,2034,2242.5698
RE1,PWRCOA001,2035,1771.3126
RE1,PWRCOA001,2036,1416.2693
RE1,PWRCOA001,2037,3163.846
RE1,PWRCOA001,2038,1414.4237
RE1,PWRCOA001,2039,1434.9768
RE1,PWRCOA001,2040,1434.0422
RE1,PWRCOA001,2041,1402.8109
RE1,PWRCOA001,2042,2259.8979
RE1,PWRCOA001,2043,1400.9857
RE1,PWRCOA001,2044,1401.5913
RE1,PWRCOA001,2045,1399.1643
RE1,PWRCOA001,2046,965.0162
RE1,PWRCOA001,2047,964.3893
RE1,PWRCOA001,2048,963.7628
RE1,PWRCOA001,2049,963.137
RE1,PWRCOA001,2050,967.1355
RE1,PWRCOA001,2051,2829.6231
RE1,PWRCOA001,2052,1049.7121
RE1,PWRCOA001,2053,1061.4215
RE1,PWRCOA001,2054,1073.2615
RE1,PWRCOA001,2055,1087.7073
RE1,PWRCOA001,2056,1108.6423
RE1,PWRCOA001,2057,1121.009
RE1,PWRCOA001,2058,1133.5137
RE1,PWRCOA001,2059,1146.1578
RE1,PWRCOA001,2060,1158.9431
RE1,PWRCOA001,2061,1171.8709
RE1,PWRCOA001,2062,1184.9429
RE1,PWRCOA001,2063,1198.1608
RE1,PWRCOA001,2064,1211.5261
RE1,PWRCOA001,2065,1225.0405
RE1,PWRCOA001,2066,1238.7056
RE1,PWRCOA001,2067,1252.5232
RE1,PWRCOA001,2068,1266.4949
RE1,PWRCOA001,2069,1280.6224
RE1,PWRCOA001,2070,1294.9076
RE1,PWRTRNIMP,2015,0.0003
RE1,PWRTRNIMP,2016,0.0004
RE1,PWRTRNIMP,2017,0.0005
RE1,PWRTRNIMP,2018,0.0005
RE1,PWRTRNIMP,2019,0.0005
RE1,PWRTRNIMP,2020,0.0005
RE1,PWRTRNIMP,2021,0.0005
RE1,PWRTRNIMP,2022,0.0005
RE1,PWRTRNIMP,2023,0.0005
RE1,PWRTRNIMP,2024,0.0005
RE1,PWRTRNIMP,2025,0.0005
RE1,PWRTRNIMP,2026,0.0005
RE1,PWRTRNIMP,2027,0.0006
RE1,PWRTRNIMP,2028,0.0006
RE1,PWRTRNIMP,2029,0.0006
RE1,PWRTRNIMP,2030,0.0006
RE1,PWRTRNIMP,2031,0.0006
RE1,PWRTRNIMP,2032,0.0006
RE1,PWRTRNIMP,2033,0.0006
RE1,PWRTRNIMP,2034,0.0006
RE1,PWRTRNIMP,2035,0.0006
RE1,PWRTRNIMP,2036,0.0006
RE1,PWRTRNIMP,2037,0.0007
RE1,PWRTRNIMP,2038,0.0007
RE1,PWRTRNIMP,2039,0.0007
RE1,PWRTRNIMP,2040,0.0007
RE1,PWRTRNIMP,2041,0.0007
RE1,PWRTRNIMP,2042,0.0007
RE1,PWRTRNIMP,2043,0.0007
RE1,PWRTRNIMP,2044,0.0007
RE1,PWRTRNIMP,2045,0.0007
RE1,PWRTRNIMP,2046,0.0007
RE1,PWRTRNIMP,2047,0.0007
RE1,PWRTRNIMP,2048,0.0007
RE1,PWRTRNIMP,2049,0.0007
RE1,PWRTRNIMP,2050,0.0007
RE1,PWRTRNIMP,2051,0.0007
RE1,PWRTRNIMP,2052,0.0007
RE1,PWRTRNIMP,2053,0.0007
RE1,PWRTRNIMP,2054,0.0007
RE1,PWRTRNIMP,2055,0.0007
RE1,PWRTRNIMP,2056,0.0007
RE1,PWRTRNIMP,2057,0.0007
RE1,PWRTRNIMP,2058,0.0007
RE1,PWRTRNIMP,2059,0.0007
RE1,PWRTRNIMP,2060,0.0007
RE1,PWRTRNIMP,2061,0.0007
RE1,PWRTRNIMP,2062,0.0007
RE1,PWRTRNIMP,2063,0.0007
RE1,PWRTRNIMP,2064,0.0007
RE1,PWRTRNIMP,2065,0.0007
RE1,PWRTRNIMP,2066,0.0007
RE1,PWRTRNIMP,2067,0.0007
RE1,PWRTRNIMP,2068,0.0008
RE1,PWRTRNIMP,2069,0.0008
RE1,PWRTRNIMP,2070,0.0008
RE1,PWRTRN,2033,46.7228
RE1,PWRTRN,2034,224.9553
RE1,PWRTRN,2035,224.8086
RE1,PWRTRN,2036,179.7863
RE1,PWRTRN,2037,179.6691
RE1,PWRTRN,2038,179.5521
RE1,PWRTRN,2039,181.9658
RE1,PWRTRN,2040,181.8473
RE1,PWRTRN,2041,177.8869
RE1,PWRTRN,2042,177.7711
RE1,PWRTRN,2043,177.6554
RE1,PWRTRN,2044,177.5399
RE1,PWRTRN,2045,177.4245
RE1,PWRTRN,2046,122.3713
RE1,PWRTRN,2047,122.2918
RE1,PWRTRN,2048,122.2123
RE1,PWRTRN,2049,122.133
RE1,PWRTRN,2050,122.0537
RE1,PWRTRN,2051,8888.9934
RE1,PWRTRN,2052,131.4893
RE1,PWRTRN,2053,132.956
RE1,PWRTRN,2054,134.4392
RE1,PWRTRN,2055,135.9388
RE1,PWRTRN,2056,137.4552
RE1,PWRTRN,2057,138.9885
RE1,PWRTRN,2058,140.5389
RE1,PWRTRN,2059,142.1066
RE1,PWRTRN,2060,143.6917
RE1,PWRTRN,2061,145.2946
RE1,PWRTRN,2062,146.9153
RE1,PWRTRN,2063,148.5542
RE1,PWRTRN,2064,150.2112
RE1,PWRTRN,2065,151.8868
RE1,PWRTRN,2066,153.5811
RE1,PWRTRN,2067,155.2943
RE1,PWRTRN,2068,157.0266
RE1,PWRTRN,2069,158.7782
RE1,PWRTRN,2070,160.5493
RE1,PWRDIST,2036,81.8915
RE1,PWRDIST,2037,86.4374
RE1,PWRDIST,2038,86.4374
RE1,PWRDIST,2039,87.6351
RE1,PWRDIST,2040,87.6351
RE1,PWRDIST,2041,85.8155
RE1,PWRDIST,2042,85.8155
RE1,PWRDIST,2043,85.8155
RE1,PWRDIST,2044,85.8155
RE1,PWRDIST,2045,85.8155
RE1,PWRDIST,2046,59.7539
RE1,PWRDIST,2047,59.7539
RE1,PWRDIST,2048,59.7539
RE1,PWRDIST,2049,59.7539
RE1,PWRDIST,2050,59.7539
RE1,PWRDIST,2051,4441.2457
RE1,PWRDIST,2052,62.4574
RE1,PWRDIST,2053,63.1541
RE1,PWRDIST,2054,63.8586
RE1,PWRDIST,2055,64.5709
RE1,PWRDIST,2056,65.2912
RE1,PWRDIST,2057,66.0195
RE1,PWRDIST,2058,66.756
RE1,PWRDIST,2059,67.5006
RE1,PWRDIST,2060,68.2536
RE1,PWRDIST,2061,69.0149
RE1,PWRDIST,2062,69.7848
RE1,PWRDIST,2063,70.5632
RE1,PWRDIST,2064,71.3503
RE1,PWRDIST,2065,72.1462
RE1,PWRDIST,2066,72.951
RE1,PWRDIST,2067,73.7648
RE1,PWRDIST,2068,74.5876
RE1,PWRDIST,2069,75.4196
RE1,PWRDIST,2070,76.2609
RE1,PWRTRNEXP,2015,0.0
RE1,PWRTRNEXP,2016,0.0
RE1,PWRTRNEXP,2017,0.0
RE1,PWRTRNEXP,2018,0.0
RE1,PWRTRNEXP,2019,0.0
RE1,PWRTRNEXP,2020,0.0
RE1,PWRTRNEXP,2021,0.0
RE1,PWRTRNEXP,2022,0.0
RE1,PWRTRNEXP,2023,0.0
RE1,PWRTRNEXP,2024,0.0
RE1,PWRTRNEXP,2025,0.0
RE1,PWRTRNEXP,2026,0.0
RE1,PWRTRNEXP,2027,0.0
RE1,PWRTRNEXP,2028,0.0
RE1,PWRTRNEXP,2029,0.0
RE1,PWRTRNEXP,2030,0.0
RE1,PWRTRNEXP,2031,0.0
RE1,PWRTRNEXP,2032,0.0
RE1,PWRTRNEXP,2033,0.0
RE1,PWRTRNEXP,2034,0.0
RE1,PWRTRNEXP,2035,0.0
RE1,PWRTRNEXP,2036,0.0
RE1,PWRTRNEXP,2037,0.0
RE1,PWRTRNEXP,2038,0.0
RE1,PWRTRNEXP,2039,0.0
RE1,PWRTRNEXP,2040,0.0
RE1,PWRTRNEXP,2041,0.0
RE1,PWRTRNEXP,2042,0.0001
RE1,PWRTRNEXP,2043,0.0001
RE1,PWRTRNEXP,2044,0.0001
RE1,PWRTRNEXP,2045,0.0001
RE1,PWRTRNEXP,2046,0.0001
RE1,PWRTRNEXP,2047,0.0001
RE1,PWRTRNEXP,2048,0.0001
RE1,PWRTRNEXP,2049,0.0001
RE1,PWRTRNEXP,2050,0.0001
RE1,PWRTRNEXP,2051,0.0002
RE1,PWRTRNEXP,2052,0.0001
RE1,PWRTRNEXP,2053,0.0001
RE1,PWRTRNEXP,2054,0.0001
RE1,PWRTRNEXP,2055,0.0001
RE1,PWRTRNEXP,2056,0.0001
RE1,PWRTRNEXP,2057,0.0002
RE1,PWRTRNEXP,2058,0.0001
RE1,PWRTRNEXP,2059,0.0001
RE1,PWRTRNEXP,2060,0.0001
RE1,PWRTRNEXP,2061,0.0001
RE1,PWRTRNEXP,2062,0.0001
RE1,PWRTRNEXP,2063,0.0001
RE1,PWRTRNEXP,2064,0.0001
RE1,PWRTRNEXP,2065,0.0
RE1,PWRTRNEXP,2066,0.0001
RE1,PWRTRNEXP,2067,0.0001
RE1,PWRTRNEXP,2068,0.0001
RE1,PWRTRNEXP,2069,0.0001
RE1,PWRTRNEXP,2070,0.0001
RE1,DEMTRAMCYGSL,2015,0.0007
RE1,DEMTRAMCYGSL,2016,0.0
RE1,DEMTRAMCYGSL,2017,0.0
RE1,DEMTRAMCYGSL,2018,0.0
RE1,DEMTRAMCYGSL,2019,0.0
RE1,DEMTRAMCYGSL,2020,0.0
RE1,DEMTRAMCYGSL,2021,0.0
RE1,DEMTRAMCYGSL,2022,0.0
RE1,DEMTRAMCYGSL,2023,0.0
RE1,DEMTRAMCYGSL,2024,0.0
RE1,DEMTRAMCYGSL,2025,0.0
RE1,DEMTRAMCYGSL,2026,0.0
RE1,DEMTRAMCYGSL,2027,0.0
RE1,DEMTRAMCYGSL,2028,0.0
RE1,DEMTRAMCYGSL,2029,0.0
RE1,DEMTRAMCYGSL,2030,0.0007
RE1,DEMTRAMCYGSL,2031,0.0
RE1,DEMTRAMCYGSL,2032,0.0
RE1,DEMTRAMCYGSL,2033,0.0
RE1,DEMTRAMCYGSL,2034,125.1334
RE1,DEMTRAMCYGSL,2042,420.8926
RE1,DEMTRAMCYGSL,2043,471.5072
RE1,DEMTRAMCYGSL,2044,522.1117
RE1,DEMTRAMCYGSL,2045,15672.51
RE1,DEMTRAMCYGSL,2046,1133.9247
RE1,DEMTRAMCYGSL,2047,969.0341
RE1,DEMTRAMCYGSL,2048,1077.5404
RE1,DEMTRAMCYGSL,2049,6523.8888
RE1,DEMTRAMCYGSL,2050,269.5206
RE1,DEMTRAMCYGSL,2051,275.833
RE1,DEMTRAMCYGSL,2052,277.9664
RE1,DEMTRAMCYGSL,2053,280.1165
RE1,DEMTRAMCYGSL,2054,282.2834
RE1,DEMTRAMCYGSL,2055,284.4671
RE1,DEMTRAMCYGSL,2056,286.6679
RE1,DEMTRAMCYGSL,2057,1115.1945
RE1,DEMTRAMCYGSL,2058,1117.3205
RE1,DEMTRAMCYGSL,2059,1119.4693
RE1,DEMTRAMCYGSL,2060,22899.595
RE1,DEMTRAMCYGSL,2061,1800.452
RE1,DEMTRAMCYGSL,2062,1487.7633
RE1,DEMTRAMCYGSL,2063,1530.7512
RE1,DEMTRAMCYGSL,2064,7255.0465
RE1,DEMTRAMCYGSL,2065,576.7844
RE1,DEMTRAMCYGSL,2066,585.4754
RE1,DEMTRAMCYGSL,2067,590.006
RE1,DEMTRAMCYGSL,2068,594.572
RE1,DEMTRAMCYGSL,2069,599.1735
RE1,DEMTRAMCYGSL,2070,603.811
RE1,DEMTRACARGSL,2015,0.0017
RE1,DEMTRACARGSL,2016,0.0004
RE1,DEMTRACARGSL,2029,0.0024
RE1,DEMTRACARGSL,2040,0.0
RE1,DEMTRACARGSL,2041,0.0
RE1,DEMTRACARGSL,2042,0.0
RE1,DEMTRACARGSL,2043,0.0
RE1,DEMTRACARGSL,2044,0.0
RE1,DEMTRACARGSL,2045,0.0
RE1,DEMTRACARGSL,2046,0.0
RE1,DEMTRACARGSL,2047,0.0
RE1,DEMTRACARGSL,2048,0.0
RE1,DEMTRACARGSL,2049,0.0024
RE1,DEMTRACARGSL,2053,197.4712
RE1,DEMTRACARGSL,2054,198.9987
RE1,DEMTRACARGSL,2055,200.5382
RE1,DEMTRACARGSL,2056,202.0896
RE1,DEMTRACARGSL,2057,203.6532
RE1,DEMTRACARGSL,2058,205.229
RE1,DEMTRACARGSL,2059,206.817
RE1,DEMTRACARGSL,2060,463.936
RE1,DEMTRACARGSL,2061,453.166
RE1,DEMTRACARGSL,2062,454.767
RE1,DEMTRACARGSL,2063,456.3815
RE1,DEMTRACARGSL,2064,458.0097
RE1,DEMTRACARGSL,2065,459.6515
RE1,DEMTRACARGSL,2066,408.325
RE1,DEMTRACARGSL,2067,410.0051
RE1,DEMTRACARGSL,2068,411.6987
RE1,DEMTRACARGSL,2069,24106.751
RE1,DEMTRACARGSL,2070,225.1249
RE1,DEMTRABUSGSL,2015,0.0014
RE1,DEMTRABUSGSL,2016,0.0
RE1,DEMTRABUSGSL,2017,0.0
RE1,DEMTRABUSGSL,2018,0.0
RE1,DEMTRABUSGSL,2019,0.0
RE1,DEMTRABUSGSL,2020,0.0
RE1,DEMTRABUSGSL,2021,0.0
RE1,DEMTRABUSGSL,2022,0.0
RE1,DEMTRABUSGSL,2023,0.0
RE1,DEMTRABUSGSL,2024,0.0001
RE1,DEMTRABUSGSL,2025,0.0
RE1,DEMTRABUSGSL,2027,0.0
RE1,DEMTRABUSGSL,2028,0.0
RE1,DEMTRABUSGSL,2029,0.0
RE1,DEMTRABUSGSL,2030,0.0
RE1,DEMTRABUSGSL,2031,0.0
RE1,DEMTRABUSGSL,2032,0.0
RE1,DEMTRABUSGSL,2033,0.0
RE1,DEMTRABUSGSL,2034,0.0
RE1,DEMTRABUSGSL,2035,0.0017
RE1,DEMTRABUSGSL,2037,0.0
RE1,DEMTRABUSGSL,2038,0.0
RE1,DEMTRABUSGSL,2040,0.0
RE1,DEMTRABUSGSL,2041,0.0
RE1,DEMTRABUSGSL,2042,0.0
RE1,DEMTRABUSGSL,2043,0.0
RE1,DEMTRABUSGSL,2044,0.0001
RE1,DEMTRABUSGSL,2045,0.0001
RE1,DEMTRABUSGSL,2046,0.0
RE1,DEMTRABUSGSL,2047,0.0
RE1,DEMTRABUSGSL,2048,0.0
RE1,DEMTRABUSGSL,2049,0.0
RE1,DEMTRABUSGSL,2050,0.0
RE1,DEMTRABUSGSL,2051,0.0
RE1,DEMTRABUSGSL,2052,0.0
RE1,DEMTRABUSGSL,2053,0.0
RE1,DEMTRABUSGSL,2054,0.0
RE1,DEMTRABUSGSL,2055,0.0017
RE1,DEMTRABUSGSL,2056,0.0
RE1,DEMTRABUSGSL,2057,0.0
RE1,DEMTRABUSGSL,2058,0.0
RE1,DEMTRABUSGSL,2059,0.0
RE1,DEMTRABUSGSL,2060,0.0
RE1,DEMTRABUSGSL,2061,0.0
RE1,DEMTRABUSGSL,2062,0.0001
RE1,DEMTRABUSGSL,2063,0.0001
RE1,DEMTRABUSGSL,2064,0.0001
RE1,DEMTRABUSGSL,2065,0.0001
RE1,DEMTRABUSGSL,2066,0.0
RE1,DEMTRABUSGSL,2067,0.0
RE1,DEMTRABUSGSL,2068,0.0001
RE1,DEMTRABUSGSL,2069,0.0001
RE1,DEMTRABUSGSL,2070,0.0001
RE1,DEMINDELC,2015,0.0011
RE1,DEMINDELC,2016,0.0001
RE1,DEMINDELC,2017,0.0001
RE1,DEMINDELC,2018,0.0001
RE1,DEMINDELC,2019,0.0001
RE1,DEMINDELC,2020,0.0001
RE1,DEMINDELC,2021,0.0
RE1,DEMINDELC,2022,0.0
RE1,DEMINDELC,2023,0.0
RE1,DEMINDELC,2024,0.0
RE1,DEMINDELC,2025,0.0012
RE1,DEMINDELC,2026,0.0001
RE1,DEMINDELC,2027,0.0001
RE1,DEMINDELC,2028,0.0001
RE1,DEMINDELC,2029,0.0001
RE1,DEMINDELC,2030,0.0001
RE1,DEMINDELC,2031,0.0001
RE1,DEMINDELC,2032,0.0001
RE1,DEMINDELC,2033,0.0001
RE1,DEMINDELC,2034,0.0001
RE1,DEMINDELC,2035,0.0012
RE1,DEMINDELC,2036,0.0002
RE1,DEMINDELC,2037,0.0001
RE1,DEMINDELC,2038,0.0001
RE1,DEMINDELC,2039,0.0001
RE1,DEMINDELC,2040,0.0001
RE1,DEMINDELC,2041,0.0001
RE1,DEMINDELC,2042,0.0001
RE1,DEMINDELC,2043,0.0001
RE1,DEMINDELC,2044,0.0001
RE1,DEMINDELC,2045,0.0013
RE1,DEMINDELC,2046,0.0002
RE1,DEMINDELC,2047,0.0002
RE1,DEMINDELC,2048,0.0002
RE1,DEMINDELC,2049,0.0002
RE1,DEMINDELC,2050,0.0002
RE1,DEMINDELC,2051,0.0002
RE1,DEMINDELC,2052,0.0002
RE1,DEMINDELC,2053,0.0002
RE1,DEMINDELC,2054,0.0002
RE1,DEMINDELC,2055,0.0013
RE1,DEMINDELC,2056,0.0002
RE1,DEMINDELC,2057,0.0002
RE1,DEMINDELC,2058,0.0002
RE1,DEMINDELC,2059,0.0002
RE1,DEMINDELC,2060,0.0002
RE1,DEMINDELC,2061,0.0002
RE1,DEMINDELC,2062,0.0002
RE1,DEMINDELC,2063,0.0002
RE1,DEMINDELC,2064,0.0002
RE1,DEMINDELC,2065,0.0013
RE1,DEMINDELC,2066,0.0003
RE1,DEMINDELC,2067,0.0002
RE1,DEMINDELC,2068,0.0002
RE1,DEMINDELC,2069,0.0002
RE1,DEMINDELC,2070,0.0002
RE1,DEMINDHEBIO,2015,6118.9699
RE1,DEMINDHEBIO,2022,57.5756
RE1,DEMINDHEBIO,2023,88.7996
RE1,DEMINDHEBIO,2024,88.6422
RE1,DEMINDHEBIO,2025,88.5041
RE1,DEMINDHEBIO,2026,97.6675
RE1,DEMINDHEBIO,2027,97.5138
RE1,DEMINDHEBIO,2028,97.3534
RE1,DEMINDHEBIO,2029,97.1969
RE1,DEMINDHEBIO,2030,6183.8783
RE1,DEMINDHEBIO,2031,87.4671
RE1,DEMINDHEBIO,2032,87.252
RE1,DEMINDHEBIO,2033,87.0463
RE1,DEMINDHEBIO,2034,86.8614
RE1,DEMINDHEBIO,2035,86.67
RE1,DEMINDHEBIO,2036,76.0489
RE1,DEMINDHEBIO,2037,133.1175
RE1,DEMINDHEBIO,2038,163.9906
RE1,DEMINDHEBIO,2039,163.7066
RE1,DEMINDHEBIO,2040,163.4278
RE1,DEMINDHEBIO,2041,175.6184
RE1,DEMINDHEBIO,2042,175.314
RE1,DEMINDHEBIO,2043,175.0434
RE1,DEMINDHEBIO,2044,174.7515
RE1,DEMINDHEBIO,2045,6209.1069
RE1,DEMINDHEBIO,2046,146.8111
RE1,DEMINDHEBIO,2047,146.5275
RE1,DEMINDHEBIO,2048,146.2291
RE1,DEMINDHEBIO,2049,145.9357
RE1,DEMINDHEBIO,2050,145.6674
RE1,DEMINDHEBIO,2051,136.4768
RE1,DEMINDHEBIO,2052,193.3326
RE1,DEMINDHEBIO,2053,224.2393
RE1,DEMINDHEBIO,2054,224.3238
RE1,DEMINDHEBIO,2055,224.3763
RE1,DEMINDHEBIO,2056,236.7966
RE1,DEMINDHEBIO,2057,236.8816
RE1,DEMINDHEBIO,2058,236.9311
RE1,DEMINDHEBIO,2059,237.0187
RE1,DEMINDHEBIO,2060,6190.4313
RE1,DEMINDHEBIO,2061,210.2188
RE1,DEMINDHEBIO,2062,210.4286
RE1,DEMINDHEBIO,2063,210.6393
RE1,DEMINDHEBIO,2064,210.8926
RE1,DEMINDHEBIO,2065,211.2242
RE1,DEMINDHEBIO,2066,202.7408
RE1,DEMINDHEBIO,2067,259.5801
RE1,DEMINDHEBIO,2068,290.8464
RE1,DEMINDHEBIO,2069,291.6
RE1,DEMINDHEBIO,2070,292.4206
RE1,DEMRESELC,2015,0.0006
RE1,DEMRESELC,2016,0.0
RE1,DEMRESELC,2017,0.0
RE1,DEMRESELC,2018,0.0
RE1,DEMRESELC,2019,0.0
RE1,DEMRESELC,2020,0.0
RE1,DEMRESELC,2021,0.0
RE1,DEMRESELC,2022,0.0
RE1,DEMRESELC,2023,0.0
RE1,DEMRESELC,2024,0.0
RE1,DEMRESELC,2025,0.0006
RE1,DEMRESELC,2026,0.0001
RE1,DEMRESELC,2027,0.0001
RE1,DEMRESELC,2028,0.0001
RE1,DEMRESELC,2029,0.0001
RE1,DEMRESELC,2030,0.0001
RE1,DEMRESELC,2031,0.0
RE1,DEMRESELC,2032,0.0
RE1,DEMRESELC,2033,0.0
RE1,DEMRESELC,2034,0.0
RE1,DEMRESELC,2035,0.0006
RE1,DEMRESELC,2036,0.0001
RE1,DEMRESELC,2037,0.0001
RE1,DEMRESELC,2038,0.0001
RE1,DEMRESELC,2039,0.0001
RE1,DEMRESELC,2040,0.0001
RE1,DEMRESELC,2041,0.0001
RE1,DEMRESELC,2042,0.0001
RE1,DEMRESELC,2043,0.0001
RE1,DEMRESELC,2044,0.0001
RE1,DEMRESELC,2045,0.0006
RE1,DEMRESELC,2046,0.0001
RE1,DEMRESELC,2047,0.0001
RE1,DEMRESELC,2048,0.0001
RE1,DEMRESELC,2049,0.0001
RE1,DEMRESELC,2050,0.0001
RE1,DEMRESELC,2051,0.0001
RE1,DEMRESELC,2052,0.0001
RE1,DEMRESELC,2053,0.0001
RE1,DEMRESELC,2054,0.0001
RE1,DEMRESELC,2055,0.0006
RE1,DEMRESELC,2056,0.0001
RE1,DEMRESELC,2057,0.0001
RE1,DEMRESELC,2058,0.0001
RE1,DEMRESELC,2059,0.0001
RE1,DEMRESELC,2060,0.0001
RE1,DEMRESELC,2061,0.0001
RE1,DEMRESELC,2062,0.0001
RE1,DEMRESELC,2063,0.0001
RE1,DEMRESELC,2064,0.0001
RE1,DEMRESELC,2065,0.0007
RE1,DEMRESELC,2066,0.0001
RE1,DEMRESELC,2067,0.0001
RE1,DEMRESELC,2068,0.0001
RE1,DEMRESELC,2069,0.0001
RE1,DEMRESELC,2070,0.0001
RE1,DEMRESCKNOIL,2027,36.8844
RE1,DEMRESCKNOIL,2028,37.1585
RE1,DEMRESCKNOIL,2029,37.147
RE1,DEMRESCKNOIL,2030,37.1361
RE1,DEMRESCKNOIL,2031,36.6009
RE1,DEMRESCKNOIL,2032,36.5834
RE1,DEMRESCKNOIL,2033,36.5667
RE1,DEMRESCKNOIL,2034,36.551
RE1,DEMRESCKNOIL,2035,36.5361
RE1,DEMRESCKNOIL,2036,35.7891
RE1,DEMRESCKNOIL,2037,35.7807
RE1,DEMRESCKNOIL,2038,35.7725
RE1,DEMRESCKNOIL,2039,4.9865
RE1,DEMRESCKNOIL,2040,4.9789
RE1,DEMRESCKNOIL,2041,4.971
RE1,DEMRESCKNOIL,2042,4.9655
RE1,DEMRESCKNOIL,2043,4.9601
RE1,DEMRESCKNOIL,2044,4.9549
RE1,DEMRESCKNOIL,2045,4.9499
RE1,DEMRESCKNOIL,2046,3.751
RE1,DEMRESCKNOIL,2047,40.6332
RE1,DEMRESCKNOIL,2048,40.905
RE1,DEMRESCKNOIL,2049,40.8914
RE1,DEMRESCKNOIL,2050,40.8785
RE1,DEMRESCKNOIL,2051,40.4356
RE1,DEMRESCKNOIL,2052,40.4479
RE1,DEMRESCKNOIL,2053,40.4614
RE1,DEMRESCKNOIL,2054,40.4761
RE1,DEMRESCKNOIL,2055,40.4918
RE1,DEMRESCKNOIL,2056,39.7756
RE1,DEMRESCKNOIL,2057,39.7982
RE1,DEMRESCKNOIL,2058,39.8214
RE1,DEMRESCKNOIL,2059,9.0669
RE1,DEMRESCKNOIL,2060,9.0911
RE1,DEMRESCKNOIL,2061,9.1153
RE1,DEMRESCKNOIL,2062,9.142
RE1,DEMRESCKNOIL,2063,9.1692
RE1,DEMRESCKNOIL,2064,9.1968
RE1,DEMRESCKNOIL,2065,9.2249
RE1,DEMRESCKNOIL,2066,8.0593
RE1,DEMRESCKNOIL,2067,44.9751
RE1,DEMRESCKNOIL,2068,45.2808
RE1,DEMRESCKNOIL,2069,45.3013
RE1,DEMRESCKNOIL,2070,45.3227
RE1,DEMRESCKNBIO,2030,13.6067
RE1,DEMRESCKNBIO,2031,46.6683
RE1,DEMRESCKNBIO,2032,46.6529
RE1,DEMRESCKNBIO,2033,46.6383
RE1,DEMRESCKNBIO,2034,46.6245
RE1,DEMRESCKNBIO,2035,46.6115
RE1,DEMRESCKNBIO,2036,45.9562
RE1,DEMRESCKNBIO,2037,45.9488
RE1,DEMRESCKNBIO,2038,45.9416
RE1,DEMRESCKNBIO,2039,4.374
RE1,DEMRESCKNBIO,2040,4.3674
RE1,DEMRESCKNBIO,2041,4.3605
RE1,DEMRESCKNBIO,2042,4.3556
RE1,DEMRESCKNBIO,2043,4.3509
RE1,DEMRESCKNBIO,2044,4.3463
RE1,DEMRESCKNBIO,2045,4.3419
RE1,DEMRESCKNBIO,2046,3.2903
RE1,DEMRESCKNBIO,2047,3.2883
RE1,DEMRESCKNBIO,2048,3.2864
RE1,DEMRESCKNBIO,2049,3.2845
RE1,DEMRESCKNBIO,2050,16.8894
RE1,DEMRESCKNBIO,2051,50.032
RE1,DEMRESCKNBIO,2052,50.0428
RE1,DEMRESCKNBIO,2053,50.0546
RE1,DEMRESCKNBIO,2054,50.0675
RE1,DEMRESCKNBIO,2055,50.0813
RE1,DEMRESCKNBIO,2056,49.4531
RE1,DEMRESCKNBIO,2057,49.4729
RE1,DEMRESCKNBIO,2058,49.4932
RE1,DEMRESCKNBIO,2059,7.9533
RE1,DEMRESCKNBIO,2060,7.9745
RE1,DEMRESCKNBIO,2061,7.9958
RE1,DEMRESCKNBIO,2062,8.0192
RE1,DEMRESCKNBIO,2063,8.043
RE1,DEMRESCKNBIO,2064,8.0673
RE1,DEMRESCKNBIO,2065,8.0919
RE1,DEMRESCKNBIO,2066,7.0694
RE1,DEMRESCKNBIO,2067,7.0969
RE1,DEMRESCKNBIO,2068,7.1247
RE1,DEMRESCKNBIO,2069,7.1528
RE1,DEMRESCKNBIO,2070,20.7878
RE1,DEMRESHEBIO,2015,1212.9588
RE1,DEMRESHEBIO,2019,29.3623
RE1,DEMRESHEBIO,2020,30.2233
RE1,DEMRESHEBIO,2021,22.4702
RE1,DEMRESHEBIO,2022,22.4093
RE1,DEMRESHEBIO,2023,22.353
RE1,DEMRESHEBIO,2024,22.2965
RE1,DEMRESHEBIO,2025,22.2458
RE1,DEMRESHEBIO,2026,24.3684
RE1,DEMRESHEBIO,2027,24.3121
RE1,DEMRESHEBIO,2028,24.255
RE1,DEMRESHEBIO,2029,24.1999
RE1,DEMRESHEBIO,2030,1230.7356
RE1,DEMRESHEBIO,2031,22.107
RE1,DEMRESHEBIO,2032,22.0286
RE1,DEMRESHEBIO,2033,21.9539
RE1,DEMRESHEBIO,2034,51.0724
RE1,DEMRESHEBIO,2035,51.8545
RE1,DEMRESHEBIO,2036,41.301
RE1,DEMRESHEBIO,2037,41.1935
RE1,DEMRESHEBIO,2038,41.0904
RE1,DEMRESHEBIO,2039,40.9915
RE1,DEMRESHEBIO,2040,40.8953
RE1,DEMRESHEBIO,2041,42.9545
RE1,DEMRESHEBIO,2042,42.8535
RE1,DEMRESHEBIO,2043,42.7622
RE1,DEMRESHEBIO,2044,42.6669
RE1,DEMRESHEBIO,2045,1238.8179
RE1,DEMRESHEBIO,2046,36.0222
RE1,DEMRESHEBIO,2047,35.9244
RE1,DEMRESHEBIO,2048,35.8244
RE1,DEMRESHEBIO,2049,64.6269
RE1,DEMRESHEBIO,2050,65.3742
RE1,DEMRESHEBIO,2051,55.2423
RE1,DEMRESHEBIO,2052,55.2254
RE1,DEMRESHEBIO,2053,55.2104
RE1,DEMRESHEBIO,2054,55.2004
RE1,DEMRESHEBIO,2055,55.1838
RE1,DEMRESHEBIO,2056,57.3088
RE1,DEMRESHEBIO,2057,57.302
RE1,DEMRESHEBIO,2058,57.2881
RE1,DEMRESHEBIO,2059,57.2847
RE1,DEMRESHEBIO,2060,1237.4058
RE1,DEMRESHEBIO,2061,50.9138
RE1,DEMRESHEBIO,2062,50.9355
RE1,DEMRESHEBIO,2063,50.9588
RE1,DEMRESHEBIO,2064,79.5261
RE1,DEMRESHEBIO,2065,80.427
RE1,DEMRESHEBIO,2066,70.5773
RE1,DEMRESHEBIO,2067,70.7177
RE1,DEMRESHEBIO,2068,70.8702
RE1,DEMRESHEBIO,2069,71.0225
RE1,DEMRESHEBIO,2070,71.1924
RE1,DEMCOMELC,2015,0.0006
RE1,DEMCOMELC,2016,0.0
RE1,DEMCOMELC,2017,0.0
RE1,DEMCOMELC,2018,0.0
RE1,DEMCOMELC,2019,0.0
RE1,DEMCOMELC,2020,0.0
RE1,DEMCOMELC,2021,0.0
RE1,DEMCOMELC,2022,0.0
RE1,DEMCOMELC,2023,0.0
RE1,DEMCOMELC,2024,0.0
RE1,DEMCOMELC,2025,0.0006
RE1,DEMCOMELC,2026,0.0001
RE1,DEMCOMELC,2027,0.0001
RE1,DEMCOMELC,2028,0.0001
RE1,DEMCOMELC,2029,0.0001
RE1,DEMCOMELC,2030,0.0001
RE1,DEMCOMELC,2031,0.0
RE1,DEMCOMELC,2032,0.0
RE1,DEMCOMELC,2033,0.0
RE1,DEMCOMELC,2034,0.0
RE1,DEMCOMELC,2035,0.0006
RE1,DEMCOMELC,2036,0.0001
RE1,DEMCOMELC,2037,0.0001
RE1,DEMCOMELC,2038,0.0001
RE1,DEMCOMELC,2039,0.0001
RE1,DEMCOMELC,2040,0.0001
RE1,DEMCOMELC,2041,0.0001
RE1,DEMCOMELC,2042,0.0001
RE1,DEMCOMELC,2043,0.0001
RE1,DEMCOMELC,2044,0.0001
RE1,DEMCOMELC,2045,0.0007
RE1,DEMCOMELC,2046,0.0001
RE1,DEMCOMELC,2047,0.0001
RE1,DEMCOMELC,2048,0.0001
RE1,DEMCOMELC,2049,0.0001
RE1,DEMCOMELC,2050,0.0001
RE1,DEMCOMELC,2051,0.0001
RE1,DEMCOMELC,2052,0.0001
RE1,DEMCOMELC,2053,0.0001
RE1,DEMCOMELC,2054,0.0001
RE1,DEMCOMELC,2055,0.0007
RE1,DEMCOMELC,2056,0.0001
RE1,DEMCOMELC,2057,0.0001
RE1,DEMCOMELC,2058,0.0001
RE1,DEMCOMELC,2059,0.0001
RE1,DEMCOMELC,2060,0.0001
RE1,DEMCOMELC,2061,0.0001
RE1,DEMCOMELC,2062,0.0001
RE1,DEMCOMELC,2063,0.0001
RE1,DEMCOMELC,2064,0.0001
RE1,DEMCOMELC,2065,0.0007
RE1,DEMCOMELC,2066,0.0001
RE1,DEMCOMELC,2067,0.0001
RE1,DEMCOMELC,2068,0.0001
RE1,DEMCOMELC,2069,0.0001
RE1,DEMCOMELC,2070,0.0001
RE1,DEMCOMHEBIO,2015,533.6865
RE1,DEMCOMHEBIO,2016,27.1383
RE1,DEMCOMHEBIO,2017,13.5298
RE1,DEMCOMHEBIO,2018,13.5264
RE1,DEMCOMHEBIO,2019,13.5223
RE1,DEMCOMHEBIO,2020,13.517
RE1,DEMCOMHEBIO,2021,11.0036
RE1,DEMCOMHEBIO,2022,10.9996
RE1,DEMCOMHEBIO,2023,10.9962
RE1,DEMCOMHEBIO,2024,10.9913
RE1,DEMCOMHEBIO,2025,10.988
RE1,DEMCOMHEBIO,2026,12.453
RE1,DEMCOMHEBIO,2027,12.4491
RE1,DEMCOMHEBIO,2028,12.4436
RE1,DEMCOMHEBIO,2029,12.4377
RE1,DEMCOMHEBIO,2030,543.3155
RE1,DEMCOMHEBIO,2031,37.2177
RE1,DEMCOMHEBIO,2032,23.6756
RE1,DEMCOMHEBIO,2033,23.663
RE1,DEMCOMHEBIO,2034,23.6538
RE1,DEMCOMHEBIO,2035,23.6405
RE1,DEMCOMHEBIO,2036,20.3267
RE1,DEMCOMHEBIO,2037,20.3153
RE1,DEMCOMHEBIO,2038,20.3039
RE1,DEMCOMHEBIO,2039,20.2925
RE1,DEMCOMHEBIO,2040,20.2805
RE1,DEMCOMHEBIO,2041,21.1531
RE1,DEMCOMHEBIO,2042,21.1376
RE1,DEMCOMHEBIO,2043,21.1251
RE1,DEMCOMHEBIO,2044,21.1091
RE1,DEMCOMHEBIO,2045,547.4252
RE1,DEMCOMHEBIO,2046,43.7857
RE1,DEMCOMHEBIO,2047,30.3579
RE1,DEMCOMHEBIO,2048,30.333
RE1,DEMCOMHEBIO,2049,30.3073
RE1,DEMCOMHEBIO,2050,30.285
RE1,DEMCOMHEBIO,2051,27.1528
RE1,DEMCOMHEBIO,2052,27.1859
RE1,DEMCOMHEBIO,2053,27.2177
RE1,DEMCOMHEBIO,2054,27.2499
RE1,DEMCOMHEBIO,2055,27.277
RE1,DEMCOMHEBIO,2056,28.1839
RE1,DEMCOMHEBIO,2057,28.2147
RE1,DEMCOMHEBIO,2058,28.2403
RE1,DEMCOMHEBIO,2059,28.2694
RE1,DEMCOMHEBIO,2060,547.5369
RE1,DEMCOMHEBIO,2061,50.7286
RE1,DEMCOMHEBIO,2062,37.5439
RE1,DEMCOMHEBIO,2063,37.5832
RE1,DEMCOMHEBIO,2064,37.6283
RE1,DEMCOMHEBIO,2065,37.6858
RE1,DEMCOMHEBIO,2066,34.6704
RE1,DEMCOMHEBIO,2067,34.7808
RE1,DEMCOMHEBIO,2068,34.8951
RE1,DEMCOMHEBIO,2069,35.0072
RE1,DEMCOMHEBIO,2070,35.1263
RE1,DEMINDHECOA,2015,11403.233
RE1,DEMINDHECOA,2022,107.5244
RE1,DEMINDHECOA,2023,165.8868
RE1,DEMINDHECOA,2024,165.6668
RE1,DEMINDHECOA,2025,165.4594
RE1,DEMINDHECOA,2026,182.6719
RE1,DEMINDHECOA,2027,182.4404
RE1,DEMINDHECOA,2028,182.2218
RE1,DEMINDHECOA,2029,182.0151
RE1,DEMINDHECOA,2030,11585.053
RE1,DEMINDHECOA,2031,163.9275
RE1,DEMINDHECOA,2032,163.6112
RE1,DEMINDHECOA,2033,163.3122
RE1,DEMINDHECOA,2034,163.0293
RE1,DEMINDHECOA,2035,162.7612
RE1,DEMINDHECOA,2036,142.8954
RE1,DEMINDHECOA,2037,250.2672
RE1,DEMINDHECOA,2038,308.483
RE1,DEMINDHECOA,2039,308.1217
RE1,DEMINDHECOA,2040,307.7783
RE1,DEMINDHECOA,2041,330.9596
RE1,DEMINDHECOA,2042,330.6277
RE1,DEMINDHECOA,2043,330.3123
RE1,DEMINDHECOA,2044,330.0123
RE1,DEMINDHECOA,2045,11732.96
RE1,DEMINDHECOA,2046,277.6388
RE1,DEMINDHECOA,2047,277.2824
RE1,DEMINDHECOA,2048,276.9444
RE1,DEMINDHECOA,2049,276.6231
RE1,DEMINDHECOA,2050,276.3175
RE1,DEMINDHECOA,2051,259.1332
RE1,DEMINDHECOA,2052,367.3889
RE1,DEMINDHECOA,2053,426.4954
RE1,DEMINDHECOA,2054,427.0318
RE1,DEMINDHECOA,2055,427.593
RE1,DEMINDHECOA,2056,451.686
RE1,DEMINDHECOA,2057,452.2727
RE1,DEMINDHECOA,2058,452.883
RE1,DEMINDHECOA,2059,453.516
RE1,DEMINDHECOA,2060,11857.404
RE1,DEMINDHECOA,2061,403.03
RE1,DEMINDHECOA,2062,403.6284
RE1,DEMINDHECOA,2063,404.2524
RE1,DEMINDHECOA,2064,404.9008
RE1,DEMINDHECOA,2065,405.5722
RE1,DEMINDHECOA,2066,389.3725
RE1,DEMINDHECOA,2067,498.6205
RE1,DEMINDHECOA,2068,558.727
RE1,DEMINDHECOA,2069,560.271
RE1,DEMINDHECOA,2070,561.8477
