r,t,y,DiscountedSalvageValue
RE1,PWRCOA001,2017,0.0809
RE1,PWRCOA001,2018,3.4874
RE1,PWRCOA001,2019,4.8624
RE1,PWRCOA001,2020,5.2455
RE1,PWRCOA001,2021,4.2669
RE1,PWRCOA001,2022,4.5099
RE1,PWRCOA001,2023,37.9692
RE1,PWRCOA001,2024,58.9055
RE1,PWRCOA001,2025,16.1904
RE1,PWRCOA001,2026,5.7006
RE1,PWRCOA001,2027,5.8598
RE1,PWRCOA001,2028,6.0041
RE1,PWRCOA001,2029,8.0491
RE1,PWRCOA001,2030,6.2529
RE1,PWRCOA001,2031,26.2013
RE1,PWRCOA001,2032,7.4052
RE1,PWRCOA001,2033,7.5054
RE1,PWRCOA001,2034,9.6107
RE1,PWRCOA001,2035,7.6778
RE1,PWRCOA001,2036,6.202
RE1,PWRCOA001,2037,13.9828
RE1,PWRCOA001,2038,6.3032
RE1,PWRCOA001,2039,6.4428
RE1,PWRCOA001,2040,6.4822
RE1,PWRCOA001,2041,6.3798
RE1,PWRCOA001,2042,10.3345
RE1,PWRCOA001,2043,6.4387
RE1,PWRCOA001,2044,6.4706
RE1,PWRCOA001,2045,6.4858
RE1,PWRCOA001,2046,4.4899
RE1,PWRCOA001,2047,4.502
RE1,PWRCOA001,2048,4.5128
RE1,PWRCOA001,2049,4.5223
RE1,PWRCOA001,2050,4.5524
RE1,PWRCOA001,2051,13.3495
RE1,PWRCOA001,2052,4.9625
RE1,PWRCOA001,2053,5.0272
RE1,PWRCOA001,2054,5.0918
RE1,PWRCOA001,2055,5.1683
RE1,PWRCOA001,2056,5.2751
RE1,PWRCOA001,2057,5.3407
RE1,PWRCOA001,2058,5.4065
RE1,PWRCOA001,2059,5.4725
RE1,PWRCOA001,2060,5.5387
RE1,PWRCOA001,2061,5.6053
RE1,PWRCOA001,2062,5.6723
RE1,PWRCOA001,2063,5.7396
RE1,PWRCOA001,2064,5.8074
RE1,PWRCOA001,2065,5.8756
RE1,PWRCOA001,2066,5.9443
RE1,PWRCOA001,2067,6.0135
RE1,PWRCOA001,2068,6.0833
RE1,PWRCOA001,2069,6.1536
RE1,PWRCOA001,2070,6.2245
RE1,PWRTRN,2033,0.1544
RE1,PWRTRN,2034,0.775
RE1,PWRTRN,2035,0.8032
RE1,PWRTRN,2036,0.6632
RE1,PWRTRN,2037,0.6817
RE1,PWRTRN,2038,0.6985
RE1,PWRTRN,2039,0.7238
RE1,PWRTRN,2040,0.7377
RE1,PWRTRN,2041,0.7345
RE1,PWRTRN,2042,0.7457
RE1,PWRTRN,2043,0.7558
RE1,PWRTRN,2044,0.7649
RE1,PWRTRN,2045,0.7731
RE1,PWRTRN,2046,0.5387
RE1,PWRTRN,2047,0.5433
RE1,PWRTRN,2048,0.5475
RE1,PWRTRN,2049,0.5512
RE1,PWRTRN,2050,0.5546
RE1,PWRTRN,2051,40.6394
RE1,PWRTRN,2052,0.6045
RE1,PWRTRN,2053,0.6143
RE1,PWRTRN,2054,0.6239
RE1,PWRTRN,2055,0.6335
RE1,PWRTRN,2056,0.6429
RE1,PWRTRN,2057,0.6523
RE1,PWRTRN,2058,0.6615
RE1,PWRTRN,2059,0.6708
RE1,PWRTRN,2060,0.6799
RE1,PWRTRN,2061,0.6891
RE1,PWRTRN,2062,0.6982
RE1,PWRTRN,2063,0.7073
RE1,PWRTRN,2064,0.7164
RE1,PWRTRN,2065,0.7255
RE1,PWRTRN,2066,0.7346
RE1,PWRTRN,2067,0.7438
RE1,PWRTRN,2068,0.7529
RE1,PWRTRN,2069,0.7621
RE1,PWRTRN,2070,0.7713
RE1,PWRDIST,2036,0.3802
RE1,PWRDIST,2037,0.4027
RE1,PWRDIST,2038,0.4039
RE1,PWRDIST,2039,0.4106
RE1,PWRDIST,2040,0.4117
RE1,PWRDIST,2041,0.404
RE1,PWRDIST,2042,0.4049
RE1,PWRDIST,2043,0.4056
RE1,PWRDIST,2044,0.4063
RE1,PWRDIST,2045,0.4069
RE1,PWRDIST,2046,0.2837
RE1,PWRDIST,2047,0.2841
RE1,PWRDIST,2048,0.2844
RE1,PWRDIST,2049,0.2847
RE1,PWRDIST,2050,0.285
RE1,PWRDIST,2051,21.2007
RE1,PWRDIST,2052,0.2984
RE1,PWRDIST,2053,0.3019
RE1,PWRDIST,2054,0.3055
RE1,PWRDIST,2055,0.3091
RE1,PWRDIST,2056,0.3127
RE1,PWRDIST,2057,0.3163
RE1,PWRDIST,2058,0.32
RE1,PWRDIST,2059,0.3237
RE1,PWRDIST,2060,0.3274
RE1,PWRDIST,2061,0.3312
RE1,PWRDIST,2062,0.335
RE1,PWRDIST,2063,0.3388
RE1,PWRDIST,2064,0.3427
RE1,PWRDIST,2065,0.3466
RE1,PWRDIST,2066,0.3505
RE1,PWRDIST,2067,0.3545
RE1,PWRDIST,2068,0.3585
RE1,PWRDIST,2069,0.3626
RE1,PWRDIST,2070,0.3667
RE1,DEMTRAMCYGSL,2057,0.6409
RE1,DEMTRAMCYGSL,2058,1.2259
RE1,DEMTRAMCYGSL,2059,1.76
RE1,DEMTRAMCYGSL,2060,45.8899
RE1,DEMTRAMCYGSL,2061,4.3148
RE1,DEMTRAMCYGSL,2062,4.0963
RE1,DEMTRAMCYGSL,2063,4.7113
RE1,DEMTRAMCYGSL,2064,24.4691
RE1,DEMTRAMCYGSL,2065,2.1
RE1,DEMTRAMCYGSL,2066,2.2743
RE1,DEMTRAMCYGSL,2067,2.4226
RE1,DEMTRAMCYGSL,2068,2.5612
RE1,DEMTRAMCYGSL,2069,2.6907
RE1,DEMTRAMCYGSL,2070,2.812
RE1,DEMTRACARGSL,2053,0.1936
RE1,DEMTRACARGSL,2054,0.2795
RE1,DEMTRACARGSL,2055,0.359
RE1,DEMTRACARGSL,2056,0.4327
RE1,DEMTRACARGSL,2057,0.501
RE1,DEMTRACARGSL,2058,0.5643
RE1,DEMTRACARGSL,2059,0.6232
RE1,DEMTRACARGSL,2060,1.5091
RE1,DEMTRACARGSL,2061,1.5727
RE1,DEMTRACARGSL,2062,1.6683
RE1,DEMTRACARGSL,2063,1.7563
RE1,DEMTRACARGSL,2064,1.8375
RE1,DEMTRACARGSL,2065,1.9125
RE1,DEMTRACARGSL,2066,1.7541
RE1,DEMTRACARGSL,2067,1.8118
RE1,DEMTRACARGSL,2068,1.8652
RE1,DEMTRACARGSL,2069,111.6672
RE1,DEMTRACARGSL,2070,1.0636
RE1,DEMTRABUSGSL,2052,0.0
RE1,DEMTRABUSGSL,2053,0.0
RE1,DEMTRABUSGSL,2054,0.0
RE1,DEMTRABUSGSL,2055,0.0
RE1,DEMTRABUSGSL,2056,0.0
RE1,DEMTRABUSGSL,2057,0.0
RE1,DEMTRABUSGSL,2058,0.0
RE1,DEMTRABUSGSL,2059,0.0
RE1,DEMTRABUSGSL,2060,0.0
RE1,DEMTRABUSGSL,2061,0.0
RE1,DEMTRABUSGSL,2062,0.0
RE1,DEMTRABUSGSL,2063,0.0
RE1,DEMTRABUSGSL,2064,0.0
RE1,DEMTRABUSGSL,2065,0.0
RE1,DEMTRABUSGSL,2066,0.0
RE1,DEMTRABUSGSL,2067,0.0
RE1,DEMTRABUSGSL,2068,0.0
RE1,DEMTRABUSGSL,2069,0.0
RE1,DEMTRABUSGSL,2070,0.0
RE1,DEMINDELC,2062,0.0
RE1,DEMINDELC,2063,0.0
RE1,DEMINDELC,2064,0.0
RE1,DEMINDELC,2065,0.0
RE1,DEMINDELC,2066,0.0
RE1,DEMINDELC,2067,0.0
RE1,DEMINDELC,2068,0.0
RE1,DEMINDELC,2069,0.0
RE1,DEMINDELC,2070,0.0
RE1,DEMINDHEBIO,2057,0.1361
RE1,DEMINDHEBIO,2058,0.26
RE1,DEMINDHEBIO,2059,0.3726
RE1,DEMINDHEBIO,2060,12.4054
RE1,DEMINDHEBIO,2061,0.5038
RE1,DEMINDHEBIO,2062,0.5794
RE1,DEMINDHEBIO,2063,0.6483
RE1,DEMINDHEBIO,2064,0.7113
RE1,DEMINDHEBIO,2065,0.769
RE1,DEMINDHEBIO,2066,0.7876
RE1,DEMINDHEBIO,2067,1.0659
RE1,DEMINDHEBIO,2068,1.2528
RE1,DEMINDHEBIO,2069,1.3095
RE1,DEMINDHEBIO,2070,1.3618
RE1,DEMRESELC,2062,0.0
RE1,DEMRESELC,2063,0.0
RE1,DEMRESELC,2064,0.0
RE1,DEMRESELC,2065,0.0
RE1,DEMRESELC,2066,0.0
RE1,DEMRESELC,2067,0.0
RE1,DEMRESELC,2068,0.0
RE1,DEMRESELC,2069,0.0
RE1,DEMRESELC,2070,0.0
RE1,DEMRESCKNOIL,2052,0.0208
RE1,DEMRESCKNOIL,2053,0.0397
RE1,DEMRESCKNOIL,2054,0.0569
RE1,DEMRESCKNOIL,2055,0.0725
RE1,DEMRESCKNOIL,2056,0.0852
RE1,DEMRESCKNOIL,2057,0.0979
RE1,DEMRESCKNOIL,2058,0.1095
RE1,DEMRESCKNOIL,2059,0.0273
RE1,DEMRESCKNOIL,2060,0.0296
RE1,DEMRESCKNOIL,2061,0.0316
RE1,DEMRESCKNOIL,2062,0.0335
RE1,DEMRESCKNOIL,2063,0.0353
RE1,DEMRESCKNOIL,2064,0.0369
RE1,DEMRESCKNOIL,2065,0.0384
RE1,DEMRESCKNOIL,2066,0.0346
RE1,DEMRESCKNOIL,2067,0.1987
RE1,DEMRESCKNOIL,2068,0.2051
RE1,DEMRESCKNOIL,2069,0.2098
RE1,DEMRESCKNOIL,2070,0.2141
RE1,DEMRESCKNBIO,2052,0.0257
RE1,DEMRESCKNBIO,2053,0.0491
RE1,DEMRESCKNBIO,2054,0.0703
RE1,DEMRESCKNBIO,2055,0.0897
RE1,DEMRESCKNBIO,2056,0.1059
RE1,DEMRESCKNBIO,2057,0.1217
RE1,DEMRESCKNBIO,2058,0.1361
RE1,DEMRESCKNBIO,2059,0.024
RE1,DEMRESCKNBIO,2060,0.0259
RE1,DEMRESCKNBIO,2061,0.0277
RE1,DEMRESCKNBIO,2062,0.0294
RE1,DEMRESCKNBIO,2063,0.031
RE1,DEMRESCKNBIO,2064,0.0324
RE1,DEMRESCKNBIO,2065,0.0337
RE1,DEMRESCKNBIO,2066,0.0304
RE1,DEMRESCKNBIO,2067,0.0314
RE1,DEMRESCKNBIO,2068,0.0323
RE1,DEMRESCKNBIO,2069,0.0331
RE1,DEMRESCKNBIO,2070,0.0982
RE1,DEMRESHEBIO,2057,0.0329
RE1,DEMRESHEBIO,2058,0.0629
RE1,DEMRESHEBIO,2059,0.0901
RE1,DEMRESHEBIO,2060,2.4797
RE1,DEMRESHEBIO,2061,0.122
RE1,DEMRESHEBIO,2062,0.1402
RE1,DEMRESHEBIO,2063,0.1568
RE1,DEMRESHEBIO,2064,0.2682
RE1,DEMRESHEBIO,2065,0.2928
RE1,DEMRESHEBIO,2066,0.2742
RE1,DEMRESHEBIO,2067,0.2904
RE1,DEMRESHEBIO,2068,0.3053
RE1,DEMRESHEBIO,2069,0.3189
RE1,DEMRESHEBIO,2070,0.3316
RE1,DEMCOMELC,2062,0.0
RE1,DEMCOMELC,2063,0.0
RE1,DEMCOMELC,2064,0.0
RE1,DEMCOMELC,2065,0.0
RE1,DEMCOMELC,2066,0.0
RE1,DEMCOMELC,2067,0.0
RE1,DEMCOMELC,2068,0.0
RE1,DEMCOMELC,2069,0.0
RE1,DEMCOMELC,2070,0.0
RE1,DEMCOMHEBIO,2057,0.0162
RE1,DEMCOMHEBIO,2058,0.031
RE1,DEMCOMHEBIO,2059,0.0444
RE1,DEMCOMHEBIO,2060,1.0972
RE1,DEMCOMHEBIO,2061,0.1216
RE1,DEMCOMHEBIO,2062,0.1034
RE1,DEMCOMHEBIO,2063,0.1157
RE1,DEMCOMHEBIO,2064,0.1269
RE1,DEMCOMHEBIO,2065,0.1372
RE1,DEMCOMHEBIO,2066,0.1347
RE1,DEMCOMHEBIO,2067,0.1428
RE1,DEMCOMHEBIO,2068,0.1503
RE1,DEMCOMHEBIO,2069,0.1572
RE1,DEMCOMHEBIO,2070,0.1636
RE1,DEMINDHECOA,2057,0.2599
RE1,DEMINDHECOA,2058,0.4969
RE1,DEMINDHECOA,2059,0.713
RE1,DEMINDHECOA,2060,23.7618
RE1,DEMINDHECOA,2061,0.9659
RE1,DEMINDHECOA,2062,1.1113
RE1,DEMINDHECOA,2063,1.2442
RE1,DEMINDHECOA,2064,1.3656
RE1,DEMINDHECOA,2065,1.4766
RE1,DEMINDHECOA,2066,1.5125
RE1,DEMINDHECOA,2067,2.0474
RE1,DEMINDHECOA,2068,2.4067
RE1,DEMINDHECOA,2069,2.516
RE1,DEMINDHECOA,2070,2.6166
