r,t,y,SalvageValue
RE1,PWRCOA001,2017,16.8206
RE1,PWRCOA001,2018,725.2645
RE1,PWRCOA001,2019,1011.2126
RE1,PWRCOA001,2020,1090.8829
RE1,PWRCOA001,2021,887.3596
RE1,PWRCOA001,2022,937.9037
RE1,PWRCOA001,2023,7896.2748
RE1,PWRCOA001,2024,12250.294
RE1,PWRCOA001,2025,3367.0469
RE1,PWRCOA001,2026,1185.5196
RE1,PWRCOA001,2027,1218.6428
RE1,PWRCOA001,2028,1248.6427
RE1,PWRCOA001,2029,1673.93
RE1,PWRCOA001,2030,1300.3904
RE1,PWRCOA001,2031,5448.9502
RE1,PWRCOA001,2032,1540.0147
RE1,PWRCOA001,2033,1560.8696
RE1,PWRCOA001,2034,1998.688
RE1,PWRCOA001,2035,1596.7231
RE1,PWRCOA001,2036,1289.7893
RE1,PWRCOA001,2037,2907.9325
RE1,PWRCOA001,2038,1310.8399
RE1,PWRCOA001,2039,1339.8712
RE1,PWRCOA001,2040,1348.0685
RE1,PWRCOA001,2041,1326.7753
RE1,PWRCOA001,2042,2149.2188
RE1,PWRCOA001,2043,1339.0294
RE1,PWRCOA001,2044,1345.6628
RE1,PWRCOA001,2045,1348.8274
RE1,PWRCOA001,2046,933.7436
RE1,PWRCOA001,2047,936.267
RE1,PWRCOA001,2048,938.5025
RE1,PWRCOA001,2049,940.4764
RE1,PWRCOA001,2050,946.7392
RE1,PWRCOA001,2051,2776.2206
RE1,PWRCOA001,2052,1032.0167
RE1,PWRCOA001,2053,1045.4733
RE1,PWRCOA001,2054,1058.9228
RE1,PWRCOA001,2055,1074.8226
RE1,PWRCOA001,2056,1097.0355
RE1,PWRCOA001,2057,1110.6755
RE1,PWRCOA001,2058,1124.3544
RE1,PWRCOA001,2059,1138.0817
RE1,PWRCOA001,2060,1151.8663
RE1,PWRCOA001,2061,1165.7168
RE1,PWRCOA001,2062,1179.6408
RE1,PWRCOA001,2063,1193.6459
RE1,PWRCOA001,2064,1207.7387
RE1,PWRCOA001,2065,1221.926
RE1,PWRCOA001,2066,1236.2137
RE1,PWRCOA001,2067,1250.6078
RE1,PWRCOA001,2068,1265.1135
RE1,PWRCOA001,2069,1279.7363
RE1,PWRCOA001,2070,1294.4809
RE1,PWRTRN,2033,32.109
RE1,PWRTRN,2034,161.1667
RE1,PWRTRN,2035,167.0324
RE1,PWRTRN,2036,137.9218
RE1,PWRTRN,2037,141.7756
RE1,PWRTRN,2038,145.2661
RE1,PWRTRN,2039,150.5198
RE1,PWRTRN,2040,153.4207
RE1,PWRTRN,2041,152.7463
RE1,PWRTRN,2042,155.0698
RE1,PWRTRN,2043,157.1701
RE1,PWRTRN,2044,159.0676
RE1,PWRTRN,2045,160.781
RE1,PWRTRN,2046,112.0312
RE1,PWRTRN,2047,112.9934
RE1,PWRTRN,2048,113.8602
RE1,PWRTRN,2049,114.6404
RE1,PWRTRN,2050,115.342
RE1,PWRTRN,2051,8451.5732
RE1,PWRTRN,2052,125.7098
RE1,PWRTRN,2053,127.7472
RE1,PWRTRN,2054,129.756
RE1,PWRTRN,2055,131.74
RE1,PWRTRN,2056,133.7029
RE1,PWRTRN,2057,135.6478
RE1,PWRTRN,2058,137.5778
RE1,PWRTRN,2059,139.4957
RE1,PWRTRN,2060,141.4039
RE1,PWRTRN,2061,143.3051
RE1,PWRTRN,2062,145.2012
RE1,PWRTRN,2063,147.0945
RE1,PWRTRN,2064,148.9868
RE1,PWRTRN,2065,150.88
RE1,PWRTRN,2066,152.7755
RE1,PWRTRN,2067,154.675
RE1,PWRTRN,2068,156.58
RE1,PWRTRN,2069,158.4917
RE1,PWRTRN,2070,160.4114
RE1,PWRDIST,2036,79.0776
RE1,PWRDIST,2037,83.7472
RE1,PWRDIST,2038,84.0017
RE1,PWRDIST,2039,85.4004
RE1,PWRDIST,2040,85.6136
RE1,PWRDIST,2041,84.0258
RE1,PWRDIST,2042,84.1984
RE1,PWRDIST,2043,84.3553
RE1,PWRDIST,2044,84.498
RE1,PWRDIST,2045,84.6276
RE1,PWRDIST,2046,59.0088
RE1,PWRDIST,2047,59.0835
RE1,PWRDIST,2048,59.1513
RE1,PWRDIST,2049,59.213
RE1,PWRDIST,2050,59.269
RE1,PWRDIST,2051,4408.9956
RE1,PWRDIST,2052,62.0523
RE1,PWRDIST,2053,62.789
RE1,PWRDIST,2054,63.5303
RE1,PWRDIST,2055,64.2766
RE1,PWRDIST,2056,65.0282
RE1,PWRDIST,2057,65.7854
RE1,PWRDIST,2058,66.5484
RE1,PWRDIST,2059,67.3176
RE1,PWRDIST,2060,68.0932
RE1,PWRDIST,2061,68.8755
RE1,PWRDIST,2062,69.6646
RE1,PWRDIST,2063,70.4609
RE1,PWRDIST,2064,71.2645
RE1,PWRDIST,2065,72.0757
RE1,PWRDIST,2066,72.8946
RE1,PWRDIST,2067,73.7214
RE1,PWRDIST,2068,74.5563
RE1,PWRDIST,2069,75.3996
RE1,PWRDIST,2070,76.2513
RE1,DEMTRAMCYGSL,2057,133.2898
RE1,DEMTRAMCYGSL,2058,254.9475
RE1,DEMTRAMCYGSL,2059,366.017
RE1,DEMTRAMCYGSL,2060,9543.5018
RE1,DEMTRAMCYGSL,2061,897.3256
RE1,DEMTRAMCYGSL,2062,851.8971
RE1,DEMTRAMCYGSL,2063,979.787
RE1,DEMTRAMCYGSL,2064,5088.7106
RE1,DEMTRAMCYGSL,2065,436.7184
RE1,DEMTRAMCYGSL,2066,472.9759
RE1,DEMTRAMCYGSL,2067,503.8239
RE1,DEMTRAMCYGSL,2068,532.6305
RE1,DEMTRAMCYGSL,2069,559.5712
RE1,DEMTRAMCYGSL,2070,584.8068
RE1,DEMTRACARGSL,2053,40.2556
RE1,DEMTRACARGSL,2054,58.1285
RE1,DEMTRACARGSL,2055,74.6666
RE1,DEMTRACARGSL,2056,89.9833
RE1,DEMTRACARGSL,2057,104.1823
RE1,DEMTRACARGSL,2058,117.3587
RE1,DEMTRACARGSL,2059,129.5995
RE1,DEMTRACARGSL,2060,313.8308
RE1,DEMTRACARGSL,2061,327.0673
RE1,DEMTRACARGSL,2062,346.9451
RE1,DEMTRACARGSL,2063,365.2575
RE1,DEMTRACARGSL,2064,382.1438
RE1,DEMTRACARGSL,2065,397.7311
RE1,DEMTRACARGSL,2066,364.8005
RE1,DEMTRACARGSL,2067,376.7824
RE1,DEMTRACARGSL,2068,387.906
RE1,DEMTRACARGSL,2069,23222.872
RE1,DEMTRACARGSL,2070,221.1943
RE1,DEMTRABUSGSL,2052,0.0
RE1,DEMTRABUSGSL,2053,0.0
RE1,DEMTRABUSGSL,2054,0.0
RE1,DEMTRABUSGSL,2055,0.0006
RE1,DEMTRABUSGSL,2056,0.0
RE1,DEMTRABUSGSL,2057,0.0
RE1,DEMTRABUSGSL,2058,0.0
RE1,DEMTRABUSGSL,2059,0.0
RE1,DEMTRABUSGSL,2060,0.0
RE1,DEMTRABUSGSL,2061,0.0
RE1,DEMTRABUSGSL,2062,0.0001
RE1,DEMTRABUSGSL,2063,0.0001
RE1,DEMTRABUSGSL,2064,0.0001
RE1,DEMTRABUSGSL,2065,0.0001
RE1,DEMTRABUSGSL,2066,0.0
RE1,DEMTRABUSGSL,2067,0.0
RE1,DEMTRABUSGSL,2068,0.0001
RE1,DEMTRABUSGSL,2069,0.0001
RE1,DEMTRABUSGSL,2070,0.0001
RE1,DEMINDELC,2062,0.0
RE1,DEMINDELC,2063,0.0001
RE1,DEMINDELC,2064,0.0001
RE1,DEMINDELC,2065,0.0007
RE1,DEMINDELC,2066,0.0002
RE1,DEMINDELC,2067,0.0002
RE1,DEMINDELC,2068,0.0002
RE1,DEMINDELC,2069,0.0002
RE1,DEMINDELC,2070,0.0002
RE1,DEMINDHEBIO,2057,28.3125
RE1,DEMINDHEBIO,2058,54.0624
RE1,DEMINDHEBIO,2059,77.4947
RE1,DEMINDHEBIO,2060,2579.8881
RE1,DEMINDHEBIO,2061,104.7707
RE1,DEMINDHEBIO,2062,120.4919
RE1,DEMINDHEBIO,2063,134.8238
RE1,DEMINDHEBIO,2064,147.9207
RE1,DEMINDHEBIO,2065,159.9307
RE1,DEMINDHEBIO,2066,163.7841
RE1,DEMINDHEBIO,2067,221.6633
RE1,DEMINDHEBIO,2068,260.5465
RE1,DEMINDHEBIO,2069,272.3267
RE1,DEMINDHEBIO,2070,283.217
RE1,DEMRESELC,2062,0.0
RE1,DEMRESELC,2063,0.0
RE1,DEMRESELC,2064,0.0
RE1,DEMRESELC,2065,0.0003
RE1,DEMRESELC,2066,0.0001
RE1,DEMRESELC,2067,0.0001
RE1,DEMRESELC,2068,0.0001
RE1,DEMRESELC,2069,0.0001
RE1,DEMRESELC,2070,0.0001
RE1,DEMRESCKNOIL,2052,4.3191
RE1,DEMRESCKNOIL,2053,8.2483
RE1,DEMRESCKNOIL,2054,11.8233
RE1,DEMRESCKNOIL,2055,15.0764
RE1,DEMRESCKNOIL,2056,17.7107
RE1,DEMRESCKNOIL,2057,20.3595
RE1,DEMRESCKNOIL,2058,22.7716
RE1,DEMRESCKNOIL,2059,5.6816
RE1,DEMRESCKNOIL,2060,6.1497
RE1,DEMRESCKNOIL,2061,6.5789
RE1,DEMRESCKNOIL,2062,6.9745
RE1,DEMRESCKNOIL,2063,7.3384
RE1,DEMRESCKNOIL,2064,7.6734
RE1,DEMRESCKNOIL,2065,7.9822
RE1,DEMRESCKNOIL,2066,7.2002
RE1,DEMRESCKNOIL,2067,41.3307
RE1,DEMRESCKNOIL,2068,42.6639
RE1,DEMRESCKNOIL,2069,43.6403
RE1,DEMRESCKNOIL,2070,44.5314
RE1,DEMRESCKNBIO,2052,5.3436
RE1,DEMRESCKNBIO,2053,10.2039
RE1,DEMRESCKNBIO,2054,14.6249
RE1,DEMRESCKNBIO,2055,18.6468
RE1,DEMRESCKNBIO,2056,22.0197
RE1,DEMRESCKNBIO,2057,25.3087
RE1,DEMRESCKNBIO,2058,28.3023
RE1,DEMRESCKNBIO,2059,4.9838
RE1,DEMRESCKNBIO,2060,5.3944
RE1,DEMRESCKNBIO,2061,5.7708
RE1,DEMRESCKNBIO,2062,6.1179
RE1,DEMRESCKNBIO,2063,6.4371
RE1,DEMRESCKNBIO,2064,6.731
RE1,DEMRESCKNBIO,2065,7.0018
RE1,DEMRESCKNBIO,2066,6.3159
RE1,DEMRESCKNBIO,2067,6.5219
RE1,DEMRESCKNBIO,2068,6.713
RE1,DEMRESCKNBIO,2069,6.8905
RE1,DEMRESCKNBIO,2070,20.4249
RE1,DEMRESHEBIO,2057,6.8488
RE1,DEMRESHEBIO,2058,13.0719
RE1,DEMRESHEBIO,2059,18.7296
RE1,DEMRESHEBIO,2060,515.6941
RE1,DEMRESHEBIO,2061,25.3749
RE1,DEMRESHEBIO,2062,29.1658
RE1,DEMRESHEBIO,2063,32.6172
RE1,DEMRESHEBIO,2064,55.7798
RE1,DEMRESHEBIO,2065,60.8961
RE1,DEMRESHEBIO,2066,57.0159
RE1,DEMRESHEBIO,2067,60.388
RE1,DEMRESHEBIO,2068,63.4871
RE1,DEMRESHEBIO,2069,66.3282
RE1,DEMRESHEBIO,2070,68.9517
RE1,DEMCOMELC,2062,0.0
RE1,DEMCOMELC,2063,0.0
RE1,DEMCOMELC,2064,0.0
RE1,DEMCOMELC,2065,0.0004
RE1,DEMCOMELC,2066,0.0001
RE1,DEMCOMELC,2067,0.0001
RE1,DEMCOMELC,2068,0.0001
RE1,DEMCOMELC,2069,0.0001
RE1,DEMCOMELC,2070,0.0001
RE1,DEMCOMHEBIO,2057,3.3723
RE1,DEMCOMHEBIO,2058,6.4438
RE1,DEMCOMHEBIO,2059,9.2428
RE1,DEMCOMHEBIO,2060,228.1883
RE1,DEMCOMHEBIO,2061,25.2826
RE1,DEMCOMHEBIO,2062,21.4977
RE1,DEMCOMHEBIO,2063,24.0559
RE1,DEMCOMHEBIO,2064,26.3926
RE1,DEMCOMHEBIO,2065,28.5342
RE1,DEMCOMHEBIO,2066,28.0085
RE1,DEMCOMHEBIO,2067,29.7004
RE1,DEMCOMHEBIO,2068,31.2598
RE1,DEMCOMHEBIO,2069,32.6934
RE1,DEMCOMHEBIO,2070,34.0208
RE1,DEMINDHECOA,2057,54.0564
RE1,DEMINDHECOA,2058,103.3378
RE1,DEMINDHECOA,2059,148.2797
RE1,DEMINDHECOA,2060,4941.6226
RE1,DEMINDHECOA,2061,200.8657
RE1,DEMINDHECOA,2062,231.1187
RE1,DEMINDHECOA,2063,258.7496
RE1,DEMINDHECOA,2064,283.9986
RE1,DEMINDHECOA,2065,307.0833
RE1,DEMINDHECOA,2066,314.5544
RE1,DEMINDHECOA,2067,425.7871
RE1,DEMINDHECOA,2068,500.5198
RE1,DEMINDHECOA,2069,523.24
RE1,DEMINDHECOA,2070,544.1643
